 Service asap_run  Building
#0 building with "default" instance using docker driver

#1 [asap_run internal] load build definition from Dockerfile.v8
#1 transferring dockerfile: 3.14kB done
#1 DONE 0.0s

#2 [asap_run internal] load metadata for docker.io/library/python:3.12.7
#2 DONE 0.4s

#3 [asap_run internal] load .dockerignore
#3 transferring context: 2B done
#3 DONE 0.0s

#4 [asap_run  1/18] FROM docker.io/library/python:3.12.7@sha256:8d97a0ab83113f8984517f14492f57186d943db7815682cab9d820c9c0a8c998
#4 DONE 0.0s

#5 [asap_run internal] load build context
#5 transferring context: 4.48kB 0.0s done
#5 DONE 0.0s

#6 [asap_run  4/18] RUN R --version
#6 CACHED

#7 [asap_run  7/18] COPY R/packages/install_packages.v8.R /tmp/install_packages.v8.R
#7 CACHED

#8 [asap_run  2/18] RUN apt update &&     apt upgrade -y && 	apt install -y 		git xorg openbox 		software-properties-common openssl wget 		net-tools default-jre default-jdk time curl gcc g++ build-essential 		bison flex 		libcairo2-dev libcurl4-openssl-dev libssl-dev libxt-dev libtool libharfbuzz-dev libfribidi-dev libpng-dev 		libtiff5-dev libjpeg-dev libfreetype6 libfreetype-dev libhdf5-dev libxml2-dev libreadline-dev 		libx11-dev libbz2-dev liblzma-dev libpcre2-dev 		zlib1g-dev xorg-dev 		gfortran texinfo texlive 		pixz pigz pbzip2
#8 CACHED

#9 [asap_run  5/18] RUN python -m pip install --no-cache-dir --upgrade pip==24.3.1 setuptools==75.7.0 wheel==0.45.1 cmake==3.14.3 && python -m pip install --no-cache-dir --upgrade leidenalg==0.10.2 texttable==1.7.0 igraph==0.11.8 MulticoreTSNE==0.1 anndata==0.11.1 array-api-compat==1.10.0 cffi==1.17.1 click==8.1.8 contourpy==1.3.1 cycler==0.12.1 fonttools==4.55.3 h5py==3.12.1 joblib==1.4.2 kiwisolver==1.4.8 legacy-api-wrap==1.4.1 llvmlite==0.43.0 loompy==3.0.7 matplotlib==3.10.0 natsort==8.4.0 networkx==3.4.2 numba==0.60.0 numpy==2.0.2 numpy-groupies==0.11.2 packaging==24.2 pandas==2.2.3 patsy==1.0.1 pillow==11.1.0 pycparser==2.22 pynndescent==0.5.13 pyparsing==3.2.1 python-dateutil==2.9.0.post0 pytz==2024.2 scanpy==1.10.4 scikit-learn==1.6.0 scipy==1.15.0 seaborn==0.13.2 session-info==1.0.0 six==1.17.0 statsmodels==0.14.4 stdlib_list==0.11.0 threadpoolctl==3.5.0 tqdm==4.67.1 tzdata==2024.2 umap-learn==0.5.7 rpy2==3.6.4
#9 CACHED

#10 [asap_run  6/18] RUN sed -i '1210,1214 s/^/##/' /usr/local/lib/python3.12/site-packages/rpy2/rinterface/__init__.py
#10 CACHED

#11 [asap_run  3/18] RUN wget https://cran.r-project.org/src/base/R-4/R-4.4.3.tar.gz &&     tar -xzf R-4.4.3.tar.gz &&     cd R-4.4.3 &&     ./configure --enable-R-shlib --with-blas --with-lapack &&     make -j$(nproc) &&     make install &&     cd .. && rm -rf R-4.4.3 R-4.4.3.tar.gz
#11 CACHED

#12 [asap_run  8/18] COPY R/packages/*.tar.gz /tmp/
#12 CACHED

#13 [asap_run  9/18] RUN Rscript /tmp/install_packages.v8.R
#13 0.396 Trying to install from main CRAN repository...
#13 0.406 trying URL 'https://cran.r-project.org/src/contrib/rlang_1.1.5.tar.gz'
#13 0.489 First attempt failed: cannot open URL 'https://cran.r-project.org/src/contrib/rlang_1.1.5.tar.gz'
#13 0.490 Trying to install from CRAN archive...
#13 0.490 trying URL 'https://cran.r-project.org/src/contrib/Archive/rlang/rlang_1.1.5.tar.gz'
#13 0.592 Content type 'application/x-gzip' length 766219 bytes (748 KB)
#13 0.592 ==================================================
#13 0.680 downloaded 748 KB
#13 0.680 
#13 1.336 * installing *source* package ‘rlang’ ...
#13 1.358 ** package ‘rlang’ successfully unpacked and MD5 sums checked
#13 1.358 ** using staged installation
#13 1.375 ** libs
#13 1.390 using C compiler: ‘gcc (Debian 12.2.0-14+deb12u1) 12.2.0’
#13 1.393 gcc -I"/usr/local/lib/R/include" -DNDEBUG -I./rlang/  -I/usr/local/include   -fvisibility=hidden -fpic  -g -O2  -c capture.c -o capture.o
#13 1.496 gcc -I"/usr/local/lib/R/include" -DNDEBUG -I./rlang/  -I/usr/local/include   -fvisibility=hidden -fpic  -g -O2  -c internal.c -o internal.o
#13 5.749 gcc -I"/usr/local/lib/R/include" -DNDEBUG -I./rlang/  -I/usr/local/include   -fvisibility=hidden -fpic  -g -O2  -c rlang.c -o rlang.o
#13 7.011 gcc -I"/usr/local/lib/R/include" -DNDEBUG -I./rlang/  -I/usr/local/include   -fvisibility=hidden -fpic  -g -O2  -c version.c -o version.o
#13 7.056 gcc -shared -L/usr/local/lib/R/lib -L/usr/local/lib -o rlang.so capture.o internal.o rlang.o version.o -L/usr/local/lib/R/lib -lR
#13 7.099 installing to /usr/local/lib/R/library/00LOCK-rlang/00new/rlang/libs
#13 7.101 ** R
#13 7.174 ** inst
#13 7.175 ** byte-compile and prepare package for lazy loading
#13 12.26 ** help
#13 13.04 *** installing help indices
#13 13.37 *** copying figures
#13 13.37 ** building package indices
#13 14.06 ** testing if installed package can be loaded from temporary location
#13 14.32 ** checking absolute paths in shared objects and dynamic libraries
#13 14.34 ** testing if installed package can be loaded from final location
#13 14.68 ** testing if installed package keeps a record of temporary installation path
#13 14.68 * DONE (rlang)
#13 14.71 Trying to install from main CRAN repository...
#13 14.71 trying URL 'https://cran.r-project.org/src/contrib/Rcpp_1.0.14.tar.gz'
#13 15.00 First attempt failed: cannot open URL 'https://cran.r-project.org/src/contrib/Rcpp_1.0.14.tar.gz'
#13 15.00 Trying to install from CRAN archive...
#13 15.00 trying URL 'https://cran.r-project.org/src/contrib/Archive/Rcpp/Rcpp_1.0.14.tar.gz'
#13 15.11 Content type 'application/x-gzip' length 3013288 bytes (2.9 MB)
#13 15.13 ==================================================
#13 15.33 downloaded 2.9 MB
#13 15.33 
#13 16.32 * installing *source* package ‘Rcpp’ ...
#13 16.37 ** package ‘Rcpp’ successfully unpacked and MD5 sums checked
#13 16.37 ** using staged installation
#13 16.38 ** libs
#13 16.40 using C++ compiler: ‘g++ (Debian 12.2.0-14+deb12u1) 12.2.0’
#13 16.40 g++ -std=gnu++17 -I"/usr/local/lib/R/include" -DNDEBUG -I../inst/include/  -I/usr/local/include    -fpic  -g -O2   -c api.cpp -o api.o
#13 18.41 g++ -std=gnu++17 -I"/usr/local/lib/R/include" -DNDEBUG -I../inst/include/  -I/usr/local/include    -fpic  -g -O2   -c attributes.cpp -o attributes.o
#13 29.03 g++ -std=gnu++17 -I"/usr/local/lib/R/include" -DNDEBUG -I../inst/include/  -I/usr/local/include    -fpic  -g -O2   -c barrier.cpp -o barrier.o
#13 29.24 g++ -std=gnu++17 -I"/usr/local/lib/R/include" -DNDEBUG -I../inst/include/  -I/usr/local/include    -fpic  -g -O2   -c date.cpp -o date.o
#13 31.40 g++ -std=gnu++17 -I"/usr/local/lib/R/include" -DNDEBUG -I../inst/include/  -I/usr/local/include    -fpic  -g -O2   -c module.cpp -o module.o
#13 36.21 g++ -std=gnu++17 -I"/usr/local/lib/R/include" -DNDEBUG -I../inst/include/  -I/usr/local/include    -fpic  -g -O2   -c rcpp_init.cpp -o rcpp_init.o
#13 38.09 g++ -std=gnu++17 -shared -L/usr/local/lib/R/lib -L/usr/local/lib -o Rcpp.so api.o attributes.o barrier.o date.o module.o rcpp_init.o -L/usr/local/lib/R/lib -lR
#13 38.22 installing to /usr/local/lib/R/library/00LOCK-Rcpp/00new/Rcpp/libs
#13 38.23 ** R
#13 38.24 ** inst
#13 38.33 ** byte-compile and prepare package for lazy loading
#13 39.99 ** help
#13 40.10 *** installing help indices
#13 40.17 ** building package indices
#13 40.42 ** installing vignettes
#13 40.43 ** testing if installed package can be loaded from temporary location
#13 40.71 ** checking absolute paths in shared objects and dynamic libraries
#13 40.73 ** testing if installed package can be loaded from final location
#13 41.03 ** testing if installed package keeps a record of temporary installation path
#13 41.05 * DONE (Rcpp)
#13 41.09 Trying to install from main CRAN repository...
#13 41.09 trying URL 'https://cran.r-project.org/src/contrib/RcppArmadillo_14.2.3-1.tar.gz'
#13 41.17 First attempt failed: cannot open URL 'https://cran.r-project.org/src/contrib/RcppArmadillo_14.2.3-1.tar.gz'
#13 41.17 Trying to install from CRAN archive...
#13 41.17 trying URL 'https://cran.r-project.org/src/contrib/Archive/RcppArmadillo/RcppArmadillo_14.2.3-1.tar.gz'
#13 41.27 Content type 'application/x-gzip' length 1397619 bytes (1.3 MB)
#13 41.27 ==================================================
#13 41.38 downloaded 1.3 MB
#13 41.38 
#13 42.31 * installing *source* package ‘RcppArmadillo’ ...
#13 42.35 ** package ‘RcppArmadillo’ successfully unpacked and MD5 sums checked
#13 42.35 ** using staged installation
#13 42.83 checking whether the C++ compiler works... yes
#13 42.89 checking for C++ compiler default output file name... a.out
#13 42.89 checking for suffix of executables... 
#13 42.95 checking whether we are cross compiling... no
#13 43.02 checking for suffix of object files... o
#13 43.05 checking whether the compiler supports GNU C++... yes
#13 43.07 checking whether g++ -std=gnu++17 accepts -g... yes
#13 43.10 checking for g++ -std=gnu++17 option to enable C++11 features... none needed
#13 43.19 checking how to run the C++ preprocessor... g++ -std=gnu++17 -E
#13 43.31 checking whether the compiler supports GNU C++... (cached) yes
#13 43.31 checking whether g++ -std=gnu++17 accepts -g... (cached) yes
#13 43.31 checking for g++ -std=gnu++17 option to enable C++11 features... (cached) none needed
#13 43.31 checking whether we have a suitable tempdir... /tmp
#13 43.49 checking whether R CMD SHLIB can already compile programs using OpenMP... yes
#13 43.64 checking LAPACK_LIBS... R-supplied partial LAPACK found
#13 43.68 configure: WARNING: Some complex-valued LAPACK functions may not be available
#13 43.70 configure: creating ./config.status
#13 43.81 config.status: creating inst/include/RcppArmadillo/config/RcppArmadilloConfigGenerated.h
#13 43.83 config.status: creating src/Makevars
#13 43.89 ** libs
#13 43.91 using C++ compiler: ‘g++ (Debian 12.2.0-14+deb12u1) 12.2.0’
#13 43.91 g++ -std=gnu++17 -I"/usr/local/lib/R/include" -DNDEBUG -I../inst/include -I'/usr/local/lib/R/library/Rcpp/include' -I/usr/local/include   -fopenmp -fpic  -g -O2   -c RcppArmadillo.cpp -o RcppArmadillo.o
#13 49.48 g++ -std=gnu++17 -I"/usr/local/lib/R/include" -DNDEBUG -I../inst/include -I'/usr/local/lib/R/library/Rcpp/include' -I/usr/local/include   -fopenmp -fpic  -g -O2   -c RcppExports.cpp -o RcppExports.o
#13 55.76 g++ -std=gnu++17 -I"/usr/local/lib/R/include" -DNDEBUG -I../inst/include -I'/usr/local/lib/R/library/Rcpp/include' -I/usr/local/include   -fopenmp -fpic  -g -O2   -c fastLm.cpp -o fastLm.o
#13 62.62 g++ -std=gnu++17 -shared -L/usr/local/lib/R/lib -L/usr/local/lib -o RcppArmadillo.so RcppArmadillo.o RcppExports.o fastLm.o -fopenmp -L/usr/local/lib/R/lib -lRlapack -L/usr/local/lib/R/lib -lRblas -lgfortran -lm -lquadmath -L/usr/local/lib/R/lib -lR
#13 62.74 installing to /usr/local/lib/R/library/00LOCK-RcppArmadillo/00new/RcppArmadillo/libs
#13 62.74 ** R
#13 62.74 ** inst
#13 62.83 ** byte-compile and prepare package for lazy loading
#13 63.30 ** help
#13 63.35 *** installing help indices
#13 63.37 ** building package indices
#13 63.57 ** installing vignettes
#13 63.58 ** testing if installed package can be loaded from temporary location
#13 63.87 ** checking absolute paths in shared objects and dynamic libraries
#13 63.88 ** testing if installed package can be loaded from final location
#13 64.16 ** testing if installed package keeps a record of temporary installation path
#13 64.17 * DONE (RcppArmadillo)
#13 64.21 Trying to install from main CRAN repository...
#13 64.21 trying URL 'https://cran.r-project.org/src/contrib/bitops_1.0-9.tar.gz'
#13 64.32 Content type 'application/x-gzip' length 10941 bytes (10 KB)
#13 64.32 ==================================================
#13 64.32 downloaded 10 KB
#13 64.32 
#13 64.53 * installing *source* package ‘bitops’ ...
#13 64.53 ** package ‘bitops’ successfully unpacked and MD5 sums checked
#13 64.53 ** using staged installation
#13 64.54 ** libs
#13 64.56 using C compiler: ‘gcc (Debian 12.2.0-14+deb12u1) 12.2.0’
#13 64.56 gcc -I"/usr/local/lib/R/include" -DNDEBUG   -I/usr/local/include    -fpic  -g -O2  -c bit-ops.c -o bit-ops.o
#13 64.76 gcc -I"/usr/local/lib/R/include" -DNDEBUG   -I/usr/local/include    -fpic  -g -O2  -c cksum.c -o cksum.o
#13 64.83 gcc -I"/usr/local/lib/R/include" -DNDEBUG   -I/usr/local/include    -fpic  -g -O2  -c init.c -o init.o
#13 64.89 gcc -shared -L/usr/local/lib/R/lib -L/usr/local/lib -o bitops.so bit-ops.o cksum.o init.o -L/usr/local/lib/R/lib -lR
#13 64.91 installing to /usr/local/lib/R/library/00LOCK-bitops/00new/bitops/libs
#13 64.91 ** R
#13 64.91 ** byte-compile and prepare package for lazy loading
#13 65.17 ** help
#13 65.19 *** installing help indices
#13 65.20 ** building package indices
#13 65.42 ** testing if installed package can be loaded from temporary location
#13 65.61 ** checking absolute paths in shared objects and dynamic libraries
#13 65.63 ** testing if installed package can be loaded from final location
#13 65.82 ** testing if installed package keeps a record of temporary installation path
#13 65.82 * DONE (bitops)
#13 65.83 Trying to install from main CRAN repository...
#13 65.83 trying URL 'https://cran.r-project.org/src/contrib/Rtsne_0.17.tar.gz'
#13 65.93 Content type 'application/x-gzip' length 70904 bytes (69 KB)
#13 65.93 ==================================================
#13 65.95 downloaded 69 KB
#13 65.95 
#13 66.24 * installing *source* package ‘Rtsne’ ...
#13 66.24 ** package ‘Rtsne’ successfully unpacked and MD5 sums checked
#13 66.24 ** using staged installation
#13 66.25 ** libs
#13 66.26 using C++ compiler: ‘g++ (Debian 12.2.0-14+deb12u1) 12.2.0’
#13 66.27 g++ -std=gnu++17 -I"/usr/local/lib/R/include" -DNDEBUG  -I'/usr/local/lib/R/library/Rcpp/include' -I/usr/local/include   -fopenmp -fpic  -g -O2   -c RcppExports.cpp -o RcppExports.o
#13 69.28 g++ -std=gnu++17 -I"/usr/local/lib/R/include" -DNDEBUG  -I'/usr/local/lib/R/library/Rcpp/include' -I/usr/local/include   -fopenmp -fpic  -g -O2   -c Rtsne.cpp -o Rtsne.o
#13 72.11 g++ -std=gnu++17 -I"/usr/local/lib/R/include" -DNDEBUG  -I'/usr/local/lib/R/library/Rcpp/include' -I/usr/local/include   -fopenmp -fpic  -g -O2   -c normalize_input.cpp -o normalize_input.o
#13 74.37 g++ -std=gnu++17 -I"/usr/local/lib/R/include" -DNDEBUG  -I'/usr/local/lib/R/library/Rcpp/include' -I/usr/local/include   -fopenmp -fpic  -g -O2   -c sptree.cpp -o sptree.o
#13 76.74 g++ -std=gnu++17 -I"/usr/local/lib/R/include" -DNDEBUG  -I'/usr/local/lib/R/library/Rcpp/include' -I/usr/local/include   -fopenmp -fpic  -g -O2   -c tsne.cpp -o tsne.o
#13 83.47 g++ -std=gnu++17 -shared -L/usr/local/lib/R/lib -L/usr/local/lib -o Rtsne.so RcppExports.o Rtsne.o normalize_input.o sptree.o tsne.o -L/usr/local/lib/R/lib -lRlapack -L/usr/local/lib/R/lib -lRblas -lgfortran -lm -lquadmath -fopenmp -L/usr/local/lib/R/lib -lR
#13 83.59 installing to /usr/local/lib/R/library/00LOCK-Rtsne/00new/Rtsne/libs
#13 83.59 ** R
#13 83.59 ** inst
#13 83.60 ** byte-compile and prepare package for lazy loading
#13 84.03 ** help
#13 84.05 *** installing help indices
#13 84.06 ** building package indices
#13 84.29 ** testing if installed package can be loaded from temporary location
#13 84.61 ** checking absolute paths in shared objects and dynamic libraries
#13 84.62 ** testing if installed package can be loaded from final location
#13 84.89 ** testing if installed package keeps a record of temporary installation path
#13 84.89 * DONE (Rtsne)
#13 84.91 Trying to install from main CRAN repository...
#13 84.91 trying URL 'https://cran.r-project.org/src/contrib/MASS_7.3-65.tar.gz'
#13 85.01 Content type 'application/x-gzip' length 510322 bytes (498 KB)
#13 85.01 ==================================================
#13 85.09 downloaded 498 KB
#13 85.09 
#13 85.59 * installing *source* package ‘MASS’ ...
#13 85.60 ** package ‘MASS’ successfully unpacked and MD5 sums checked
#13 85.62 ** using staged installation
#13 85.64 ** libs
#13 85.65 using C compiler: ‘gcc (Debian 12.2.0-14+deb12u1) 12.2.0’
#13 85.66 gcc -I"/usr/local/lib/R/include" -DNDEBUG   -I/usr/local/include    -fpic  -g -O2  -c MASS.c -o MASS.o
#13 85.98 gcc -I"/usr/local/lib/R/include" -DNDEBUG   -I/usr/local/include    -fpic  -g -O2  -c lqs.c -o lqs.o
#13 86.25 gcc -shared -L/usr/local/lib/R/lib -L/usr/local/lib -o MASS.so MASS.o lqs.o -L/usr/local/lib/R/lib -lR
#13 86.28 installing to /usr/local/lib/R/library/00LOCK-MASS/00new/MASS/libs
#13 86.28 ** R
#13 86.30 ** data
#13 86.31 *** moving datasets to lazyload DB
#13 86.46 ** inst
#13 86.46 ** byte-compile and prepare package for lazy loading
#13 90.42 ** help
#13 90.93 *** installing help indices
#13 91.17 ** building package indices
#13 91.60 ** testing if installed package can be loaded from temporary location
#13 91.81 ** checking absolute paths in shared objects and dynamic libraries
#13 91.82 ** testing if installed package can be loaded from final location
#13 92.11 ** testing if installed package keeps a record of temporary installation path
#13 92.12 * DONE (MASS)
#13 92.15 Trying to install from main CRAN repository...
#13 92.15 trying URL 'https://cran.r-project.org/src/contrib/RColorBrewer_1.1-3.tar.gz'
#13 92.25 Content type 'application/x-gzip' length 11638 bytes (11 KB)
#13 92.25 ==================================================
#13 92.25 downloaded 11 KB
#13 92.25 
#13 92.46 * installing *source* package ‘RColorBrewer’ ...
#13 92.46 ** package ‘RColorBrewer’ successfully unpacked and MD5 sums checked
#13 92.46 ** using staged installation
#13 92.47 ** R
#13 92.48 ** inst
#13 92.48 ** byte-compile and prepare package for lazy loading
#13 93.27 ** help
#13 93.28 *** installing help indices
#13 93.30 ** building package indices
#13 93.51 ** testing if installed package can be loaded from temporary location
#13 93.71 ** testing if installed package can be loaded from final location
#13 93.95 ** testing if installed package keeps a record of temporary installation path
#13 93.95 * DONE (RColorBrewer)
#13 93.96 Trying to install from main CRAN repository...
#13 93.96 trying URL 'https://cran.r-project.org/src/contrib/colorspace_2.1-1.tar.gz'
#13 94.04 First attempt failed: cannot open URL 'https://cran.r-project.org/src/contrib/colorspace_2.1-1.tar.gz'
#13 94.04 Trying to install from CRAN archive...
#13 94.04 trying URL 'https://cran.r-project.org/src/contrib/Archive/colorspace/colorspace_2.1-1.tar.gz'
#13 94.14 Content type 'application/x-gzip' length 2141289 bytes (2.0 MB)
#13 94.16 ==================================================
#13 94.35 downloaded 2.0 MB
#13 94.35 
#13 94.87 * installing *source* package ‘colorspace’ ...
#13 94.88 ** package ‘colorspace’ successfully unpacked and MD5 sums checked
#13 94.88 ** using staged installation
#13 94.90 ** libs
#13 94.92 using C compiler: ‘gcc (Debian 12.2.0-14+deb12u1) 12.2.0’
#13 94.92 gcc -I"/usr/local/lib/R/include" -DNDEBUG   -I/usr/local/include    -fpic  -g -O2  -c colorspace.c -o colorspace.o
#13 95.83 gcc -I"/usr/local/lib/R/include" -DNDEBUG   -I/usr/local/include    -fpic  -g -O2  -c init.c -o init.o
#13 95.89 gcc -shared -L/usr/local/lib/R/lib -L/usr/local/lib -o colorspace.so colorspace.o init.o -L/usr/local/lib/R/lib -lR
#13 95.92 installing to /usr/local/lib/R/library/00LOCK-colorspace/00new/colorspace/libs
#13 95.92 ** R
#13 95.95 ** data
#13 95.95 *** moving datasets to lazyload DB
#13 96.04 ** demo
#13 96.05 ** inst
#13 96.07 ** byte-compile and prepare package for lazy loading
#13 99.96 ** help
#13 100.2 *** installing help indices
#13 100.5 ** building package indices
#13 100.8 ** installing vignettes
#13 100.8 ** testing if installed package can be loaded from temporary location
#13 101.0 ** checking absolute paths in shared objects and dynamic libraries
#13 101.0 ** testing if installed package can be loaded from final location
#13 101.4 ** testing if installed package keeps a record of temporary installation path
#13 101.4 * DONE (colorspace)
#13 101.4 Trying to install from main CRAN repository...
#13 101.4 trying URL 'https://cran.r-project.org/src/contrib/munsell_0.5.1.tar.gz'
#13 101.5 Content type 'application/x-gzip' length 182310 bytes (178 KB)
#13 101.5 ==================================================
#13 101.6 downloaded 178 KB
#13 101.6 
#13 101.8 * installing *source* package ‘munsell’ ...
#13 101.8 ** package ‘munsell’ successfully unpacked and MD5 sums checked
#13 101.8 ** using staged installation
#13 101.8 ** R
#13 101.9 ** inst
#13 101.9 ** byte-compile and prepare package for lazy loading
#13 102.4 ** help
#13 102.4 *** installing help indices
#13 102.5 *** copying figures
#13 102.5 ** building package indices
#13 102.7 ** testing if installed package can be loaded from temporary location
#13 103.0 ** testing if installed package can be loaded from final location
#13 103.2 ** testing if installed package keeps a record of temporary installation path
#13 103.2 * DONE (munsell)
#13 103.2 Trying to install from main CRAN repository...
#13 103.2 trying URL 'https://cran.r-project.org/src/contrib/cli_3.6.4.tar.gz'
#13 103.3 First attempt failed: cannot open URL 'https://cran.r-project.org/src/contrib/cli_3.6.4.tar.gz'
#13 103.3 Trying to install from CRAN archive...
#13 103.3 trying URL 'https://cran.r-project.org/src/contrib/Archive/cli/cli_3.6.4.tar.gz'
#13 103.4 Content type 'application/x-gzip' length 637550 bytes (622 KB)
#13 103.4 ==================================================
#13 103.5 downloaded 622 KB
#13 103.5 
#13 104.2 * installing *source* package ‘cli’ ...
#13 104.2 ** package ‘cli’ successfully unpacked and MD5 sums checked
#13 104.2 ** using staged installation
#13 104.2 ** libs
#13 104.3 using C compiler: ‘gcc (Debian 12.2.0-14+deb12u1) 12.2.0’
#13 104.3 gcc -I"/usr/local/lib/R/include" -DNDEBUG   -I/usr/local/include   -fvisibility=hidden -I../inst/include -fpic  -g -O2  -c ansi.c -o ansi.o
#13 104.7 gcc -I"/usr/local/lib/R/include" -DNDEBUG   -I/usr/local/include   -fvisibility=hidden -I../inst/include -fpic  -g -O2  -c cleancall.c -o cleancall.o
#13 104.8 gcc -I"/usr/local/lib/R/include" -DNDEBUG   -I/usr/local/include   -fvisibility=hidden -I../inst/include -fpic  -g -O2  -c diff.c -o diff.o
#13 105.0 gcc -I"/usr/local/lib/R/include" -DNDEBUG   -I/usr/local/include   -fvisibility=hidden -I../inst/include -fpic  -g -O2  -c errors.c -o errors.o
#13 105.0 gcc -I"/usr/local/lib/R/include" -DNDEBUG   -I/usr/local/include   -fvisibility=hidden -I../inst/include -fpic  -g -O2  -c glue.c -o glue.o
#13 105.2 gcc -I"/usr/local/lib/R/include" -DNDEBUG   -I/usr/local/include   -fvisibility=hidden -I../inst/include -fpic  -g -O2  -c init.c -o init.o
#13 105.3 gcc -I"/usr/local/lib/R/include" -DNDEBUG   -I/usr/local/include   -fvisibility=hidden -I../inst/include -fpic  -g -O2  -c inst.c -o inst.o
#13 105.3 gcc -I"/usr/local/lib/R/include" -DNDEBUG   -I/usr/local/include   -fvisibility=hidden -I../inst/include -fpic  -g -O2  -c keypress-unix.c -o keypress-unix.o
#13 105.5 gcc -I"/usr/local/lib/R/include" -DNDEBUG   -I/usr/local/include   -fvisibility=hidden -I../inst/include -fpic  -g -O2  -c keypress-win.c -o keypress-win.o
#13 105.5 gcc -I"/usr/local/lib/R/include" -DNDEBUG   -I/usr/local/include   -fvisibility=hidden -I../inst/include -fpic  -g -O2  -c keypress.c -o keypress.o
#13 105.5 gcc -I"/usr/local/lib/R/include" -DNDEBUG   -I/usr/local/include   -fvisibility=hidden -I../inst/include -fpic  -g -O2  -c md5.c -o md5.o
#13 105.8 gcc -I"/usr/local/lib/R/include" -DNDEBUG   -I/usr/local/include   -fvisibility=hidden -I../inst/include -fpic  -g -O2  -c progress-altrep.c -o progress-altrep.o
#13 105.9 gcc -I"/usr/local/lib/R/include" -DNDEBUG   -I/usr/local/include   -fvisibility=hidden -I../inst/include -fpic  -g -O2  -c progress.c -o progress.o
#13 106.1 gcc -I"/usr/local/lib/R/include" -DNDEBUG   -I/usr/local/include   -fvisibility=hidden -I../inst/include -fpic  -g -O2  -c sha1.c -o sha1.o
#13 106.3 gcc -I"/usr/local/lib/R/include" -DNDEBUG   -I/usr/local/include   -fvisibility=hidden -I../inst/include -fpic  -g -O2  -c sha256.c -o sha256.o
#13 106.5 gcc -I"/usr/local/lib/R/include" -DNDEBUG   -I/usr/local/include   -fvisibility=hidden -I../inst/include -fpic  -g -O2  -c thread.c -o thread.o
#13 106.6 gcc -I"/usr/local/lib/R/include" -DNDEBUG   -I/usr/local/include   -fvisibility=hidden -I../inst/include -fpic  -g -O2  -c tty.c -o tty.o
#13 106.7 gcc -I"/usr/local/lib/R/include" -DNDEBUG   -I/usr/local/include   -fvisibility=hidden -I../inst/include -fpic  -g -O2  -c utf8.c -o utf8.o
#13 107.1 gcc -I"/usr/local/lib/R/include" -DNDEBUG   -I/usr/local/include   -fvisibility=hidden -I../inst/include -fpic  -g -O2  -c utils.c -o utils.o
#13 107.2 gcc -I"/usr/local/lib/R/include" -DNDEBUG   -I/usr/local/include   -fvisibility=hidden -I../inst/include -fpic  -g -O2  -c vt.c -o vt.o
#13 107.5 gcc -I"/usr/local/lib/R/include" -DNDEBUG   -I/usr/local/include   -fvisibility=hidden -I../inst/include -fpic  -g -O2  -c vtparse.c -o vtparse.o
#13 107.5 gcc -I"/usr/local/lib/R/include" -DNDEBUG   -I/usr/local/include   -fvisibility=hidden -I../inst/include -fpic  -g -O2  -c vtparse_table.c -o vtparse_table.o
#13 107.5 gcc -I"/usr/local/lib/R/include" -DNDEBUG   -I/usr/local/include   -fvisibility=hidden -I../inst/include -fpic  -g -O2  -c win-utf8.c -o win-utf8.o
#13 107.6 gcc -I"/usr/local/lib/R/include" -DNDEBUG   -I/usr/local/include   -fvisibility=hidden -I../inst/include -fpic  -g -O2  -c winfiles.c -o winfiles.o
#13 107.7 gcc -I"/usr/local/lib/R/include" -DNDEBUG   -I/usr/local/include   -fvisibility=hidden -I../inst/include -fpic  -g -O2  -c xxhash.c -o xxhash.o
#13 107.7 gcc -I"/usr/local/lib/R/include" -DNDEBUG   -I/usr/local/include   -fvisibility=hidden -I../inst/include -fpic  -g -O2  -c xxhash2.c -o xxhash2.o
#13 108.7 gcc -shared -L/usr/local/lib/R/lib -L/usr/local/lib -o cli.so ansi.o cleancall.o diff.o errors.o glue.o init.o inst.o keypress-unix.o keypress-win.o keypress.o md5.o progress-altrep.o progress.o sha1.o sha256.o thread.o tty.o utf8.o utils.o vt.o vtparse.o vtparse_table.o win-utf8.o winfiles.o xxhash.o xxhash2.o -lpthread -L/usr/local/lib/R/lib -lR
#13 108.7 installing to /usr/local/lib/R/library/00LOCK-cli/00new/cli/libs
#13 108.7 ** R
#13 108.8 ** exec
#13 108.8 ** inst
#13 108.8 ** byte-compile and prepare package for lazy loading
#13 114.0 ** help
#13 114.6 *** installing help indices
#13 114.9 *** copying figures
#13 114.9 ** building package indices
#13 115.3 ** testing if installed package can be loaded from temporary location
#13 115.5 ** checking absolute paths in shared objects and dynamic libraries
#13 115.5 ** testing if installed package can be loaded from final location
#13 115.9 ** testing if installed package keeps a record of temporary installation path
#13 115.9 * DONE (cli)
#13 115.9 Trying to install from main CRAN repository...
#13 115.9 trying URL 'https://cran.r-project.org/src/contrib/glue_1.8.0.tar.gz'
#13 116.0 Content type 'application/x-gzip' length 126682 bytes (123 KB)
#13 116.0 ==================================================
#13 116.1 downloaded 123 KB
#13 116.1 
#13 116.3 * installing *source* package ‘glue’ ...
#13 116.3 ** package ‘glue’ successfully unpacked and MD5 sums checked
#13 116.3 ** using staged installation
#13 116.4 ** libs
#13 116.4 using C compiler: ‘gcc (Debian 12.2.0-14+deb12u1) 12.2.0’
#13 116.4 gcc -I"/usr/local/lib/R/include" -DNDEBUG   -I/usr/local/include   -fvisibility=hidden -fpic  -g -O2  -c glue.c -o glue.o
#13 116.5 gcc -I"/usr/local/lib/R/include" -DNDEBUG   -I/usr/local/include   -fvisibility=hidden -fpic  -g -O2  -c init.c -o init.o
#13 116.6 gcc -I"/usr/local/lib/R/include" -DNDEBUG   -I/usr/local/include   -fvisibility=hidden -fpic  -g -O2  -c trim.c -o trim.o
#13 116.7 gcc -shared -L/usr/local/lib/R/lib -L/usr/local/lib -o glue.so glue.o init.o trim.o -L/usr/local/lib/R/lib -lR
#13 116.7 installing to /usr/local/lib/R/library/00LOCK-glue/00new/glue/libs
#13 116.7 ** R
#13 116.7 ** inst
#13 116.7 ** byte-compile and prepare package for lazy loading
#13 117.2 ** help
#13 117.2 *** installing help indices
#13 117.2 *** copying figures
#13 117.2 ** building package indices
#13 117.5 ** installing vignettes
#13 117.5 ** testing if installed package can be loaded from temporary location
#13 117.7 ** checking absolute paths in shared objects and dynamic libraries
#13 117.7 ** testing if installed package can be loaded from final location
#13 118.0 ** testing if installed package keeps a record of temporary installation path
#13 118.0 * DONE (glue)
#13 118.0 Trying to install from main CRAN repository...
#13 118.0 trying URL 'https://cran.r-project.org/src/contrib/lifecycle_1.0.4.tar.gz'
#13 118.1 Content type 'application/x-gzip' length 107656 bytes (105 KB)
#13 118.1 ==================================================
#13 118.1 downloaded 105 KB
#13 118.1 
#13 118.4 * installing *source* package ‘lifecycle’ ...
#13 118.4 ** package ‘lifecycle’ successfully unpacked and MD5 sums checked
#13 118.4 ** using staged installation
#13 118.5 ** R
#13 118.5 ** inst
#13 118.5 ** byte-compile and prepare package for lazy loading
#13 119.2 ** help
#13 119.2 *** installing help indices
#13 119.2 *** copying figures
#13 119.2 ** building package indices
#13 119.4 ** installing vignettes
#13 119.4 ** testing if installed package can be loaded from temporary location
#13 119.7 ** testing if installed package can be loaded from final location
#13 120.1 ** testing if installed package keeps a record of temporary installation path
#13 120.1 * DONE (lifecycle)
#13 120.1 Trying to install from main CRAN repository...
#13 120.1 trying URL 'https://cran.r-project.org/src/contrib/gtable_0.3.6.tar.gz'
#13 120.2 Content type 'application/x-gzip' length 148148 bytes (144 KB)
#13 120.2 ==================================================
#13 120.2 downloaded 144 KB
#13 120.2 
#13 120.6 * installing *source* package ‘gtable’ ...
#13 120.6 ** package ‘gtable’ successfully unpacked and MD5 sums checked
#13 120.6 ** using staged installation
#13 120.6 ** R
#13 120.6 ** inst
#13 120.6 ** byte-compile and prepare package for lazy loading
#13 121.5 ** help
#13 121.6 *** installing help indices
#13 121.6 *** copying figures
#13 121.6 ** building package indices
#13 121.8 ** installing vignettes
#13 121.8 ** testing if installed package can be loaded from temporary location
#13 122.2 ** testing if installed package can be loaded from final location
#13 122.6 ** testing if installed package keeps a record of temporary installation path
#13 122.6 * DONE (gtable)
#13 122.6 Trying to install from main CRAN repository...
#13 122.6 trying URL 'https://cran.r-project.org/src/contrib/digest_0.6.37.tar.gz'
#13 122.7 First attempt failed: cannot open URL 'https://cran.r-project.org/src/contrib/digest_0.6.37.tar.gz'
#13 122.7 Trying to install from CRAN archive...
#13 122.7 trying URL 'https://cran.r-project.org/src/contrib/Archive/digest/digest_0.6.37.tar.gz'
#13 122.8 Content type 'application/x-gzip' length 232306 bytes (226 KB)
#13 122.8 ==================================================
#13 122.9 downloaded 226 KB
#13 122.9 
#13 123.2 * installing *source* package ‘digest’ ...
#13 123.2 ** package ‘digest’ successfully unpacked and MD5 sums checked
#13 123.2 ** using staged installation
#13 123.2 ** libs
#13 123.2 using C compiler: ‘gcc (Debian 12.2.0-14+deb12u1) 12.2.0’
#13 123.2 using C++ compiler: ‘g++ (Debian 12.2.0-14+deb12u1) 12.2.0’
#13 123.2 g++ -std=gnu++17 -I"/usr/local/lib/R/include" -DNDEBUG -I.  -I/usr/local/include    -fpic  -g -O2   -c SpookyV2.cpp -o SpookyV2.o
#13 123.4 gcc -I"/usr/local/lib/R/include" -DNDEBUG -I.  -I/usr/local/include    -fpic  -g -O2  -c aes.c -o aes.o
#13 123.8 gcc -I"/usr/local/lib/R/include" -DNDEBUG -I.  -I/usr/local/include    -fpic  -g -O2  -c blake3.c -o blake3.o
#13 124.7 gcc -I"/usr/local/lib/R/include" -DNDEBUG -I.  -I/usr/local/include    -fpic  -g -O2  -c blake3_dispatch.c -o blake3_dispatch.o
#13 125.2 gcc -I"/usr/local/lib/R/include" -DNDEBUG -I.  -I/usr/local/include    -fpic  -g -O2  -c blake3_portable.c -o blake3_portable.o
#13 126.0 gcc -I"/usr/local/lib/R/include" -DNDEBUG -I.  -I/usr/local/include    -fpic  -g -O2  -c crc32.c -o crc32.o
#13 126.1 g++ -std=gnu++17 -I"/usr/local/lib/R/include" -DNDEBUG -I.  -I/usr/local/include    -fpic  -g -O2   -c crc32c.cpp -o crc32c.o
#13 126.3 g++ -std=gnu++17 -I"/usr/local/lib/R/include" -DNDEBUG -I.  -I/usr/local/include    -fpic  -g -O2   -c crc32c_portable.cpp -o crc32c_portable.o
#13 126.4 gcc -I"/usr/local/lib/R/include" -DNDEBUG -I.  -I/usr/local/include    -fpic  -g -O2  -c digest.c -o digest.o
#13 126.7 gcc -I"/usr/local/lib/R/include" -DNDEBUG -I.  -I/usr/local/include    -fpic  -g -O2  -c digest2int.c -o digest2int.o
#13 126.8 gcc -I"/usr/local/lib/R/include" -DNDEBUG -I.  -I/usr/local/include    -fpic  -g -O2  -c init.c -o init.o
#13 126.9 gcc -I"/usr/local/lib/R/include" -DNDEBUG -I.  -I/usr/local/include    -fpic  -g -O2  -c md5.c -o md5.o
#13 127.0 gcc -I"/usr/local/lib/R/include" -DNDEBUG -I.  -I/usr/local/include    -fpic  -g -O2  -c pmurhash.c -o pmurhash.o
#13 127.1 gcc -I"/usr/local/lib/R/include" -DNDEBUG -I.  -I/usr/local/include    -fpic  -g -O2  -c raes.c -o raes.o
#13 127.2 gcc -I"/usr/local/lib/R/include" -DNDEBUG -I.  -I/usr/local/include    -fpic  -g -O2  -c sha1.c -o sha1.o
#13 127.5 gcc -I"/usr/local/lib/R/include" -DNDEBUG -I.  -I/usr/local/include    -fpic  -g -O2  -c sha2.c -o sha2.o
#13 127.6 gcc -I"/usr/local/lib/R/include" -DNDEBUG -I.  -I/usr/local/include    -fpic  -g -O2  -c sha256.c -o sha256.o
#13 128.3 g++ -std=gnu++17 -I"/usr/local/lib/R/include" -DNDEBUG -I.  -I/usr/local/include    -fpic  -g -O2   -c spooky_serialize.cpp -o spooky_serialize.o
#13 128.6 gcc -I"/usr/local/lib/R/include" -DNDEBUG -I.  -I/usr/local/include    -fpic  -g -O2  -c xxhash.c -o xxhash.o
#13 129.9 g++ -std=gnu++17 -shared -L/usr/local/lib/R/lib -L/usr/local/lib -o digest.so SpookyV2.o aes.o blake3.o blake3_dispatch.o blake3_portable.o crc32.o crc32c.o crc32c_portable.o digest.o digest2int.o init.o md5.o pmurhash.o raes.o sha1.o sha2.o sha256.o spooky_serialize.o xxhash.o -L/usr/local/lib/R/lib -lR
#13 130.0 installing to /usr/local/lib/R/library/00LOCK-digest/00new/digest/libs
#13 130.0 ** R
#13 130.0 ** demo
#13 130.0 ** inst
#13 130.0 ** byte-compile and prepare package for lazy loading
#13 130.6 ** help
#13 130.6 *** installing help indices
#13 130.6 ** building package indices
#13 130.8 ** installing vignettes
#13 130.8 ** testing if installed package can be loaded from temporary location
#13 131.1 ** checking absolute paths in shared objects and dynamic libraries
#13 131.1 ** testing if installed package can be loaded from final location
#13 131.3 ** testing if installed package keeps a record of temporary installation path
#13 131.3 * DONE (digest)
#13 131.3 Trying to install from main CRAN repository...
#13 131.3 trying URL 'https://cran.r-project.org/src/contrib/fastmap_1.2.0.tar.gz'
#13 131.4 Content type 'application/x-gzip' length 46710 bytes (45 KB)
#13 131.4 ==================================================
#13 131.4 downloaded 45 KB
#13 131.4 
#13 131.7 * installing *source* package ‘fastmap’ ...
#13 131.7 ** package ‘fastmap’ successfully unpacked and MD5 sums checked
#13 131.7 ** using staged installation
#13 131.7 ** libs
#13 131.7 using C compiler: ‘gcc (Debian 12.2.0-14+deb12u1) 12.2.0’
#13 131.7 using C++ compiler: ‘g++ (Debian 12.2.0-14+deb12u1) 12.2.0’
#13 131.7 g++ -std=gnu++17 -I"/usr/local/lib/R/include" -DNDEBUG -Ilib/  -I/usr/local/include   -DR_NO_REMAP -fpic  -g -O2   -c fastmap.cpp -o fastmap.o
#13 133.9 gcc -I"/usr/local/lib/R/include" -DNDEBUG -Ilib/  -I/usr/local/include    -fpic  -g -O2  -c init.c -o init.o
#13 133.9 g++ -std=gnu++17 -shared -L/usr/local/lib/R/lib -L/usr/local/lib -o fastmap.so fastmap.o init.o -L/usr/local/lib/R/lib -lR
#13 134.0 installing to /usr/local/lib/R/library/00LOCK-fastmap/00new/fastmap/libs
#13 134.0 ** R
#13 134.0 ** byte-compile and prepare package for lazy loading
#13 134.5 ** help
#13 134.5 *** installing help indices
#13 134.5 ** building package indices
#13 134.7 ** testing if installed package can be loaded from temporary location
#13 134.9 ** checking absolute paths in shared objects and dynamic libraries
#13 134.9 ** testing if installed package can be loaded from final location
#13 135.1 ** testing if installed package keeps a record of temporary installation path
#13 135.1 * DONE (fastmap)
#13 135.1 Trying to install from main CRAN repository...
#13 135.1 trying URL 'https://cran.r-project.org/src/contrib/cachem_1.1.0.tar.gz'
#13 135.2 Content type 'application/x-gzip' length 27192 bytes (26 KB)
#13 135.2 ==================================================
#13 135.2 downloaded 26 KB
#13 135.2 
#13 135.4 * installing *source* package ‘cachem’ ...
#13 135.4 ** package ‘cachem’ successfully unpacked and MD5 sums checked
#13 135.4 ** using staged installation
#13 135.4 ** libs
#13 135.5 using C compiler: ‘gcc (Debian 12.2.0-14+deb12u1) 12.2.0’
#13 135.5 gcc -I"/usr/local/lib/R/include" -DNDEBUG   -I/usr/local/include    -fpic  -g -O2  -c cache.c -o cache.o
#13 135.5 gcc -I"/usr/local/lib/R/include" -DNDEBUG   -I/usr/local/include    -fpic  -g -O2  -c init.c -o init.o
#13 135.6 gcc -shared -L/usr/local/lib/R/lib -L/usr/local/lib -o cachem.so cache.o init.o -L/usr/local/lib/R/lib -lR
#13 135.6 installing to /usr/local/lib/R/library/00LOCK-cachem/00new/cachem/libs
#13 135.6 ** R
#13 135.6 ** byte-compile and prepare package for lazy loading
#13 136.2 ** help
#13 136.3 *** installing help indices
#13 136.3 ** building package indices
#13 136.5 ** testing if installed package can be loaded from temporary location
#13 136.8 ** checking absolute paths in shared objects and dynamic libraries
#13 136.8 ** testing if installed package can be loaded from final location
#13 137.1 ** testing if installed package keeps a record of temporary installation path
#13 137.1 * DONE (cachem)
#13 137.1 Trying to install from main CRAN repository...
#13 137.1 trying URL 'https://cran.r-project.org/src/contrib/memoise_2.0.1.tar.gz'
#13 137.2 Content type 'application/x-gzip' length 17852 bytes (17 KB)
#13 137.2 ==================================================
#13 137.2 downloaded 17 KB
#13 137.2 
#13 137.4 * installing *source* package ‘memoise’ ...
#13 137.4 ** package ‘memoise’ successfully unpacked and MD5 sums checked
#13 137.4 ** using staged installation
#13 137.5 ** R
#13 137.5 ** byte-compile and prepare package for lazy loading
#13 137.9 ** help
#13 138.0 *** installing help indices
#13 138.0 ** building package indices
#13 138.2 ** testing if installed package can be loaded from temporary location
#13 138.6 ** testing if installed package can be loaded from final location
#13 138.9 ** testing if installed package keeps a record of temporary installation path
#13 138.9 * DONE (memoise)
#13 138.9 Trying to install from main CRAN repository...
#13 138.9 trying URL 'https://cran.r-project.org/src/contrib/base64enc_0.1-3.tar.gz'
#13 138.9 Content type 'application/x-gzip' length 7833 bytes
#13 138.9 ==================================================
#13 138.9 downloaded 7833 bytes
#13 138.9 
#13 139.2 * installing *source* package ‘base64enc’ ...
#13 139.2 ** package ‘base64enc’ successfully unpacked and MD5 sums checked
#13 139.2 ** using staged installation
#13 139.2 ** libs
#13 139.2 using C compiler: ‘gcc (Debian 12.2.0-14+deb12u1) 12.2.0’
#13 139.2 gcc -I"/usr/local/lib/R/include" -DNDEBUG   -I/usr/local/include    -fpic  -g -O2  -c base64.c -o base64.o
#13 139.3 gcc -I"/usr/local/lib/R/include" -DNDEBUG   -I/usr/local/include    -fpic  -g -O2  -c uriencode.c -o uriencode.o
#13 139.4 gcc -I"/usr/local/lib/R/include" -DNDEBUG   -I/usr/local/include    -fpic  -g -O2  -c utf8.c -o utf8.o
#13 139.5 gcc -shared -L/usr/local/lib/R/lib -L/usr/local/lib -o base64enc.so base64.o uriencode.o utf8.o -L/usr/local/lib/R/lib -lR
#13 139.5 installing to /usr/local/lib/R/library/00LOCK-base64enc/00new/base64enc/libs
#13 139.5 ** R
#13 139.5 ** byte-compile and prepare package for lazy loading
#13 139.8 ** help
#13 139.8 *** installing help indices
#13 139.8 ** building package indices
#13 140.0 ** testing if installed package can be loaded from temporary location
#13 140.2 ** checking absolute paths in shared objects and dynamic libraries
#13 140.2 ** testing if installed package can be loaded from final location
#13 140.5 ** testing if installed package keeps a record of temporary installation path
#13 140.5 * DONE (base64enc)
#13 140.5 Trying to install from main CRAN repository...
#13 140.5 trying URL 'https://cran.r-project.org/src/contrib/htmltools_0.5.8.1.tar.gz'
#13 140.6 Content type 'application/x-gzip' length 135134 bytes (131 KB)
#13 140.6 ==================================================
#13 140.6 downloaded 131 KB
#13 140.6 
#13 140.9 * installing *source* package ‘htmltools’ ...
#13 140.9 ** package ‘htmltools’ successfully unpacked and MD5 sums checked
#13 140.9 ** using staged installation
#13 140.9 ** libs
#13 140.9 using C compiler: ‘gcc (Debian 12.2.0-14+deb12u1) 12.2.0’
#13 140.9 gcc -I"/usr/local/lib/R/include" -DNDEBUG   -I/usr/local/include    -fpic  -g -O2  -c init.c -o init.o
#13 141.0 gcc -I"/usr/local/lib/R/include" -DNDEBUG   -I/usr/local/include    -fpic  -g -O2  -c template.c -o template.o
#13 141.1 gcc -shared -L/usr/local/lib/R/lib -L/usr/local/lib -o htmltools.so init.o template.o -L/usr/local/lib/R/lib -lR
#13 141.1 installing to /usr/local/lib/R/library/00LOCK-htmltools/00new/htmltools/libs
#13 141.1 ** R
#13 141.1 ** inst
#13 141.1 ** byte-compile and prepare package for lazy loading
#13 143.2 ** help
#13 143.3 *** installing help indices
#13 143.4 *** copying figures
#13 143.4 ** building package indices
#13 143.7 ** testing if installed package can be loaded from temporary location
#13 144.0 ** checking absolute paths in shared objects and dynamic libraries
#13 144.0 ** testing if installed package can be loaded from final location
#13 144.4 ** testing if installed package keeps a record of temporary installation path
#13 144.4 * DONE (htmltools)
#13 144.4 Trying to install from main CRAN repository...
#13 144.4 trying URL 'https://cran.r-project.org/src/contrib/pkgconfig_2.0.3.tar.gz'
#13 144.5 Content type 'application/x-gzip' length 6080 bytes
#13 144.5 ==================================================
#13 144.5 downloaded 6080 bytes
#13 144.5 
#13 144.7 * installing *source* package ‘pkgconfig’ ...
#13 144.7 ** package ‘pkgconfig’ successfully unpacked and MD5 sums checked
#13 144.7 ** using staged installation
#13 144.7 ** R
#13 144.7 ** inst
#13 144.7 ** byte-compile and prepare package for lazy loading
#13 145.0 ** help
#13 145.0 *** installing help indices
#13 145.0 ** building package indices
#13 145.2 ** testing if installed package can be loaded from temporary location
#13 145.4 ** testing if installed package can be loaded from final location
#13 145.6 ** testing if installed package keeps a record of temporary installation path
#13 145.6 * DONE (pkgconfig)
#13 145.6 Trying to install from main CRAN repository...
#13 145.6 trying URL 'https://cran.r-project.org/src/contrib/magrittr_2.0.3.tar.gz'
#13 145.7 First attempt failed: cannot open URL 'https://cran.r-project.org/src/contrib/magrittr_2.0.3.tar.gz'
#13 145.7 Trying to install from CRAN archive...
#13 145.7 trying URL 'https://cran.r-project.org/src/contrib/Archive/magrittr/magrittr_2.0.3.tar.gz'
#13 145.8 Content type 'application/x-gzip' length 267074 bytes (260 KB)
#13 145.8 ==================================================
#13 145.8 downloaded 260 KB
#13 145.8 
#13 146.1 * installing *source* package ‘magrittr’ ...
#13 146.1 ** package ‘magrittr’ successfully unpacked and MD5 sums checked
#13 146.1 ** using staged installation
#13 146.1 ** libs
#13 146.1 using C compiler: ‘gcc (Debian 12.2.0-14+deb12u1) 12.2.0’
#13 146.1 gcc -I"/usr/local/lib/R/include" -DNDEBUG   -I/usr/local/include    -fpic  -g -O2  -c pipe.c -o pipe.o
#13 146.2 gcc -I"/usr/local/lib/R/include" -DNDEBUG   -I/usr/local/include    -fpic  -g -O2  -c utils.c -o utils.o
#13 146.3 gcc -shared -L/usr/local/lib/R/lib -L/usr/local/lib -o magrittr.so pipe.o utils.o -L/usr/local/lib/R/lib -lR
#13 146.3 installing to /usr/local/lib/R/library/00LOCK-magrittr/00new/magrittr/libs
#13 146.3 ** R
#13 146.3 ** inst
#13 146.3 ** byte-compile and prepare package for lazy loading
#13 146.6 ** help
#13 146.7 *** installing help indices
#13 146.7 *** copying figures
#13 146.7 ** building package indices
#13 146.9 ** installing vignettes
#13 146.9 ** testing if installed package can be loaded from temporary location
#13 147.1 ** checking absolute paths in shared objects and dynamic libraries
#13 147.1 ** testing if installed package can be loaded from final location
#13 147.3 ** testing if installed package keeps a record of temporary installation path
#13 147.3 * DONE (magrittr)
#13 147.3 Trying to install from main CRAN repository...
#13 147.3 trying URL 'https://cran.r-project.org/src/contrib/lazyeval_0.2.2.tar.gz'
#13 147.4 Content type 'application/x-gzip' length 83482 bytes (81 KB)
#13 147.4 ==================================================
#13 147.5 downloaded 81 KB
#13 147.5 
#13 147.7 * installing *source* package ‘lazyeval’ ...
#13 147.7 ** package ‘lazyeval’ successfully unpacked and MD5 sums checked
#13 147.7 ** using staged installation
#13 147.7 ** libs
#13 147.8 using C compiler: ‘gcc (Debian 12.2.0-14+deb12u1) 12.2.0’
#13 147.8 gcc -I"/usr/local/lib/R/include" -DNDEBUG   -I/usr/local/include    -fpic  -g -O2  -c expr.c -o expr.o
#13 147.8 gcc -I"/usr/local/lib/R/include" -DNDEBUG   -I/usr/local/include    -fpic  -g -O2  -c init.c -o init.o
#13 147.9 gcc -I"/usr/local/lib/R/include" -DNDEBUG   -I/usr/local/include    -fpic  -g -O2  -c interp.c -o interp.o
#13 147.9 gcc -I"/usr/local/lib/R/include" -DNDEBUG   -I/usr/local/include    -fpic  -g -O2  -c lazy.c -o lazy.o
#13 148.0 gcc -I"/usr/local/lib/R/include" -DNDEBUG   -I/usr/local/include    -fpic  -g -O2  -c name.c -o name.o
#13 148.1 gcc -I"/usr/local/lib/R/include" -DNDEBUG   -I/usr/local/include    -fpic  -g -O2  -c utils.c -o utils.o
#13 148.2 gcc -shared -L/usr/local/lib/R/lib -L/usr/local/lib -o lazyeval.so expr.o init.o interp.o lazy.o name.o utils.o -L/usr/local/lib/R/lib -lR
#13 148.2 installing to /usr/local/lib/R/library/00LOCK-lazyeval/00new/lazyeval/libs
#13 148.2 ** R
#13 148.2 ** inst
#13 148.2 ** byte-compile and prepare package for lazy loading
#13 148.7 ** help
#13 148.8 *** installing help indices
#13 148.8 ** building package indices
#13 149.1 ** installing vignettes
#13 149.1 ** testing if installed package can be loaded from temporary location
#13 149.3 ** checking absolute paths in shared objects and dynamic libraries
#13 149.3 ** testing if installed package can be loaded from final location
#13 149.5 ** testing if installed package keeps a record of temporary installation path
#13 149.5 * DONE (lazyeval)
#13 149.5 Trying to install from main CRAN repository...
#13 149.5 trying URL 'https://cran.r-project.org/src/contrib/fansi_1.0.6.tar.gz'
#13 149.6 First attempt failed: cannot open URL 'https://cran.r-project.org/src/contrib/fansi_1.0.6.tar.gz'
#13 149.6 Trying to install from CRAN archive...
#13 149.6 trying URL 'https://cran.r-project.org/src/contrib/Archive/fansi/fansi_1.0.6.tar.gz'
#13 149.7 Content type 'application/x-gzip' length 482480 bytes (471 KB)
#13 149.7 ==================================================
#13 149.8 downloaded 471 KB
#13 149.8 
#13 150.1 * installing *source* package ‘fansi’ ...
#13 150.1 ** package ‘fansi’ successfully unpacked and MD5 sums checked
#13 150.1 ** using staged installation
#13 150.1 ** libs
#13 150.1 using C compiler: ‘gcc (Debian 12.2.0-14+deb12u1) 12.2.0’
#13 150.1 gcc -I"/usr/local/lib/R/include" -DNDEBUG   -I/usr/local/include   -fvisibility=hidden -fpic  -g -O2  -c assumptions.c -o assumptions.o
#13 150.2 gcc -I"/usr/local/lib/R/include" -DNDEBUG   -I/usr/local/include   -fvisibility=hidden -fpic  -g -O2  -c carry.c -o carry.o
#13 150.3 gcc -I"/usr/local/lib/R/include" -DNDEBUG   -I/usr/local/include   -fvisibility=hidden -fpic  -g -O2  -c has.c -o has.o
#13 150.4 gcc -I"/usr/local/lib/R/include" -DNDEBUG   -I/usr/local/include   -fvisibility=hidden -fpic  -g -O2  -c init.c -o init.o
#13 150.5 gcc -I"/usr/local/lib/R/include" -DNDEBUG   -I/usr/local/include   -fvisibility=hidden -fpic  -g -O2  -c nchar.c -o nchar.o
#13 150.5 gcc -I"/usr/local/lib/R/include" -DNDEBUG   -I/usr/local/include   -fvisibility=hidden -fpic  -g -O2  -c normalize.c -o normalize.o
#13 150.6 gcc -I"/usr/local/lib/R/include" -DNDEBUG   -I/usr/local/include   -fvisibility=hidden -fpic  -g -O2  -c read.c -o read.o
#13 151.0 gcc -I"/usr/local/lib/R/include" -DNDEBUG   -I/usr/local/include   -fvisibility=hidden -fpic  -g -O2  -c rnchar.c -o rnchar.o
#13 151.1 gcc -I"/usr/local/lib/R/include" -DNDEBUG   -I/usr/local/include   -fvisibility=hidden -fpic  -g -O2  -c state.c -o state.o
#13 151.2 gcc -I"/usr/local/lib/R/include" -DNDEBUG   -I/usr/local/include   -fvisibility=hidden -fpic  -g -O2  -c strip.c -o strip.o
#13 151.4 gcc -I"/usr/local/lib/R/include" -DNDEBUG   -I/usr/local/include   -fvisibility=hidden -fpic  -g -O2  -c substr.c -o substr.o
#13 151.6 gcc -I"/usr/local/lib/R/include" -DNDEBUG   -I/usr/local/include   -fvisibility=hidden -fpic  -g -O2  -c tabs.c -o tabs.o
#13 151.7 gcc -I"/usr/local/lib/R/include" -DNDEBUG   -I/usr/local/include   -fvisibility=hidden -fpic  -g -O2  -c tohtml.c -o tohtml.o
#13 152.0 gcc -I"/usr/local/lib/R/include" -DNDEBUG   -I/usr/local/include   -fvisibility=hidden -fpic  -g -O2  -c trimws.c -o trimws.o
#13 152.1 gcc -I"/usr/local/lib/R/include" -DNDEBUG   -I/usr/local/include   -fvisibility=hidden -fpic  -g -O2  -c unhandled.c -o unhandled.o
#13 152.3 gcc -I"/usr/local/lib/R/include" -DNDEBUG   -I/usr/local/include   -fvisibility=hidden -fpic  -g -O2  -c utf8.c -o utf8.o
#13 152.3 gcc -I"/usr/local/lib/R/include" -DNDEBUG   -I/usr/local/include   -fvisibility=hidden -fpic  -g -O2  -c utils.c -o utils.o
#13 152.5 gcc -I"/usr/local/lib/R/include" -DNDEBUG   -I/usr/local/include   -fvisibility=hidden -fpic  -g -O2  -c wrap.c -o wrap.o
#13 152.8 gcc -I"/usr/local/lib/R/include" -DNDEBUG   -I/usr/local/include   -fvisibility=hidden -fpic  -g -O2  -c write.c -o write.o
#13 153.1 gcc -shared -L/usr/local/lib/R/lib -L/usr/local/lib -o fansi.so assumptions.o carry.o has.o init.o nchar.o normalize.o read.o rnchar.o state.o strip.o substr.o tabs.o tohtml.o trimws.o unhandled.o utf8.o utils.o wrap.o write.o -L/usr/local/lib/R/lib -lR
#13 153.1 installing to /usr/local/lib/R/library/00LOCK-fansi/00new/fansi/libs
#13 153.1 ** R
#13 153.1 ** inst
#13 153.1 ** byte-compile and prepare package for lazy loading
#13 153.8 ** help
#13 153.9 *** installing help indices
#13 154.0 ** building package indices
#13 154.3 ** installing vignettes
#13 154.3 ** testing if installed package can be loaded from temporary location
#13 154.5 ** checking absolute paths in shared objects and dynamic libraries
#13 154.5 ** testing if installed package can be loaded from final location
#13 154.7 ** testing if installed package keeps a record of temporary installation path
#13 154.7 * DONE (fansi)
#13 154.7 Trying to install from main CRAN repository...
#13 154.7 trying URL 'https://cran.r-project.org/src/contrib/vctrs_0.6.5.tar.gz'
#13 154.8 Content type 'application/x-gzip' length 969066 bytes (946 KB)
#13 154.8 ==================================================
#13 155.0 downloaded 946 KB
#13 155.0 
#13 155.8 * installing *source* package ‘vctrs’ ...
#13 155.8 ** package ‘vctrs’ successfully unpacked and MD5 sums checked
#13 155.8 ** using staged installation
#13 155.9 ** libs
#13 155.9 using C compiler: ‘gcc (Debian 12.2.0-14+deb12u1) 12.2.0’
#13 155.9 gcc -I"/usr/local/lib/R/include" -DNDEBUG -I./rlang  -I/usr/local/include   -fvisibility=hidden -fpic  -g -O2  -c altrep-lazy-character.c -o altrep-lazy-character.o
#13 156.0 gcc -I"/usr/local/lib/R/include" -DNDEBUG -I./rlang  -I/usr/local/include   -fvisibility=hidden -fpic  -g -O2  -c altrep-rle.c -o altrep-rle.o
#13 156.1 gcc -I"/usr/local/lib/R/include" -DNDEBUG -I./rlang  -I/usr/local/include   -fvisibility=hidden -fpic  -g -O2  -c altrep.c -o altrep.o
#13 156.2 gcc -I"/usr/local/lib/R/include" -DNDEBUG -I./rlang  -I/usr/local/include   -fvisibility=hidden -fpic  -g -O2  -c arg-counter.c -o arg-counter.o
#13 156.3 gcc -I"/usr/local/lib/R/include" -DNDEBUG -I./rlang  -I/usr/local/include   -fvisibility=hidden -fpic  -g -O2  -c arg.c -o arg.o
#13 156.4 gcc -I"/usr/local/lib/R/include" -DNDEBUG -I./rlang  -I/usr/local/include   -fvisibility=hidden -fpic  -g -O2  -c assert.c -o assert.o
#13 156.5 gcc -I"/usr/local/lib/R/include" -DNDEBUG -I./rlang  -I/usr/local/include   -fvisibility=hidden -fpic  -g -O2  -c bind.c -o bind.o
#13 156.8 gcc -I"/usr/local/lib/R/include" -DNDEBUG -I./rlang  -I/usr/local/include   -fvisibility=hidden -fpic  -g -O2  -c c-unchop.c -o c-unchop.o
#13 157.0 gcc -I"/usr/local/lib/R/include" -DNDEBUG -I./rlang  -I/usr/local/include   -fvisibility=hidden -fpic  -g -O2  -c c.c -o c.o
#13 157.2 gcc -I"/usr/local/lib/R/include" -DNDEBUG -I./rlang  -I/usr/local/include   -fvisibility=hidden -fpic  -g -O2  -c callables.c -o callables.o
#13 157.2 gcc -I"/usr/local/lib/R/include" -DNDEBUG -I./rlang  -I/usr/local/include   -fvisibility=hidden -fpic  -g -O2  -c cast-bare.c -o cast-bare.o
#13 157.4 gcc -I"/usr/local/lib/R/include" -DNDEBUG -I./rlang  -I/usr/local/include   -fvisibility=hidden -fpic  -g -O2  -c cast-dispatch.c -o cast-dispatch.o
#13 157.5 gcc -I"/usr/local/lib/R/include" -DNDEBUG -I./rlang  -I/usr/local/include   -fvisibility=hidden -fpic  -g -O2  -c cast.c -o cast.o
#13 157.6 gcc -I"/usr/local/lib/R/include" -DNDEBUG -I./rlang  -I/usr/local/include   -fvisibility=hidden -fpic  -g -O2  -c compare.c -o compare.o
#13 157.9 gcc -I"/usr/local/lib/R/include" -DNDEBUG -I./rlang  -I/usr/local/include   -fvisibility=hidden -fpic  -g -O2  -c complete.c -o complete.o
#13 158.0 gcc -I"/usr/local/lib/R/include" -DNDEBUG -I./rlang  -I/usr/local/include   -fvisibility=hidden -fpic  -g -O2  -c conditions.c -o conditions.o
#13 158.1 gcc -I"/usr/local/lib/R/include" -DNDEBUG -I./rlang  -I/usr/local/include   -fvisibility=hidden -fpic  -g -O2  -c dictionary.c -o dictionary.o
#13 158.4 gcc -I"/usr/local/lib/R/include" -DNDEBUG -I./rlang  -I/usr/local/include   -fvisibility=hidden -fpic  -g -O2  -c dim.c -o dim.o
#13 158.5 gcc -I"/usr/local/lib/R/include" -DNDEBUG -I./rlang  -I/usr/local/include   -fvisibility=hidden -fpic  -g -O2  -c empty.c -o empty.o
#13 158.5 gcc -I"/usr/local/lib/R/include" -DNDEBUG -I./rlang  -I/usr/local/include   -fvisibility=hidden -fpic  -g -O2  -c equal.c -o equal.o
#13 158.9 gcc -I"/usr/local/lib/R/include" -DNDEBUG -I./rlang  -I/usr/local/include   -fvisibility=hidden -fpic  -g -O2  -c expand.c -o expand.o
#13 159.0 gcc -I"/usr/local/lib/R/include" -DNDEBUG -I./rlang  -I/usr/local/include   -fvisibility=hidden -fpic  -g -O2  -c fields.c -o fields.o
#13 159.1 gcc -I"/usr/local/lib/R/include" -DNDEBUG -I./rlang  -I/usr/local/include   -fvisibility=hidden -fpic  -g -O2  -c fill.c -o fill.o
#13 159.3 gcc -I"/usr/local/lib/R/include" -DNDEBUG -I./rlang  -I/usr/local/include   -fvisibility=hidden -fpic  -g -O2  -c globals.c -o globals.o
#13 159.5 gcc -I"/usr/local/lib/R/include" -DNDEBUG -I./rlang  -I/usr/local/include   -fvisibility=hidden -fpic  -g -O2  -c group.c -o group.o
#13 159.6 gcc -I"/usr/local/lib/R/include" -DNDEBUG -I./rlang  -I/usr/local/include   -fvisibility=hidden -fpic  -g -O2  -c growable.c -o growable.o
#13 159.7 gcc -I"/usr/local/lib/R/include" -DNDEBUG -I./rlang  -I/usr/local/include   -fvisibility=hidden -fpic  -g -O2  -c hash.c -o hash.o
#13 159.9 gcc -I"/usr/local/lib/R/include" -DNDEBUG -I./rlang  -I/usr/local/include   -fvisibility=hidden -fpic  -g -O2  -c init.c -o init.o
#13 160.0 gcc -I"/usr/local/lib/R/include" -DNDEBUG -I./rlang  -I/usr/local/include   -fvisibility=hidden -fpic  -g -O2  -c interval.c -o interval.o
#13 160.5 gcc -I"/usr/local/lib/R/include" -DNDEBUG -I./rlang  -I/usr/local/include   -fvisibility=hidden -fpic  -g -O2  -c match-joint.c -o match-joint.o
#13 160.9 gcc -I"/usr/local/lib/R/include" -DNDEBUG -I./rlang  -I/usr/local/include   -fvisibility=hidden -fpic  -g -O2  -c match.c -o match.o
#13 161.8 gcc -I"/usr/local/lib/R/include" -DNDEBUG -I./rlang  -I/usr/local/include   -fvisibility=hidden -fpic  -g -O2  -c missing.c -o missing.o
#13 162.0 gcc -I"/usr/local/lib/R/include" -DNDEBUG -I./rlang  -I/usr/local/include   -fvisibility=hidden -fpic  -g -O2  -c names.c -o names.o
#13 162.4 gcc -I"/usr/local/lib/R/include" -DNDEBUG -I./rlang  -I/usr/local/include   -fvisibility=hidden -fpic  -g -O2  -c order-collate.c -o order-collate.o
#13 162.5 gcc -I"/usr/local/lib/R/include" -DNDEBUG -I./rlang  -I/usr/local/include   -fvisibility=hidden -fpic  -g -O2  -c order-groups.c -o order-groups.o
#13 162.6 gcc -I"/usr/local/lib/R/include" -DNDEBUG -I./rlang  -I/usr/local/include   -fvisibility=hidden -fpic  -g -O2  -c order-sortedness.c -o order-sortedness.o
#13 162.8 gcc -I"/usr/local/lib/R/include" -DNDEBUG -I./rlang  -I/usr/local/include   -fvisibility=hidden -fpic  -g -O2  -c order-truelength.c -o order-truelength.o
#13 162.9 gcc -I"/usr/local/lib/R/include" -DNDEBUG -I./rlang  -I/usr/local/include   -fvisibility=hidden -fpic  -g -O2  -c order.c -o order.o
#13 164.0 gcc -I"/usr/local/lib/R/include" -DNDEBUG -I./rlang  -I/usr/local/include   -fvisibility=hidden -fpic  -g -O2  -c poly-op.c -o poly-op.o
#13 164.2 gcc -I"/usr/local/lib/R/include" -DNDEBUG -I./rlang  -I/usr/local/include   -fvisibility=hidden -fpic  -g -O2  -c proxy-restore.c -o proxy-restore.o
#13 164.4 gcc -I"/usr/local/lib/R/include" -DNDEBUG -I./rlang  -I/usr/local/include   -fvisibility=hidden -fpic  -g -O2  -c proxy.c -o proxy.o
#13 164.6 gcc -I"/usr/local/lib/R/include" -DNDEBUG -I./rlang  -I/usr/local/include   -fvisibility=hidden -fpic  -g -O2  -c ptype-common.c -o ptype-common.o
#13 164.7 gcc -I"/usr/local/lib/R/include" -DNDEBUG -I./rlang  -I/usr/local/include   -fvisibility=hidden -fpic  -g -O2  -c ptype.c -o ptype.o
#13 164.8 gcc -I"/usr/local/lib/R/include" -DNDEBUG -I./rlang  -I/usr/local/include   -fvisibility=hidden -fpic  -g -O2  -c ptype2-dispatch.c -o ptype2-dispatch.o
#13 164.9 gcc -I"/usr/local/lib/R/include" -DNDEBUG -I./rlang  -I/usr/local/include   -fvisibility=hidden -fpic  -g -O2  -c ptype2.c -o ptype2.o
#13 165.1 gcc -I"/usr/local/lib/R/include" -DNDEBUG -I./rlang  -I/usr/local/include   -fvisibility=hidden -fpic  -g -O2  -c rank.c -o rank.o
#13 165.2 gcc -I"/usr/local/lib/R/include" -DNDEBUG -I./rlang  -I/usr/local/include   -fvisibility=hidden -fpic  -g -O2  -c rep.c -o rep.o
#13 165.4 gcc -I"/usr/local/lib/R/include" -DNDEBUG -I./rlang  -I/usr/local/include   -fvisibility=hidden -fpic  -g -O2  -c rlang-dev.c -o rlang-dev.o
#13 165.5 gcc -I"/usr/local/lib/R/include" -DNDEBUG -I./rlang  -I/usr/local/include   -fvisibility=hidden -fpic  -g -O2  -c rlang.c -o rlang.o
#13 166.8 gcc -I"/usr/local/lib/R/include" -DNDEBUG -I./rlang  -I/usr/local/include   -fvisibility=hidden -fpic  -g -O2  -c runs.c -o runs.o
#13 167.1 gcc -I"/usr/local/lib/R/include" -DNDEBUG -I./rlang  -I/usr/local/include   -fvisibility=hidden -fpic  -g -O2  -c set.c -o set.o
#13 167.3 gcc -I"/usr/local/lib/R/include" -DNDEBUG -I./rlang  -I/usr/local/include   -fvisibility=hidden -fpic  -g -O2  -c shape.c -o shape.o
#13 167.4 gcc -I"/usr/local/lib/R/include" -DNDEBUG -I./rlang  -I/usr/local/include   -fvisibility=hidden -fpic  -g -O2  -c size-common.c -o size-common.o
#13 167.6 gcc -I"/usr/local/lib/R/include" -DNDEBUG -I./rlang  -I/usr/local/include   -fvisibility=hidden -fpic  -g -O2  -c size.c -o size.o
#13 167.8 gcc -I"/usr/local/lib/R/include" -DNDEBUG -I./rlang  -I/usr/local/include   -fvisibility=hidden -fpic  -g -O2  -c slice-array.c -o slice-array.o
#13 168.3 gcc -I"/usr/local/lib/R/include" -DNDEBUG -I./rlang  -I/usr/local/include   -fvisibility=hidden -fpic  -g -O2  -c slice-assign-array.c -o slice-assign-array.o
#13 168.7 gcc -I"/usr/local/lib/R/include" -DNDEBUG -I./rlang  -I/usr/local/include   -fvisibility=hidden -fpic  -g -O2  -c slice-assign.c -o slice-assign.o
#13 169.0 gcc -I"/usr/local/lib/R/include" -DNDEBUG -I./rlang  -I/usr/local/include   -fvisibility=hidden -fpic  -g -O2  -c slice-chop.c -o slice-chop.o
#13 169.3 gcc -I"/usr/local/lib/R/include" -DNDEBUG -I./rlang  -I/usr/local/include   -fvisibility=hidden -fpic  -g -O2  -c slice-interleave.c -o slice-interleave.o
#13 169.3 gcc -I"/usr/local/lib/R/include" -DNDEBUG -I./rlang  -I/usr/local/include   -fvisibility=hidden -fpic  -g -O2  -c slice.c -o slice.o
#13 169.7 gcc -I"/usr/local/lib/R/include" -DNDEBUG -I./rlang  -I/usr/local/include   -fvisibility=hidden -fpic  -g -O2  -c split.c -o split.o
#13 169.8 gcc -I"/usr/local/lib/R/include" -DNDEBUG -I./rlang  -I/usr/local/include   -fvisibility=hidden -fpic  -g -O2  -c subscript-loc.c -o subscript-loc.o
#13 170.0 gcc -I"/usr/local/lib/R/include" -DNDEBUG -I./rlang  -I/usr/local/include   -fvisibility=hidden -fpic  -g -O2  -c subscript.c -o subscript.o
#13 170.2 gcc -I"/usr/local/lib/R/include" -DNDEBUG -I./rlang  -I/usr/local/include   -fvisibility=hidden -fpic  -g -O2  -c translate.c -o translate.o
#13 170.3 gcc -I"/usr/local/lib/R/include" -DNDEBUG -I./rlang  -I/usr/local/include   -fvisibility=hidden -fpic  -g -O2  -c type-data-frame.c -o type-data-frame.o
#13 170.8 gcc -I"/usr/local/lib/R/include" -DNDEBUG -I./rlang  -I/usr/local/include   -fvisibility=hidden -fpic  -g -O2  -c type-date-time.c -o type-date-time.o
#13 171.0 gcc -I"/usr/local/lib/R/include" -DNDEBUG -I./rlang  -I/usr/local/include   -fvisibility=hidden -fpic  -g -O2  -c type-factor.c -o type-factor.o
#13 171.1 gcc -I"/usr/local/lib/R/include" -DNDEBUG -I./rlang  -I/usr/local/include   -fvisibility=hidden -fpic  -g -O2  -c type-info.c -o type-info.o
#13 171.3 gcc -I"/usr/local/lib/R/include" -DNDEBUG -I./rlang  -I/usr/local/include   -fvisibility=hidden -fpic  -g -O2  -c type-integer64.c -o type-integer64.o
#13 171.4 gcc -I"/usr/local/lib/R/include" -DNDEBUG -I./rlang  -I/usr/local/include   -fvisibility=hidden -fpic  -g -O2  -c type-tibble.c -o type-tibble.o
#13 171.5 gcc -I"/usr/local/lib/R/include" -DNDEBUG -I./rlang  -I/usr/local/include   -fvisibility=hidden -fpic  -g -O2  -c typeof2-s3.c -o typeof2-s3.o
#13 171.6 gcc -I"/usr/local/lib/R/include" -DNDEBUG -I./rlang  -I/usr/local/include   -fvisibility=hidden -fpic  -g -O2  -c typeof2.c -o typeof2.o
#13 171.8 gcc -I"/usr/local/lib/R/include" -DNDEBUG -I./rlang  -I/usr/local/include   -fvisibility=hidden -fpic  -g -O2  -c unspecified.c -o unspecified.o
#13 171.9 gcc -I"/usr/local/lib/R/include" -DNDEBUG -I./rlang  -I/usr/local/include   -fvisibility=hidden -fpic  -g -O2  -c utils-dispatch.c -o utils-dispatch.o
#13 172.0 gcc -I"/usr/local/lib/R/include" -DNDEBUG -I./rlang  -I/usr/local/include   -fvisibility=hidden -fpic  -g -O2  -c utils.c -o utils.o
#13 172.6 gcc -I"/usr/local/lib/R/include" -DNDEBUG -I./rlang  -I/usr/local/include   -fvisibility=hidden -fpic  -g -O2  -c vctrs-core.c -o vctrs-core.o
#13 172.7 gcc -I"/usr/local/lib/R/include" -DNDEBUG -I./rlang  -I/usr/local/include   -fvisibility=hidden -fpic  -g -O2  -c version.c -o version.o
#13 172.8 gcc -shared -L/usr/local/lib/R/lib -L/usr/local/lib -o vctrs.so altrep-lazy-character.o altrep-rle.o altrep.o arg-counter.o arg.o assert.o bind.o c-unchop.o c.o callables.o cast-bare.o cast-dispatch.o cast.o compare.o complete.o conditions.o dictionary.o dim.o empty.o equal.o expand.o fields.o fill.o globals.o group.o growable.o hash.o init.o interval.o match-joint.o match.o missing.o names.o order-collate.o order-groups.o order-sortedness.o order-truelength.o order.o poly-op.o proxy-restore.o proxy.o ptype-common.o ptype.o ptype2-dispatch.o ptype2.o rank.o rep.o rlang-dev.o rlang.o runs.o set.o shape.o size-common.o size.o slice-array.o slice-assign-array.o slice-assign.o slice-chop.o slice-interleave.o slice.o split.o subscript-loc.o subscript.o translate.o type-data-frame.o type-date-time.o type-factor.o type-info.o type-integer64.o type-tibble.o typeof2-s3.o typeof2.o unspecified.o utils-dispatch.o utils.o vctrs-core.o version.o -L/usr/local/lib/R/lib -lR
#13 172.8 installing to /usr/local/lib/R/library/00LOCK-vctrs/00new/vctrs/libs
#13 172.8 ** R
#13 172.9 ** inst
#13 172.9 ** byte-compile and prepare package for lazy loading
#13 176.3 ** help
#13 176.7 *** installing help indices
#13 177.0 *** copying figures
#13 177.0 ** building package indices
#13 177.3 ** installing vignettes
#13 177.3 ** testing if installed package can be loaded from temporary location
#13 177.7 ** checking absolute paths in shared objects and dynamic libraries
#13 177.7 ** testing if installed package can be loaded from final location
#13 178.1 ** testing if installed package keeps a record of temporary installation path
#13 178.1 * DONE (vctrs)
#13 178.2 Trying to install from main CRAN repository...
#13 178.2 trying URL 'https://cran.r-project.org/src/contrib/utf8_1.2.4.tar.gz'
#13 178.3 First attempt failed: cannot open URL 'https://cran.r-project.org/src/contrib/utf8_1.2.4.tar.gz'
#13 178.3 Trying to install from CRAN archive...
#13 178.3 trying URL 'https://cran.r-project.org/src/contrib/Archive/utf8/utf8_1.2.4.tar.gz'
#13 178.4 Content type 'application/x-gzip' length 241081 bytes (235 KB)
#13 178.4 ==================================================
#13 178.4 downloaded 235 KB
#13 178.4 
#13 178.8 * installing *source* package ‘utf8’ ...
#13 178.8 ** package ‘utf8’ successfully unpacked and MD5 sums checked
#13 178.8 ** using staged installation
#13 178.8 ** libs
#13 178.8 using C compiler: ‘gcc (Debian 12.2.0-14+deb12u1) 12.2.0’
#13 178.8 gcc -I"/usr/local/lib/R/include" -DNDEBUG   -I/usr/local/include   -Iutf8lite/src -fpic  -g -O2  -c as_utf8.c -o as_utf8.o
#13 178.9 gcc -I"/usr/local/lib/R/include" -DNDEBUG   -I/usr/local/include   -Iutf8lite/src -fpic  -g -O2  -c bytes.c -o bytes.o
#13 179.1 gcc -I"/usr/local/lib/R/include" -DNDEBUG   -I/usr/local/include   -Iutf8lite/src -fpic  -g -O2  -c context.c -o context.o
#13 179.2 gcc -I"/usr/local/lib/R/include" -DNDEBUG   -I/usr/local/include   -Iutf8lite/src -fpic  -g -O2  -c init.c -o init.o
#13 179.2 gcc -I"/usr/local/lib/R/include" -DNDEBUG   -I/usr/local/include   -Iutf8lite/src -fpic  -g -O2  -c render.c -o render.o
#13 179.3 gcc -I"/usr/local/lib/R/include" -DNDEBUG   -I/usr/local/include   -Iutf8lite/src -fpic  -g -O2  -c render_table.c -o render_table.o
#13 179.5 gcc -I"/usr/local/lib/R/include" -DNDEBUG   -I/usr/local/include   -Iutf8lite/src -fpic  -g -O2  -c string.c -o string.o
#13 179.6 gcc -I"/usr/local/lib/R/include" -DNDEBUG   -I/usr/local/include   -Iutf8lite/src -fpic  -g -O2  -c text.c -o text.o
#13 179.7 gcc -I"/usr/local/lib/R/include" -DNDEBUG   -I/usr/local/include   -Iutf8lite/src -fpic  -g -O2  -c utf8_encode.c -o utf8_encode.o
#13 179.8 gcc -I"/usr/local/lib/R/include" -DNDEBUG   -I/usr/local/include   -Iutf8lite/src -fpic  -g -O2  -c utf8_format.c -o utf8_format.o
#13 179.9 gcc -I"/usr/local/lib/R/include" -DNDEBUG   -I/usr/local/include   -Iutf8lite/src -fpic  -g -O2  -c utf8_normalize.c -o utf8_normalize.o
#13 180.0 gcc -I"/usr/local/lib/R/include" -DNDEBUG   -I/usr/local/include   -Iutf8lite/src -fpic  -g -O2  -c utf8_valid.c -o utf8_valid.o
#13 180.0 gcc -I"/usr/local/lib/R/include" -DNDEBUG   -I/usr/local/include   -Iutf8lite/src -fpic  -g -O2  -c utf8_width.c -o utf8_width.o
#13 180.1 gcc -I"/usr/local/lib/R/include" -DNDEBUG   -I/usr/local/include   -Iutf8lite/src -fpic  -g -O2  -c util.c -o util.o
#13 180.2 gcc -I"/usr/local/lib/R/include" -DNDEBUG   -I/usr/local/include   -Iutf8lite/src -fpic  -g -O2  -c utf8lite/src/array.c -o utf8lite/src/array.o
#13 180.2 gcc -I"/usr/local/lib/R/include" -DNDEBUG   -I/usr/local/include   -Iutf8lite/src -fpic  -g -O2  -c utf8lite/src/char.c -o utf8lite/src/char.o
#13 180.3 gcc -I"/usr/local/lib/R/include" -DNDEBUG   -I/usr/local/include   -Iutf8lite/src -fpic  -g -O2  -c utf8lite/src/encode.c -o utf8lite/src/encode.o
#13 180.4 gcc -I"/usr/local/lib/R/include" -DNDEBUG   -I/usr/local/include   -Iutf8lite/src -fpic  -g -O2  -c utf8lite/src/error.c -o utf8lite/src/error.o
#13 180.4 gcc -I"/usr/local/lib/R/include" -DNDEBUG   -I/usr/local/include   -Iutf8lite/src -fpic  -g -O2  -c utf8lite/src/escape.c -o utf8lite/src/escape.o
#13 180.5 gcc -I"/usr/local/lib/R/include" -DNDEBUG   -I/usr/local/include   -Iutf8lite/src -fpic  -g -O2  -c utf8lite/src/graph.c -o utf8lite/src/graph.o
#13 180.6 gcc -I"/usr/local/lib/R/include" -DNDEBUG   -I/usr/local/include   -Iutf8lite/src -fpic  -g -O2  -c utf8lite/src/graphscan.c -o utf8lite/src/graphscan.o
#13 180.8 gcc -I"/usr/local/lib/R/include" -DNDEBUG   -I/usr/local/include   -Iutf8lite/src -fpic  -g -O2  -c utf8lite/src/normalize.c -o utf8lite/src/normalize.o
#13 181.1 gcc -I"/usr/local/lib/R/include" -DNDEBUG   -I/usr/local/include   -Iutf8lite/src -fpic  -g -O2  -c utf8lite/src/render.c -o utf8lite/src/render.o
#13 181.3 gcc -I"/usr/local/lib/R/include" -DNDEBUG   -I/usr/local/include   -Iutf8lite/src -fpic  -g -O2  -c utf8lite/src/text.c -o utf8lite/src/text.o
#13 181.4 gcc -I"/usr/local/lib/R/include" -DNDEBUG   -I/usr/local/include   -Iutf8lite/src -fpic  -g -O2  -c utf8lite/src/textassign.c -o utf8lite/src/textassign.o
#13 181.4 gcc -I"/usr/local/lib/R/include" -DNDEBUG   -I/usr/local/include   -Iutf8lite/src -fpic  -g -O2  -c utf8lite/src/textiter.c -o utf8lite/src/textiter.o
#13 181.5 gcc -I"/usr/local/lib/R/include" -DNDEBUG   -I/usr/local/include   -Iutf8lite/src -fpic  -g -O2  -c utf8lite/src/textmap.c -o utf8lite/src/textmap.o
#13 181.6 ar rcs libcutf8lite.a utf8lite/src/array.o utf8lite/src/char.o utf8lite/src/encode.o utf8lite/src/error.o utf8lite/src/escape.o utf8lite/src/graph.o utf8lite/src/graphscan.o utf8lite/src/normalize.o utf8lite/src/render.o utf8lite/src/text.o utf8lite/src/textassign.o utf8lite/src/textiter.o utf8lite/src/textmap.o
#13 181.6 gcc -shared -L/usr/local/lib/R/lib -L/usr/local/lib -o utf8.so as_utf8.o bytes.o context.o init.o render.o render_table.o string.o text.o utf8_encode.o utf8_format.o utf8_normalize.o utf8_valid.o utf8_width.o util.o -L. -lcutf8lite -L/usr/local/lib/R/lib -lR
#13 181.7 installing to /usr/local/lib/R/library/00LOCK-utf8/00new/utf8/libs
#13 181.7 ** R
#13 181.7 ** inst
#13 181.7 ** byte-compile and prepare package for lazy loading
#13 182.2 ** help
#13 182.2 *** installing help indices
#13 182.2 ** building package indices
#13 182.4 ** installing vignettes
#13 182.5 ** testing if installed package can be loaded from temporary location
#13 182.7 ** checking absolute paths in shared objects and dynamic libraries
#13 182.7 ** testing if installed package can be loaded from final location
#13 182.9 ** testing if installed package keeps a record of temporary installation path
#13 182.9 * DONE (utf8)
#13 182.9 Trying to install from main CRAN repository...
#13 182.9 trying URL 'https://cran.r-project.org/src/contrib/pillar_1.10.1.tar.gz'
#13 183.0 First attempt failed: cannot open URL 'https://cran.r-project.org/src/contrib/pillar_1.10.1.tar.gz'
#13 183.0 Trying to install from CRAN archive...
#13 183.0 trying URL 'https://cran.r-project.org/src/contrib/Archive/pillar/pillar_1.10.1.tar.gz'
#13 183.1 Content type 'application/x-gzip' length 407070 bytes (397 KB)
#13 183.1 ==================================================
#13 183.1 downloaded 397 KB
#13 183.1 
#13 183.6 * installing *source* package ‘pillar’ ...
#13 183.6 ** package ‘pillar’ successfully unpacked and MD5 sums checked
#13 183.6 ** using staged installation
#13 183.6 ** R
#13 183.6 ** inst
#13 183.6 ** byte-compile and prepare package for lazy loading
#13 186.1 ** help
#13 186.2 *** installing help indices
#13 186.3 *** copying figures
#13 186.3 ** building package indices
#13 186.5 ** installing vignettes
#13 186.5 ** testing if installed package can be loaded from temporary location
#13 187.0 ** testing if installed package can be loaded from final location
#13 187.6 ** testing if installed package keeps a record of temporary installation path
#13 187.6 * DONE (pillar)
#13 187.6 Trying to install from main CRAN repository...
#13 187.6 trying URL 'https://cran.r-project.org/src/contrib/tibble_3.2.1.tar.gz'
#13 187.7 First attempt failed: cannot open URL 'https://cran.r-project.org/src/contrib/tibble_3.2.1.tar.gz'
#13 187.7 Trying to install from CRAN archive...
#13 187.7 trying URL 'https://cran.r-project.org/src/contrib/Archive/tibble/tibble_3.2.1.tar.gz'
#13 187.8 Content type 'application/x-gzip' length 565982 bytes (552 KB)
#13 187.8 ==================================================
#13 187.9 downloaded 552 KB
#13 187.9 
#13 188.3 * installing *source* package ‘tibble’ ...
#13 188.3 ** package ‘tibble’ successfully unpacked and MD5 sums checked
#13 188.3 ** using staged installation
#13 188.3 ** libs
#13 188.4 using C compiler: ‘gcc (Debian 12.2.0-14+deb12u1) 12.2.0’
#13 188.4 gcc -I"/usr/local/lib/R/include" -DNDEBUG   -I/usr/local/include    -fpic  -g -O2  -c attributes.c -o attributes.o
#13 188.5 gcc -I"/usr/local/lib/R/include" -DNDEBUG   -I/usr/local/include    -fpic  -g -O2  -c coerce.c -o coerce.o
#13 188.6 gcc -I"/usr/local/lib/R/include" -DNDEBUG   -I/usr/local/include    -fpic  -g -O2  -c init.c -o init.o
#13 188.6 gcc -I"/usr/local/lib/R/include" -DNDEBUG   -I/usr/local/include    -fpic  -g -O2  -c matrixToDataFrame.c -o matrixToDataFrame.o
#13 188.7 gcc -shared -L/usr/local/lib/R/lib -L/usr/local/lib -o tibble.so attributes.o coerce.o init.o matrixToDataFrame.o -L/usr/local/lib/R/lib -lR
#13 188.7 installing to /usr/local/lib/R/library/00LOCK-tibble/00new/tibble/libs
#13 188.7 ** R
#13 188.8 ** inst
#13 188.8 ** byte-compile and prepare package for lazy loading
#13 190.7 ** help
#13 190.8 *** installing help indices
#13 190.8 *** copying figures
#13 190.8 ** building package indices
#13 191.0 ** installing vignettes
#13 191.0 ** testing if installed package can be loaded from temporary location
#13 191.5 ** checking absolute paths in shared objects and dynamic libraries
#13 191.5 ** testing if installed package can be loaded from final location
#13 192.1 ** testing if installed package keeps a record of temporary installation path
#13 192.1 * DONE (tibble)
#13 192.1 Trying to install from main CRAN repository...
#13 192.1 trying URL 'https://cran.r-project.org/src/contrib/stringi_1.8.4.tar.gz'
#13 192.2 First attempt failed: cannot open URL 'https://cran.r-project.org/src/contrib/stringi_1.8.4.tar.gz'
#13 192.2 Trying to install from CRAN archive...
#13 192.2 trying URL 'https://cran.r-project.org/src/contrib/Archive/stringi/stringi_1.8.4.tar.gz'
#13 192.4 Content type 'application/x-gzip' length 11917497 bytes (11.4 MB)
#13 192.5 ==================================================
#13 192.7 downloaded 11.4 MB
#13 192.7 
#13 194.6 * installing *source* package ‘stringi’ ...
#13 194.7 ** package ‘stringi’ successfully unpacked and MD5 sums checked
#13 194.7 ** using staged installation
#13 195.1 checking for R_HOME... /usr/local/lib/R
#13 195.1 checking for R... /usr/local/lib/R/bin/R
#13 195.1 checking for endianness... little
#13 195.3 checking for cat... /usr/bin/cat
#13 195.5 checking whether the C++ compiler works... yes
#13 195.5 checking for C++ compiler default output file name... a.out
#13 195.5 checking for suffix of executables... 
#13 195.6 checking whether we are cross compiling... no
#13 195.7 checking for suffix of object files... o
#13 195.7 checking whether the compiler supports GNU C++... yes
#13 195.7 checking whether g++ -std=gnu++17 accepts -g... yes
#13 195.7 checking for g++ -std=gnu++17 option to enable C++11 features... none needed
#13 195.8 checking whether the C++ compiler supports the 'long long' type... yes
#13 196.2 checking whether the compiler implements namespaces... yes
#13 196.3 checking whether the compiler supports the Standard Template Library... yes
#13 196.5 checking whether std::map is available... yes
#13 197.2 checking for pkg-config... /usr/bin/pkg-config
#13 197.2 checking with 'pkg-config' for the system ICU4C (icu-i18n icu-uc)... 72.1
#13 197.2 checking for ICU4C >= 61... yes
#13 197.2 checking for additional CPPFLAGS, LDFLAGS, and LIBS required... done
#13 197.2 checking whether an ICU4C-based project can be built... yes
#13 197.6 checking programmatically for sufficient U_ICU_VERSION_MAJOR_NUM... yes
#13 197.7 checking the capabilities of the ICU data library (ucnv, uloc, utrans)... yes
#13 198.4 checking the capabilities of the ICU data library (ucol)... yes
#13 199.1 checking for stdio.h... yes
#13 199.2 checking for stdlib.h... yes
#13 199.2 checking for string.h... yes
#13 199.3 checking for inttypes.h... yes
#13 199.3 checking for stdint.h... yes
#13 199.4 checking for strings.h... yes
#13 199.4 checking for sys/stat.h... yes
#13 199.5 checking for sys/types.h... yes
#13 199.5 checking for unistd.h... yes
#13 199.6 checking for elf.h... yes
#13 199.7 configure: creating ./config.status
#13 199.8 config.status: creating src/Makevars
#13 199.8 config.status: creating src/uconfig_local.h
#13 199.9 config.status: creating src/install.libs.R
#13 199.9 
#13 199.9 *** stringi configure summary:
#13 199.9     ICU_FOUND=1
#13 199.9     STRINGI_CXXSTD=
#13 199.9     STRINGI_CXXFLAGS=  -fpic
#13 199.9     STRINGI_CPPFLAGS=-I.   -UDEBUG -DNDEBUG -DU_HAVE_ELF_H 
#13 199.9     STRINGI_LDFLAGS=  -L/usr/lib/x86_64-linux-gnu 
#13 199.9     STRINGI_LIBS=  -licui18n -licuuc -licudata 
#13 199.9 
#13 199.9 *** Compiler settings used:
#13 199.9     CXX=g++ -std=gnu++17
#13 199.9     LD=g++ -std=gnu++17
#13 199.9     CXXFLAGS=-g -O2
#13 199.9     CPPFLAGS=-I/usr/local/include
#13 199.9     LDFLAGS=
#13 199.9     LIBS=
#13 199.9 
#13 199.9 ** libs
#13 199.9 using C++ compiler: ‘g++ (Debian 12.2.0-14+deb12u1) 12.2.0’
#13 199.9 g++ -std=gnu++17 -I"/usr/local/lib/R/include" -DNDEBUG -I.   -UDEBUG -DNDEBUG -DU_HAVE_ELF_H   -I/usr/local/include   -fpic -fpic  -g -O2   -c stri_brkiter.cpp -o stri_brkiter.o
#13 200.8 g++ -std=gnu++17 -I"/usr/local/lib/R/include" -DNDEBUG -I.   -UDEBUG -DNDEBUG -DU_HAVE_ELF_H   -I/usr/local/include   -fpic -fpic  -g -O2   -c stri_collator.cpp -o stri_collator.o
#13 201.5 g++ -std=gnu++17 -I"/usr/local/lib/R/include" -DNDEBUG -I.   -UDEBUG -DNDEBUG -DU_HAVE_ELF_H   -I/usr/local/include   -fpic -fpic  -g -O2   -c stri_common.cpp -o stri_common.o
#13 202.4 g++ -std=gnu++17 -I"/usr/local/lib/R/include" -DNDEBUG -I.   -UDEBUG -DNDEBUG -DU_HAVE_ELF_H   -I/usr/local/include   -fpic -fpic  -g -O2   -c stri_compare.cpp -o stri_compare.o
#13 203.2 g++ -std=gnu++17 -I"/usr/local/lib/R/include" -DNDEBUG -I.   -UDEBUG -DNDEBUG -DU_HAVE_ELF_H   -I/usr/local/include   -fpic -fpic  -g -O2   -c stri_container_base.cpp -o stri_container_base.o
#13 203.9 g++ -std=gnu++17 -I"/usr/local/lib/R/include" -DNDEBUG -I.   -UDEBUG -DNDEBUG -DU_HAVE_ELF_H   -I/usr/local/include   -fpic -fpic  -g -O2   -c stri_container_bytesearch.cpp -o stri_container_bytesearch.o
#13 204.9 g++ -std=gnu++17 -I"/usr/local/lib/R/include" -DNDEBUG -I.   -UDEBUG -DNDEBUG -DU_HAVE_ELF_H   -I/usr/local/include   -fpic -fpic  -g -O2   -c stri_container_listint.cpp -o stri_container_listint.o
#13 205.6 g++ -std=gnu++17 -I"/usr/local/lib/R/include" -DNDEBUG -I.   -UDEBUG -DNDEBUG -DU_HAVE_ELF_H   -I/usr/local/include   -fpic -fpic  -g -O2   -c stri_container_listraw.cpp -o stri_container_listraw.o
#13 206.3 g++ -std=gnu++17 -I"/usr/local/lib/R/include" -DNDEBUG -I.   -UDEBUG -DNDEBUG -DU_HAVE_ELF_H   -I/usr/local/include   -fpic -fpic  -g -O2   -c stri_container_listutf8.cpp -o stri_container_listutf8.o
#13 207.1 g++ -std=gnu++17 -I"/usr/local/lib/R/include" -DNDEBUG -I.   -UDEBUG -DNDEBUG -DU_HAVE_ELF_H   -I/usr/local/include   -fpic -fpic  -g -O2   -c stri_container_regex.cpp -o stri_container_regex.o
#13 208.1 g++ -std=gnu++17 -I"/usr/local/lib/R/include" -DNDEBUG -I.   -UDEBUG -DNDEBUG -DU_HAVE_ELF_H   -I/usr/local/include   -fpic -fpic  -g -O2   -c stri_container_usearch.cpp -o stri_container_usearch.o
#13 208.9 g++ -std=gnu++17 -I"/usr/local/lib/R/include" -DNDEBUG -I.   -UDEBUG -DNDEBUG -DU_HAVE_ELF_H   -I/usr/local/include   -fpic -fpic  -g -O2   -c stri_container_utf16.cpp -o stri_container_utf16.o
#13 209.9 g++ -std=gnu++17 -I"/usr/local/lib/R/include" -DNDEBUG -I.   -UDEBUG -DNDEBUG -DU_HAVE_ELF_H   -I/usr/local/include   -fpic -fpic  -g -O2   -c stri_container_utf8.cpp -o stri_container_utf8.o
#13 210.7 g++ -std=gnu++17 -I"/usr/local/lib/R/include" -DNDEBUG -I.   -UDEBUG -DNDEBUG -DU_HAVE_ELF_H   -I/usr/local/include   -fpic -fpic  -g -O2   -c stri_container_utf8_indexable.cpp -o stri_container_utf8_indexable.o
#13 211.5 g++ -std=gnu++17 -I"/usr/local/lib/R/include" -DNDEBUG -I.   -UDEBUG -DNDEBUG -DU_HAVE_ELF_H   -I/usr/local/include   -fpic -fpic  -g -O2   -c stri_encoding_conversion.cpp -o stri_encoding_conversion.o
#13 212.8 g++ -std=gnu++17 -I"/usr/local/lib/R/include" -DNDEBUG -I.   -UDEBUG -DNDEBUG -DU_HAVE_ELF_H   -I/usr/local/include   -fpic -fpic  -g -O2   -c stri_encoding_detection.cpp -o stri_encoding_detection.o
#13 214.6 g++ -std=gnu++17 -I"/usr/local/lib/R/include" -DNDEBUG -I.   -UDEBUG -DNDEBUG -DU_HAVE_ELF_H   -I/usr/local/include   -fpic -fpic  -g -O2   -c stri_encoding_management.cpp -o stri_encoding_management.o
#13 215.4 g++ -std=gnu++17 -I"/usr/local/lib/R/include" -DNDEBUG -I.   -UDEBUG -DNDEBUG -DU_HAVE_ELF_H   -I/usr/local/include   -fpic -fpic  -g -O2   -c stri_escape.cpp -o stri_escape.o
#13 216.2 g++ -std=gnu++17 -I"/usr/local/lib/R/include" -DNDEBUG -I.   -UDEBUG -DNDEBUG -DU_HAVE_ELF_H   -I/usr/local/include   -fpic -fpic  -g -O2   -c stri_exception.cpp -o stri_exception.o
#13 216.9 g++ -std=gnu++17 -I"/usr/local/lib/R/include" -DNDEBUG -I.   -UDEBUG -DNDEBUG -DU_HAVE_ELF_H   -I/usr/local/include   -fpic -fpic  -g -O2   -c stri_ICU_settings.cpp -o stri_ICU_settings.o
#13 217.0 In file included from stri_ICU_settings.cpp:37:
#13 217.0 uconfig_local.h:42: warning: "UCONFIG_USE_WINDOWS_LCID_MAPPING_API" redefined
#13 217.0    42 | #define UCONFIG_USE_WINDOWS_LCID_MAPPING_API 0
#13 217.0       | 
#13 217.0 In file included from /usr/include/unicode/platform.h:24,
#13 217.0                  from /usr/include/unicode/ptypes.h:52,
#13 217.0                  from stri_external.h:52,
#13 217.0                  from stri_stringi.h:36,
#13 217.0                  from stri_ICU_settings.cpp:33:
#13 217.0 /usr/include/unicode/uconfig.h:381: note: this is the location of the previous definition
#13 217.0   381 | #   define UCONFIG_USE_WINDOWS_LCID_MAPPING_API 1
#13 217.0       | 
#13 217.7 g++ -std=gnu++17 -I"/usr/local/lib/R/include" -DNDEBUG -I.   -UDEBUG -DNDEBUG -DU_HAVE_ELF_H   -I/usr/local/include   -fpic -fpic  -g -O2   -c stri_join.cpp -o stri_join.o
#13 218.8 g++ -std=gnu++17 -I"/usr/local/lib/R/include" -DNDEBUG -I.   -UDEBUG -DNDEBUG -DU_HAVE_ELF_H   -I/usr/local/include   -fpic -fpic  -g -O2   -c stri_length.cpp -o stri_length.o
#13 219.7 g++ -std=gnu++17 -I"/usr/local/lib/R/include" -DNDEBUG -I.   -UDEBUG -DNDEBUG -DU_HAVE_ELF_H   -I/usr/local/include   -fpic -fpic  -g -O2   -c stri_pad.cpp -o stri_pad.o
#13 220.5 g++ -std=gnu++17 -I"/usr/local/lib/R/include" -DNDEBUG -I.   -UDEBUG -DNDEBUG -DU_HAVE_ELF_H   -I/usr/local/include   -fpic -fpic  -g -O2   -c stri_prepare_arg.cpp -o stri_prepare_arg.o
#13 221.5 g++ -std=gnu++17 -I"/usr/local/lib/R/include" -DNDEBUG -I.   -UDEBUG -DNDEBUG -DU_HAVE_ELF_H   -I/usr/local/include   -fpic -fpic  -g -O2   -c stri_random.cpp -o stri_random.o
#13 222.5 g++ -std=gnu++17 -I"/usr/local/lib/R/include" -DNDEBUG -I.   -UDEBUG -DNDEBUG -DU_HAVE_ELF_H   -I/usr/local/include   -fpic -fpic  -g -O2   -c stri_reverse.cpp -o stri_reverse.o
#13 223.3 g++ -std=gnu++17 -I"/usr/local/lib/R/include" -DNDEBUG -I.   -UDEBUG -DNDEBUG -DU_HAVE_ELF_H   -I/usr/local/include   -fpic -fpic  -g -O2   -c stri_search_class_count.cpp -o stri_search_class_count.o
#13 224.1 g++ -std=gnu++17 -I"/usr/local/lib/R/include" -DNDEBUG -I.   -UDEBUG -DNDEBUG -DU_HAVE_ELF_H   -I/usr/local/include   -fpic -fpic  -g -O2   -c stri_search_class_detect.cpp -o stri_search_class_detect.o
#13 225.1 g++ -std=gnu++17 -I"/usr/local/lib/R/include" -DNDEBUG -I.   -UDEBUG -DNDEBUG -DU_HAVE_ELF_H   -I/usr/local/include   -fpic -fpic  -g -O2   -c stri_search_class_extract.cpp -o stri_search_class_extract.o
#13 226.2 g++ -std=gnu++17 -I"/usr/local/lib/R/include" -DNDEBUG -I.   -UDEBUG -DNDEBUG -DU_HAVE_ELF_H   -I/usr/local/include   -fpic -fpic  -g -O2   -c stri_search_class_locate.cpp -o stri_search_class_locate.o
#13 227.2 g++ -std=gnu++17 -I"/usr/local/lib/R/include" -DNDEBUG -I.   -UDEBUG -DNDEBUG -DU_HAVE_ELF_H   -I/usr/local/include   -fpic -fpic  -g -O2   -c stri_search_class_replace.cpp -o stri_search_class_replace.o
#13 228.4 g++ -std=gnu++17 -I"/usr/local/lib/R/include" -DNDEBUG -I.   -UDEBUG -DNDEBUG -DU_HAVE_ELF_H   -I/usr/local/include   -fpic -fpic  -g -O2   -c stri_search_class_split.cpp -o stri_search_class_split.o
#13 229.4 g++ -std=gnu++17 -I"/usr/local/lib/R/include" -DNDEBUG -I.   -UDEBUG -DNDEBUG -DU_HAVE_ELF_H   -I/usr/local/include   -fpic -fpic  -g -O2   -c stri_search_class_startsendswith.cpp -o stri_search_class_startsendswith.o
#13 230.3 g++ -std=gnu++17 -I"/usr/local/lib/R/include" -DNDEBUG -I.   -UDEBUG -DNDEBUG -DU_HAVE_ELF_H   -I/usr/local/include   -fpic -fpic  -g -O2   -c stri_search_class_subset.cpp -o stri_search_class_subset.o
#13 231.2 g++ -std=gnu++17 -I"/usr/local/lib/R/include" -DNDEBUG -I.   -UDEBUG -DNDEBUG -DU_HAVE_ELF_H   -I/usr/local/include   -fpic -fpic  -g -O2   -c stri_search_class_trim.cpp -o stri_search_class_trim.o
#13 232.1 g++ -std=gnu++17 -I"/usr/local/lib/R/include" -DNDEBUG -I.   -UDEBUG -DNDEBUG -DU_HAVE_ELF_H   -I/usr/local/include   -fpic -fpic  -g -O2   -c stri_search_common.cpp -o stri_search_common.o
#13 233.0 g++ -std=gnu++17 -I"/usr/local/lib/R/include" -DNDEBUG -I.   -UDEBUG -DNDEBUG -DU_HAVE_ELF_H   -I/usr/local/include   -fpic -fpic  -g -O2   -c stri_search_coll_count.cpp -o stri_search_coll_count.o
#13 233.8 g++ -std=gnu++17 -I"/usr/local/lib/R/include" -DNDEBUG -I.   -UDEBUG -DNDEBUG -DU_HAVE_ELF_H   -I/usr/local/include   -fpic -fpic  -g -O2   -c stri_search_coll_detect.cpp -o stri_search_coll_detect.o
#13 234.6 g++ -std=gnu++17 -I"/usr/local/lib/R/include" -DNDEBUG -I.   -UDEBUG -DNDEBUG -DU_HAVE_ELF_H   -I/usr/local/include   -fpic -fpic  -g -O2   -c stri_search_coll_extract.cpp -o stri_search_coll_extract.o
#13 235.7 g++ -std=gnu++17 -I"/usr/local/lib/R/include" -DNDEBUG -I.   -UDEBUG -DNDEBUG -DU_HAVE_ELF_H   -I/usr/local/include   -fpic -fpic  -g -O2   -c stri_search_coll_locate.cpp -o stri_search_coll_locate.o
#13 236.8 g++ -std=gnu++17 -I"/usr/local/lib/R/include" -DNDEBUG -I.   -UDEBUG -DNDEBUG -DU_HAVE_ELF_H   -I/usr/local/include   -fpic -fpic  -g -O2   -c stri_search_coll_replace.cpp -o stri_search_coll_replace.o
#13 238.0 g++ -std=gnu++17 -I"/usr/local/lib/R/include" -DNDEBUG -I.   -UDEBUG -DNDEBUG -DU_HAVE_ELF_H   -I/usr/local/include   -fpic -fpic  -g -O2   -c stri_search_coll_split.cpp -o stri_search_coll_split.o
#13 239.0 g++ -std=gnu++17 -I"/usr/local/lib/R/include" -DNDEBUG -I.   -UDEBUG -DNDEBUG -DU_HAVE_ELF_H   -I/usr/local/include   -fpic -fpic  -g -O2   -c stri_search_coll_startsendswith.cpp -o stri_search_coll_startsendswith.o
#13 239.9 g++ -std=gnu++17 -I"/usr/local/lib/R/include" -DNDEBUG -I.   -UDEBUG -DNDEBUG -DU_HAVE_ELF_H   -I/usr/local/include   -fpic -fpic  -g -O2   -c stri_search_coll_subset.cpp -o stri_search_coll_subset.o
#13 240.9 g++ -std=gnu++17 -I"/usr/local/lib/R/include" -DNDEBUG -I.   -UDEBUG -DNDEBUG -DU_HAVE_ELF_H   -I/usr/local/include   -fpic -fpic  -g -O2   -c stri_search_boundaries_count.cpp -o stri_search_boundaries_count.o
#13 241.6 g++ -std=gnu++17 -I"/usr/local/lib/R/include" -DNDEBUG -I.   -UDEBUG -DNDEBUG -DU_HAVE_ELF_H   -I/usr/local/include   -fpic -fpic  -g -O2   -c stri_search_boundaries_extract.cpp -o stri_search_boundaries_extract.o
#13 242.5 g++ -std=gnu++17 -I"/usr/local/lib/R/include" -DNDEBUG -I.   -UDEBUG -DNDEBUG -DU_HAVE_ELF_H   -I/usr/local/include   -fpic -fpic  -g -O2   -c stri_search_boundaries_locate.cpp -o stri_search_boundaries_locate.o
#13 243.4 g++ -std=gnu++17 -I"/usr/local/lib/R/include" -DNDEBUG -I.   -UDEBUG -DNDEBUG -DU_HAVE_ELF_H   -I/usr/local/include   -fpic -fpic  -g -O2   -c stri_search_boundaries_split.cpp -o stri_search_boundaries_split.o
#13 244.3 g++ -std=gnu++17 -I"/usr/local/lib/R/include" -DNDEBUG -I.   -UDEBUG -DNDEBUG -DU_HAVE_ELF_H   -I/usr/local/include   -fpic -fpic  -g -O2   -c stri_search_fixed_count.cpp -o stri_search_fixed_count.o
#13 245.1 g++ -std=gnu++17 -I"/usr/local/lib/R/include" -DNDEBUG -I.   -UDEBUG -DNDEBUG -DU_HAVE_ELF_H   -I/usr/local/include   -fpic -fpic  -g -O2   -c stri_search_fixed_detect.cpp -o stri_search_fixed_detect.o
#13 245.9 g++ -std=gnu++17 -I"/usr/local/lib/R/include" -DNDEBUG -I.   -UDEBUG -DNDEBUG -DU_HAVE_ELF_H   -I/usr/local/include   -fpic -fpic  -g -O2   -c stri_search_fixed_extract.cpp -o stri_search_fixed_extract.o
#13 246.8 g++ -std=gnu++17 -I"/usr/local/lib/R/include" -DNDEBUG -I.   -UDEBUG -DNDEBUG -DU_HAVE_ELF_H   -I/usr/local/include   -fpic -fpic  -g -O2   -c stri_search_fixed_locate.cpp -o stri_search_fixed_locate.o
#13 247.8 g++ -std=gnu++17 -I"/usr/local/lib/R/include" -DNDEBUG -I.   -UDEBUG -DNDEBUG -DU_HAVE_ELF_H   -I/usr/local/include   -fpic -fpic  -g -O2   -c stri_search_fixed_replace.cpp -o stri_search_fixed_replace.o
#13 248.8 g++ -std=gnu++17 -I"/usr/local/lib/R/include" -DNDEBUG -I.   -UDEBUG -DNDEBUG -DU_HAVE_ELF_H   -I/usr/local/include   -fpic -fpic  -g -O2   -c stri_search_fixed_split.cpp -o stri_search_fixed_split.o
#13 249.7 g++ -std=gnu++17 -I"/usr/local/lib/R/include" -DNDEBUG -I.   -UDEBUG -DNDEBUG -DU_HAVE_ELF_H   -I/usr/local/include   -fpic -fpic  -g -O2   -c stri_search_fixed_subset.cpp -o stri_search_fixed_subset.o
#13 250.7 g++ -std=gnu++17 -I"/usr/local/lib/R/include" -DNDEBUG -I.   -UDEBUG -DNDEBUG -DU_HAVE_ELF_H   -I/usr/local/include   -fpic -fpic  -g -O2   -c stri_search_fixed_startsendswith.cpp -o stri_search_fixed_startsendswith.o
#13 251.5 g++ -std=gnu++17 -I"/usr/local/lib/R/include" -DNDEBUG -I.   -UDEBUG -DNDEBUG -DU_HAVE_ELF_H   -I/usr/local/include   -fpic -fpic  -g -O2   -c stri_search_in.cpp -o stri_search_in.o
#13 251.5 g++ -std=gnu++17 -I"/usr/local/lib/R/include" -DNDEBUG -I.   -UDEBUG -DNDEBUG -DU_HAVE_ELF_H   -I/usr/local/include   -fpic -fpic  -g -O2   -c stri_search_other_split.cpp -o stri_search_other_split.o
#13 252.6 g++ -std=gnu++17 -I"/usr/local/lib/R/include" -DNDEBUG -I.   -UDEBUG -DNDEBUG -DU_HAVE_ELF_H   -I/usr/local/include   -fpic -fpic  -g -O2   -c stri_search_regex_count.cpp -o stri_search_regex_count.o
#13 253.3 g++ -std=gnu++17 -I"/usr/local/lib/R/include" -DNDEBUG -I.   -UDEBUG -DNDEBUG -DU_HAVE_ELF_H   -I/usr/local/include   -fpic -fpic  -g -O2   -c stri_search_regex_detect.cpp -o stri_search_regex_detect.o
#13 254.1 g++ -std=gnu++17 -I"/usr/local/lib/R/include" -DNDEBUG -I.   -UDEBUG -DNDEBUG -DU_HAVE_ELF_H   -I/usr/local/include   -fpic -fpic  -g -O2   -c stri_search_regex_extract.cpp -o stri_search_regex_extract.o
#13 255.0 g++ -std=gnu++17 -I"/usr/local/lib/R/include" -DNDEBUG -I.   -UDEBUG -DNDEBUG -DU_HAVE_ELF_H   -I/usr/local/include   -fpic -fpic  -g -O2   -c stri_search_regex_locate.cpp -o stri_search_regex_locate.o
#13 256.4 g++ -std=gnu++17 -I"/usr/local/lib/R/include" -DNDEBUG -I.   -UDEBUG -DNDEBUG -DU_HAVE_ELF_H   -I/usr/local/include   -fpic -fpic  -g -O2   -c stri_search_regex_match.cpp -o stri_search_regex_match.o
#13 257.6 g++ -std=gnu++17 -I"/usr/local/lib/R/include" -DNDEBUG -I.   -UDEBUG -DNDEBUG -DU_HAVE_ELF_H   -I/usr/local/include   -fpic -fpic  -g -O2   -c stri_search_regex_replace.cpp -o stri_search_regex_replace.o
#13 258.5 g++ -std=gnu++17 -I"/usr/local/lib/R/include" -DNDEBUG -I.   -UDEBUG -DNDEBUG -DU_HAVE_ELF_H   -I/usr/local/include   -fpic -fpic  -g -O2   -c stri_search_regex_split.cpp -o stri_search_regex_split.o
#13 259.5 g++ -std=gnu++17 -I"/usr/local/lib/R/include" -DNDEBUG -I.   -UDEBUG -DNDEBUG -DU_HAVE_ELF_H   -I/usr/local/include   -fpic -fpic  -g -O2   -c stri_search_regex_subset.cpp -o stri_search_regex_subset.o
#13 260.4 g++ -std=gnu++17 -I"/usr/local/lib/R/include" -DNDEBUG -I.   -UDEBUG -DNDEBUG -DU_HAVE_ELF_H   -I/usr/local/include   -fpic -fpic  -g -O2   -c stri_sort.cpp -o stri_sort.o
#13 262.2 g++ -std=gnu++17 -I"/usr/local/lib/R/include" -DNDEBUG -I.   -UDEBUG -DNDEBUG -DU_HAVE_ELF_H   -I/usr/local/include   -fpic -fpic  -g -O2   -c stri_sprintf.cpp -o stri_sprintf.o
#13 263.7 g++ -std=gnu++17 -I"/usr/local/lib/R/include" -DNDEBUG -I.   -UDEBUG -DNDEBUG -DU_HAVE_ELF_H   -I/usr/local/include   -fpic -fpic  -g -O2   -c stri_stats.cpp -o stri_stats.o
#13 264.6 g++ -std=gnu++17 -I"/usr/local/lib/R/include" -DNDEBUG -I.   -UDEBUG -DNDEBUG -DU_HAVE_ELF_H   -I/usr/local/include   -fpic -fpic  -g -O2   -c stri_string8.cpp -o stri_string8.o
#13 265.4 g++ -std=gnu++17 -I"/usr/local/lib/R/include" -DNDEBUG -I.   -UDEBUG -DNDEBUG -DU_HAVE_ELF_H   -I/usr/local/include   -fpic -fpic  -g -O2   -c stri_stringi.cpp -o stri_stringi.o
#13 265.5 In file included from stri_stringi.cpp:39:
#13 265.5 uconfig_local.h:42: warning: "UCONFIG_USE_WINDOWS_LCID_MAPPING_API" redefined
#13 265.5    42 | #define UCONFIG_USE_WINDOWS_LCID_MAPPING_API 0
#13 265.5       | 
#13 265.5 In file included from /usr/include/unicode/platform.h:24,
#13 265.5                  from /usr/include/unicode/ptypes.h:52,
#13 265.5                  from stri_external.h:52,
#13 265.5                  from stri_stringi.h:36,
#13 265.5                  from stri_stringi.cpp:33:
#13 265.5 /usr/include/unicode/uconfig.h:381: note: this is the location of the previous definition
#13 265.5   381 | #   define UCONFIG_USE_WINDOWS_LCID_MAPPING_API 1
#13 265.5       | 
#13 266.1 g++ -std=gnu++17 -I"/usr/local/lib/R/include" -DNDEBUG -I.   -UDEBUG -DNDEBUG -DU_HAVE_ELF_H   -I/usr/local/include   -fpic -fpic  -g -O2   -c stri_sub.cpp -o stri_sub.o
#13 267.1 g++ -std=gnu++17 -I"/usr/local/lib/R/include" -DNDEBUG -I.   -UDEBUG -DNDEBUG -DU_HAVE_ELF_H   -I/usr/local/include   -fpic -fpic  -g -O2   -c stri_test.cpp -o stri_test.o
#13 267.9 g++ -std=gnu++17 -I"/usr/local/lib/R/include" -DNDEBUG -I.   -UDEBUG -DNDEBUG -DU_HAVE_ELF_H   -I/usr/local/include   -fpic -fpic  -g -O2   -c stri_time_zone.cpp -o stri_time_zone.o
#13 268.7 g++ -std=gnu++17 -I"/usr/local/lib/R/include" -DNDEBUG -I.   -UDEBUG -DNDEBUG -DU_HAVE_ELF_H   -I/usr/local/include   -fpic -fpic  -g -O2   -c stri_time_calendar.cpp -o stri_time_calendar.o
#13 269.6 g++ -std=gnu++17 -I"/usr/local/lib/R/include" -DNDEBUG -I.   -UDEBUG -DNDEBUG -DU_HAVE_ELF_H   -I/usr/local/include   -fpic -fpic  -g -O2   -c stri_time_symbols.cpp -o stri_time_symbols.o
#13 270.5 g++ -std=gnu++17 -I"/usr/local/lib/R/include" -DNDEBUG -I.   -UDEBUG -DNDEBUG -DU_HAVE_ELF_H   -I/usr/local/include   -fpic -fpic  -g -O2   -c stri_time_format.cpp -o stri_time_format.o
#13 271.6 g++ -std=gnu++17 -I"/usr/local/lib/R/include" -DNDEBUG -I.   -UDEBUG -DNDEBUG -DU_HAVE_ELF_H   -I/usr/local/include   -fpic -fpic  -g -O2   -c stri_trans_casemap.cpp -o stri_trans_casemap.o
#13 272.5 g++ -std=gnu++17 -I"/usr/local/lib/R/include" -DNDEBUG -I.   -UDEBUG -DNDEBUG -DU_HAVE_ELF_H   -I/usr/local/include   -fpic -fpic  -g -O2   -c stri_trans_other.cpp -o stri_trans_other.o
#13 273.4 g++ -std=gnu++17 -I"/usr/local/lib/R/include" -DNDEBUG -I.   -UDEBUG -DNDEBUG -DU_HAVE_ELF_H   -I/usr/local/include   -fpic -fpic  -g -O2   -c stri_trans_normalization.cpp -o stri_trans_normalization.o
#13 274.2 g++ -std=gnu++17 -I"/usr/local/lib/R/include" -DNDEBUG -I.   -UDEBUG -DNDEBUG -DU_HAVE_ELF_H   -I/usr/local/include   -fpic -fpic  -g -O2   -c stri_trans_transliterate.cpp -o stri_trans_transliterate.o
#13 275.0 g++ -std=gnu++17 -I"/usr/local/lib/R/include" -DNDEBUG -I.   -UDEBUG -DNDEBUG -DU_HAVE_ELF_H   -I/usr/local/include   -fpic -fpic  -g -O2   -c stri_ucnv.cpp -o stri_ucnv.o
#13 275.8 g++ -std=gnu++17 -I"/usr/local/lib/R/include" -DNDEBUG -I.   -UDEBUG -DNDEBUG -DU_HAVE_ELF_H   -I/usr/local/include   -fpic -fpic  -g -O2   -c stri_uloc.cpp -o stri_uloc.o
#13 276.4 g++ -std=gnu++17 -I"/usr/local/lib/R/include" -DNDEBUG -I.   -UDEBUG -DNDEBUG -DU_HAVE_ELF_H   -I/usr/local/include   -fpic -fpic  -g -O2   -c stri_utils.cpp -o stri_utils.o
#13 277.3 g++ -std=gnu++17 -I"/usr/local/lib/R/include" -DNDEBUG -I.   -UDEBUG -DNDEBUG -DU_HAVE_ELF_H   -I/usr/local/include   -fpic -fpic  -g -O2   -c stri_wrap.cpp -o stri_wrap.o
#13 278.6 g++ -std=gnu++17 -shared -L/usr/local/lib/R/lib -L/usr/local/lib -o stringi.so stri_brkiter.o stri_collator.o stri_common.o stri_compare.o stri_container_base.o stri_container_bytesearch.o stri_container_listint.o stri_container_listraw.o stri_container_listutf8.o stri_container_regex.o stri_container_usearch.o stri_container_utf16.o stri_container_utf8.o stri_container_utf8_indexable.o stri_encoding_conversion.o stri_encoding_detection.o stri_encoding_management.o stri_escape.o stri_exception.o stri_ICU_settings.o stri_join.o stri_length.o stri_pad.o stri_prepare_arg.o stri_random.o stri_reverse.o stri_search_class_count.o stri_search_class_detect.o stri_search_class_extract.o stri_search_class_locate.o stri_search_class_replace.o stri_search_class_split.o stri_search_class_startsendswith.o stri_search_class_subset.o stri_search_class_trim.o stri_search_common.o stri_search_coll_count.o stri_search_coll_detect.o stri_search_coll_extract.o stri_search_coll_locate.o stri_search_coll_replace.o stri_search_coll_split.o stri_search_coll_startsendswith.o stri_search_coll_subset.o stri_search_boundaries_count.o stri_search_boundaries_extract.o stri_search_boundaries_locate.o stri_search_boundaries_split.o stri_search_fixed_count.o stri_search_fixed_detect.o stri_search_fixed_extract.o stri_search_fixed_locate.o stri_search_fixed_replace.o stri_search_fixed_split.o stri_search_fixed_subset.o stri_search_fixed_startsendswith.o stri_search_in.o stri_search_other_split.o stri_search_regex_count.o stri_search_regex_detect.o stri_search_regex_extract.o stri_search_regex_locate.o stri_search_regex_match.o stri_search_regex_replace.o stri_search_regex_split.o stri_search_regex_subset.o stri_sort.o stri_sprintf.o stri_stats.o stri_string8.o stri_stringi.o stri_sub.o stri_test.o stri_time_zone.o stri_time_calendar.o stri_time_symbols.o stri_time_format.o stri_trans_casemap.o stri_trans_other.o stri_trans_normalization.o stri_trans_transliterate.o stri_ucnv.o stri_uloc.o stri_utils.o stri_wrap.o -L/usr/lib/x86_64-linux-gnu -licui18n -licuuc -licudata -L/usr/local/lib/R/lib -lR
#13 278.8 installing via 'install.libs.R' to /usr/local/lib/R/library/00LOCK-stringi/00new/stringi
#13 279.0 ** R
#13 279.0 ** inst
#13 279.0 ** byte-compile and prepare package for lazy loading
#13 280.2 ** help
#13 281.1 *** installing help indices
#13 281.3 ** building package indices
#13 281.8 ** testing if installed package can be loaded from temporary location
#13 282.0 ** checking absolute paths in shared objects and dynamic libraries
#13 282.0 ** testing if installed package can be loaded from final location
#13 282.2 ** testing if installed package keeps a record of temporary installation path
#13 282.2 * DONE (stringi)
#13 282.3 Trying to install from main CRAN repository...
#13 282.3 trying URL 'https://cran.r-project.org/src/contrib/stringr_1.5.1.tar.gz'
#13 282.5 First attempt failed: cannot open URL 'https://cran.r-project.org/src/contrib/stringr_1.5.1.tar.gz'
#13 282.5 Trying to install from CRAN archive...
#13 282.5 trying URL 'https://cran.r-project.org/src/contrib/Archive/stringr/stringr_1.5.1.tar.gz'
#13 282.7 Content type 'application/x-gzip' length 176599 bytes (172 KB)
#13 282.7 ==================================================
#13 282.7 downloaded 172 KB
#13 282.7 
#13 283.0 * installing *source* package ‘stringr’ ...
#13 283.0 ** package ‘stringr’ successfully unpacked and MD5 sums checked
#13 283.0 ** using staged installation
#13 283.1 ** R
#13 283.1 ** data
#13 283.1 *** moving datasets to lazyload DB
#13 283.1 ** inst
#13 283.1 ** byte-compile and prepare package for lazy loading
#13 284.1 ** help
#13 284.2 *** installing help indices
#13 284.3 *** copying figures
#13 284.3 ** building package indices
#13 284.5 ** installing vignettes
#13 284.5 ** testing if installed package can be loaded from temporary location
#13 284.9 ** testing if installed package can be loaded from final location
#13 285.3 ** testing if installed package keeps a record of temporary installation path
#13 285.3 * DONE (stringr)
#13 285.3 Trying to install from main CRAN repository...
#13 285.3 trying URL 'https://cran.r-project.org/src/contrib/plyr_1.8.9.tar.gz'
#13 285.4 Content type 'application/x-gzip' length 401488 bytes (392 KB)
#13 285.4 ==================================================
#13 285.5 downloaded 392 KB
#13 285.5 
#13 285.8 * installing *source* package ‘plyr’ ...
#13 285.8 ** package ‘plyr’ successfully unpacked and MD5 sums checked
#13 285.8 ** using staged installation
#13 285.8 ** libs
#13 285.9 using C compiler: ‘gcc (Debian 12.2.0-14+deb12u1) 12.2.0’
#13 285.9 using C++ compiler: ‘g++ (Debian 12.2.0-14+deb12u1) 12.2.0’
#13 285.9 g++ -std=gnu++17 -I"/usr/local/lib/R/include" -DNDEBUG  -I'/usr/local/lib/R/library/Rcpp/include' -I/usr/local/include    -fpic  -g -O2   -c RcppExports.cpp -o RcppExports.o
#13 288.9 gcc -I"/usr/local/lib/R/include" -DNDEBUG  -I'/usr/local/lib/R/library/Rcpp/include' -I/usr/local/include    -fpic  -g -O2  -c loop_apply.c -o loop_apply.o
#13 288.9 g++ -std=gnu++17 -I"/usr/local/lib/R/include" -DNDEBUG  -I'/usr/local/lib/R/library/Rcpp/include' -I/usr/local/include    -fpic  -g -O2   -c split-numeric.cpp -o split-numeric.o
#13 291.3 g++ -std=gnu++17 -shared -L/usr/local/lib/R/lib -L/usr/local/lib -o plyr.so RcppExports.o loop_apply.o split-numeric.o -L/usr/local/lib/R/lib -lR
#13 291.4 installing to /usr/local/lib/R/library/00LOCK-plyr/00new/plyr/libs
#13 291.4 ** R
#13 291.4 ** data
#13 291.4 *** moving datasets to lazyload DB
#13 291.6 ** inst
#13 291.6 ** byte-compile and prepare package for lazy loading
#13 292.7 ** help
#13 292.9 *** installing help indices
#13 293.0 ** building package indices
#13 293.4 ** testing if installed package can be loaded from temporary location
#13 293.6 ** checking absolute paths in shared objects and dynamic libraries
#13 293.7 ** testing if installed package can be loaded from final location
#13 293.9 ** testing if installed package keeps a record of temporary installation path
#13 293.9 * DONE (plyr)
#13 294.0 Trying to install from main CRAN repository...
#13 294.0 trying URL 'https://cran.r-project.org/src/contrib/reshape2_1.4.4.tar.gz'
#13 294.0 First attempt failed: cannot open URL 'https://cran.r-project.org/src/contrib/reshape2_1.4.4.tar.gz'
#13 294.0 Trying to install from CRAN archive...
#13 294.0 trying URL 'https://cran.r-project.org/src/contrib/Archive/reshape2/reshape2_1.4.4.tar.gz'
#13 294.1 Content type 'application/x-gzip' length 37307 bytes (36 KB)
#13 294.1 ==================================================
#13 294.2 downloaded 36 KB
#13 294.2 
#13 294.4 * installing *source* package ‘reshape2’ ...
#13 294.4 ** package ‘reshape2’ successfully unpacked and MD5 sums checked
#13 294.4 ** using staged installation
#13 294.4 ** libs
#13 294.4 using C++ compiler: ‘g++ (Debian 12.2.0-14+deb12u1) 12.2.0’
#13 294.5 g++ -std=gnu++17 -I"/usr/local/lib/R/include" -DNDEBUG  -I'/usr/local/lib/R/library/Rcpp/include' -I/usr/local/include    -fpic  -g -O2   -c RcppExports.cpp -o RcppExports.o
#13 297.7 g++ -std=gnu++17 -I"/usr/local/lib/R/include" -DNDEBUG  -I'/usr/local/lib/R/library/Rcpp/include' -I/usr/local/include    -fpic  -g -O2   -c melt.cpp -o melt.o
#13 301.1 g++ -std=gnu++17 -shared -L/usr/local/lib/R/lib -L/usr/local/lib -o reshape2.so RcppExports.o melt.o -L/usr/local/lib/R/lib -lR
#13 301.2 installing to /usr/local/lib/R/library/00LOCK-reshape2/00new/reshape2/libs
#13 301.2 ** R
#13 301.2 ** data
#13 301.2 *** moving datasets to lazyload DB
#13 301.2 ** inst
#13 301.2 ** byte-compile and prepare package for lazy loading
#13 302.0 ** help
#13 302.0 *** installing help indices
#13 302.1 ** building package indices
#13 302.3 ** testing if installed package can be loaded from temporary location
#13 302.7 ** checking absolute paths in shared objects and dynamic libraries
#13 302.7 ** testing if installed package can be loaded from final location
#13 303.1 ** testing if installed package keeps a record of temporary installation path
#13 303.1 * DONE (reshape2)
#13 303.2 Trying to install from main CRAN repository...
#13 303.2 trying URL 'https://cran.r-project.org/src/contrib/R6_2.6.1.tar.gz'
#13 303.3 Content type 'application/x-gzip' length 64507 bytes (62 KB)
#13 303.3 ==================================================
#13 303.3 downloaded 62 KB
#13 303.3 
#13 303.5 * installing *source* package ‘R6’ ...
#13 303.5 ** package ‘R6’ successfully unpacked and MD5 sums checked
#13 303.5 ** using staged installation
#13 303.5 ** R
#13 303.5 ** byte-compile and prepare package for lazy loading
#13 304.0 ** help
#13 304.0 *** installing help indices
#13 304.1 *** copying figures
#13 304.1 ** building package indices
#13 304.3 ** testing if installed package can be loaded from temporary location
#13 304.5 ** testing if installed package can be loaded from final location
#13 304.7 ** testing if installed package keeps a record of temporary installation path
#13 304.7 * DONE (R6)
#13 304.7 Trying to install from main CRAN repository...
#13 304.7 trying URL 'https://cran.r-project.org/src/contrib/plogr_0.2.0.tar.gz'
#13 304.7 Content type 'application/x-gzip' length 7795 bytes
#13 304.7 ==================================================
#13 304.7 downloaded 7795 bytes
#13 304.7 
#13 305.0 * installing *source* package ‘plogr’ ...
#13 305.0 ** package ‘plogr’ successfully unpacked and MD5 sums checked
#13 305.0 ** using staged installation
#13 305.0 ** R
#13 305.0 ** inst
#13 305.0 ** byte-compile and prepare package for lazy loading
#13 305.2 ** help
#13 305.2 *** installing help indices
#13 305.2 ** building package indices
#13 305.4 ** testing if installed package can be loaded from temporary location
#13 305.6 ** testing if installed package can be loaded from final location
#13 305.8 ** testing if installed package keeps a record of temporary installation path
#13 305.8 * DONE (plogr)
#13 305.8 Trying to install from main CRAN repository...
#13 305.8 trying URL 'https://cran.r-project.org/src/contrib/BH_1.87.0-1.tar.gz'
#13 305.9 Content type 'application/x-gzip' length 14335542 bytes (13.7 MB)
#13 305.9 ==================================================
#13 306.2 downloaded 13.7 MB
#13 306.2 
#13 319.9 * installing *source* package ‘BH’ ...
#13 320.6 ** package ‘BH’ successfully unpacked and MD5 sums checked
#13 320.6 ** using staged installation
#13 320.6 ** inst
#13 322.4 ** help
#13 322.4 *** installing help indices
#13 322.4 ** building package indices
#13 322.6 ** testing if installed package can be loaded from temporary location
#13 323.0 ** testing if installed package can be loaded from final location
#13 323.2 ** testing if installed package keeps a record of temporary installation path
#13 323.4 * DONE (BH)
#13 323.9 Trying to install from main CRAN repository...
#13 323.9 trying URL 'https://cran.r-project.org/src/contrib/labeling_0.4.3.tar.gz'
#13 324.0 Content type 'application/x-gzip' length 10167 bytes
#13 324.0 ==================================================
#13 324.0 downloaded 10167 bytes
#13 324.0 
#13 324.2 * installing *source* package ‘labeling’ ...
#13 324.2 ** package ‘labeling’ successfully unpacked and MD5 sums checked
#13 324.2 ** using staged installation
#13 324.2 ** R
#13 324.2 ** byte-compile and prepare package for lazy loading
#13 324.8 ** help
#13 324.8 *** installing help indices
#13 324.8 ** building package indices
#13 325.1 ** testing if installed package can be loaded from temporary location
#13 325.2 ** testing if installed package can be loaded from final location
#13 325.4 ** testing if installed package keeps a record of temporary installation path
#13 325.4 * DONE (labeling)
#13 325.4 Trying to install from main CRAN repository...
#13 325.4 trying URL 'https://cran.r-project.org/src/contrib/farver_2.1.2.tar.gz'
#13 325.6 Content type 'application/x-gzip' length 1275981 bytes (1.2 MB)
#13 325.6 ==================================================
#13 325.8 downloaded 1.2 MB
#13 325.8 
#13 326.0 * installing *source* package ‘farver’ ...
#13 326.1 ** package ‘farver’ successfully unpacked and MD5 sums checked
#13 326.1 ** using staged installation
#13 326.1 ** libs
#13 326.1 using C++ compiler: ‘g++ (Debian 12.2.0-14+deb12u1) 12.2.0’
#13 326.1 g++ -std=gnu++17 -I"/usr/local/lib/R/include" -DNDEBUG   -I/usr/local/include    -fpic  -g -O2   -c ColorSpace.cpp -o ColorSpace.o
#13 326.7 g++ -std=gnu++17 -I"/usr/local/lib/R/include" -DNDEBUG   -I/usr/local/include    -fpic  -g -O2   -c Comparison.cpp -o Comparison.o
#13 327.0 g++ -std=gnu++17 -I"/usr/local/lib/R/include" -DNDEBUG   -I/usr/local/include    -fpic  -g -O2   -c Conversion.cpp -o Conversion.o
#13 327.5 g++ -std=gnu++17 -I"/usr/local/lib/R/include" -DNDEBUG   -I/usr/local/include    -fpic  -g -O2   -c encode.cpp -o encode.o
#13 332.1 g++ -std=gnu++17 -I"/usr/local/lib/R/include" -DNDEBUG   -I/usr/local/include    -fpic  -g -O2   -c farver.cpp -o farver.o
#13 350.0 g++ -std=gnu++17 -I"/usr/local/lib/R/include" -DNDEBUG   -I/usr/local/include    -fpic  -g -O2   -c init.cpp -o init.o
#13 350.5 g++ -std=gnu++17 -shared -L/usr/local/lib/R/lib -L/usr/local/lib -o farver.so ColorSpace.o Comparison.o Conversion.o encode.o farver.o init.o -L/usr/local/lib/R/lib -lR
#13 350.6 installing to /usr/local/lib/R/library/00LOCK-farver/00new/farver/libs
#13 350.6 ** R
#13 350.6 ** byte-compile and prepare package for lazy loading
#13 350.9 ** help
#13 351.0 *** installing help indices
#13 351.0 *** copying figures
#13 351.0 ** building package indices
#13 351.2 ** testing if installed package can be loaded from temporary location
#13 351.4 ** checking absolute paths in shared objects and dynamic libraries
#13 351.4 ** testing if installed package can be loaded from final location
#13 351.6 ** testing if installed package keeps a record of temporary installation path
#13 351.6 * DONE (farver)
#13 351.6 Trying to install from main CRAN repository...
#13 351.6 trying URL 'https://cran.r-project.org/src/contrib/viridisLite_0.4.2.tar.gz'
#13 351.7 Content type 'application/x-gzip' length 1267121 bytes (1.2 MB)
#13 351.7 ==================================================
#13 351.9 downloaded 1.2 MB
#13 351.9 
#13 352.2 * installing *source* package ‘viridisLite’ ...
#13 352.2 ** package ‘viridisLite’ successfully unpacked and MD5 sums checked
#13 352.2 ** using staged installation
#13 352.2 ** R
#13 352.2 ** inst
#13 352.2 ** byte-compile and prepare package for lazy loading
#13 352.5 ** help
#13 352.5 *** installing help indices
#13 352.5 *** copying figures
#13 352.5 ** building package indices
#13 352.7 ** testing if installed package can be loaded from temporary location
#13 352.9 ** testing if installed package can be loaded from final location
#13 353.1 ** testing if installed package keeps a record of temporary installation path
#13 353.1 * DONE (viridisLite)
#13 353.1 Trying to install from main CRAN repository...
#13 353.1 trying URL 'https://cran.r-project.org/src/contrib/scales_1.3.0.tar.gz'
#13 353.2 First attempt failed: cannot open URL 'https://cran.r-project.org/src/contrib/scales_1.3.0.tar.gz'
#13 353.2 Trying to install from CRAN archive...
#13 353.2 trying URL 'https://cran.r-project.org/src/contrib/Archive/scales/scales_1.3.0.tar.gz'
#13 353.3 Content type 'application/x-gzip' length 302544 bytes (295 KB)
#13 353.3 ==================================================
#13 353.3 downloaded 295 KB
#13 353.3 
#13 353.7 * installing *source* package ‘scales’ ...
#13 353.7 ** package ‘scales’ successfully unpacked and MD5 sums checked
#13 353.7 ** using staged installation
#13 353.7 ** R
#13 353.7 ** byte-compile and prepare package for lazy loading
#13 356.7 ** help
#13 356.9 *** installing help indices
#13 357.0 *** copying figures
#13 357.0 ** building package indices
#13 357.4 ** testing if installed package can be loaded from temporary location
#13 357.8 ** testing if installed package can be loaded from final location
#13 358.2 ** testing if installed package keeps a record of temporary installation path
#13 358.2 * DONE (scales)
#13 358.2 Trying to install from main CRAN repository...
#13 358.2 trying URL 'https://cran.r-project.org/src/contrib/pheatmap_1.0.12.tar.gz'
#13 358.3 First attempt failed: cannot open URL 'https://cran.r-project.org/src/contrib/pheatmap_1.0.12.tar.gz'
#13 358.3 Trying to install from CRAN archive...
#13 358.3 trying URL 'https://cran.r-project.org/src/contrib/Archive/pheatmap/pheatmap_1.0.12.tar.gz'
#13 358.4 Content type 'application/x-gzip' length 15071 bytes (14 KB)
#13 358.4 ==================================================
#13 358.4 downloaded 14 KB
#13 358.4 
#13 358.6 * installing *source* package ‘pheatmap’ ...
#13 358.6 ** package ‘pheatmap’ successfully unpacked and MD5 sums checked
#13 358.6 ** using staged installation
#13 358.6 ** R
#13 358.6 ** byte-compile and prepare package for lazy loading
#13 359.7 ** help
#13 359.7 *** installing help indices
#13 359.7 ** building package indices
#13 359.9 ** testing if installed package can be loaded from temporary location
#13 360.3 ** testing if installed package can be loaded from final location
#13 360.8 ** testing if installed package keeps a record of temporary installation path
#13 360.8 * DONE (pheatmap)
#13 360.8 Trying to install from main CRAN repository...
#13 360.8 trying URL 'https://cran.r-project.org/src/contrib/isoband_0.2.7.tar.gz'
#13 360.9 Content type 'application/x-gzip' length 1591812 bytes (1.5 MB)
#13 360.9 ==================================================
#13 361.1 downloaded 1.5 MB
#13 361.1 
#13 361.4 * installing *source* package ‘isoband’ ...
#13 361.4 ** package ‘isoband’ successfully unpacked and MD5 sums checked
#13 361.4 ** using staged installation
#13 361.4 ** libs
#13 361.4 using C++ compiler: ‘g++ (Debian 12.2.0-14+deb12u1) 12.2.0’
#13 361.4 using C++11
#13 361.4 g++ -std=gnu++11 -I"/usr/local/lib/R/include" -DNDEBUG   -I/usr/local/include    -fpic  -g -O2   -c clip-lines.cpp -o clip-lines.o
#13 362.1 g++ -std=gnu++11 -I"/usr/local/lib/R/include" -DNDEBUG   -I/usr/local/include    -fpic  -g -O2   -c init.cpp -o init.o
#13 362.2 g++ -std=gnu++11 -I"/usr/local/lib/R/include" -DNDEBUG   -I/usr/local/include    -fpic  -g -O2   -c isoband.cpp -o isoband.o
#13 364.0 g++ -std=gnu++11 -I"/usr/local/lib/R/include" -DNDEBUG   -I/usr/local/include    -fpic  -g -O2   -c polygon.cpp -o polygon.o
#13 364.4 g++ -std=gnu++11 -I"/usr/local/lib/R/include" -DNDEBUG   -I/usr/local/include    -fpic  -g -O2   -c separate-polygons.cpp -o separate-polygons.o
#13 365.7 g++ -std=gnu++11 -I"/usr/local/lib/R/include" -DNDEBUG   -I/usr/local/include    -fpic  -g -O2   -c test-clip-lines.cpp -o test-clip-lines.o
#13 365.7 g++ -std=gnu++11 -I"/usr/local/lib/R/include" -DNDEBUG   -I/usr/local/include    -fpic  -g -O2   -c test-runner.cpp -o test-runner.o
#13 365.7 g++ -std=gnu++11 -I"/usr/local/lib/R/include" -DNDEBUG   -I/usr/local/include    -fpic  -g -O2   -c test-separate-polygons.cpp -o test-separate-polygons.o
#13 365.7 g++ -std=gnu++11 -shared -L/usr/local/lib/R/lib -L/usr/local/lib -o isoband.so clip-lines.o init.o isoband.o polygon.o separate-polygons.o test-clip-lines.o test-runner.o test-separate-polygons.o -L/usr/local/lib/R/lib -lR
#13 365.8 installing to /usr/local/lib/R/library/00LOCK-isoband/00new/isoband/libs
#13 365.8 ** R
#13 365.8 ** inst
#13 365.8 ** byte-compile and prepare package for lazy loading
#13 366.3 ** help
#13 366.4 *** installing help indices
#13 366.4 *** copying figures
#13 366.4 ** building package indices
#13 366.6 ** installing vignettes
#13 366.6 ** testing if installed package can be loaded from temporary location
#13 366.8 ** checking absolute paths in shared objects and dynamic libraries
#13 366.8 ** testing if installed package can be loaded from final location
#13 367.0 ** testing if installed package keeps a record of temporary installation path
#13 367.0 * DONE (isoband)
#13 367.1 Trying to install from main CRAN repository...
#13 367.1 trying URL 'https://cran.r-project.org/src/contrib/withr_3.0.2.tar.gz'
#13 367.2 Content type 'application/x-gzip' length 103240 bytes (100 KB)
#13 367.2 ==================================================
#13 367.2 downloaded 100 KB
#13 367.2 
#13 367.5 * installing *source* package ‘withr’ ...
#13 367.5 ** package ‘withr’ successfully unpacked and MD5 sums checked
#13 367.5 ** using staged installation
#13 367.5 ** R
#13 367.5 ** inst
#13 367.5 ** byte-compile and prepare package for lazy loading
#13 368.3 ** help
#13 368.4 *** installing help indices
#13 368.4 *** copying figures
#13 368.4 ** building package indices
#13 368.6 ** installing vignettes
#13 368.7 ** testing if installed package can be loaded from temporary location
#13 368.8 ** testing if installed package can be loaded from final location
#13 369.1 ** testing if installed package keeps a record of temporary installation path
#13 369.1 * DONE (withr)
#13 369.1 Trying to install from main CRAN repository...
#13 369.1 trying URL 'https://cran.r-project.org/src/contrib/ggplot2_3.5.1.tar.gz'
#13 369.2 First attempt failed: cannot open URL 'https://cran.r-project.org/src/contrib/ggplot2_3.5.1.tar.gz'
#13 369.2 Trying to install from CRAN archive...
#13 369.2 trying URL 'https://cran.r-project.org/src/contrib/Archive/ggplot2/ggplot2_3.5.1.tar.gz'
#13 369.3 Content type 'application/x-gzip' length 3604371 bytes (3.4 MB)
#13 369.3 ==================================================
#13 369.4 downloaded 3.4 MB
#13 369.4 
#13 370.5 * installing *source* package ‘ggplot2’ ...
#13 370.6 ** package ‘ggplot2’ successfully unpacked and MD5 sums checked
#13 370.6 ** using staged installation
#13 370.6 ** R
#13 370.7 ** data
#13 370.7 *** moving datasets to lazyload DB
#13 371.1 ** inst
#13 371.1 ** byte-compile and prepare package for lazy loading
#13 382.4 ** help
#13 383.3 *** installing help indices
#13 384.0 *** copying figures
#13 384.0 ** building package indices
#13 384.7 ** installing vignettes
#13 384.7 ** testing if installed package can be loaded from temporary location
#13 385.4 ** testing if installed package can be loaded from final location
#13 386.3 ** testing if installed package keeps a record of temporary installation path
#13 386.4 * DONE (ggplot2)
#13 386.4 Trying to install from main CRAN repository...
#13 386.4 trying URL 'https://cran.r-project.org/src/contrib/gridExtra_2.3.tar.gz'
#13 386.5 Content type 'application/x-gzip' length 1062844 bytes (1.0 MB)
#13 386.5 ==================================================
#13 386.7 downloaded 1.0 MB
#13 386.7 
#13 387.0 * installing *source* package ‘gridExtra’ ...
#13 387.0 ** package ‘gridExtra’ successfully unpacked and MD5 sums checked
#13 387.0 ** using staged installation
#13 387.0 ** R
#13 387.0 ** inst
#13 387.0 ** byte-compile and prepare package for lazy loading
#13 387.8 ** help
#13 387.8 *** installing help indices
#13 387.9 ** building package indices
#13 388.1 ** installing vignettes
#13 388.1 ** testing if installed package can be loaded from temporary location
#13 388.5 ** testing if installed package can be loaded from final location
#13 388.8 ** testing if installed package keeps a record of temporary installation path
#13 388.8 * DONE (gridExtra)
#13 388.8 Trying to install from main CRAN repository...
#13 388.8 trying URL 'https://cran.r-project.org/src/contrib/viridis_0.6.5.tar.gz'
#13 388.9 Content type 'application/x-gzip' length 3047363 bytes (2.9 MB)
#13 389.0 ==================================================
#13 389.2 downloaded 2.9 MB
#13 389.2 
#13 389.5 * installing *source* package ‘viridis’ ...
#13 389.5 ** package ‘viridis’ successfully unpacked and MD5 sums checked
#13 389.6 ** using staged installation
#13 389.6 ** R
#13 389.6 ** data
#13 389.6 *** moving datasets to lazyload DB
#13 389.6 ** inst
#13 389.6 ** byte-compile and prepare package for lazy loading
#13 390.4 ** help
#13 390.4 *** installing help indices
#13 390.4 *** copying figures
#13 390.4 ** building package indices
#13 390.6 ** installing vignettes
#13 390.6 ** testing if installed package can be loaded from temporary location
#13 391.4 ** testing if installed package can be loaded from final location
#13 392.2 ** testing if installed package keeps a record of temporary installation path
#13 392.2 * DONE (viridis)
#13 392.2 Trying to install from main CRAN repository...
#13 392.2 trying URL 'https://cran.r-project.org/src/contrib/jsonlite_1.9.1.tar.gz'
#13 392.3 First attempt failed: cannot open URL 'https://cran.r-project.org/src/contrib/jsonlite_1.9.1.tar.gz'
#13 392.3 Trying to install from CRAN archive...
#13 392.3 trying URL 'https://cran.r-project.org/src/contrib/Archive/jsonlite/jsonlite_1.9.1.tar.gz'
#13 392.4 Content type 'application/x-gzip' length 1055503 bytes (1.0 MB)
#13 392.4 ==================================================
#13 392.6 downloaded 1.0 MB
#13 392.6 
#13 393.0 * installing *source* package ‘jsonlite’ ...
#13 393.0 ** package ‘jsonlite’ successfully unpacked and MD5 sums checked
#13 393.0 ** using staged installation
#13 393.0 ** libs
#13 393.1 using C compiler: ‘gcc (Debian 12.2.0-14+deb12u1) 12.2.0’
#13 393.1 gcc -I"/usr/local/lib/R/include" -DNDEBUG -Iyajl/api  -I/usr/local/include   -fvisibility=hidden  -fpic  -g -O2  -c base64.c -o base64.o
#13 393.1 gcc -I"/usr/local/lib/R/include" -DNDEBUG -Iyajl/api  -I/usr/local/include   -fvisibility=hidden  -fpic  -g -O2  -c collapse_array.c -o collapse_array.o
#13 393.2 gcc -I"/usr/local/lib/R/include" -DNDEBUG -Iyajl/api  -I/usr/local/include   -fvisibility=hidden  -fpic  -g -O2  -c collapse_object.c -o collapse_object.o
#13 393.3 gcc -I"/usr/local/lib/R/include" -DNDEBUG -Iyajl/api  -I/usr/local/include   -fvisibility=hidden  -fpic  -g -O2  -c collapse_pretty.c -o collapse_pretty.o
#13 393.4 gcc -I"/usr/local/lib/R/include" -DNDEBUG -Iyajl/api  -I/usr/local/include   -fvisibility=hidden  -fpic  -g -O2  -c escape_chars.c -o escape_chars.o
#13 393.5 gcc -I"/usr/local/lib/R/include" -DNDEBUG -Iyajl/api  -I/usr/local/include   -fvisibility=hidden  -fpic  -g -O2  -c integer64_to_na.c -o integer64_to_na.o
#13 393.5 gcc -I"/usr/local/lib/R/include" -DNDEBUG -Iyajl/api  -I/usr/local/include   -fvisibility=hidden  -fpic  -g -O2  -c is_datelist.c -o is_datelist.o
#13 393.6 gcc -I"/usr/local/lib/R/include" -DNDEBUG -Iyajl/api  -I/usr/local/include   -fvisibility=hidden  -fpic  -g -O2  -c is_recordlist.c -o is_recordlist.o
#13 393.6 gcc -I"/usr/local/lib/R/include" -DNDEBUG -Iyajl/api  -I/usr/local/include   -fvisibility=hidden  -fpic  -g -O2  -c is_scalarlist.c -o is_scalarlist.o
#13 393.7 gcc -I"/usr/local/lib/R/include" -DNDEBUG -Iyajl/api  -I/usr/local/include   -fvisibility=hidden  -fpic  -g -O2  -c modp_numtoa.c -o modp_numtoa.o
#13 393.8 gcc -I"/usr/local/lib/R/include" -DNDEBUG -Iyajl/api  -I/usr/local/include   -fvisibility=hidden  -fpic  -g -O2  -c null_to_na.c -o null_to_na.o
#13 393.9 gcc -I"/usr/local/lib/R/include" -DNDEBUG -Iyajl/api  -I/usr/local/include   -fvisibility=hidden  -fpic  -g -O2  -c num_to_char.c -o num_to_char.o
#13 394.0 gcc -I"/usr/local/lib/R/include" -DNDEBUG -Iyajl/api  -I/usr/local/include   -fvisibility=hidden  -fpic  -g -O2  -c parse.c -o parse.o
#13 394.1 gcc -I"/usr/local/lib/R/include" -DNDEBUG -Iyajl/api  -I/usr/local/include   -fvisibility=hidden  -fpic  -g -O2  -c prettify.c -o prettify.o
#13 394.2 gcc -I"/usr/local/lib/R/include" -DNDEBUG -Iyajl/api  -I/usr/local/include   -fvisibility=hidden  -fpic  -g -O2  -c push_parser.c -o push_parser.o
#13 394.2 gcc -I"/usr/local/lib/R/include" -DNDEBUG -Iyajl/api  -I/usr/local/include   -fvisibility=hidden  -fpic  -g -O2  -c r-base64.c -o r-base64.o
#13 394.3 gcc -I"/usr/local/lib/R/include" -DNDEBUG -Iyajl/api  -I/usr/local/include   -fvisibility=hidden  -fpic  -g -O2  -c register.c -o register.o
#13 394.3 gcc -I"/usr/local/lib/R/include" -DNDEBUG -Iyajl/api  -I/usr/local/include   -fvisibility=hidden  -fpic  -g -O2  -c row_collapse.c -o row_collapse.o
#13 394.4 gcc -I"/usr/local/lib/R/include" -DNDEBUG -Iyajl/api  -I/usr/local/include   -fvisibility=hidden  -fpic  -g -O2  -c transpose_list.c -o transpose_list.o
#13 394.5 gcc -I"/usr/local/lib/R/include" -DNDEBUG -Iyajl/api  -I/usr/local/include   -fvisibility=hidden  -fpic  -g -O2  -c validate.c -o validate.o
#13 394.5 gcc -I"/usr/local/lib/R/include" -DNDEBUG -Iyajl/api  -I/usr/local/include   -fvisibility=hidden  -fpic  -g -O2  -c yajl/yajl.c -o yajl/yajl.o
#13 394.6 gcc -I"/usr/local/lib/R/include" -DNDEBUG -Iyajl/api  -I/usr/local/include   -fvisibility=hidden  -fpic  -g -O2  -c yajl/yajl_alloc.c -o yajl/yajl_alloc.o
#13 394.6 gcc -I"/usr/local/lib/R/include" -DNDEBUG -Iyajl/api  -I/usr/local/include   -fvisibility=hidden  -fpic  -g -O2  -c yajl/yajl_buf.c -o yajl/yajl_buf.o
#13 394.7 gcc -I"/usr/local/lib/R/include" -DNDEBUG -Iyajl/api  -I/usr/local/include   -fvisibility=hidden  -fpic  -g -O2  -c yajl/yajl_encode.c -o yajl/yajl_encode.o
#13 394.8 gcc -I"/usr/local/lib/R/include" -DNDEBUG -Iyajl/api  -I/usr/local/include   -fvisibility=hidden  -fpic  -g -O2  -c yajl/yajl_gen.c -o yajl/yajl_gen.o
#13 395.0 gcc -I"/usr/local/lib/R/include" -DNDEBUG -Iyajl/api  -I/usr/local/include   -fvisibility=hidden  -fpic  -g -O2  -c yajl/yajl_lex.c -o yajl/yajl_lex.o
#13 395.3 gcc -I"/usr/local/lib/R/include" -DNDEBUG -Iyajl/api  -I/usr/local/include   -fvisibility=hidden  -fpic  -g -O2  -c yajl/yajl_parser.c -o yajl/yajl_parser.o
#13 395.5 gcc -I"/usr/local/lib/R/include" -DNDEBUG -Iyajl/api  -I/usr/local/include   -fvisibility=hidden  -fpic  -g -O2  -c yajl/yajl_tree.c -o yajl/yajl_tree.o
#13 395.6 ar rcs yajl/libstatyajl.a yajl/yajl.o yajl/yajl_alloc.o yajl/yajl_buf.o yajl/yajl_encode.o yajl/yajl_gen.o yajl/yajl_lex.o yajl/yajl_parser.o yajl/yajl_tree.o
#13 395.6 gcc -shared -L/usr/local/lib/R/lib -L/usr/local/lib -o jsonlite.so base64.o collapse_array.o collapse_object.o collapse_pretty.o escape_chars.o integer64_to_na.o is_datelist.o is_recordlist.o is_scalarlist.o modp_numtoa.o null_to_na.o num_to_char.o parse.o prettify.o push_parser.o r-base64.o register.o row_collapse.o transpose_list.o validate.o -Lyajl -lstatyajl -L/usr/local/lib/R/lib -lR
#13 395.7 installing to /usr/local/lib/R/library/00LOCK-jsonlite/00new/jsonlite/libs
#13 395.7 ** R
#13 395.7 ** inst
#13 395.7 ** byte-compile and prepare package for lazy loading
#13 396.5 in method for ‘asJSON’ with signature ‘"AsIs"’: no definition for class “AsIs”
#13 396.5 in method for ‘asJSON’ with signature ‘"ITime"’: no definition for class “ITime”
#13 396.5 in method for ‘asJSON’ with signature ‘"hms"’: no definition for class “hms”
#13 396.5 in method for ‘asJSON’ with signature ‘"json"’: no definition for class “json”
#13 396.5 in method for ‘asJSON’ with signature ‘"integer64"’: no definition for class “integer64”
#13 396.5 in method for ‘asJSON’ with signature ‘"pairlist"’: no definition for class “pairlist”
#13 396.5 in method for ‘asJSON’ with signature ‘"blob"’: no definition for class “blob”
#13 396.5 in method for ‘asJSON’ with signature ‘"scalar"’: no definition for class “scalar”
#13 396.5 in method for ‘asJSON’ with signature ‘"sf"’: no definition for class “sf”
#13 396.5 in method for ‘asJSON’ with signature ‘"sfc"’: no definition for class “sfc”
#13 396.5 in method for ‘asJSON’ with signature ‘"vctrs_vctr"’: no definition for class “vctrs_vctr”
#13 396.5 ** help
#13 396.6 *** installing help indices
#13 396.6 ** building package indices
#13 396.8 ** installing vignettes
#13 396.8 ** testing if installed package can be loaded from temporary location
#13 397.0 ** checking absolute paths in shared objects and dynamic libraries
#13 397.0 ** testing if installed package can be loaded from final location
#13 397.2 ** testing if installed package keeps a record of temporary installation path
#13 397.2 * DONE (jsonlite)
#13 397.3 Trying to install from main CRAN repository...
#13 397.3 trying URL 'https://cran.r-project.org/src/contrib/yaml_2.3.10.tar.gz'
#13 397.3 First attempt failed: cannot open URL 'https://cran.r-project.org/src/contrib/yaml_2.3.10.tar.gz'
#13 397.3 Trying to install from CRAN archive...
#13 397.3 trying URL 'https://cran.r-project.org/src/contrib/Archive/yaml/yaml_2.3.10.tar.gz'
#13 397.4 Content type 'application/x-gzip' length 94556 bytes (92 KB)
#13 397.4 ==================================================
#13 397.5 downloaded 92 KB
#13 397.5 
#13 397.8 * installing *source* package ‘yaml’ ...
#13 397.8 ** package ‘yaml’ successfully unpacked and MD5 sums checked
#13 397.8 ** using staged installation
#13 397.8 ** libs
#13 397.8 using C compiler: ‘gcc (Debian 12.2.0-14+deb12u1) 12.2.0’
#13 397.8 gcc -I"/usr/local/lib/R/include" -DNDEBUG -I. -DNDEBUG  -I/usr/local/include    -fpic  -g -O2  -c api.c -o api.o
#13 398.1 gcc -I"/usr/local/lib/R/include" -DNDEBUG -I. -DNDEBUG  -I/usr/local/include    -fpic  -g -O2  -c dumper.c -o dumper.o
#13 398.2 gcc -I"/usr/local/lib/R/include" -DNDEBUG -I. -DNDEBUG  -I/usr/local/include    -fpic  -g -O2  -c emitter.c -o emitter.o
#13 399.2 gcc -I"/usr/local/lib/R/include" -DNDEBUG -I. -DNDEBUG  -I/usr/local/include    -fpic  -g -O2  -c implicit.c -o implicit.o
#13 399.4 gcc -I"/usr/local/lib/R/include" -DNDEBUG -I. -DNDEBUG  -I/usr/local/include    -fpic  -g -O2  -c loader.c -o loader.o
#13 399.6 gcc -I"/usr/local/lib/R/include" -DNDEBUG -I. -DNDEBUG  -I/usr/local/include    -fpic  -g -O2  -c parser.c -o parser.o
#13 400.0 gcc -I"/usr/local/lib/R/include" -DNDEBUG -I. -DNDEBUG  -I/usr/local/include    -fpic  -g -O2  -c r_emit.c -o r_emit.o
#13 400.3 gcc -I"/usr/local/lib/R/include" -DNDEBUG -I. -DNDEBUG  -I/usr/local/include    -fpic  -g -O2  -c r_ext.c -o r_ext.o
#13 400.4 gcc -I"/usr/local/lib/R/include" -DNDEBUG -I. -DNDEBUG  -I/usr/local/include    -fpic  -g -O2  -c r_parse.c -o r_parse.o
#13 400.8 gcc -I"/usr/local/lib/R/include" -DNDEBUG -I. -DNDEBUG  -I/usr/local/include    -fpic  -g -O2  -c reader.c -o reader.o
#13 400.9 gcc -I"/usr/local/lib/R/include" -DNDEBUG -I. -DNDEBUG  -I/usr/local/include    -fpic  -g -O2  -c scanner.c -o scanner.o
#13 402.4 gcc -I"/usr/local/lib/R/include" -DNDEBUG -I. -DNDEBUG  -I/usr/local/include    -fpic  -g -O2  -c writer.c -o writer.o
#13 402.4 gcc -shared -L/usr/local/lib/R/lib -L/usr/local/lib -o yaml.so api.o dumper.o emitter.o implicit.o loader.o parser.o r_emit.o r_ext.o r_parse.o reader.o scanner.o writer.o -L/usr/local/lib/R/lib -lR
#13 402.5 installing to /usr/local/lib/R/library/00LOCK-yaml/00new/yaml/libs
#13 402.5 ** R
#13 402.5 ** inst
#13 402.5 ** byte-compile and prepare package for lazy loading
#13 402.7 ** help
#13 402.8 *** installing help indices
#13 402.8 ** building package indices
#13 403.0 ** testing if installed package can be loaded from temporary location
#13 403.2 ** checking absolute paths in shared objects and dynamic libraries
#13 403.2 ** testing if installed package can be loaded from final location
#13 403.4 ** testing if installed package keeps a record of temporary installation path
#13 403.4 * DONE (yaml)
#13 403.4 Trying to install from main CRAN repository...
#13 403.4 trying URL 'https://cran.r-project.org/src/contrib/xfun_0.51.tar.gz'
#13 403.5 First attempt failed: cannot open URL 'https://cran.r-project.org/src/contrib/xfun_0.51.tar.gz'
#13 403.5 Trying to install from CRAN archive...
#13 403.5 trying URL 'https://cran.r-project.org/src/contrib/Archive/xfun/xfun_0.51.tar.gz'
#13 403.6 Content type 'application/x-gzip' length 175799 bytes (171 KB)
#13 403.6 ==================================================
#13 403.6 downloaded 171 KB
#13 403.6 
#13 404.0 * installing *source* package ‘xfun’ ...
#13 404.0 ** package ‘xfun’ successfully unpacked and MD5 sums checked
#13 404.0 ** using staged installation
#13 404.0 ** libs
#13 404.0 using C compiler: ‘gcc (Debian 12.2.0-14+deb12u1) 12.2.0’
#13 404.0 gcc -I"/usr/local/lib/R/include" -DNDEBUG   -I/usr/local/include    -fpic  -g -O2  -c base64.c -o base64.o
#13 404.1 gcc -I"/usr/local/lib/R/include" -DNDEBUG   -I/usr/local/include    -fpic  -g -O2  -c init.c -o init.o
#13 404.2 gcc -shared -L/usr/local/lib/R/lib -L/usr/local/lib -o xfun.so base64.o init.o -L/usr/local/lib/R/lib -lR
#13 404.2 installing to /usr/local/lib/R/library/00LOCK-xfun/00new/xfun/libs
#13 404.2 ** R
#13 404.2 ** inst
#13 404.2 ** byte-compile and prepare package for lazy loading
#13 406.6 ** help
#13 406.9 *** installing help indices
#13 407.1 ** building package indices
#13 407.5 ** installing vignettes
#13 407.5 ** testing if installed package can be loaded from temporary location
#13 407.7 ** checking absolute paths in shared objects and dynamic libraries
#13 407.7 ** testing if installed package can be loaded from final location
#13 408.0 ** testing if installed package keeps a record of temporary installation path
#13 408.0 * DONE (xfun)
#13 408.0 Trying to install from main CRAN repository...
#13 408.0 trying URL 'https://cran.r-project.org/src/contrib/highr_0.11.tar.gz'
#13 408.1 Content type 'application/x-gzip' length 13851 bytes (13 KB)
#13 408.1 ==================================================
#13 408.1 downloaded 13 KB
#13 408.1 
#13 408.3 * installing *source* package ‘highr’ ...
#13 408.3 ** package ‘highr’ successfully unpacked and MD5 sums checked
#13 408.3 ** using staged installation
#13 408.4 ** R
#13 408.4 ** inst
#13 408.4 ** byte-compile and prepare package for lazy loading
#13 408.7 ** help
#13 408.7 *** installing help indices
#13 408.8 ** building package indices
#13 409.0 ** installing vignettes
#13 409.0 ** testing if installed package can be loaded from temporary location
#13 409.2 ** testing if installed package can be loaded from final location
#13 409.4 ** testing if installed package keeps a record of temporary installation path
#13 409.4 * DONE (highr)
#13 409.4 Trying to install from main CRAN repository...
#13 409.4 trying URL 'https://cran.r-project.org/src/contrib/evaluate_1.0.3.tar.gz'
#13 409.5 First attempt failed: cannot open URL 'https://cran.r-project.org/src/contrib/evaluate_1.0.3.tar.gz'
#13 409.5 Trying to install from CRAN archive...
#13 409.5 trying URL 'https://cran.r-project.org/src/contrib/Archive/evaluate/evaluate_1.0.3.tar.gz'
#13 409.6 Content type 'application/x-gzip' length 37753 bytes (36 KB)
#13 409.6 ==================================================
#13 409.6 downloaded 36 KB
#13 409.6 
#13 409.9 * installing *source* package ‘evaluate’ ...
#13 409.9 ** package ‘evaluate’ successfully unpacked and MD5 sums checked
#13 409.9 ** using staged installation
#13 409.9 ** R
#13 409.9 ** byte-compile and prepare package for lazy loading
#13 410.5 ** help
#13 410.5 *** installing help indices
#13 410.5 ** building package indices
#13 410.8 ** testing if installed package can be loaded from temporary location
#13 411.0 ** testing if installed package can be loaded from final location
#13 411.2 ** testing if installed package keeps a record of temporary installation path
#13 411.2 * DONE (evaluate)
#13 411.2 Trying to install from main CRAN repository...
#13 411.2 trying URL 'https://cran.r-project.org/src/contrib/knitr_1.50.tar.gz'
#13 411.3 Content type 'application/x-gzip' length 534264 bytes (521 KB)
#13 411.3 ==================================================
#13 411.4 downloaded 521 KB
#13 411.4 
#13 411.8 * installing *source* package ‘knitr’ ...
#13 411.8 ** package ‘knitr’ successfully unpacked and MD5 sums checked
#13 411.8 ** using staged installation
#13 411.9 ** R
#13 411.9 ** inst
#13 411.9 ** byte-compile and prepare package for lazy loading
#13 416.2 ** help
#13 416.4 *** installing help indices
#13 416.5 ** building package indices
#13 416.8 ** installing vignettes
#13 416.8 ** testing if installed package can be loaded from temporary location
#13 417.0 ** testing if installed package can be loaded from final location
#13 417.3 ** testing if installed package keeps a record of temporary installation path
#13 417.3 * DONE (knitr)
#13 417.3 Trying to install from main CRAN repository...
#13 417.3 trying URL 'https://cran.r-project.org/src/contrib/jquerylib_0.1.4.tar.gz'
#13 417.4 Content type 'application/x-gzip' length 520207 bytes (508 KB)
#13 417.4 ==================================================
#13 417.5 downloaded 508 KB
#13 417.5 
#13 417.8 * installing *source* package ‘jquerylib’ ...
#13 417.8 ** package ‘jquerylib’ successfully unpacked and MD5 sums checked
#13 417.8 ** using staged installation
#13 417.8 ** R
#13 417.8 ** inst
#13 417.8 ** byte-compile and prepare package for lazy loading
#13 418.2 ** help
#13 418.2 *** installing help indices
#13 418.2 ** building package indices
#13 418.4 ** testing if installed package can be loaded from temporary location
#13 418.7 ** testing if installed package can be loaded from final location
#13 419.0 ** testing if installed package keeps a record of temporary installation path
#13 419.0 * DONE (jquerylib)
#13 419.0 Trying to install from main CRAN repository...
#13 419.0 trying URL 'https://cran.r-project.org/src/contrib/fs_1.6.5.tar.gz'
#13 419.1 First attempt failed: cannot open URL 'https://cran.r-project.org/src/contrib/fs_1.6.5.tar.gz'
#13 419.1 Trying to install from CRAN archive...
#13 419.1 trying URL 'https://cran.r-project.org/src/contrib/Archive/fs/fs_1.6.5.tar.gz'
#13 419.2 Content type 'application/x-gzip' length 1200455 bytes (1.1 MB)
#13 419.2 ==================================================
#13 419.4 downloaded 1.1 MB
#13 419.4 
#13 420.1 * installing *source* package ‘fs’ ...
#13 420.1 ** package ‘fs’ successfully unpacked and MD5 sums checked
#13 420.1 ** using staged installation
#13 420.2 ** libs
#13 420.2 using C++ compiler: ‘g++ (Debian 12.2.0-14+deb12u1) 12.2.0’
#13 420.2 g++ -std=gnu++17 -I"/usr/local/lib/R/include" -DNDEBUG -I./libuv-1.44.2/include -I. -pthread  -I/usr/local/include    -fpic  -g -O2   -c dir.cc -o dir.o
#13 420.9 g++ -std=gnu++17 -I"/usr/local/lib/R/include" -DNDEBUG -I./libuv-1.44.2/include -I. -pthread  -I/usr/local/include    -fpic  -g -O2   -c error.cc -o error.o
#13 421.2 g++ -std=gnu++17 -I"/usr/local/lib/R/include" -DNDEBUG -I./libuv-1.44.2/include -I. -pthread  -I/usr/local/include    -fpic  -g -O2   -c file.cc -o file.o
#13 421.8 g++ -std=gnu++17 -I"/usr/local/lib/R/include" -DNDEBUG -I./libuv-1.44.2/include -I. -pthread  -I/usr/local/include    -fpic  -g -O2   -c fs.cc -o fs.o
#13 422.1 g++ -std=gnu++17 -I"/usr/local/lib/R/include" -DNDEBUG -I./libuv-1.44.2/include -I. -pthread  -I/usr/local/include    -fpic  -g -O2   -c getmode.cc -o getmode.o
#13 422.5 g++ -std=gnu++17 -I"/usr/local/lib/R/include" -DNDEBUG -I./libuv-1.44.2/include -I. -pthread  -I/usr/local/include    -fpic  -g -O2   -c id.cc -o id.o
#13 423.3 g++ -std=gnu++17 -I"/usr/local/lib/R/include" -DNDEBUG -I./libuv-1.44.2/include -I. -pthread  -I/usr/local/include    -fpic  -g -O2   -c init.cc -o init.o
#13 423.5 g++ -std=gnu++17 -I"/usr/local/lib/R/include" -DNDEBUG -I./libuv-1.44.2/include -I. -pthread  -I/usr/local/include    -fpic  -g -O2   -c link.cc -o link.o
#13 424.0 g++ -std=gnu++17 -I"/usr/local/lib/R/include" -DNDEBUG -I./libuv-1.44.2/include -I. -pthread  -I/usr/local/include    -fpic  -g -O2   -c path.cc -o path.o
#13 424.6 g++ -std=gnu++17 -I"/usr/local/lib/R/include" -DNDEBUG -I./libuv-1.44.2/include -I. -pthread  -I/usr/local/include    -fpic  -g -O2   -c utils.cc -o utils.o
#13 425.1 g++ -std=gnu++17 -I"/usr/local/lib/R/include" -DNDEBUG -I./libuv-1.44.2/include -I. -pthread  -I/usr/local/include    -fpic  -g -O2   -c unix/getmode.cc -o unix/getmode.o
#13 425.6 gcc -I"/usr/local/lib/R/include" -DNDEBUG -I./libuv-1.44.2/include -I. -pthread  -I/usr/local/include    -fpic  -g -O2  -c bsd/setmode.c -o bsd/setmode.o
#13 425.7 gcc -I"/usr/local/lib/R/include" -DNDEBUG -I./libuv-1.44.2/include -I. -pthread  -I/usr/local/include    -fpic  -g -O2  -c bsd/strmode.c -o bsd/strmode.o
#13 425.8 gcc -I"/usr/local/lib/R/include" -DNDEBUG -I./libuv-1.44.2/include -I. -pthread  -I/usr/local/include    -fpic  -g -O2  -c bsd/reallocarray.c -o bsd/reallocarray.o
#13 425.8 touch libuv-1.44.2/aclocal.m4 && touch libuv-1.44.2/configure && touch libuv-1.44.2/Makefile.in
#13 425.8 (cd libuv-1.44.2 \
#13 425.8 && CC="gcc" CPPFLAGS="-I/usr/local/include" CFLAGS="-g -O2  -fpic -fvisibility=hidden -std=c99" AR="ar" RANLIB="ranlib" LDFLAGS="-L/usr/local/lib" ./configure  --quiet)
#13 431.0 make --directory=libuv-1.44.2 \
#13 431.0 	HAVE_DTRACE=0
#13 431.0 make[1]: Entering directory '/tmp/RtmpHo0FOU/R.INSTALL17e2d96b128/fs/src/libuv-1.44.2'
#13 431.0   CC       src/libuv_la-fs-poll.lo
#13 431.3   CC       src/libuv_la-idna.lo
#13 431.7   CC       src/libuv_la-inet.lo
#13 432.1   CC       src/libuv_la-random.lo
#13 432.3   CC       src/libuv_la-strscpy.lo
#13 432.5   CC       src/libuv_la-threadpool.lo
#13 432.9   CC       src/libuv_la-timer.lo
#13 433.3   CC       src/libuv_la-uv-data-getter-setters.lo
#13 433.6   CC       src/libuv_la-uv-common.lo
#13 433.9 In file included from src/uv-common.h:42,
#13 433.9                  from src/uv-common.c:23:
#13 433.9 src/uv-common.c: In function 'uv_walk':
#13 433.9 src/queue.h:68:19: warning: storing the address of local variable 'queue' in '((void * (**)[2])MEM[(void *[2] * *)loop_13(D) + 16B])[1]' [-Wdangling-pointer=]
#13 433.9    68 |     QUEUE_PREV(q) = (n);                                                      \
#13 433.9       |                   ^
#13 433.9 src/queue.h:78:7: note: in expansion of macro 'QUEUE_SPLIT'
#13 433.9    78 |       QUEUE_SPLIT(h, q, n);                                                   \
#13 433.9       |       ^~~~~~~~~~~
#13 433.9 src/uv-common.c:507:3: note: in expansion of macro 'QUEUE_MOVE'
#13 433.9   507 |   QUEUE_MOVE(&loop->handle_queue, &queue);
#13 433.9       |   ^~~~~~~~~~
#13 433.9 src/uv-common.c:503:9: note: 'queue' declared here
#13 433.9   503 |   QUEUE queue;
#13 433.9       |         ^~~~~
#13 433.9 src/queue.h:40:27: note: '((void * (**)[2])loop)[2]' declared here
#13 433.9    40 |   ((const QUEUE *) (q) == (const QUEUE *) QUEUE_NEXT(q))
#13 433.9       |                           ^
#13 433.9 src/queue.h:74:9: note: in expansion of macro 'QUEUE_EMPTY'
#13 433.9    74 |     if (QUEUE_EMPTY(h))                                                       \
#13 433.9       |         ^~~~~~~~~~~
#13 433.9 src/uv-common.c:507:3: note: in expansion of macro 'QUEUE_MOVE'
#13 433.9   507 |   QUEUE_MOVE(&loop->handle_queue, &queue);
#13 433.9       |   ^~~~~~~~~~
#13 434.4   CC       src/libuv_la-version.lo
#13 434.6   CC       src/libuv_la-strtok.lo
#13 434.8   CC       src/unix/libuv_la-async.lo
#13 435.1   CC       src/unix/libuv_la-core.lo
#13 436.1   CC       src/unix/libuv_la-dl.lo
#13 436.3   CC       src/unix/libuv_la-fs.lo
#13 437.7   CC       src/unix/libuv_la-getaddrinfo.lo
#13 438.0   CC       src/unix/libuv_la-getnameinfo.lo
#13 438.2   CC       src/unix/libuv_la-loop-watcher.lo
#13 438.6   CC       src/unix/libuv_la-loop.lo
#13 438.9   CC       src/unix/libuv_la-pipe.lo
#13 439.3   CC       src/unix/libuv_la-poll.lo
#13 439.6   CC       src/unix/libuv_la-process.lo
#13 440.1   CC       src/unix/libuv_la-random-devurandom.lo
#13 440.3   CC       src/unix/libuv_la-signal.lo
#13 441.0   CC       src/unix/libuv_la-stream.lo
#13 441.2 In file included from ./src/uv-common.h:42,
#13 441.2                  from src/unix/internal.h:25,
#13 441.2                  from src/unix/stream.c:23:
#13 441.2 src/unix/stream.c: In function 'uv__write_callbacks':
#13 441.2 ./src/queue.h:68:19: warning: storing the address of local variable 'pq' in '((void * (**)[2])MEM[(void *[2] * *)stream_24(D) + 208B])[1]' [-Wdangling-pointer=]
#13 441.2    68 |     QUEUE_PREV(q) = (n);                                                      \
#13 441.2       |                   ^
#13 441.2 ./src/queue.h:78:7: note: in expansion of macro 'QUEUE_SPLIT'
#13 441.2    78 |       QUEUE_SPLIT(h, q, n);                                                   \
#13 441.2       |       ^~~~~~~~~~~
#13 441.2 src/unix/stream.c:941:3: note: in expansion of macro 'QUEUE_MOVE'
#13 441.2   941 |   QUEUE_MOVE(&stream->write_completed_queue, &pq);
#13 441.2       |   ^~~~~~~~~~
#13 441.2 src/unix/stream.c:936:9: note: 'pq' declared here
#13 441.2   936 |   QUEUE pq;
#13 441.2       |         ^~
#13 441.2 ./src/queue.h:40:27: note: '((void * (**)[2])stream)[26]' declared here
#13 441.2    40 |   ((const QUEUE *) (q) == (const QUEUE *) QUEUE_NEXT(q))
#13 441.2       |                           ^
#13 441.2 src/unix/stream.c:938:7: note: in expansion of macro 'QUEUE_EMPTY'
#13 441.2   938 |   if (QUEUE_EMPTY(&stream->write_completed_queue))
#13 441.2       |       ^~~~~~~~~~~
#13 441.8   CC       src/unix/libuv_la-tcp.lo
#13 442.2   CC       src/unix/libuv_la-thread.lo
#13 442.7   CC       src/unix/libuv_la-tty.lo
#13 443.0   CC       src/unix/libuv_la-udp.lo
#13 443.9   CC       src/unix/libuv_la-linux-core.lo
#13 444.4   CC       src/unix/libuv_la-linux-inotify.lo
#13 444.7 In file included from ./src/uv-common.h:42,
#13 444.7                  from src/unix/internal.h:25,
#13 444.7                  from src/unix/linux-inotify.c:23:
#13 444.7 src/unix/linux-inotify.c: In function 'uv__inotify_fork':
#13 444.7 ./src/queue.h:68:19: warning: storing the address of local variable 'queue' in '((void * (**)[2])MEM[(void *[2] * *)&tmp_watcher_list + 32B])[1]' [-Wdangling-pointer=]
#13 444.7    68 |     QUEUE_PREV(q) = (n);                                                      \
#13 444.7       |                   ^
#13 444.7 ./src/queue.h:78:7: note: in expansion of macro 'QUEUE_SPLIT'
#13 444.7    78 |       QUEUE_SPLIT(h, q, n);                                                   \
#13 444.7       |       ^~~~~~~~~~~
#13 444.7 src/unix/linux-inotify.c:133:5: note: in expansion of macro 'QUEUE_MOVE'
#13 444.7   133 |     QUEUE_MOVE(&tmp_watcher_list.watchers, &queue);
#13 444.7       |     ^~~~~~~~~~
#13 444.7 src/unix/linux-inotify.c:92:9: note: 'queue' declared here
#13 444.7    92 |   QUEUE queue;
#13 444.7       |         ^~~~~
#13 444.7 ./src/queue.h:40:27: note: '*(void * (**)[2])((char *)&tmp_watcher_list + offsetof(struct watcher_list, watchers[0]))' declared here
#13 444.7    40 |   ((const QUEUE *) (q) == (const QUEUE *) QUEUE_NEXT(q))
#13 444.7       |                           ^
#13 444.7 ./src/queue.h:74:9: note: in expansion of macro 'QUEUE_EMPTY'
#13 444.7    74 |     if (QUEUE_EMPTY(h))                                                       \
#13 444.7       |         ^~~~~~~~~~~
#13 444.7 src/unix/linux-inotify.c:133:5: note: in expansion of macro 'QUEUE_MOVE'
#13 444.7   133 |     QUEUE_MOVE(&tmp_watcher_list.watchers, &queue);
#13 444.7       |     ^~~~~~~~~~
#13 445.0   CC       src/unix/libuv_la-linux-syscalls.lo
#13 445.2   CC       src/unix/libuv_la-procfs-exepath.lo
#13 445.4   CC       src/unix/libuv_la-proctitle.lo
#13 445.7   CC       src/unix/libuv_la-random-getrandom.lo
#13 445.9   CC       src/unix/libuv_la-random-sysctl-linux.lo
#13 446.2   CC       src/unix/libuv_la-epoll.lo
#13 446.6   CCLD     libuv.la
#13 446.8 make[1]: Leaving directory '/tmp/RtmpHo0FOU/R.INSTALL17e2d96b128/fs/src/libuv-1.44.2'
#13 446.8 g++ -std=gnu++17 -shared -L/usr/local/lib/R/lib -L/usr/local/lib -o fs.so dir.o error.o file.o fs.o getmode.o id.o init.o link.o path.o utils.o unix/getmode.o bsd/setmode.o bsd/strmode.o bsd/reallocarray.o ./libuv-1.44.2/.libs/libuv.a -pthread -L/usr/local/lib/R/lib -lR
#13 446.9 installing to /usr/local/lib/R/library/00LOCK-fs/00new/fs/libs
#13 446.9 ** R
#13 446.9 ** inst
#13 446.9 ** byte-compile and prepare package for lazy loading
#13 448.0 ** help
#13 448.1 *** installing help indices
#13 448.1 *** copying figures
#13 448.1 ** building package indices
#13 448.4 ** installing vignettes
#13 448.4 ** testing if installed package can be loaded from temporary location
#13 448.6 ** checking absolute paths in shared objects and dynamic libraries
#13 448.7 ** testing if installed package can be loaded from final location
#13 448.9 ** testing if installed package keeps a record of temporary installation path
#13 448.9 * DONE (fs)
#13 448.9 Trying to install from main CRAN repository...
#13 448.9 trying URL 'https://cran.r-project.org/src/contrib/rappdirs_0.3.3.tar.gz'
#13 449.1 Content type 'application/x-gzip' length 12288 bytes (12 KB)
#13 449.1 ==================================================
#13 449.1 downloaded 12 KB
#13 449.1 
#13 449.3 * installing *source* package ‘rappdirs’ ...
#13 449.3 ** package ‘rappdirs’ successfully unpacked and MD5 sums checked
#13 449.3 ** using staged installation
#13 449.4 ** libs
#13 449.4 using C compiler: ‘gcc (Debian 12.2.0-14+deb12u1) 12.2.0’
#13 449.4 gcc -I"/usr/local/lib/R/include" -DNDEBUG   -I/usr/local/include    -fpic  -g -O2  -c init.c -o init.o
#13 449.4 gcc -I"/usr/local/lib/R/include" -DNDEBUG   -I/usr/local/include    -fpic  -g -O2  -c win-path.c -o win-path.o
#13 449.5 gcc -shared -L/usr/local/lib/R/lib -L/usr/local/lib -o rappdirs.so init.o win-path.o -L/usr/local/lib/R/lib -lR
#13 449.5 installing to /usr/local/lib/R/library/00LOCK-rappdirs/00new/rappdirs/libs
#13 449.5 ** R
#13 449.5 ** byte-compile and prepare package for lazy loading
#13 449.8 ** help
#13 449.8 *** installing help indices
#13 449.8 ** building package indices
#13 450.1 ** testing if installed package can be loaded from temporary location
#13 450.3 ** checking absolute paths in shared objects and dynamic libraries
#13 450.3 ** testing if installed package can be loaded from final location
#13 450.5 ** testing if installed package keeps a record of temporary installation path
#13 450.5 * DONE (rappdirs)
#13 450.5 Trying to install from main CRAN repository...
#13 450.5 trying URL 'https://cran.r-project.org/src/contrib/sass_0.4.9.tar.gz'
#13 450.6 First attempt failed: cannot open URL 'https://cran.r-project.org/src/contrib/sass_0.4.9.tar.gz'
#13 450.6 Trying to install from CRAN archive...
#13 450.6 trying URL 'https://cran.r-project.org/src/contrib/Archive/sass/sass_0.4.9.tar.gz'
#13 450.7 Content type 'application/x-gzip' length 3025086 bytes (2.9 MB)
#13 450.7 ==================================================
#13 450.9 downloaded 2.9 MB
#13 450.9 
#13 451.6 * installing *source* package ‘sass’ ...
#13 451.6 ** package ‘sass’ successfully unpacked and MD5 sums checked
#13 451.6 ** using staged installation
#13 451.6 ** libs
#13 451.6 /usr/local/lib/R/share/make/shlib.mk:18: warning: overriding recipe for target 'shlib-clean'
#13 451.6 Makevars:12: warning: ignoring old recipe for target 'shlib-clean'
#13 451.7 using C compiler: ‘gcc (Debian 12.2.0-14+deb12u1) 12.2.0’
#13 451.7 using C++ compiler: ‘g++ (Debian 12.2.0-14+deb12u1) 12.2.0’
#13 451.7 /usr/local/lib/R/share/make/shlib.mk:18: warning: overriding recipe for target 'shlib-clean'
#13 451.7 Makevars:12: warning: ignoring old recipe for target 'shlib-clean'
#13 451.7 gcc -I"/usr/local/lib/R/include" -DNDEBUG -I./libsass/include  -I/usr/local/include    -fpic  -g -O2  -c compile.c -o compile.o
#13 451.8 g++ -std=gnu++17 -I"/usr/local/lib/R/include" -DNDEBUG -I./libsass/include  -I/usr/local/include    -fpic  -g -O2   -c init.cpp -o init.o
#13 451.8 MAKEFLAGS= CC="gcc" CFLAGS="-g -O2 " CXX="g++ -std=gnu++17" AR="ar" LDFLAGS="-L/usr/local/lib" make -C libsass
#13 451.8 make[1]: Entering directory '/tmp/RtmpFPack9/R.INSTALL286d70ff0176/sass/src/libsass'
#13 451.8 gcc -g -O2  -O2 -I ./include  -fPIC -c -o src/cencode.o src/cencode.c
#13 451.9 g++ -std=gnu++17 -Wall -O2 -std=c++11 -I ./include  -fPIC -c -o src/ast.o src/ast.cpp
#13 455.6 g++ -std=gnu++17 -Wall -O2 -std=c++11 -I ./include  -fPIC -c -o src/ast_values.o src/ast_values.cpp
#13 458.9 g++ -std=gnu++17 -Wall -O2 -std=c++11 -I ./include  -fPIC -c -o src/ast_supports.o src/ast_supports.cpp
#13 460.2 g++ -std=gnu++17 -Wall -O2 -std=c++11 -I ./include  -fPIC -c -o src/ast_sel_cmp.o src/ast_sel_cmp.cpp
#13 461.8 g++ -std=gnu++17 -Wall -O2 -std=c++11 -I ./include  -fPIC -c -o src/ast_sel_unify.o src/ast_sel_unify.cpp
#13 463.6 g++ -std=gnu++17 -Wall -O2 -std=c++11 -I ./include  -fPIC -c -o src/ast_sel_super.o src/ast_sel_super.cpp
#13 465.3 g++ -std=gnu++17 -Wall -O2 -std=c++11 -I ./include  -fPIC -c -o src/ast_sel_weave.o src/ast_sel_weave.cpp
#13 468.5 g++ -std=gnu++17 -Wall -O2 -std=c++11 -I ./include  -fPIC -c -o src/ast_selectors.o src/ast_selectors.cpp
#13 472.5 g++ -std=gnu++17 -Wall -O2 -std=c++11 -I ./include  -fPIC -c -o src/context.o src/context.cpp
#13 477.1 g++ -std=gnu++17 -Wall -O2 -std=c++11 -I ./include  -fPIC -c -o src/constants.o src/constants.cpp
#13 477.4 g++ -std=gnu++17 -Wall -O2 -std=c++11 -I ./include  -fPIC -c -o src/fn_utils.o src/fn_utils.cpp
#13 479.2 g++ -std=gnu++17 -Wall -O2 -std=c++11 -I ./include  -fPIC -c -o src/fn_miscs.o src/fn_miscs.cpp
#13 481.4 g++ -std=gnu++17 -Wall -O2 -std=c++11 -I ./include  -fPIC -c -o src/fn_maps.o src/fn_maps.cpp
#13 483.2 g++ -std=gnu++17 -Wall -O2 -std=c++11 -I ./include  -fPIC -c -o src/fn_lists.o src/fn_lists.cpp
#13 485.9 g++ -std=gnu++17 -Wall -O2 -std=c++11 -I ./include  -fPIC -c -o src/fn_colors.o src/fn_colors.cpp
#13 488.7 g++ -std=gnu++17 -Wall -O2 -std=c++11 -I ./include  -fPIC -c -o src/fn_numbers.o src/fn_numbers.cpp
#13 490.6 g++ -std=gnu++17 -Wall -O2 -std=c++11 -I ./include  -fPIC -c -o src/fn_strings.o src/fn_strings.cpp
#13 492.3 g++ -std=gnu++17 -Wall -O2 -std=c++11 -I ./include  -fPIC -c -o src/fn_selectors.o src/fn_selectors.cpp
#13 494.3 g++ -std=gnu++17 -Wall -O2 -std=c++11 -I ./include  -fPIC -c -o src/color_maps.o src/color_maps.cpp
#13 496.7 g++ -std=gnu++17 -Wall -O2 -std=c++11 -I ./include  -fPIC -c -o src/environment.o src/environment.cpp
#13 498.2 g++ -std=gnu++17 -Wall -O2 -std=c++11 -I ./include  -fPIC -c -o src/ast_fwd_decl.o src/ast_fwd_decl.cpp
#13 499.2 g++ -std=gnu++17 -Wall -O2 -std=c++11 -I ./include  -fPIC -c -o src/bind.o src/bind.cpp
#13 501.8 g++ -std=gnu++17 -Wall -O2 -std=c++11 -I ./include  -fPIC -c -o src/file.o src/file.cpp
#13 503.8 g++ -std=gnu++17 -Wall -O2 -std=c++11 -I ./include  -fPIC -c -o src/util.o src/util.cpp
#13 505.3 g++ -std=gnu++17 -Wall -O2 -std=c++11 -I ./include  -fPIC -c -o src/util_string.o src/util_string.cpp
#13 505.8 g++ -std=gnu++17 -Wall -O2 -std=c++11 -I ./include  -fPIC -c -o src/json.o src/json.cpp
#13 506.4 g++ -std=gnu++17 -Wall -O2 -std=c++11 -I ./include  -fPIC -c -o src/units.o src/units.cpp
#13 507.6 g++ -std=gnu++17 -Wall -O2 -std=c++11 -I ./include  -fPIC -c -o src/values.o src/values.cpp
#13 508.9 g++ -std=gnu++17 -Wall -O2 -std=c++11 -I ./include  -fPIC -c -o src/plugins.o src/plugins.cpp
#13 509.5 g++ -std=gnu++17 -Wall -O2 -std=c++11 -I ./include  -fPIC -c -o src/source.o src/source.cpp
#13 510.0 g++ -std=gnu++17 -Wall -O2 -std=c++11 -I ./include  -fPIC -c -o src/position.o src/position.cpp
#13 510.4 g++ -std=gnu++17 -Wall -O2 -std=c++11 -I ./include  -fPIC -c -o src/lexer.o src/lexer.cpp
#13 510.9 g++ -std=gnu++17 -Wall -O2 -std=c++11 -I ./include  -fPIC -c -o src/parser.o src/parser.cpp
#13 521.6 g++ -std=gnu++17 -Wall -O2 -std=c++11 -I ./include  -fPIC -c -o src/parser_selectors.o src/parser_selectors.cpp
#13 523.6 g++ -std=gnu++17 -Wall -O2 -std=c++11 -I ./include  -fPIC -c -o src/prelexer.o src/prelexer.cpp
#13 525.3 g++ -std=gnu++17 -Wall -O2 -std=c++11 -I ./include  -fPIC -c -o src/eval.o src/eval.cpp
#13 530.2 g++ -std=gnu++17 -Wall -O2 -std=c++11 -I ./include  -fPIC -c -o src/eval_selectors.o src/eval_selectors.cpp
#13 531.5 g++ -std=gnu++17 -Wall -O2 -std=c++11 -I ./include  -fPIC -c -o src/expand.o src/expand.cpp
#13 535.6 g++ -std=gnu++17 -Wall -O2 -std=c++11 -I ./include  -fPIC -c -o src/listize.o src/listize.cpp
#13 536.9 g++ -std=gnu++17 -Wall -O2 -std=c++11 -I ./include  -fPIC -c -o src/cssize.o src/cssize.cpp
#13 539.7 g++ -std=gnu++17 -Wall -O2 -std=c++11 -I ./include  -fPIC -c -o src/extender.o src/extender.cpp
#13 544.7 g++ -std=gnu++17 -Wall -O2 -std=c++11 -I ./include  -fPIC -c -o src/extension.o src/extension.cpp
#13 545.8 g++ -std=gnu++17 -Wall -O2 -std=c++11 -I ./include  -fPIC -c -o src/stylesheet.o src/stylesheet.cpp
#13 546.4 g++ -std=gnu++17 -Wall -O2 -std=c++11 -I ./include  -fPIC -c -o src/output.o src/output.cpp
#13 548.1 g++ -std=gnu++17 -Wall -O2 -std=c++11 -I ./include  -fPIC -c -o src/inspect.o src/inspect.cpp
#13 551.7 g++ -std=gnu++17 -Wall -O2 -std=c++11 -I ./include  -fPIC -c -o src/emitter.o src/emitter.cpp
#13 552.4 g++ -std=gnu++17 -Wall -O2 -std=c++11 -I ./include  -fPIC -c -o src/check_nesting.o src/check_nesting.cpp
#13 554.3 g++ -std=gnu++17 -Wall -O2 -std=c++11 -I ./include  -fPIC -c -o src/remove_placeholders.o src/remove_placeholders.cpp
#13 555.7 g++ -std=gnu++17 -Wall -O2 -std=c++11 -I ./include  -fPIC -c -o src/sass.o src/sass.cpp
#13 557.0 g++ -std=gnu++17 -Wall -O2 -std=c++11 -I ./include  -fPIC -c -o src/sass_values.o src/sass_values.cpp
#13 558.3 g++ -std=gnu++17 -Wall -O2 -std=c++11 -I ./include  -fPIC -c -o src/sass_context.o src/sass_context.cpp
#13 559.8 g++ -std=gnu++17 -Wall -O2 -std=c++11 -I ./include  -fPIC -c -o src/sass_functions.o src/sass_functions.cpp
#13 561.0 g++ -std=gnu++17 -Wall -O2 -std=c++11 -I ./include  -fPIC -c -o src/sass2scss.o src/sass2scss.cpp
#13 562.2 g++ -std=gnu++17 -Wall -O2 -std=c++11 -I ./include  -fPIC -c -o src/backtrace.o src/backtrace.cpp
#13 562.7 g++ -std=gnu++17 -Wall -O2 -std=c++11 -I ./include  -fPIC -c -o src/operators.o src/operators.cpp
#13 564.3 g++ -std=gnu++17 -Wall -O2 -std=c++11 -I ./include  -fPIC -c -o src/ast2c.o src/ast2c.cpp
#13 565.5 g++ -std=gnu++17 -Wall -O2 -std=c++11 -I ./include  -fPIC -c -o src/c2ast.o src/c2ast.cpp
#13 567.0 g++ -std=gnu++17 -Wall -O2 -std=c++11 -I ./include  -fPIC -c -o src/to_value.o src/to_value.cpp
#13 568.7 g++ -std=gnu++17 -Wall -O2 -std=c++11 -I ./include  -fPIC -c -o src/source_map.o src/source_map.cpp
#13 570.1 g++ -std=gnu++17 -Wall -O2 -std=c++11 -I ./include  -fPIC -c -o src/error_handling.o src/error_handling.cpp
#13 572.7 g++ -std=gnu++17 -Wall -O2 -std=c++11 -I ./include  -fPIC -c -o src/memory/allocator.o src/memory/allocator.cpp
#13 573.1 g++ -std=gnu++17 -Wall -O2 -std=c++11 -I ./include  -fPIC -c -o src/memory/shared_ptr.o src/memory/shared_ptr.cpp
#13 573.5 g++ -std=gnu++17 -Wall -O2 -std=c++11 -I ./include  -fPIC -c -o src/utf8_string.o src/utf8_string.cpp
#13 574.0 g++ -std=gnu++17 -Wall -O2 -std=c++11 -I ./include  -fPIC -c -o src/base64vlq.o src/base64vlq.cpp
#13 574.4 mkdir lib
#13 574.4 ar rcvs lib/libsass.a src/cencode.o src/ast.o src/ast_values.o src/ast_supports.o src/ast_sel_cmp.o src/ast_sel_unify.o src/ast_sel_super.o src/ast_sel_weave.o src/ast_selectors.o src/context.o src/constants.o src/fn_utils.o src/fn_miscs.o src/fn_maps.o src/fn_lists.o src/fn_colors.o src/fn_numbers.o src/fn_strings.o src/fn_selectors.o src/color_maps.o src/environment.o src/ast_fwd_decl.o src/bind.o src/file.o src/util.o src/util_string.o src/json.o src/units.o src/values.o src/plugins.o src/source.o src/position.o src/lexer.o src/parser.o src/parser_selectors.o src/prelexer.o src/eval.o src/eval_selectors.o src/expand.o src/listize.o src/cssize.o src/extender.o src/extension.o src/stylesheet.o src/output.o src/inspect.o src/emitter.o src/check_nesting.o src/remove_placeholders.o src/sass.o src/sass_values.o src/sass_context.o src/sass_functions.o src/sass2scss.o src/backtrace.o src/operators.o src/ast2c.o src/c2ast.o src/to_value.o src/source_map.o src/error_handling.o src/memory/allocator.o src/memory/shared_ptr.o src/utf8_string.o src/base64vlq.o
#13 574.5 a - src/cencode.o
#13 574.5 a - src/ast.o
#13 574.5 a - src/ast_values.o
#13 574.5 a - src/ast_supports.o
#13 574.5 a - src/ast_sel_cmp.o
#13 574.5 a - src/ast_sel_unify.o
#13 574.5 a - src/ast_sel_super.o
#13 574.5 a - src/ast_sel_weave.o
#13 574.5 a - src/ast_selectors.o
#13 574.5 a - src/context.o
#13 574.5 a - src/constants.o
#13 574.5 a - src/fn_utils.o
#13 574.5 a - src/fn_miscs.o
#13 574.5 a - src/fn_maps.o
#13 574.5 a - src/fn_lists.o
#13 574.5 a - src/fn_colors.o
#13 574.5 a - src/fn_numbers.o
#13 574.5 a - src/fn_strings.o
#13 574.5 a - src/fn_selectors.o
#13 574.5 a - src/color_maps.o
#13 574.5 a - src/environment.o
#13 574.5 a - src/ast_fwd_decl.o
#13 574.5 a - src/bind.o
#13 574.5 a - src/file.o
#13 574.5 a - src/util.o
#13 574.5 a - src/util_string.o
#13 574.5 a - src/json.o
#13 574.5 a - src/units.o
#13 574.5 a - src/values.o
#13 574.5 a - src/plugins.o
#13 574.5 a - src/source.o
#13 574.5 a - src/position.o
#13 574.5 a - src/lexer.o
#13 574.5 a - src/parser.o
#13 574.5 a - src/parser_selectors.o
#13 574.5 a - src/prelexer.o
#13 574.5 a - src/eval.o
#13 574.5 a - src/eval_selectors.o
#13 574.5 a - src/expand.o
#13 574.5 a - src/listize.o
#13 574.5 a - src/cssize.o
#13 574.5 a - src/extender.o
#13 574.5 a - src/extension.o
#13 574.5 a - src/stylesheet.o
#13 574.5 a - src/output.o
#13 574.5 a - src/inspect.o
#13 574.5 a - src/emitter.o
#13 574.5 a - src/check_nesting.o
#13 574.5 a - src/remove_placeholders.o
#13 574.5 a - src/sass.o
#13 574.5 a - src/sass_values.o
#13 574.5 a - src/sass_context.o
#13 574.5 a - src/sass_functions.o
#13 574.5 a - src/sass2scss.o
#13 574.5 a - src/backtrace.o
#13 574.5 a - src/operators.o
#13 574.5 a - src/ast2c.o
#13 574.5 a - src/c2ast.o
#13 574.5 a - src/to_value.o
#13 574.5 a - src/source_map.o
#13 574.5 a - src/error_handling.o
#13 574.5 a - src/memory/allocator.o
#13 574.5 a - src/memory/shared_ptr.o
#13 574.5 a - src/utf8_string.o
#13 574.5 a - src/base64vlq.o
#13 574.5 make[1]: Leaving directory '/tmp/RtmpFPack9/R.INSTALL286d70ff0176/sass/src/libsass'
#13 574.5 g++ -std=gnu++17 -shared -L/usr/local/lib/R/lib -L/usr/local/lib -o sass.so compile.o init.o ./libsass/lib/libsass.a -L/usr/local/lib/R/lib -lR
#13 574.7 installing to /usr/local/lib/R/library/00LOCK-sass/00new/sass/libs
#13 574.7 ** R
#13 574.7 ** inst
#13 574.7 ** byte-compile and prepare package for lazy loading
#13 576.3 R6Class FileCache: finalize() method is public, but it should be private as of R6 2.4.0. This code will continue to work, but in a future version of R6, finalize() will be required to be private.
#13 576.3 ** help
#13 576.3 *** installing help indices
#13 576.4 *** copying figures
#13 576.4 ** building package indices
#13 576.7 ** installing vignettes
#13 576.7 ** testing if installed package can be loaded from temporary location
#13 577.0 ** checking absolute paths in shared objects and dynamic libraries
#13 577.1 ** testing if installed package can be loaded from final location
#13 577.5 ** testing if installed package keeps a record of temporary installation path
#13 577.5 * DONE (sass)
#13 577.5 Trying to install from main CRAN repository...
#13 577.5 trying URL 'https://cran.r-project.org/src/contrib/mime_0.12.tar.gz'
#13 577.6 First attempt failed: cannot open URL 'https://cran.r-project.org/src/contrib/mime_0.12.tar.gz'
#13 577.6 Trying to install from CRAN archive...
#13 577.6 trying URL 'https://cran.r-project.org/src/contrib/Archive/mime/mime_0.12.tar.gz'
#13 577.7 Content type 'application/x-gzip' length 12562 bytes (12 KB)
#13 577.7 ==================================================
#13 577.7 downloaded 12 KB
#13 577.7 
#13 577.9 * installing *source* package ‘mime’ ...
#13 577.9 ** package ‘mime’ successfully unpacked and MD5 sums checked
#13 577.9 ** using staged installation
#13 577.9 ** libs
#13 577.9 using C compiler: ‘gcc (Debian 12.2.0-14+deb12u1) 12.2.0’
#13 577.9 gcc -I"/usr/local/lib/R/include" -DNDEBUG   -I/usr/local/include    -fpic  -g -O2  -c init.c -o init.o
#13 578.0 gcc -I"/usr/local/lib/R/include" -DNDEBUG   -I/usr/local/include    -fpic  -g -O2  -c rawmatch.c -o rawmatch.o
#13 578.1 gcc -shared -L/usr/local/lib/R/lib -L/usr/local/lib -o mime.so init.o rawmatch.o -L/usr/local/lib/R/lib -lR
#13 578.1 installing to /usr/local/lib/R/library/00LOCK-mime/00new/mime/libs
#13 578.1 ** R
#13 578.1 ** inst
#13 578.1 ** byte-compile and prepare package for lazy loading
#13 578.4 ** help
#13 578.4 *** installing help indices
#13 578.5 ** building package indices
#13 578.7 ** testing if installed package can be loaded from temporary location
#13 578.8 ** checking absolute paths in shared objects and dynamic libraries
#13 578.9 ** testing if installed package can be loaded from final location
#13 579.0 ** testing if installed package keeps a record of temporary installation path
#13 579.0 * DONE (mime)
#13 579.1 Trying to install from main CRAN repository...
#13 579.1 trying URL 'https://cran.r-project.org/src/contrib/bslib_0.9.0.tar.gz'
#13 579.2 Content type 'application/x-gzip' length 5428353 bytes (5.2 MB)
#13 579.2 ==================================================
#13 579.3 downloaded 5.2 MB
#13 579.3 
#13 580.6 * installing *source* package ‘bslib’ ...
#13 580.7 ** package ‘bslib’ successfully unpacked and MD5 sums checked
#13 580.7 ** using staged installation
#13 580.7 ** R
#13 580.8 ** inst
#13 580.9 ** byte-compile and prepare package for lazy loading
#13 583.7 ** help
#13 583.9 *** installing help indices
#13 584.1 *** copying figures
#13 584.1 ** building package indices
#13 584.4 ** testing if installed package can be loaded from temporary location
#13 584.8 ** testing if installed package can be loaded from final location
#13 585.3 ** testing if installed package keeps a record of temporary installation path
#13 585.4 * DONE (bslib)
#13 585.4 Trying to install from main CRAN repository...
#13 585.4 trying URL 'https://cran.r-project.org/src/contrib/fontawesome_0.5.3.tar.gz'
#13 585.6 Content type 'application/x-gzip' length 1320479 bytes (1.3 MB)
#13 585.6 ==================================================
#13 585.8 downloaded 1.3 MB
#13 585.8 
#13 586.1 * installing *source* package ‘fontawesome’ ...
#13 586.1 ** package ‘fontawesome’ successfully unpacked and MD5 sums checked
#13 586.1 ** using staged installation
#13 586.1 ** R
#13 586.3 ** inst
#13 586.3 ** byte-compile and prepare package for lazy loading
#13 586.8 ** help
#13 586.9 *** installing help indices
#13 586.9 *** copying figures
#13 586.9 ** building package indices
#13 587.1 ** testing if installed package can be loaded from temporary location
#13 587.5 ** testing if installed package can be loaded from final location
#13 587.9 ** testing if installed package keeps a record of temporary installation path
#13 587.9 * DONE (fontawesome)
#13 587.9 Trying to install from main CRAN repository...
#13 587.9 trying URL 'https://cran.r-project.org/src/contrib/tinytex_0.56.tar.gz'
#13 588.0 First attempt failed: cannot open URL 'https://cran.r-project.org/src/contrib/tinytex_0.56.tar.gz'
#13 588.0 Trying to install from CRAN archive...
#13 588.0 trying URL 'https://cran.r-project.org/src/contrib/Archive/tinytex/tinytex_0.56.tar.gz'
#13 588.2 Content type 'application/x-gzip' length 35918 bytes (35 KB)
#13 588.2 ==================================================
#13 588.2 downloaded 35 KB
#13 588.2 
#13 588.5 * installing *source* package ‘tinytex’ ...
#13 588.5 ** package ‘tinytex’ successfully unpacked and MD5 sums checked
#13 588.5 ** using staged installation
#13 588.5 ** R
#13 588.5 ** inst
#13 588.5 ** byte-compile and prepare package for lazy loading
#13 589.4 ** help
#13 589.4 *** installing help indices
#13 589.5 ** building package indices
#13 589.7 ** testing if installed package can be loaded from temporary location
#13 589.9 ** testing if installed package can be loaded from final location
#13 590.2 ** testing if installed package keeps a record of temporary installation path
#13 590.2 * DONE (tinytex)
#13 590.2 Trying to install from main CRAN repository...
#13 590.2 trying URL 'https://cran.r-project.org/src/contrib/rmarkdown_2.29.tar.gz'
#13 590.4 First attempt failed: cannot open URL 'https://cran.r-project.org/src/contrib/rmarkdown_2.29.tar.gz'
#13 590.4 Trying to install from CRAN archive...
#13 590.4 trying URL 'https://cran.r-project.org/src/contrib/Archive/rmarkdown/rmarkdown_2.29.tar.gz'
#13 590.5 Content type 'application/x-gzip' length 2194660 bytes (2.1 MB)
#13 590.5 ==================================================
#13 590.7 downloaded 2.1 MB
#13 590.7 
#13 591.5 * installing *source* package ‘rmarkdown’ ...
#13 591.5 ** package ‘rmarkdown’ successfully unpacked and MD5 sums checked
#13 591.5 ** using staged installation
#13 591.6 ** R
#13 591.6 ** inst
#13 591.6 ** byte-compile and prepare package for lazy loading
#13 595.7 ** help
#13 595.9 *** installing help indices
#13 596.2 *** copying figures
#13 596.2 ** building package indices
#13 596.5 ** installing vignettes
#13 596.5 ** testing if installed package can be loaded from temporary location
#13 596.9 ** testing if installed package can be loaded from final location
#13 597.3 ** testing if installed package keeps a record of temporary installation path
#13 597.3 * DONE (rmarkdown)
#13 597.4 Trying to install from main CRAN repository...
#13 597.4 trying URL 'https://cran.r-project.org/src/contrib/htmlwidgets_1.6.4.tar.gz'
#13 597.5 Content type 'application/x-gzip' length 868895 bytes (848 KB)
#13 597.5 ==================================================
#13 597.7 downloaded 848 KB
#13 597.7 
#13 598.0 * installing *source* package ‘htmlwidgets’ ...
#13 598.0 ** package ‘htmlwidgets’ successfully unpacked and MD5 sums checked
#13 598.0 ** using staged installation
#13 598.0 ** R
#13 598.0 ** inst
#13 598.1 ** byte-compile and prepare package for lazy loading
#13 598.8 ** help
#13 598.9 *** installing help indices
#13 598.9 ** building package indices
#13 599.1 ** installing vignettes
#13 599.1 ** testing if installed package can be loaded from temporary location
#13 599.4 ** testing if installed package can be loaded from final location
#13 599.8 ** testing if installed package keeps a record of temporary installation path
#13 599.8 * DONE (htmlwidgets)
#13 599.8 Trying to install from main CRAN repository...
#13 599.8 trying URL 'https://cran.r-project.org/src/contrib/png_0.1-8.tar.gz'
#13 599.9 Content type 'application/x-gzip' length 24880 bytes (24 KB)
#13 599.9 ==================================================
#13 599.9 downloaded 24 KB
#13 599.9 
#13 600.1 * installing *source* package ‘png’ ...
#13 600.1 ** package ‘png’ successfully unpacked and MD5 sums checked
#13 600.1 ** using staged installation
#13 600.1 ** libs
#13 600.1 using C compiler: ‘gcc (Debian 12.2.0-14+deb12u1) 12.2.0’
#13 600.1 gcc -I"/usr/local/lib/R/include" -DNDEBUG   -I/usr/local/include    `libpng-config --cflags` -fpic  -g -O2  -c dummy.c -o dummy.o
#13 600.1 gcc -I"/usr/local/lib/R/include" -DNDEBUG   -I/usr/local/include    `libpng-config --cflags` -fpic  -g -O2  -c read.c -o read.o
#13 600.3 gcc -I"/usr/local/lib/R/include" -DNDEBUG   -I/usr/local/include    `libpng-config --cflags` -fpic  -g -O2  -c write.c -o write.o
#13 600.6 gcc -shared -L/usr/local/lib/R/lib -L/usr/local/lib -o png.so dummy.o read.o write.o -lpng16 -lm -lz -lm -L/usr/local/lib/R/lib -lR
#13 600.6 installing to /usr/local/lib/R/library/00LOCK-png/00new/png/libs
#13 600.6 ** R
#13 600.6 ** inst
#13 600.6 ** byte-compile and prepare package for lazy loading
#13 600.8 ** help
#13 600.8 *** installing help indices
#13 600.9 ** building package indices
#13 601.1 ** testing if installed package can be loaded from temporary location
#13 601.2 ** checking absolute paths in shared objects and dynamic libraries
#13 601.3 ** testing if installed package can be loaded from final location
#13 601.4 ** testing if installed package keeps a record of temporary installation path
#13 601.4 * DONE (png)
#13 601.4 Trying to install from main CRAN repository...
#13 601.4 trying URL 'https://cran.r-project.org/src/contrib/modeltools_0.2-23.tar.gz'
#13 601.5 First attempt failed: cannot open URL 'https://cran.r-project.org/src/contrib/modeltools_0.2-23.tar.gz'
#13 601.5 Trying to install from CRAN archive...
#13 601.5 trying URL 'https://cran.r-project.org/src/contrib/Archive/modeltools/modeltools_0.2-23.tar.gz'
#13 601.7 Content type 'application/x-gzip' length 14893 bytes (14 KB)
#13 601.7 ==================================================
#13 601.7 downloaded 14 KB
#13 601.7 
#13 601.9 * installing *source* package ‘modeltools’ ...
#13 601.9 ** package ‘modeltools’ successfully unpacked and MD5 sums checked
#13 601.9 ** using staged installation
#13 601.9 ** R
#13 602.0 ** inst
#13 602.0 ** byte-compile and prepare package for lazy loading
#13 603.3 Creating a generic function for ‘na.pass’ from package ‘stats’ in package ‘modeltools’
#13 603.3 Creating a generic function from function ‘MEapply’ in package ‘modeltools’
#13 603.3 ** help
#13 603.3 *** installing help indices
#13 603.3 ** building package indices
#13 603.5 ** testing if installed package can be loaded from temporary location
#13 603.8 ** testing if installed package can be loaded from final location
#13 604.1 ** testing if installed package keeps a record of temporary installation path
#13 604.1 * DONE (modeltools)
#13 604.1 Trying to install from main CRAN repository...
#13 604.1 trying URL 'https://cran.r-project.org/src/contrib/flexmix_2.3-20.tar.gz'
#13 604.2 Content type 'application/x-gzip' length 1160772 bytes (1.1 MB)
#13 604.2 ==================================================
#13 604.4 downloaded 1.1 MB
#13 604.4 
#13 604.8 * installing *source* package ‘flexmix’ ...
#13 604.8 ** package ‘flexmix’ successfully unpacked and MD5 sums checked
#13 604.8 ** using staged installation
#13 604.8 ** R
#13 604.8 ** data
#13 604.8 ** inst
#13 604.8 ** byte-compile and prepare package for lazy loading
#13 611.4 ** help
#13 611.6 *** installing help indices
#13 611.7 ** building package indices
#13 612.0 ** installing vignettes
#13 612.0 ** testing if installed package can be loaded from temporary location
#13 612.6 ** testing if installed package can be loaded from final location
#13 613.4 ** testing if installed package keeps a record of temporary installation path
#13 613.4 * DONE (flexmix)
#13 613.4 Trying to install from main CRAN repository...
#13 613.4 trying URL 'https://cran.r-project.org/src/contrib/mvtnorm_1.3-3.tar.gz'
#13 613.5 Content type 'application/x-gzip' length 837946 bytes (818 KB)
#13 613.5 ==================================================
#13 613.6 downloaded 818 KB
#13 613.6 
#13 613.9 * installing *source* package ‘mvtnorm’ ...
#13 613.9 ** package ‘mvtnorm’ successfully unpacked and MD5 sums checked
#13 613.9 ** using staged installation
#13 613.9 ** libs
#13 614.0 using C compiler: ‘gcc (Debian 12.2.0-14+deb12u1) 12.2.0’
#13 614.0 using Fortran compiler: ‘GNU Fortran (Debian 12.2.0-14+deb12u1) 12.2.0’
#13 614.0 gcc -I"/usr/local/lib/R/include" -DNDEBUG   -I/usr/local/include   -fvisibility=hidden -fpic  -g -O2  -c C_FORTRAN_interface.c -o C_FORTRAN_interface.o
#13 614.0 gcc -I"/usr/local/lib/R/include" -DNDEBUG   -I/usr/local/include   -fvisibility=hidden -fpic  -g -O2  -c lpmvnorm.c -o lpmvnorm.o
#13 614.5 gcc -I"/usr/local/lib/R/include" -DNDEBUG   -I/usr/local/include   -fvisibility=hidden -fpic  -g -O2  -c ltMatrices.c -o ltMatrices.o
#13 614.8 gcc -I"/usr/local/lib/R/include" -DNDEBUG   -I/usr/local/include   -fvisibility=hidden -fpic  -g -O2  -c miwa.c -o miwa.o
#13 615.3 gfortran  -fpic  -g -O2  -c mvt.f -o mvt.o
#13 615.9 gcc -I"/usr/local/lib/R/include" -DNDEBUG   -I/usr/local/include   -fvisibility=hidden -fpic  -g -O2  -c mvtnorm-init.c -o mvtnorm-init.o
#13 615.9 gfortran  -fpic  -g -O2  -c tvpack.f -o tvpack.o
#13 616.2 gcc -shared -L/usr/local/lib/R/lib -L/usr/local/lib -o mvtnorm.so C_FORTRAN_interface.o lpmvnorm.o ltMatrices.o miwa.o mvt.o mvtnorm-init.o tvpack.o -L/usr/local/lib/R/lib -lRlapack -L/usr/local/lib/R/lib -lRblas -lgfortran -lm -lquadmath -lgfortran -lm -lquadmath -L/usr/local/lib/R/lib -lR
#13 616.2 installing to /usr/local/lib/R/library/00LOCK-mvtnorm/00new/mvtnorm/libs
#13 616.2 ** R
#13 616.2 ** inst
#13 616.2 ** byte-compile and prepare package for lazy loading
#13 618.0 ** help
#13 618.1 *** installing help indices
#13 618.1 ** building package indices
#13 618.3 ** installing vignettes
#13 618.3 ** testing if installed package can be loaded from temporary location
#13 618.5 ** checking absolute paths in shared objects and dynamic libraries
#13 618.5 ** testing if installed package can be loaded from final location
#13 618.8 ** testing if installed package keeps a record of temporary installation path
#13 618.8 * DONE (mvtnorm)
#13 618.8 Trying to install from main CRAN repository...
#13 618.8 trying URL 'https://cran.r-project.org/src/contrib/DEoptimR_1.1-3-1.tar.gz'
#13 618.9 First attempt failed: cannot open URL 'https://cran.r-project.org/src/contrib/DEoptimR_1.1-3-1.tar.gz'
#13 618.9 Trying to install from CRAN archive...
#13 618.9 trying URL 'https://cran.r-project.org/src/contrib/Archive/DEoptimR/DEoptimR_1.1-3-1.tar.gz'
#13 619.0 Content type 'application/x-gzip' length 19536 bytes (19 KB)
#13 619.0 ==================================================
#13 619.0 downloaded 19 KB
#13 619.0 
#13 619.2 * installing *source* package ‘DEoptimR’ ...
#13 619.2 ** package ‘DEoptimR’ successfully unpacked and MD5 sums checked
#13 619.2 ** using staged installation
#13 619.2 ** R
#13 619.2 ** inst
#13 619.2 ** byte-compile and prepare package for lazy loading
#13 619.7 ** help
#13 619.8 *** installing help indices
#13 619.8 ** building package indices
#13 620.0 ** testing if installed package can be loaded from temporary location
#13 620.2 ** testing if installed package can be loaded from final location
#13 620.4 ** testing if installed package keeps a record of temporary installation path
#13 620.4 * DONE (DEoptimR)
#13 620.4 Trying to install from main CRAN repository...
#13 620.4 trying URL 'https://cran.r-project.org/src/contrib/robustbase_0.99-4-1.tar.gz'
#13 620.5 First attempt failed: cannot open URL 'https://cran.r-project.org/src/contrib/robustbase_0.99-4-1.tar.gz'
#13 620.5 Trying to install from CRAN archive...
#13 620.5 trying URL 'https://cran.r-project.org/src/contrib/Archive/robustbase/robustbase_0.99-4-1.tar.gz'
#13 620.6 Content type 'application/x-gzip' length 2289218 bytes (2.2 MB)
#13 620.6 ==================================================
#13 620.8 downloaded 2.2 MB
#13 620.8 
#13 621.4 * installing *source* package ‘robustbase’ ...
#13 621.4 ** package ‘robustbase’ successfully unpacked and MD5 sums checked
#13 621.4 ** using staged installation
#13 621.4 ** libs
#13 621.4 using C compiler: ‘gcc (Debian 12.2.0-14+deb12u1) 12.2.0’
#13 621.4 using Fortran compiler: ‘GNU Fortran (Debian 12.2.0-14+deb12u1) 12.2.0’
#13 621.4 gcc -I"/usr/local/lib/R/include" -DNDEBUG   -I/usr/local/include    -fpic  -g -O2  -c R-rng4ftn.c -o R-rng4ftn.o
#13 621.5 gfortran  -fpic  -g -O2  -c eigen.f -o eigen.o
#13 621.8 gcc -I"/usr/local/lib/R/include" -DNDEBUG   -I/usr/local/include    -fpic  -g -O2  -c init.c -o init.o
#13 621.9 gcc -I"/usr/local/lib/R/include" -DNDEBUG   -I/usr/local/include    -fpic  -g -O2  -c lmrob.c -o lmrob.o
#13 623.0 gcc -I"/usr/local/lib/R/include" -DNDEBUG   -I/usr/local/include    -fpic  -g -O2  -c mc.c -o mc.o
#13 623.3 gcc -I"/usr/local/lib/R/include" -DNDEBUG   -I/usr/local/include    -fpic  -g -O2  -c monitor.c -o monitor.o
#13 623.4 gcc -I"/usr/local/lib/R/include" -DNDEBUG   -I/usr/local/include    -fpic  -g -O2  -c qn_sn.c -o qn_sn.o
#13 623.6 gfortran  -fpic  -g -O2  -c rf-common.f -o rf-common.o
#13 623.8 gfortran  -fpic  -g -O2  -c rffastmcd.f -o rffastmcd.o
#13 624.9 gfortran  -fpic  -g -O2  -c rfltsreg.f -o rfltsreg.o
#13 626.2 gfortran  -fpic  -g -O2  -c rllarsbi.f -o rllarsbi.o
#13 626.4 gcc -I"/usr/local/lib/R/include" -DNDEBUG   -I/usr/local/include    -fpic  -g -O2  -c rob-utils.c -o rob-utils.o
#13 626.5 gcc -I"/usr/local/lib/R/include" -DNDEBUG   -I/usr/local/include    -fpic  -g -O2  -c rowMedians.c -o rowMedians.o
#13 626.7 gcc -I"/usr/local/lib/R/include" -DNDEBUG   -I/usr/local/include    -fpic  -g -O2  -c wgt_himed.c -o wgt_himed.o
#13 626.8 gcc -shared -L/usr/local/lib/R/lib -L/usr/local/lib -o robustbase.so R-rng4ftn.o eigen.o init.o lmrob.o mc.o monitor.o qn_sn.o rf-common.o rffastmcd.o rfltsreg.o rllarsbi.o rob-utils.o rowMedians.o wgt_himed.o -L/usr/local/lib/R/lib -lRlapack -L/usr/local/lib/R/lib -lRblas -lgfortran -lm -lquadmath -lgfortran -lm -lquadmath -L/usr/local/lib/R/lib -lR
#13 626.8 installing to /usr/local/lib/R/library/00LOCK-robustbase/00new/robustbase/libs
#13 626.9 ** R
#13 626.9 ** data
#13 626.9 *** moving datasets to lazyload DB
#13 627.0 ** demo
#13 627.0 ** inst
#13 627.0 ** byte-compile and prepare package for lazy loading
#13 632.9 Creating a generic function from function ‘chgDefaults’ in package ‘robustbase’
#13 632.9 ** help
#13 633.6 *** installing help indices
#13 633.8 ** building package indices
#13 634.3 ** installing vignettes
#13 634.3 ** testing if installed package can be loaded from temporary location
#13 634.6 ** checking absolute paths in shared objects and dynamic libraries
#13 634.6 ** testing if installed package can be loaded from final location
#13 635.0 ** testing if installed package keeps a record of temporary installation path
#13 635.0 * DONE (robustbase)
#13 635.0 Trying to install from main CRAN repository...
#13 635.0 trying URL 'https://cran.r-project.org/src/contrib/mgcv_1.9-1.tar.gz'
#13 635.1 First attempt failed: cannot open URL 'https://cran.r-project.org/src/contrib/mgcv_1.9-1.tar.gz'
#13 635.1 Trying to install from CRAN archive...
#13 635.1 trying URL 'https://cran.r-project.org/src/contrib/Archive/mgcv/mgcv_1.9-1.tar.gz'
#13 635.2 Content type 'application/x-gzip' length 1083217 bytes (1.0 MB)
#13 635.2 ==================================================
#13 635.4 downloaded 1.0 MB
#13 635.4 
#13 635.9 * installing *source* package ‘mgcv’ ...
#13 635.9 ** package ‘mgcv’ successfully unpacked and MD5 sums checked
#13 636.0 ** using staged installation
#13 636.0 ** libs
#13 636.0 using C compiler: ‘gcc (Debian 12.2.0-14+deb12u1) 12.2.0’
#13 636.0 gcc -I"/usr/local/lib/R/include" -DNDEBUG   -I/usr/local/include   -fopenmp -fpic  -g -O2  -c coxph.c -o coxph.o
#13 636.4 gcc -I"/usr/local/lib/R/include" -DNDEBUG   -I/usr/local/include   -fopenmp -fpic  -g -O2  -c davies.c -o davies.o
#13 636.6 gcc -I"/usr/local/lib/R/include" -DNDEBUG   -I/usr/local/include   -fopenmp -fpic  -g -O2  -c discrete.c -o discrete.o
#13 638.7 gcc -I"/usr/local/lib/R/include" -DNDEBUG   -I/usr/local/include   -fopenmp -fpic  -g -O2  -c gdi.c -o gdi.o
#13 641.3 gcc -I"/usr/local/lib/R/include" -DNDEBUG   -I/usr/local/include   -fopenmp -fpic  -g -O2  -c init.c -o init.o
#13 641.4 gcc -I"/usr/local/lib/R/include" -DNDEBUG   -I/usr/local/include   -fopenmp -fpic  -g -O2  -c magic.c -o magic.o
#13 642.1 gcc -I"/usr/local/lib/R/include" -DNDEBUG   -I/usr/local/include   -fopenmp -fpic  -g -O2  -c mat.c -o mat.o
#13 644.7 gcc -I"/usr/local/lib/R/include" -DNDEBUG   -I/usr/local/include   -fopenmp -fpic  -g -O2  -c matrix.c -o matrix.o
#13 645.4 gcc -I"/usr/local/lib/R/include" -DNDEBUG   -I/usr/local/include   -fopenmp -fpic  -g -O2  -c mgcv.c -o mgcv.o
#13 645.8 gcc -I"/usr/local/lib/R/include" -DNDEBUG   -I/usr/local/include   -fopenmp -fpic  -g -O2  -c misc.c -o misc.o
#13 646.2 gcc -I"/usr/local/lib/R/include" -DNDEBUG   -I/usr/local/include   -fopenmp -fpic  -g -O2  -c mvn.c -o mvn.o
#13 646.6 gcc -I"/usr/local/lib/R/include" -DNDEBUG   -I/usr/local/include   -fopenmp -fpic  -g -O2  -c ncv.c -o ncv.o
#13 648.1 gcc -I"/usr/local/lib/R/include" -DNDEBUG   -I/usr/local/include   -fopenmp -fpic  -g -O2  -c qp.c -o qp.o
#13 648.5 gcc -I"/usr/local/lib/R/include" -DNDEBUG   -I/usr/local/include   -fopenmp -fpic  -g -O2  -c soap.c -o soap.o
#13 648.8 gcc -I"/usr/local/lib/R/include" -DNDEBUG   -I/usr/local/include   -fopenmp -fpic  -g -O2  -c sparse-smooth.c -o sparse-smooth.o
#13 649.8 gcc -I"/usr/local/lib/R/include" -DNDEBUG   -I/usr/local/include   -fopenmp -fpic  -g -O2  -c sparse.c -o sparse.o
#13 651.6 gcc -I"/usr/local/lib/R/include" -DNDEBUG   -I/usr/local/include   -fopenmp -fpic  -g -O2  -c tprs.c -o tprs.o
#13 652.1 gcc -shared -L/usr/local/lib/R/lib -L/usr/local/lib -o mgcv.so coxph.o davies.o discrete.o gdi.o init.o magic.o mat.o matrix.o mgcv.o misc.o mvn.o ncv.o qp.o soap.o sparse-smooth.o sparse.o tprs.o -L/usr/local/lib/R/lib -lRlapack -L/usr/local/lib/R/lib -lRblas -lgfortran -lm -lquadmath -fopenmp -L/usr/local/lib/R/lib -lR
#13 652.2 installing to /usr/local/lib/R/library/00LOCK-mgcv/00new/mgcv/libs
#13 652.2 ** R
#13 652.3 ** data
#13 652.3 ** inst
#13 652.3 ** byte-compile and prepare package for lazy loading
#13 683.0 ** help
#13 684.0 *** installing help indices
#13 684.4 ** building package indices
#13 685.1 ** testing if installed package can be loaded from temporary location
#13 686.1 ** checking absolute paths in shared objects and dynamic libraries
#13 686.1 ** testing if installed package can be loaded from final location
#13 688.1 ** testing if installed package keeps a record of temporary installation path
#13 688.2 * DONE (mgcv)
#13 688.2 Trying to install from main CRAN repository...
#13 688.2 trying URL 'https://cran.r-project.org/src/contrib/nlme_3.1-167.tar.gz'
#13 688.3 First attempt failed: cannot open URL 'https://cran.r-project.org/src/contrib/nlme_3.1-167.tar.gz'
#13 688.3 Trying to install from CRAN archive...
#13 688.3 trying URL 'https://cran.r-project.org/src/contrib/Archive/nlme/nlme_3.1-167.tar.gz'
#13 688.4 Content type 'application/x-gzip' length 849418 bytes (829 KB)
#13 688.4 ==================================================
#13 688.6 downloaded 829 KB
#13 688.6 
#13 689.2 * installing *source* package ‘nlme’ ...
#13 689.2 ** package ‘nlme’ successfully unpacked and MD5 sums checked
#13 689.2 ** using staged installation
#13 689.2 ** libs
#13 689.2 using C compiler: ‘gcc (Debian 12.2.0-14+deb12u1) 12.2.0’
#13 689.2 using Fortran compiler: ‘GNU Fortran (Debian 12.2.0-14+deb12u1) 12.2.0’
#13 689.2 gfortran  -fpic  -g -O2  -c chol.f -o chol.o
#13 689.3 gcc -I"/usr/local/lib/R/include" -DNDEBUG   -I/usr/local/include   -fvisibility=hidden -fpic  -g -O2  -c corStruct.c -o corStruct.o
#13 689.9 gcc -I"/usr/local/lib/R/include" -DNDEBUG   -I/usr/local/include   -fvisibility=hidden -fpic  -g -O2  -c gnls.c -o gnls.o
#13 690.0 gcc -I"/usr/local/lib/R/include" -DNDEBUG   -I/usr/local/include   -fvisibility=hidden -fpic  -g -O2  -c init.c -o init.o
#13 690.1 gcc -I"/usr/local/lib/R/include" -DNDEBUG   -I/usr/local/include   -fvisibility=hidden -fpic  -g -O2  -c matrix.c -o matrix.o
#13 690.2 gcc -I"/usr/local/lib/R/include" -DNDEBUG   -I/usr/local/include   -fvisibility=hidden -fpic  -g -O2  -c nlOptimizer.c -o nlOptimizer.o
#13 690.3 gcc -I"/usr/local/lib/R/include" -DNDEBUG   -I/usr/local/include   -fvisibility=hidden -fpic  -g -O2  -c nlme.c -o nlme.o
#13 690.6 gcc -I"/usr/local/lib/R/include" -DNDEBUG   -I/usr/local/include   -fvisibility=hidden -fpic  -g -O2  -c nlmefit.c -o nlmefit.o
#13 691.3 gcc -I"/usr/local/lib/R/include" -DNDEBUG   -I/usr/local/include   -fvisibility=hidden -fpic  -g -O2  -c pdMat.c -o pdMat.o
#13 691.5 gcc -I"/usr/local/lib/R/include" -DNDEBUG   -I/usr/local/include   -fvisibility=hidden -fpic  -g -O2  -c pythag.c -o pythag.o
#13 691.5 gfortran  -fpic  -g -O2  -c rs.f -o rs.o
#13 691.9 gcc -shared -L/usr/local/lib/R/lib -L/usr/local/lib -o nlme.so chol.o corStruct.o gnls.o init.o matrix.o nlOptimizer.o nlme.o nlmefit.o pdMat.o pythag.o rs.o -lgfortran -lm -lquadmath -L/usr/local/lib/R/lib -lR
#13 691.9 installing to /usr/local/lib/R/library/00LOCK-nlme/00new/nlme/libs
#13 691.9 ** R
#13 692.0 ** data
#13 692.0 *** moving datasets to lazyload DB
#13 692.1 ** inst
#13 692.1 ** byte-compile and prepare package for lazy loading
#13 701.8 ** help
#13 702.7 *** installing help indices
#13 703.3 ** building package indices
#13 704.0 ** testing if installed package can be loaded from temporary location
#13 704.3 ** checking absolute paths in shared objects and dynamic libraries
#13 704.3 ** testing if installed package can be loaded from final location
#13 704.8 ** testing if installed package keeps a record of temporary installation path
#13 704.8 * DONE (nlme)
#13 704.8 Trying to install from main CRAN repository...
#13 704.8 trying URL 'https://cran.r-project.org/src/contrib/iterators_1.0.14.tar.gz'
#13 704.9 Content type 'application/x-gzip' length 300266 bytes (293 KB)
#13 704.9 ==================================================
#13 705.0 downloaded 293 KB
#13 705.0 
#13 705.2 * installing *source* package ‘iterators’ ...
#13 705.2 ** package ‘iterators’ successfully unpacked and MD5 sums checked
#13 705.2 ** using staged installation
#13 705.3 ** R
#13 705.3 ** inst
#13 705.3 ** byte-compile and prepare package for lazy loading
#13 705.8 ** help
#13 705.8 *** installing help indices
#13 705.8 ** building package indices
#13 706.0 ** installing vignettes
#13 706.0 ** testing if installed package can be loaded from temporary location
#13 706.2 ** testing if installed package can be loaded from final location
#13 706.4 ** testing if installed package keeps a record of temporary installation path
#13 706.4 * DONE (iterators)
#13 706.4 Trying to install from main CRAN repository...
#13 706.4 trying URL 'https://cran.r-project.org/src/contrib/foreach_1.5.2.tar.gz'
#13 706.6 Content type 'application/x-gzip' length 89758 bytes (87 KB)
#13 706.6 ==================================================
#13 706.7 downloaded 87 KB
#13 706.7 
#13 706.9 * installing *source* package ‘foreach’ ...
#13 706.9 ** package ‘foreach’ successfully unpacked and MD5 sums checked
#13 706.9 ** using staged installation
#13 707.0 ** R
#13 707.0 ** demo
#13 707.0 ** inst
#13 707.0 ** byte-compile and prepare package for lazy loading
#13 707.6 ** help
#13 707.6 *** installing help indices
#13 707.6 ** building package indices
#13 707.8 ** installing vignettes
#13 707.9 ** testing if installed package can be loaded from temporary location
#13 708.1 ** testing if installed package can be loaded from final location
#13 708.3 ** testing if installed package keeps a record of temporary installation path
#13 708.3 * DONE (foreach)
#13 708.3 Trying to install from main CRAN repository...
#13 708.3 trying URL 'https://cran.r-project.org/src/contrib/lattice_0.22-6.tar.gz'
#13 708.4 First attempt failed: cannot open URL 'https://cran.r-project.org/src/contrib/lattice_0.22-6.tar.gz'
#13 708.4 Trying to install from CRAN archive...
#13 708.4 trying URL 'https://cran.r-project.org/src/contrib/Archive/lattice/lattice_0.22-6.tar.gz'
#13 708.5 Content type 'application/x-gzip' length 598581 bytes (584 KB)
#13 708.5 ==================================================
#13 708.5 downloaded 584 KB
#13 708.5 
#13 709.0 * installing *source* package ‘lattice’ ...
#13 709.0 ** package ‘lattice’ successfully unpacked and MD5 sums checked
#13 709.0 ** using staged installation
#13 709.0 ** libs
#13 709.0 using C compiler: ‘gcc (Debian 12.2.0-14+deb12u1) 12.2.0’
#13 709.0 gcc -I"/usr/local/lib/R/include" -DNDEBUG   -I/usr/local/include    -fpic  -g -O2  -c init.c -o init.o
#13 709.1 gcc -I"/usr/local/lib/R/include" -DNDEBUG   -I/usr/local/include    -fpic  -g -O2  -c threeDplot.c -o threeDplot.o
#13 709.3 gcc -shared -L/usr/local/lib/R/lib -L/usr/local/lib -o lattice.so init.o threeDplot.o -L/usr/local/lib/R/lib -lR
#13 709.3 installing to /usr/local/lib/R/library/00LOCK-lattice/00new/lattice/libs
#13 709.3 ** R
#13 709.4 ** data
#13 709.4 *** moving datasets to lazyload DB
#13 709.4 ** demo
#13 709.4 ** inst
#13 709.4 ** byte-compile and prepare package for lazy loading
#13 717.1 ** help
#13 717.6 *** installing help indices
#13 717.8 ** building package indices
#13 718.2 ** installing vignettes
#13 718.2 ** testing if installed package can be loaded from temporary location
#13 718.4 ** checking absolute paths in shared objects and dynamic libraries
#13 718.5 ** testing if installed package can be loaded from final location
#13 718.9 ** testing if installed package keeps a record of temporary installation path
#13 718.9 * DONE (lattice)
#13 718.9 Trying to install from main CRAN repository...
#13 718.9 trying URL 'https://cran.r-project.org/src/contrib/matrixStats_1.5.0.tar.gz'
#13 719.0 Content type 'application/x-gzip' length 212156 bytes (207 KB)
#13 719.0 ==================================================
#13 719.1 downloaded 207 KB
#13 719.1 
#13 719.6 * installing *source* package ‘matrixStats’ ...
#13 719.6 ** package ‘matrixStats’ successfully unpacked and MD5 sums checked
#13 719.6 ** using staged installation
#13 719.6 ** libs
#13 719.7 using C compiler: ‘gcc (Debian 12.2.0-14+deb12u1) 12.2.0’
#13 719.7 gcc -I"/usr/local/lib/R/include" -DNDEBUG   -I/usr/local/include    -fpic  -g -O2  -c 000.init.c -o 000.init.o
#13 719.7 gcc -I"/usr/local/lib/R/include" -DNDEBUG   -I/usr/local/include    -fpic  -g -O2  -c allocMatrix2.c -o allocMatrix2.o
#13 719.8 gcc -I"/usr/local/lib/R/include" -DNDEBUG   -I/usr/local/include    -fpic  -g -O2  -c anyMissing.c -o anyMissing.o
#13 719.9 gcc -I"/usr/local/lib/R/include" -DNDEBUG   -I/usr/local/include    -fpic  -g -O2  -c binCounts.c -o binCounts.o
#13 720.0 gcc -I"/usr/local/lib/R/include" -DNDEBUG   -I/usr/local/include    -fpic  -g -O2  -c binMeans.c -o binMeans.o
#13 720.2 gcc -I"/usr/local/lib/R/include" -DNDEBUG   -I/usr/local/include    -fpic  -g -O2  -c colCounts.c -o colCounts.o
#13 720.5 gcc -I"/usr/local/lib/R/include" -DNDEBUG   -I/usr/local/include    -fpic  -g -O2  -c colOrderStats.c -o colOrderStats.o
#13 720.7 gcc -I"/usr/local/lib/R/include" -DNDEBUG   -I/usr/local/include    -fpic  -g -O2  -c colRanges.c -o colRanges.o
#13 721.0 gcc -I"/usr/local/lib/R/include" -DNDEBUG   -I/usr/local/include    -fpic  -g -O2  -c diff2.c -o diff2.o
#13 721.2 gcc -I"/usr/local/lib/R/include" -DNDEBUG   -I/usr/local/include    -fpic  -g -O2  -c indexByRow.c -o indexByRow.o
#13 721.2 gcc -I"/usr/local/lib/R/include" -DNDEBUG   -I/usr/local/include    -fpic  -g -O2  -c logSumExp.c -o logSumExp.o
#13 721.4 gcc -I"/usr/local/lib/R/include" -DNDEBUG   -I/usr/local/include    -fpic  -g -O2  -c mean2.c -o mean2.o
#13 721.5 gcc -I"/usr/local/lib/R/include" -DNDEBUG   -I/usr/local/include    -fpic  -g -O2  -c naming.c -o naming.o
#13 721.6 gcc -I"/usr/local/lib/R/include" -DNDEBUG   -I/usr/local/include    -fpic  -g -O2  -c productExpSumLog.c -o productExpSumLog.o
#13 721.7 gcc -I"/usr/local/lib/R/include" -DNDEBUG   -I/usr/local/include    -fpic  -g -O2  -c psortKM.c -o psortKM.o
#13 721.8 gcc -I"/usr/local/lib/R/include" -DNDEBUG   -I/usr/local/include    -fpic  -g -O2  -c rowCounts.c -o rowCounts.o
#13 722.1 gcc -I"/usr/local/lib/R/include" -DNDEBUG   -I/usr/local/include    -fpic  -g -O2  -c rowCummaxs.c -o rowCummaxs.o
#13 722.4 gcc -I"/usr/local/lib/R/include" -DNDEBUG   -I/usr/local/include    -fpic  -g -O2  -c rowCummins.c -o rowCummins.o
#13 722.7 gcc -I"/usr/local/lib/R/include" -DNDEBUG   -I/usr/local/include    -fpic  -g -O2  -c rowCumprods.c -o rowCumprods.o
#13 722.9 gcc -I"/usr/local/lib/R/include" -DNDEBUG   -I/usr/local/include    -fpic  -g -O2  -c rowCumsums.c -o rowCumsums.o
#13 723.1 gcc -I"/usr/local/lib/R/include" -DNDEBUG   -I/usr/local/include    -fpic  -g -O2  -c rowDiffs.c -o rowDiffs.o
#13 723.4 gcc -I"/usr/local/lib/R/include" -DNDEBUG   -I/usr/local/include    -fpic  -g -O2  -c rowLogSumExp.c -o rowLogSumExp.o
#13 723.5 gcc -I"/usr/local/lib/R/include" -DNDEBUG   -I/usr/local/include    -fpic  -g -O2  -c rowMads.c -o rowMads.o
#13 723.8 gcc -I"/usr/local/lib/R/include" -DNDEBUG   -I/usr/local/include    -fpic  -g -O2  -c rowMeans2.c -o rowMeans2.o
#13 724.0 gcc -I"/usr/local/lib/R/include" -DNDEBUG   -I/usr/local/include    -fpic  -g -O2  -c rowMedians.c -o rowMedians.o
#13 724.3 gcc -I"/usr/local/lib/R/include" -DNDEBUG   -I/usr/local/include    -fpic  -g -O2  -c rowOrderStats.c -o rowOrderStats.o
#13 724.4 gcc -I"/usr/local/lib/R/include" -DNDEBUG   -I/usr/local/include    -fpic  -g -O2  -c rowRanges.c -o rowRanges.o
#13 724.8 gcc -I"/usr/local/lib/R/include" -DNDEBUG   -I/usr/local/include    -fpic  -g -O2  -c rowRanksWithTies.c -o rowRanksWithTies.o
#13 725.9 gcc -I"/usr/local/lib/R/include" -DNDEBUG   -I/usr/local/include    -fpic  -g -O2  -c rowSums2.c -o rowSums2.o
#13 726.1 gcc -I"/usr/local/lib/R/include" -DNDEBUG   -I/usr/local/include    -fpic  -g -O2  -c rowVars.c -o rowVars.o
#13 726.3 gcc -I"/usr/local/lib/R/include" -DNDEBUG   -I/usr/local/include    -fpic  -g -O2  -c signTabulate.c -o signTabulate.o
#13 726.4 gcc -I"/usr/local/lib/R/include" -DNDEBUG   -I/usr/local/include    -fpic  -g -O2  -c sum2.c -o sum2.o
#13 726.5 gcc -I"/usr/local/lib/R/include" -DNDEBUG   -I/usr/local/include    -fpic  -g -O2  -c validateIndices.c -o validateIndices.o
#13 726.7 gcc -I"/usr/local/lib/R/include" -DNDEBUG   -I/usr/local/include    -fpic  -g -O2  -c weightedMean.c -o weightedMean.o
#13 726.9 gcc -I"/usr/local/lib/R/include" -DNDEBUG   -I/usr/local/include    -fpic  -g -O2  -c weightedMedian.c -o weightedMedian.o
#13 727.1 gcc -I"/usr/local/lib/R/include" -DNDEBUG   -I/usr/local/include    -fpic  -g -O2  -c x_OP_y.c -o x_OP_y.o
#13 730.3 gcc -shared -L/usr/local/lib/R/lib -L/usr/local/lib -o matrixStats.so 000.init.o allocMatrix2.o anyMissing.o binCounts.o binMeans.o colCounts.o colOrderStats.o colRanges.o diff2.o indexByRow.o logSumExp.o mean2.o naming.o productExpSumLog.o psortKM.o rowCounts.o rowCummaxs.o rowCummins.o rowCumprods.o rowCumsums.o rowDiffs.o rowLogSumExp.o rowMads.o rowMeans2.o rowMedians.o rowOrderStats.o rowRanges.o rowRanksWithTies.o rowSums2.o rowVars.o signTabulate.o sum2.o validateIndices.o weightedMean.o weightedMedian.o x_OP_y.o -L/usr/local/lib/R/lib -lR
#13 730.4 installing to /usr/local/lib/R/library/00LOCK-matrixStats/00new/matrixStats/libs
#13 730.4 ** R
#13 730.4 ** inst
#13 730.4 ** byte-compile and prepare package for lazy loading
#13 732.0 ** help
#13 732.1 *** installing help indices
#13 732.2 ** building package indices
#13 732.5 ** installing vignettes
#13 732.5 ** testing if installed package can be loaded from temporary location
#13 732.7 ** checking absolute paths in shared objects and dynamic libraries
#13 732.7 ** testing if installed package can be loaded from final location
#13 732.9 ** testing if installed package keeps a record of temporary installation path
#13 732.9 * DONE (matrixStats)
#13 732.9 Trying to install from main CRAN repository...
#13 732.9 trying URL 'https://cran.r-project.org/src/contrib/irlba_2.3.5.1.tar.gz'
#13 733.0 Content type 'application/x-gzip' length 233555 bytes (228 KB)
#13 733.0 ==================================================
#13 733.1 downloaded 228 KB
#13 733.1 
#13 733.3 * installing *source* package ‘irlba’ ...
#13 733.3 ** package ‘irlba’ successfully unpacked and MD5 sums checked
#13 733.3 ** using staged installation
#13 733.3 ** libs
#13 733.4 using C compiler: ‘gcc (Debian 12.2.0-14+deb12u1) 12.2.0’
#13 733.4 gcc -I"/usr/local/lib/R/include" -DNDEBUG  -I'/usr/local/lib/R/library/Matrix/include' -I/usr/local/include    -fpic  -g -O2  -c irlb.c -o irlb.o
#13 733.9 gcc -I"/usr/local/lib/R/include" -DNDEBUG  -I'/usr/local/lib/R/library/Matrix/include' -I/usr/local/include    -fpic  -g -O2  -c utility.c -o utility.o
#13 734.0 gcc -shared -L/usr/local/lib/R/lib -L/usr/local/lib -o irlba.so irlb.o utility.o -L/usr/local/lib/R/lib -lRlapack -L/usr/local/lib/R/lib -lRblas -lgfortran -lm -lquadmath -L/usr/local/lib/R/lib -lR
#13 734.0 installing to /usr/local/lib/R/library/00LOCK-irlba/00new/irlba/libs
#13 734.0 ** R
#13 734.0 ** inst
#13 734.0 ** byte-compile and prepare package for lazy loading
#13 735.9 ** help
#13 736.0 *** installing help indices
#13 736.0 ** building package indices
#13 736.2 ** installing vignettes
#13 736.2 ** testing if installed package can be loaded from temporary location
#13 737.5 ** checking absolute paths in shared objects and dynamic libraries
#13 737.5 ** testing if installed package can be loaded from final location
#13 738.7 ** testing if installed package keeps a record of temporary installation path
#13 738.7 * DONE (irlba)
#13 738.8 Trying to install from main CRAN repository...
#13 738.8 trying URL 'https://cran.r-project.org/src/contrib/cpp11_0.5.2.tar.gz'
#13 738.9 Content type 'application/x-gzip' length 291993 bytes (285 KB)
#13 738.9 ==================================================
#13 738.9 downloaded 285 KB
#13 738.9 
#13 739.2 * installing *source* package ‘cpp11’ ...
#13 739.2 ** package ‘cpp11’ successfully unpacked and MD5 sums checked
#13 739.2 ** using staged installation
#13 739.2 ** R
#13 739.3 ** inst
#13 739.3 ** byte-compile and prepare package for lazy loading
#13 739.7 ** help
#13 739.7 *** installing help indices
#13 739.7 ** building package indices
#13 740.0 ** installing vignettes
#13 740.0 ** testing if installed package can be loaded from temporary location
#13 740.2 ** testing if installed package can be loaded from final location
#13 740.4 ** testing if installed package keeps a record of temporary installation path
#13 740.4 * DONE (cpp11)
#13 740.4 Trying to install from main CRAN repository...
#13 740.4 trying URL 'https://cran.r-project.org/src/contrib/igraph_2.1.4.tar.gz'
#13 740.5 First attempt failed: cannot open URL 'https://cran.r-project.org/src/contrib/igraph_2.1.4.tar.gz'
#13 740.5 Trying to install from CRAN archive...
#13 740.5 trying URL 'https://cran.r-project.org/src/contrib/Archive/igraph/igraph_2.1.4.tar.gz'
#13 740.6 Content type 'application/x-gzip' length 4997408 bytes (4.8 MB)
#13 740.6 ==================================================
#13 740.8 downloaded 4.8 MB
#13 740.8 
#13 743.4 * installing *source* package ‘igraph’ ...
#13 743.5 ** package ‘igraph’ successfully unpacked and MD5 sums checked
#13 743.5 ** using staged installation
#13 743.8 libxml2 include directories: -I/usr/include/libxml2
#13 743.8 libxml2 library link flags: -lxml2
#13 743.9 Using vendored GLPK
#13 743.9 ** libs
#13 743.9 using C compiler: ‘gcc (Debian 12.2.0-14+deb12u1) 12.2.0’
#13 743.9 using C++ compiler: ‘g++ (Debian 12.2.0-14+deb12u1) 12.2.0’
#13 743.9 g++ -std=gnu++17 -I"/usr/local/lib/R/include" -DNDEBUG -DUSING_R -I. -Ivendor -Ivendor/cigraph/src -Ivendor/cigraph/include -Ivendor/cigraph/vendor -Ivendor/io/parsers  -I/usr/include/libxml2 -DHAVE_LIBXML -Ivendor/cigraph/vendor/glpk -Ivendor/cigraph/vendor/glpk/env -Ivendor/cigraph/vendor/glpk/minisat -Ivendor/cigraph/vendor/glpk/misc -Ivendor/cigraph/vendor/glpk/draft -Ivendor/cigraph/vendor/glpk/npp -Ivendor/cigraph/vendor/glpk/api -Ivendor/cigraph/vendor/glpk/mpl -Ivendor/cigraph/vendor/glpk/bflib -Ivendor/cigraph/vendor/glpk/amd -Ivendor/cigraph/vendor/glpk/simplex -Ivendor/cigraph/vendor/glpk/colamd -DNDEBUG -DNTIMER -DNPRINT -DIGRAPH_THREAD_LOCAL= -DPRPACK_IGRAPH_SUPPORT -DHAVE_GFORTRAN=1 -D_GNU_SOURCE=1 -I'/usr/local/lib/R/library/cpp11/include' -I/usr/local/include   -fvisibility=hidden -fpic  -g -O2   -c cpp11.cpp -o cpp11.o
#13 745.0 g++ -std=gnu++17 -I"/usr/local/lib/R/include" -DNDEBUG -DUSING_R -I. -Ivendor -Ivendor/cigraph/src -Ivendor/cigraph/include -Ivendor/cigraph/vendor -Ivendor/io/parsers  -I/usr/include/libxml2 -DHAVE_LIBXML -Ivendor/cigraph/vendor/glpk -Ivendor/cigraph/vendor/glpk/env -Ivendor/cigraph/vendor/glpk/minisat -Ivendor/cigraph/vendor/glpk/misc -Ivendor/cigraph/vendor/glpk/draft -Ivendor/cigraph/vendor/glpk/npp -Ivendor/cigraph/vendor/glpk/api -Ivendor/cigraph/vendor/glpk/mpl -Ivendor/cigraph/vendor/glpk/bflib -Ivendor/cigraph/vendor/glpk/amd -Ivendor/cigraph/vendor/glpk/simplex -Ivendor/cigraph/vendor/glpk/colamd -DNDEBUG -DNTIMER -DNPRINT -DIGRAPH_THREAD_LOCAL= -DPRPACK_IGRAPH_SUPPORT -DHAVE_GFORTRAN=1 -D_GNU_SOURCE=1 -I'/usr/local/lib/R/library/cpp11/include' -I/usr/local/include   -fvisibility=hidden -fpic  -g -O2   -c cpprinterface.cpp -o cpprinterface.o
#13 746.0 g++ -std=gnu++17 -I"/usr/local/lib/R/include" -DNDEBUG -DUSING_R -I. -Ivendor -Ivendor/cigraph/src -Ivendor/cigraph/include -Ivendor/cigraph/vendor -Ivendor/io/parsers  -I/usr/include/libxml2 -DHAVE_LIBXML -Ivendor/cigraph/vendor/glpk -Ivendor/cigraph/vendor/glpk/env -Ivendor/cigraph/vendor/glpk/minisat -Ivendor/cigraph/vendor/glpk/misc -Ivendor/cigraph/vendor/glpk/draft -Ivendor/cigraph/vendor/glpk/npp -Ivendor/cigraph/vendor/glpk/api -Ivendor/cigraph/vendor/glpk/mpl -Ivendor/cigraph/vendor/glpk/bflib -Ivendor/cigraph/vendor/glpk/amd -Ivendor/cigraph/vendor/glpk/simplex -Ivendor/cigraph/vendor/glpk/colamd -DNDEBUG -DNTIMER -DNPRINT -DIGRAPH_THREAD_LOCAL= -DPRPACK_IGRAPH_SUPPORT -DHAVE_GFORTRAN=1 -D_GNU_SOURCE=1 -I'/usr/local/lib/R/library/cpp11/include' -I/usr/local/include   -fvisibility=hidden -fpic  -g -O2   -c init.cpp -o init.o
#13 746.9 gcc -I"/usr/local/lib/R/include" -DNDEBUG -DUSING_R -I. -Ivendor -Ivendor/cigraph/src -Ivendor/cigraph/include -Ivendor/cigraph/vendor -Ivendor/io/parsers  -I/usr/include/libxml2 -DHAVE_LIBXML -Ivendor/cigraph/vendor/glpk -Ivendor/cigraph/vendor/glpk/env -Ivendor/cigraph/vendor/glpk/minisat -Ivendor/cigraph/vendor/glpk/misc -Ivendor/cigraph/vendor/glpk/draft -Ivendor/cigraph/vendor/glpk/npp -Ivendor/cigraph/vendor/glpk/api -Ivendor/cigraph/vendor/glpk/mpl -Ivendor/cigraph/vendor/glpk/bflib -Ivendor/cigraph/vendor/glpk/amd -Ivendor/cigraph/vendor/glpk/simplex -Ivendor/cigraph/vendor/glpk/colamd -DNDEBUG -DNTIMER -DNPRINT -DIGRAPH_THREAD_LOCAL= -DPRPACK_IGRAPH_SUPPORT -DHAVE_GFORTRAN=1 -D_GNU_SOURCE=1 -I'/usr/local/lib/R/library/cpp11/include' -I/usr/local/include   -fvisibility=hidden -fpic  -g -O2  -c rinterface.c -o rinterface.o
#13 750.0 gcc -I"/usr/local/lib/R/include" -DNDEBUG -DUSING_R -I. -Ivendor -Ivendor/cigraph/src -Ivendor/cigraph/include -Ivendor/cigraph/vendor -Ivendor/io/parsers  -I/usr/include/libxml2 -DHAVE_LIBXML -Ivendor/cigraph/vendor/glpk -Ivendor/cigraph/vendor/glpk/env -Ivendor/cigraph/vendor/glpk/minisat -Ivendor/cigraph/vendor/glpk/misc -Ivendor/cigraph/vendor/glpk/draft -Ivendor/cigraph/vendor/glpk/npp -Ivendor/cigraph/vendor/glpk/api -Ivendor/cigraph/vendor/glpk/mpl -Ivendor/cigraph/vendor/glpk/bflib -Ivendor/cigraph/vendor/glpk/amd -Ivendor/cigraph/vendor/glpk/simplex -Ivendor/cigraph/vendor/glpk/colamd -DNDEBUG -DNTIMER -DNPRINT -DIGRAPH_THREAD_LOCAL= -DPRPACK_IGRAPH_SUPPORT -DHAVE_GFORTRAN=1 -D_GNU_SOURCE=1 -I'/usr/local/lib/R/library/cpp11/include' -I/usr/local/include   -fvisibility=hidden -fpic  -g -O2  -c rinterface_extra.c -o rinterface_extra.o
#13 753.6 gcc -I"/usr/local/lib/R/include" -DNDEBUG -DUSING_R -I. -Ivendor -Ivendor/cigraph/src -Ivendor/cigraph/include -Ivendor/cigraph/vendor -Ivendor/io/parsers  -I/usr/include/libxml2 -DHAVE_LIBXML -Ivendor/cigraph/vendor/glpk -Ivendor/cigraph/vendor/glpk/env -Ivendor/cigraph/vendor/glpk/minisat -Ivendor/cigraph/vendor/glpk/misc -Ivendor/cigraph/vendor/glpk/draft -Ivendor/cigraph/vendor/glpk/npp -Ivendor/cigraph/vendor/glpk/api -Ivendor/cigraph/vendor/glpk/mpl -Ivendor/cigraph/vendor/glpk/bflib -Ivendor/cigraph/vendor/glpk/amd -Ivendor/cigraph/vendor/glpk/simplex -Ivendor/cigraph/vendor/glpk/colamd -DNDEBUG -DNTIMER -DNPRINT -DIGRAPH_THREAD_LOCAL= -DPRPACK_IGRAPH_SUPPORT -DHAVE_GFORTRAN=1 -D_GNU_SOURCE=1 -I'/usr/local/lib/R/library/cpp11/include' -I/usr/local/include   -fvisibility=hidden -fpic  -g -O2  -c rrandom.c -o rrandom.o
#13 753.7 g++ -std=gnu++17 -I"/usr/local/lib/R/include" -DNDEBUG -DUSING_R -I. -Ivendor -Ivendor/cigraph/src -Ivendor/cigraph/include -Ivendor/cigraph/vendor -Ivendor/io/parsers  -I/usr/include/libxml2 -DHAVE_LIBXML -Ivendor/cigraph/vendor/glpk -Ivendor/cigraph/vendor/glpk/env -Ivendor/cigraph/vendor/glpk/minisat -Ivendor/cigraph/vendor/glpk/misc -Ivendor/cigraph/vendor/glpk/draft -Ivendor/cigraph/vendor/glpk/npp -Ivendor/cigraph/vendor/glpk/api -Ivendor/cigraph/vendor/glpk/mpl -Ivendor/cigraph/vendor/glpk/bflib -Ivendor/cigraph/vendor/glpk/amd -Ivendor/cigraph/vendor/glpk/simplex -Ivendor/cigraph/vendor/glpk/colamd -DNDEBUG -DNTIMER -DNPRINT -DIGRAPH_THREAD_LOCAL= -DPRPACK_IGRAPH_SUPPORT -DHAVE_GFORTRAN=1 -D_GNU_SOURCE=1 -I'/usr/local/lib/R/library/cpp11/include' -I/usr/local/include   -fvisibility=hidden -fpic  -g -O2   -c simpleraytracer.cpp -o simpleraytracer.o
#13 754.7 gfortran -fvisibility=hidden -fpic  -g -O2  -c vendor/arpack/dgetv0.f -o vendor/arpack/dgetv0.o
#13 754.8 gfortran -fvisibility=hidden -fpic  -g -O2  -c vendor/arpack/dlaqrb.f -o vendor/arpack/dlaqrb.o
#13 755.0 gfortran -fvisibility=hidden -fpic  -g -O2  -c vendor/arpack/dmout.f -o vendor/arpack/dmout.o
#13 755.0 gfortran -fvisibility=hidden -fpic  -g -O2  -c vendor/arpack/dnaitr.f -o vendor/arpack/dnaitr.o
#13 755.1 gfortran -fvisibility=hidden -fpic  -g -O2  -c vendor/arpack/dnapps.f -o vendor/arpack/dnapps.o
#13 755.4 gfortran -fvisibility=hidden -fpic  -g -O2  -c vendor/arpack/dnaup2.f -o vendor/arpack/dnaup2.o
#13 755.5 gfortran -fvisibility=hidden -fpic  -g -O2  -c vendor/arpack/dnaupd.f -o vendor/arpack/dnaupd.o
#13 755.6 gfortran -fvisibility=hidden -fpic  -g -O2  -c vendor/arpack/dnconv.f -o vendor/arpack/dnconv.o
#13 755.6 gfortran -fvisibility=hidden -fpic  -g -O2  -c vendor/arpack/dneigh.f -o vendor/arpack/dneigh.o
#13 755.7 gfortran -fvisibility=hidden -fpic  -g -O2  -c vendor/arpack/dneupd.f -o vendor/arpack/dneupd.o
#13 755.9 gfortran -fvisibility=hidden -fpic  -g -O2  -c vendor/arpack/dngets.f -o vendor/arpack/dngets.o
#13 756.0 gfortran -fvisibility=hidden -fpic  -g -O2  -c vendor/arpack/dsaitr.f -o vendor/arpack/dsaitr.o
#13 756.1 gfortran -fvisibility=hidden -fpic  -g -O2  -c vendor/arpack/dsapps.f -o vendor/arpack/dsapps.o
#13 756.3 gfortran -fvisibility=hidden -fpic  -g -O2  -c vendor/arpack/dsaup2.f -o vendor/arpack/dsaup2.o
#13 756.4 gfortran -fvisibility=hidden -fpic  -g -O2  -c vendor/arpack/dsaupd.f -o vendor/arpack/dsaupd.o
#13 756.5 gfortran -fvisibility=hidden -fpic  -g -O2  -c vendor/arpack/dsconv.f -o vendor/arpack/dsconv.o
#13 756.5 gfortran -fvisibility=hidden -fpic  -g -O2  -c vendor/arpack/dseigt.f -o vendor/arpack/dseigt.o
#13 756.6 gfortran -fvisibility=hidden -fpic  -g -O2  -c vendor/arpack/dsesrt.f -o vendor/arpack/dsesrt.o
#13 756.7 gfortran -fvisibility=hidden -fpic  -g -O2  -c vendor/arpack/dseupd.f -o vendor/arpack/dseupd.o
#13 756.9 gfortran -fvisibility=hidden -fpic  -g -O2  -c vendor/arpack/dsgets.f -o vendor/arpack/dsgets.o
#13 756.9 gfortran -fvisibility=hidden -fpic  -g -O2  -c vendor/arpack/dsortc.f -o vendor/arpack/dsortc.o
#13 757.0 gfortran -fvisibility=hidden -fpic  -g -O2  -c vendor/arpack/dsortr.f -o vendor/arpack/dsortr.o
#13 757.1 gfortran -fvisibility=hidden -fpic  -g -O2  -c vendor/arpack/dstatn.f -o vendor/arpack/dstatn.o
#13 757.1 gfortran -fvisibility=hidden -fpic  -g -O2  -c vendor/arpack/dstats.f -o vendor/arpack/dstats.o
#13 757.2 gfortran -fvisibility=hidden -fpic  -g -O2  -c vendor/arpack/dstqrb.f -o vendor/arpack/dstqrb.o
#13 757.4 gfortran -fvisibility=hidden -fpic  -g -O2  -c vendor/arpack/dvout.f -o vendor/arpack/dvout.o
#13 757.4 gfortran -fvisibility=hidden -fpic  -g -O2  -c vendor/arpack/ivout.f -o vendor/arpack/ivout.o
#13 757.4 gfortran -fvisibility=hidden -fpic  -g -O2  -c vendor/arpack/second.f -o vendor/arpack/second.o
#13 757.4 gfortran -fvisibility=hidden -fpic  -g -O2  -c vendor/arpack/wrap.f -o vendor/arpack/wrap.o
#13 757.5 gcc -I"/usr/local/lib/R/include" -DNDEBUG -DUSING_R -I. -Ivendor -Ivendor/cigraph/src -Ivendor/cigraph/include -Ivendor/cigraph/vendor -Ivendor/io/parsers  -I/usr/include/libxml2 -DHAVE_LIBXML -Ivendor/cigraph/vendor/glpk -Ivendor/cigraph/vendor/glpk/env -Ivendor/cigraph/vendor/glpk/minisat -Ivendor/cigraph/vendor/glpk/misc -Ivendor/cigraph/vendor/glpk/draft -Ivendor/cigraph/vendor/glpk/npp -Ivendor/cigraph/vendor/glpk/api -Ivendor/cigraph/vendor/glpk/mpl -Ivendor/cigraph/vendor/glpk/bflib -Ivendor/cigraph/vendor/glpk/amd -Ivendor/cigraph/vendor/glpk/simplex -Ivendor/cigraph/vendor/glpk/colamd -DNDEBUG -DNTIMER -DNPRINT -DIGRAPH_THREAD_LOCAL= -DPRPACK_IGRAPH_SUPPORT -DHAVE_GFORTRAN=1 -D_GNU_SOURCE=1 -I'/usr/local/lib/R/library/cpp11/include' -I/usr/local/include   -fvisibility=hidden -fpic  -g -O2  -c vendor/cigraph/src/centrality/betweenness.c -o vendor/cigraph/src/centrality/betweenness.o
#13 758.0 gcc -I"/usr/local/lib/R/include" -DNDEBUG -DUSING_R -I. -Ivendor -Ivendor/cigraph/src -Ivendor/cigraph/include -Ivendor/cigraph/vendor -Ivendor/io/parsers  -I/usr/include/libxml2 -DHAVE_LIBXML -Ivendor/cigraph/vendor/glpk -Ivendor/cigraph/vendor/glpk/env -Ivendor/cigraph/vendor/glpk/minisat -Ivendor/cigraph/vendor/glpk/misc -Ivendor/cigraph/vendor/glpk/draft -Ivendor/cigraph/vendor/glpk/npp -Ivendor/cigraph/vendor/glpk/api -Ivendor/cigraph/vendor/glpk/mpl -Ivendor/cigraph/vendor/glpk/bflib -Ivendor/cigraph/vendor/glpk/amd -Ivendor/cigraph/vendor/glpk/simplex -Ivendor/cigraph/vendor/glpk/colamd -DNDEBUG -DNTIMER -DNPRINT -DIGRAPH_THREAD_LOCAL= -DPRPACK_IGRAPH_SUPPORT -DHAVE_GFORTRAN=1 -D_GNU_SOURCE=1 -I'/usr/local/lib/R/library/cpp11/include' -I/usr/local/include   -fvisibility=hidden -fpic  -g -O2  -c vendor/cigraph/src/centrality/centrality_other.c -o vendor/cigraph/src/centrality/centrality_other.o
#13 758.1 gcc -I"/usr/local/lib/R/include" -DNDEBUG -DUSING_R -I. -Ivendor -Ivendor/cigraph/src -Ivendor/cigraph/include -Ivendor/cigraph/vendor -Ivendor/io/parsers  -I/usr/include/libxml2 -DHAVE_LIBXML -Ivendor/cigraph/vendor/glpk -Ivendor/cigraph/vendor/glpk/env -Ivendor/cigraph/vendor/glpk/minisat -Ivendor/cigraph/vendor/glpk/misc -Ivendor/cigraph/vendor/glpk/draft -Ivendor/cigraph/vendor/glpk/npp -Ivendor/cigraph/vendor/glpk/api -Ivendor/cigraph/vendor/glpk/mpl -Ivendor/cigraph/vendor/glpk/bflib -Ivendor/cigraph/vendor/glpk/amd -Ivendor/cigraph/vendor/glpk/simplex -Ivendor/cigraph/vendor/glpk/colamd -DNDEBUG -DNTIMER -DNPRINT -DIGRAPH_THREAD_LOCAL= -DPRPACK_IGRAPH_SUPPORT -DHAVE_GFORTRAN=1 -D_GNU_SOURCE=1 -I'/usr/local/lib/R/library/cpp11/include' -I/usr/local/include   -fvisibility=hidden -fpic  -g -O2  -c vendor/cigraph/src/centrality/centralization.c -o vendor/cigraph/src/centrality/centralization.o
#13 758.2 gcc -I"/usr/local/lib/R/include" -DNDEBUG -DUSING_R -I. -Ivendor -Ivendor/cigraph/src -Ivendor/cigraph/include -Ivendor/cigraph/vendor -Ivendor/io/parsers  -I/usr/include/libxml2 -DHAVE_LIBXML -Ivendor/cigraph/vendor/glpk -Ivendor/cigraph/vendor/glpk/env -Ivendor/cigraph/vendor/glpk/minisat -Ivendor/cigraph/vendor/glpk/misc -Ivendor/cigraph/vendor/glpk/draft -Ivendor/cigraph/vendor/glpk/npp -Ivendor/cigraph/vendor/glpk/api -Ivendor/cigraph/vendor/glpk/mpl -Ivendor/cigraph/vendor/glpk/bflib -Ivendor/cigraph/vendor/glpk/amd -Ivendor/cigraph/vendor/glpk/simplex -Ivendor/cigraph/vendor/glpk/colamd -DNDEBUG -DNTIMER -DNPRINT -DIGRAPH_THREAD_LOCAL= -DPRPACK_IGRAPH_SUPPORT -DHAVE_GFORTRAN=1 -D_GNU_SOURCE=1 -I'/usr/local/lib/R/library/cpp11/include' -I/usr/local/include   -fvisibility=hidden -fpic  -g -O2  -c vendor/cigraph/src/centrality/closeness.c -o vendor/cigraph/src/centrality/closeness.o
#13 758.5 gcc -I"/usr/local/lib/R/include" -DNDEBUG -DUSING_R -I. -Ivendor -Ivendor/cigraph/src -Ivendor/cigraph/include -Ivendor/cigraph/vendor -Ivendor/io/parsers  -I/usr/include/libxml2 -DHAVE_LIBXML -Ivendor/cigraph/vendor/glpk -Ivendor/cigraph/vendor/glpk/env -Ivendor/cigraph/vendor/glpk/minisat -Ivendor/cigraph/vendor/glpk/misc -Ivendor/cigraph/vendor/glpk/draft -Ivendor/cigraph/vendor/glpk/npp -Ivendor/cigraph/vendor/glpk/api -Ivendor/cigraph/vendor/glpk/mpl -Ivendor/cigraph/vendor/glpk/bflib -Ivendor/cigraph/vendor/glpk/amd -Ivendor/cigraph/vendor/glpk/simplex -Ivendor/cigraph/vendor/glpk/colamd -DNDEBUG -DNTIMER -DNPRINT -DIGRAPH_THREAD_LOCAL= -DPRPACK_IGRAPH_SUPPORT -DHAVE_GFORTRAN=1 -D_GNU_SOURCE=1 -I'/usr/local/lib/R/library/cpp11/include' -I/usr/local/include   -fvisibility=hidden -fpic  -g -O2  -c vendor/cigraph/src/centrality/coreness.c -o vendor/cigraph/src/centrality/coreness.o
#13 758.6 gcc -I"/usr/local/lib/R/include" -DNDEBUG -DUSING_R -I. -Ivendor -Ivendor/cigraph/src -Ivendor/cigraph/include -Ivendor/cigraph/vendor -Ivendor/io/parsers  -I/usr/include/libxml2 -DHAVE_LIBXML -Ivendor/cigraph/vendor/glpk -Ivendor/cigraph/vendor/glpk/env -Ivendor/cigraph/vendor/glpk/minisat -Ivendor/cigraph/vendor/glpk/misc -Ivendor/cigraph/vendor/glpk/draft -Ivendor/cigraph/vendor/glpk/npp -Ivendor/cigraph/vendor/glpk/api -Ivendor/cigraph/vendor/glpk/mpl -Ivendor/cigraph/vendor/glpk/bflib -Ivendor/cigraph/vendor/glpk/amd -Ivendor/cigraph/vendor/glpk/simplex -Ivendor/cigraph/vendor/glpk/colamd -DNDEBUG -DNTIMER -DNPRINT -DIGRAPH_THREAD_LOCAL= -DPRPACK_IGRAPH_SUPPORT -DHAVE_GFORTRAN=1 -D_GNU_SOURCE=1 -I'/usr/local/lib/R/library/cpp11/include' -I/usr/local/include   -fvisibility=hidden -fpic  -g -O2  -c vendor/cigraph/src/centrality/eigenvector.c -o vendor/cigraph/src/centrality/eigenvector.o
#13 758.9 gcc -I"/usr/local/lib/R/include" -DNDEBUG -DUSING_R -I. -Ivendor -Ivendor/cigraph/src -Ivendor/cigraph/include -Ivendor/cigraph/vendor -Ivendor/io/parsers  -I/usr/include/libxml2 -DHAVE_LIBXML -Ivendor/cigraph/vendor/glpk -Ivendor/cigraph/vendor/glpk/env -Ivendor/cigraph/vendor/glpk/minisat -Ivendor/cigraph/vendor/glpk/misc -Ivendor/cigraph/vendor/glpk/draft -Ivendor/cigraph/vendor/glpk/npp -Ivendor/cigraph/vendor/glpk/api -Ivendor/cigraph/vendor/glpk/mpl -Ivendor/cigraph/vendor/glpk/bflib -Ivendor/cigraph/vendor/glpk/amd -Ivendor/cigraph/vendor/glpk/simplex -Ivendor/cigraph/vendor/glpk/colamd -DNDEBUG -DNTIMER -DNPRINT -DIGRAPH_THREAD_LOCAL= -DPRPACK_IGRAPH_SUPPORT -DHAVE_GFORTRAN=1 -D_GNU_SOURCE=1 -I'/usr/local/lib/R/library/cpp11/include' -I/usr/local/include   -fvisibility=hidden -fpic  -g -O2  -c vendor/cigraph/src/centrality/hub_authority.c -o vendor/cigraph/src/centrality/hub_authority.o
#13 759.1 gcc -I"/usr/local/lib/R/include" -DNDEBUG -DUSING_R -I. -Ivendor -Ivendor/cigraph/src -Ivendor/cigraph/include -Ivendor/cigraph/vendor -Ivendor/io/parsers  -I/usr/include/libxml2 -DHAVE_LIBXML -Ivendor/cigraph/vendor/glpk -Ivendor/cigraph/vendor/glpk/env -Ivendor/cigraph/vendor/glpk/minisat -Ivendor/cigraph/vendor/glpk/misc -Ivendor/cigraph/vendor/glpk/draft -Ivendor/cigraph/vendor/glpk/npp -Ivendor/cigraph/vendor/glpk/api -Ivendor/cigraph/vendor/glpk/mpl -Ivendor/cigraph/vendor/glpk/bflib -Ivendor/cigraph/vendor/glpk/amd -Ivendor/cigraph/vendor/glpk/simplex -Ivendor/cigraph/vendor/glpk/colamd -DNDEBUG -DNTIMER -DNPRINT -DIGRAPH_THREAD_LOCAL= -DPRPACK_IGRAPH_SUPPORT -DHAVE_GFORTRAN=1 -D_GNU_SOURCE=1 -I'/usr/local/lib/R/library/cpp11/include' -I/usr/local/include   -fvisibility=hidden -fpic  -g -O2  -c vendor/cigraph/src/centrality/pagerank.c -o vendor/cigraph/src/centrality/pagerank.o
#13 759.4 g++ -std=gnu++17 -I"/usr/local/lib/R/include" -DNDEBUG -DUSING_R -I. -Ivendor -Ivendor/cigraph/src -Ivendor/cigraph/include -Ivendor/cigraph/vendor -Ivendor/io/parsers  -I/usr/include/libxml2 -DHAVE_LIBXML -Ivendor/cigraph/vendor/glpk -Ivendor/cigraph/vendor/glpk/env -Ivendor/cigraph/vendor/glpk/minisat -Ivendor/cigraph/vendor/glpk/misc -Ivendor/cigraph/vendor/glpk/draft -Ivendor/cigraph/vendor/glpk/npp -Ivendor/cigraph/vendor/glpk/api -Ivendor/cigraph/vendor/glpk/mpl -Ivendor/cigraph/vendor/glpk/bflib -Ivendor/cigraph/vendor/glpk/amd -Ivendor/cigraph/vendor/glpk/simplex -Ivendor/cigraph/vendor/glpk/colamd -DNDEBUG -DNTIMER -DNPRINT -DIGRAPH_THREAD_LOCAL= -DPRPACK_IGRAPH_SUPPORT -DHAVE_GFORTRAN=1 -D_GNU_SOURCE=1 -I'/usr/local/lib/R/library/cpp11/include' -I/usr/local/include   -fvisibility=hidden -fpic  -g -O2   -c vendor/cigraph/src/centrality/prpack.cpp -o vendor/cigraph/src/centrality/prpack.o
#13 759.9 g++ -std=gnu++17 -I"/usr/local/lib/R/include" -DNDEBUG -DUSING_R -I. -Ivendor -Ivendor/cigraph/src -Ivendor/cigraph/include -Ivendor/cigraph/vendor -Ivendor/io/parsers  -I/usr/include/libxml2 -DHAVE_LIBXML -Ivendor/cigraph/vendor/glpk -Ivendor/cigraph/vendor/glpk/env -Ivendor/cigraph/vendor/glpk/minisat -Ivendor/cigraph/vendor/glpk/misc -Ivendor/cigraph/vendor/glpk/draft -Ivendor/cigraph/vendor/glpk/npp -Ivendor/cigraph/vendor/glpk/api -Ivendor/cigraph/vendor/glpk/mpl -Ivendor/cigraph/vendor/glpk/bflib -Ivendor/cigraph/vendor/glpk/amd -Ivendor/cigraph/vendor/glpk/simplex -Ivendor/cigraph/vendor/glpk/colamd -DNDEBUG -DNTIMER -DNPRINT -DIGRAPH_THREAD_LOCAL= -DPRPACK_IGRAPH_SUPPORT -DHAVE_GFORTRAN=1 -D_GNU_SOURCE=1 -I'/usr/local/lib/R/library/cpp11/include' -I/usr/local/include   -fvisibility=hidden -fpic  -g -O2   -c vendor/cigraph/src/centrality/prpack/prpack_base_graph.cpp -o vendor/cigraph/src/centrality/prpack/prpack_base_graph.o
#13 760.4 g++ -std=gnu++17 -I"/usr/local/lib/R/include" -DNDEBUG -DUSING_R -I. -Ivendor -Ivendor/cigraph/src -Ivendor/cigraph/include -Ivendor/cigraph/vendor -Ivendor/io/parsers  -I/usr/include/libxml2 -DHAVE_LIBXML -Ivendor/cigraph/vendor/glpk -Ivendor/cigraph/vendor/glpk/env -Ivendor/cigraph/vendor/glpk/minisat -Ivendor/cigraph/vendor/glpk/misc -Ivendor/cigraph/vendor/glpk/draft -Ivendor/cigraph/vendor/glpk/npp -Ivendor/cigraph/vendor/glpk/api -Ivendor/cigraph/vendor/glpk/mpl -Ivendor/cigraph/vendor/glpk/bflib -Ivendor/cigraph/vendor/glpk/amd -Ivendor/cigraph/vendor/glpk/simplex -Ivendor/cigraph/vendor/glpk/colamd -DNDEBUG -DNTIMER -DNPRINT -DIGRAPH_THREAD_LOCAL= -DPRPACK_IGRAPH_SUPPORT -DHAVE_GFORTRAN=1 -D_GNU_SOURCE=1 -I'/usr/local/lib/R/library/cpp11/include' -I/usr/local/include   -fvisibility=hidden -fpic  -g -O2   -c vendor/cigraph/src/centrality/prpack/prpack_igraph_graph.cpp -o vendor/cigraph/src/centrality/prpack/prpack_igraph_graph.o
#13 760.7 g++ -std=gnu++17 -I"/usr/local/lib/R/include" -DNDEBUG -DUSING_R -I. -Ivendor -Ivendor/cigraph/src -Ivendor/cigraph/include -Ivendor/cigraph/vendor -Ivendor/io/parsers  -I/usr/include/libxml2 -DHAVE_LIBXML -Ivendor/cigraph/vendor/glpk -Ivendor/cigraph/vendor/glpk/env -Ivendor/cigraph/vendor/glpk/minisat -Ivendor/cigraph/vendor/glpk/misc -Ivendor/cigraph/vendor/glpk/draft -Ivendor/cigraph/vendor/glpk/npp -Ivendor/cigraph/vendor/glpk/api -Ivendor/cigraph/vendor/glpk/mpl -Ivendor/cigraph/vendor/glpk/bflib -Ivendor/cigraph/vendor/glpk/amd -Ivendor/cigraph/vendor/glpk/simplex -Ivendor/cigraph/vendor/glpk/colamd -DNDEBUG -DNTIMER -DNPRINT -DIGRAPH_THREAD_LOCAL= -DPRPACK_IGRAPH_SUPPORT -DHAVE_GFORTRAN=1 -D_GNU_SOURCE=1 -I'/usr/local/lib/R/library/cpp11/include' -I/usr/local/include   -fvisibility=hidden -fpic  -g -O2   -c vendor/cigraph/src/centrality/prpack/prpack_preprocessed_ge_graph.cpp -o vendor/cigraph/src/centrality/prpack/prpack_preprocessed_ge_graph.o
#13 760.9 g++ -std=gnu++17 -I"/usr/local/lib/R/include" -DNDEBUG -DUSING_R -I. -Ivendor -Ivendor/cigraph/src -Ivendor/cigraph/include -Ivendor/cigraph/vendor -Ivendor/io/parsers  -I/usr/include/libxml2 -DHAVE_LIBXML -Ivendor/cigraph/vendor/glpk -Ivendor/cigraph/vendor/glpk/env -Ivendor/cigraph/vendor/glpk/minisat -Ivendor/cigraph/vendor/glpk/misc -Ivendor/cigraph/vendor/glpk/draft -Ivendor/cigraph/vendor/glpk/npp -Ivendor/cigraph/vendor/glpk/api -Ivendor/cigraph/vendor/glpk/mpl -Ivendor/cigraph/vendor/glpk/bflib -Ivendor/cigraph/vendor/glpk/amd -Ivendor/cigraph/vendor/glpk/simplex -Ivendor/cigraph/vendor/glpk/colamd -DNDEBUG -DNTIMER -DNPRINT -DIGRAPH_THREAD_LOCAL= -DPRPACK_IGRAPH_SUPPORT -DHAVE_GFORTRAN=1 -D_GNU_SOURCE=1 -I'/usr/local/lib/R/library/cpp11/include' -I/usr/local/include   -fvisibility=hidden -fpic  -g -O2   -c vendor/cigraph/src/centrality/prpack/prpack_preprocessed_gs_graph.cpp -o vendor/cigraph/src/centrality/prpack/prpack_preprocessed_gs_graph.o
#13 761.1 g++ -std=gnu++17 -I"/usr/local/lib/R/include" -DNDEBUG -DUSING_R -I. -Ivendor -Ivendor/cigraph/src -Ivendor/cigraph/include -Ivendor/cigraph/vendor -Ivendor/io/parsers  -I/usr/include/libxml2 -DHAVE_LIBXML -Ivendor/cigraph/vendor/glpk -Ivendor/cigraph/vendor/glpk/env -Ivendor/cigraph/vendor/glpk/minisat -Ivendor/cigraph/vendor/glpk/misc -Ivendor/cigraph/vendor/glpk/draft -Ivendor/cigraph/vendor/glpk/npp -Ivendor/cigraph/vendor/glpk/api -Ivendor/cigraph/vendor/glpk/mpl -Ivendor/cigraph/vendor/glpk/bflib -Ivendor/cigraph/vendor/glpk/amd -Ivendor/cigraph/vendor/glpk/simplex -Ivendor/cigraph/vendor/glpk/colamd -DNDEBUG -DNTIMER -DNPRINT -DIGRAPH_THREAD_LOCAL= -DPRPACK_IGRAPH_SUPPORT -DHAVE_GFORTRAN=1 -D_GNU_SOURCE=1 -I'/usr/local/lib/R/library/cpp11/include' -I/usr/local/include   -fvisibility=hidden -fpic  -g -O2   -c vendor/cigraph/src/centrality/prpack/prpack_preprocessed_scc_graph.cpp -o vendor/cigraph/src/centrality/prpack/prpack_preprocessed_scc_graph.o
#13 761.4 g++ -std=gnu++17 -I"/usr/local/lib/R/include" -DNDEBUG -DUSING_R -I. -Ivendor -Ivendor/cigraph/src -Ivendor/cigraph/include -Ivendor/cigraph/vendor -Ivendor/io/parsers  -I/usr/include/libxml2 -DHAVE_LIBXML -Ivendor/cigraph/vendor/glpk -Ivendor/cigraph/vendor/glpk/env -Ivendor/cigraph/vendor/glpk/minisat -Ivendor/cigraph/vendor/glpk/misc -Ivendor/cigraph/vendor/glpk/draft -Ivendor/cigraph/vendor/glpk/npp -Ivendor/cigraph/vendor/glpk/api -Ivendor/cigraph/vendor/glpk/mpl -Ivendor/cigraph/vendor/glpk/bflib -Ivendor/cigraph/vendor/glpk/amd -Ivendor/cigraph/vendor/glpk/simplex -Ivendor/cigraph/vendor/glpk/colamd -DNDEBUG -DNTIMER -DNPRINT -DIGRAPH_THREAD_LOCAL= -DPRPACK_IGRAPH_SUPPORT -DHAVE_GFORTRAN=1 -D_GNU_SOURCE=1 -I'/usr/local/lib/R/library/cpp11/include' -I/usr/local/include   -fvisibility=hidden -fpic  -g -O2   -c vendor/cigraph/src/centrality/prpack/prpack_preprocessed_schur_graph.cpp -o vendor/cigraph/src/centrality/prpack/prpack_preprocessed_schur_graph.o
#13 761.6 g++ -std=gnu++17 -I"/usr/local/lib/R/include" -DNDEBUG -DUSING_R -I. -Ivendor -Ivendor/cigraph/src -Ivendor/cigraph/include -Ivendor/cigraph/vendor -Ivendor/io/parsers  -I/usr/include/libxml2 -DHAVE_LIBXML -Ivendor/cigraph/vendor/glpk -Ivendor/cigraph/vendor/glpk/env -Ivendor/cigraph/vendor/glpk/minisat -Ivendor/cigraph/vendor/glpk/misc -Ivendor/cigraph/vendor/glpk/draft -Ivendor/cigraph/vendor/glpk/npp -Ivendor/cigraph/vendor/glpk/api -Ivendor/cigraph/vendor/glpk/mpl -Ivendor/cigraph/vendor/glpk/bflib -Ivendor/cigraph/vendor/glpk/amd -Ivendor/cigraph/vendor/glpk/simplex -Ivendor/cigraph/vendor/glpk/colamd -DNDEBUG -DNTIMER -DNPRINT -DIGRAPH_THREAD_LOCAL= -DPRPACK_IGRAPH_SUPPORT -DHAVE_GFORTRAN=1 -D_GNU_SOURCE=1 -I'/usr/local/lib/R/library/cpp11/include' -I/usr/local/include   -fvisibility=hidden -fpic  -g -O2   -c vendor/cigraph/src/centrality/prpack/prpack_result.cpp -o vendor/cigraph/src/centrality/prpack/prpack_result.o
#13 761.8 g++ -std=gnu++17 -I"/usr/local/lib/R/include" -DNDEBUG -DUSING_R -I. -Ivendor -Ivendor/cigraph/src -Ivendor/cigraph/include -Ivendor/cigraph/vendor -Ivendor/io/parsers  -I/usr/include/libxml2 -DHAVE_LIBXML -Ivendor/cigraph/vendor/glpk -Ivendor/cigraph/vendor/glpk/env -Ivendor/cigraph/vendor/glpk/minisat -Ivendor/cigraph/vendor/glpk/misc -Ivendor/cigraph/vendor/glpk/draft -Ivendor/cigraph/vendor/glpk/npp -Ivendor/cigraph/vendor/glpk/api -Ivendor/cigraph/vendor/glpk/mpl -Ivendor/cigraph/vendor/glpk/bflib -Ivendor/cigraph/vendor/glpk/amd -Ivendor/cigraph/vendor/glpk/simplex -Ivendor/cigraph/vendor/glpk/colamd -DNDEBUG -DNTIMER -DNPRINT -DIGRAPH_THREAD_LOCAL= -DPRPACK_IGRAPH_SUPPORT -DHAVE_GFORTRAN=1 -D_GNU_SOURCE=1 -I'/usr/local/lib/R/library/cpp11/include' -I/usr/local/include   -fvisibility=hidden -fpic  -g -O2   -c vendor/cigraph/src/centrality/prpack/prpack_solver.cpp -o vendor/cigraph/src/centrality/prpack/prpack_solver.o
#13 762.8 g++ -std=gnu++17 -I"/usr/local/lib/R/include" -DNDEBUG -DUSING_R -I. -Ivendor -Ivendor/cigraph/src -Ivendor/cigraph/include -Ivendor/cigraph/vendor -Ivendor/io/parsers  -I/usr/include/libxml2 -DHAVE_LIBXML -Ivendor/cigraph/vendor/glpk -Ivendor/cigraph/vendor/glpk/env -Ivendor/cigraph/vendor/glpk/minisat -Ivendor/cigraph/vendor/glpk/misc -Ivendor/cigraph/vendor/glpk/draft -Ivendor/cigraph/vendor/glpk/npp -Ivendor/cigraph/vendor/glpk/api -Ivendor/cigraph/vendor/glpk/mpl -Ivendor/cigraph/vendor/glpk/bflib -Ivendor/cigraph/vendor/glpk/amd -Ivendor/cigraph/vendor/glpk/simplex -Ivendor/cigraph/vendor/glpk/colamd -DNDEBUG -DNTIMER -DNPRINT -DIGRAPH_THREAD_LOCAL= -DPRPACK_IGRAPH_SUPPORT -DHAVE_GFORTRAN=1 -D_GNU_SOURCE=1 -I'/usr/local/lib/R/library/cpp11/include' -I/usr/local/include   -fvisibility=hidden -fpic  -g -O2   -c vendor/cigraph/src/centrality/prpack/prpack_utils.cpp -o vendor/cigraph/src/centrality/prpack/prpack_utils.o
#13 763.1 g++ -std=gnu++17 -I"/usr/local/lib/R/include" -DNDEBUG -DUSING_R -I. -Ivendor -Ivendor/cigraph/src -Ivendor/cigraph/include -Ivendor/cigraph/vendor -Ivendor/io/parsers  -I/usr/include/libxml2 -DHAVE_LIBXML -Ivendor/cigraph/vendor/glpk -Ivendor/cigraph/vendor/glpk/env -Ivendor/cigraph/vendor/glpk/minisat -Ivendor/cigraph/vendor/glpk/misc -Ivendor/cigraph/vendor/glpk/draft -Ivendor/cigraph/vendor/glpk/npp -Ivendor/cigraph/vendor/glpk/api -Ivendor/cigraph/vendor/glpk/mpl -Ivendor/cigraph/vendor/glpk/bflib -Ivendor/cigraph/vendor/glpk/amd -Ivendor/cigraph/vendor/glpk/simplex -Ivendor/cigraph/vendor/glpk/colamd -DNDEBUG -DNTIMER -DNPRINT -DIGRAPH_THREAD_LOCAL= -DPRPACK_IGRAPH_SUPPORT -DHAVE_GFORTRAN=1 -D_GNU_SOURCE=1 -I'/usr/local/lib/R/library/cpp11/include' -I/usr/local/include   -fvisibility=hidden -fpic  -g -O2   -c vendor/cigraph/src/centrality/truss.cpp -o vendor/cigraph/src/centrality/truss.o
#13 763.9 gcc -I"/usr/local/lib/R/include" -DNDEBUG -DUSING_R -I. -Ivendor -Ivendor/cigraph/src -Ivendor/cigraph/include -Ivendor/cigraph/vendor -Ivendor/io/parsers  -I/usr/include/libxml2 -DHAVE_LIBXML -Ivendor/cigraph/vendor/glpk -Ivendor/cigraph/vendor/glpk/env -Ivendor/cigraph/vendor/glpk/minisat -Ivendor/cigraph/vendor/glpk/misc -Ivendor/cigraph/vendor/glpk/draft -Ivendor/cigraph/vendor/glpk/npp -Ivendor/cigraph/vendor/glpk/api -Ivendor/cigraph/vendor/glpk/mpl -Ivendor/cigraph/vendor/glpk/bflib -Ivendor/cigraph/vendor/glpk/amd -Ivendor/cigraph/vendor/glpk/simplex -Ivendor/cigraph/vendor/glpk/colamd -DNDEBUG -DNTIMER -DNPRINT -DIGRAPH_THREAD_LOCAL= -DPRPACK_IGRAPH_SUPPORT -DHAVE_GFORTRAN=1 -D_GNU_SOURCE=1 -I'/usr/local/lib/R/library/cpp11/include' -I/usr/local/include   -fvisibility=hidden -fpic  -g -O2  -c vendor/cigraph/src/cliques/cliquer/cliquer.c -o vendor/cigraph/src/cliques/cliquer/cliquer.o
#13 764.5 gcc -I"/usr/local/lib/R/include" -DNDEBUG -DUSING_R -I. -Ivendor -Ivendor/cigraph/src -Ivendor/cigraph/include -Ivendor/cigraph/vendor -Ivendor/io/parsers  -I/usr/include/libxml2 -DHAVE_LIBXML -Ivendor/cigraph/vendor/glpk -Ivendor/cigraph/vendor/glpk/env -Ivendor/cigraph/vendor/glpk/minisat -Ivendor/cigraph/vendor/glpk/misc -Ivendor/cigraph/vendor/glpk/draft -Ivendor/cigraph/vendor/glpk/npp -Ivendor/cigraph/vendor/glpk/api -Ivendor/cigraph/vendor/glpk/mpl -Ivendor/cigraph/vendor/glpk/bflib -Ivendor/cigraph/vendor/glpk/amd -Ivendor/cigraph/vendor/glpk/simplex -Ivendor/cigraph/vendor/glpk/colamd -DNDEBUG -DNTIMER -DNPRINT -DIGRAPH_THREAD_LOCAL= -DPRPACK_IGRAPH_SUPPORT -DHAVE_GFORTRAN=1 -D_GNU_SOURCE=1 -I'/usr/local/lib/R/library/cpp11/include' -I/usr/local/include   -fvisibility=hidden -fpic  -g -O2  -c vendor/cigraph/src/cliques/cliquer/cliquer_graph.c -o vendor/cigraph/src/cliques/cliquer/cliquer_graph.o
#13 764.6 gcc -I"/usr/local/lib/R/include" -DNDEBUG -DUSING_R -I. -Ivendor -Ivendor/cigraph/src -Ivendor/cigraph/include -Ivendor/cigraph/vendor -Ivendor/io/parsers  -I/usr/include/libxml2 -DHAVE_LIBXML -Ivendor/cigraph/vendor/glpk -Ivendor/cigraph/vendor/glpk/env -Ivendor/cigraph/vendor/glpk/minisat -Ivendor/cigraph/vendor/glpk/misc -Ivendor/cigraph/vendor/glpk/draft -Ivendor/cigraph/vendor/glpk/npp -Ivendor/cigraph/vendor/glpk/api -Ivendor/cigraph/vendor/glpk/mpl -Ivendor/cigraph/vendor/glpk/bflib -Ivendor/cigraph/vendor/glpk/amd -Ivendor/cigraph/vendor/glpk/simplex -Ivendor/cigraph/vendor/glpk/colamd -DNDEBUG -DNTIMER -DNPRINT -DIGRAPH_THREAD_LOCAL= -DPRPACK_IGRAPH_SUPPORT -DHAVE_GFORTRAN=1 -D_GNU_SOURCE=1 -I'/usr/local/lib/R/library/cpp11/include' -I/usr/local/include   -fvisibility=hidden -fpic  -g -O2  -c vendor/cigraph/src/cliques/cliquer/reorder.c -o vendor/cigraph/src/cliques/cliquer/reorder.o
#13 764.9 gcc -I"/usr/local/lib/R/include" -DNDEBUG -DUSING_R -I. -Ivendor -Ivendor/cigraph/src -Ivendor/cigraph/include -Ivendor/cigraph/vendor -Ivendor/io/parsers  -I/usr/include/libxml2 -DHAVE_LIBXML -Ivendor/cigraph/vendor/glpk -Ivendor/cigraph/vendor/glpk/env -Ivendor/cigraph/vendor/glpk/minisat -Ivendor/cigraph/vendor/glpk/misc -Ivendor/cigraph/vendor/glpk/draft -Ivendor/cigraph/vendor/glpk/npp -Ivendor/cigraph/vendor/glpk/api -Ivendor/cigraph/vendor/glpk/mpl -Ivendor/cigraph/vendor/glpk/bflib -Ivendor/cigraph/vendor/glpk/amd -Ivendor/cigraph/vendor/glpk/simplex -Ivendor/cigraph/vendor/glpk/colamd -DNDEBUG -DNTIMER -DNPRINT -DIGRAPH_THREAD_LOCAL= -DPRPACK_IGRAPH_SUPPORT -DHAVE_GFORTRAN=1 -D_GNU_SOURCE=1 -I'/usr/local/lib/R/library/cpp11/include' -I/usr/local/include   -fvisibility=hidden -fpic  -g -O2  -c vendor/cigraph/src/cliques/cliquer_wrapper.c -o vendor/cigraph/src/cliques/cliquer_wrapper.o
#13 765.2 gcc -I"/usr/local/lib/R/include" -DNDEBUG -DUSING_R -I. -Ivendor -Ivendor/cigraph/src -Ivendor/cigraph/include -Ivendor/cigraph/vendor -Ivendor/io/parsers  -I/usr/include/libxml2 -DHAVE_LIBXML -Ivendor/cigraph/vendor/glpk -Ivendor/cigraph/vendor/glpk/env -Ivendor/cigraph/vendor/glpk/minisat -Ivendor/cigraph/vendor/glpk/misc -Ivendor/cigraph/vendor/glpk/draft -Ivendor/cigraph/vendor/glpk/npp -Ivendor/cigraph/vendor/glpk/api -Ivendor/cigraph/vendor/glpk/mpl -Ivendor/cigraph/vendor/glpk/bflib -Ivendor/cigraph/vendor/glpk/amd -Ivendor/cigraph/vendor/glpk/simplex -Ivendor/cigraph/vendor/glpk/colamd -DNDEBUG -DNTIMER -DNPRINT -DIGRAPH_THREAD_LOCAL= -DPRPACK_IGRAPH_SUPPORT -DHAVE_GFORTRAN=1 -D_GNU_SOURCE=1 -I'/usr/local/lib/R/library/cpp11/include' -I/usr/local/include   -fvisibility=hidden -fpic  -g -O2  -c vendor/cigraph/src/cliques/cliques.c -o vendor/cigraph/src/cliques/cliques.o
#13 765.5 gcc -I"/usr/local/lib/R/include" -DNDEBUG -DUSING_R -I. -Ivendor -Ivendor/cigraph/src -Ivendor/cigraph/include -Ivendor/cigraph/vendor -Ivendor/io/parsers  -I/usr/include/libxml2 -DHAVE_LIBXML -Ivendor/cigraph/vendor/glpk -Ivendor/cigraph/vendor/glpk/env -Ivendor/cigraph/vendor/glpk/minisat -Ivendor/cigraph/vendor/glpk/misc -Ivendor/cigraph/vendor/glpk/draft -Ivendor/cigraph/vendor/glpk/npp -Ivendor/cigraph/vendor/glpk/api -Ivendor/cigraph/vendor/glpk/mpl -Ivendor/cigraph/vendor/glpk/bflib -Ivendor/cigraph/vendor/glpk/amd -Ivendor/cigraph/vendor/glpk/simplex -Ivendor/cigraph/vendor/glpk/colamd -DNDEBUG -DNTIMER -DNPRINT -DIGRAPH_THREAD_LOCAL= -DPRPACK_IGRAPH_SUPPORT -DHAVE_GFORTRAN=1 -D_GNU_SOURCE=1 -I'/usr/local/lib/R/library/cpp11/include' -I/usr/local/include   -fvisibility=hidden -fpic  -g -O2  -c vendor/cigraph/src/cliques/glet.c -o vendor/cigraph/src/cliques/glet.o
#13 766.0 gcc -I"/usr/local/lib/R/include" -DNDEBUG -DUSING_R -I. -Ivendor -Ivendor/cigraph/src -Ivendor/cigraph/include -Ivendor/cigraph/vendor -Ivendor/io/parsers  -I/usr/include/libxml2 -DHAVE_LIBXML -Ivendor/cigraph/vendor/glpk -Ivendor/cigraph/vendor/glpk/env -Ivendor/cigraph/vendor/glpk/minisat -Ivendor/cigraph/vendor/glpk/misc -Ivendor/cigraph/vendor/glpk/draft -Ivendor/cigraph/vendor/glpk/npp -Ivendor/cigraph/vendor/glpk/api -Ivendor/cigraph/vendor/glpk/mpl -Ivendor/cigraph/vendor/glpk/bflib -Ivendor/cigraph/vendor/glpk/amd -Ivendor/cigraph/vendor/glpk/simplex -Ivendor/cigraph/vendor/glpk/colamd -DNDEBUG -DNTIMER -DNPRINT -DIGRAPH_THREAD_LOCAL= -DPRPACK_IGRAPH_SUPPORT -DHAVE_GFORTRAN=1 -D_GNU_SOURCE=1 -I'/usr/local/lib/R/library/cpp11/include' -I/usr/local/include   -fvisibility=hidden -fpic  -g -O2  -c vendor/cigraph/src/cliques/maximal_cliques.c -o vendor/cigraph/src/cliques/maximal_cliques.o
#13 766.7 gcc -I"/usr/local/lib/R/include" -DNDEBUG -DUSING_R -I. -Ivendor -Ivendor/cigraph/src -Ivendor/cigraph/include -Ivendor/cigraph/vendor -Ivendor/io/parsers  -I/usr/include/libxml2 -DHAVE_LIBXML -Ivendor/cigraph/vendor/glpk -Ivendor/cigraph/vendor/glpk/env -Ivendor/cigraph/vendor/glpk/minisat -Ivendor/cigraph/vendor/glpk/misc -Ivendor/cigraph/vendor/glpk/draft -Ivendor/cigraph/vendor/glpk/npp -Ivendor/cigraph/vendor/glpk/api -Ivendor/cigraph/vendor/glpk/mpl -Ivendor/cigraph/vendor/glpk/bflib -Ivendor/cigraph/vendor/glpk/amd -Ivendor/cigraph/vendor/glpk/simplex -Ivendor/cigraph/vendor/glpk/colamd -DNDEBUG -DNTIMER -DNPRINT -DIGRAPH_THREAD_LOCAL= -DPRPACK_IGRAPH_SUPPORT -DHAVE_GFORTRAN=1 -D_GNU_SOURCE=1 -I'/usr/local/lib/R/library/cpp11/include' -I/usr/local/include   -fvisibility=hidden -fpic  -g -O2  -c vendor/cigraph/src/community/community_misc.c -o vendor/cigraph/src/community/community_misc.o
#13 767.0 gcc -I"/usr/local/lib/R/include" -DNDEBUG -DUSING_R -I. -Ivendor -Ivendor/cigraph/src -Ivendor/cigraph/include -Ivendor/cigraph/vendor -Ivendor/io/parsers  -I/usr/include/libxml2 -DHAVE_LIBXML -Ivendor/cigraph/vendor/glpk -Ivendor/cigraph/vendor/glpk/env -Ivendor/cigraph/vendor/glpk/minisat -Ivendor/cigraph/vendor/glpk/misc -Ivendor/cigraph/vendor/glpk/draft -Ivendor/cigraph/vendor/glpk/npp -Ivendor/cigraph/vendor/glpk/api -Ivendor/cigraph/vendor/glpk/mpl -Ivendor/cigraph/vendor/glpk/bflib -Ivendor/cigraph/vendor/glpk/amd -Ivendor/cigraph/vendor/glpk/simplex -Ivendor/cigraph/vendor/glpk/colamd -DNDEBUG -DNTIMER -DNPRINT -DIGRAPH_THREAD_LOCAL= -DPRPACK_IGRAPH_SUPPORT -DHAVE_GFORTRAN=1 -D_GNU_SOURCE=1 -I'/usr/local/lib/R/library/cpp11/include' -I/usr/local/include   -fvisibility=hidden -fpic  -g -O2  -c vendor/cigraph/src/community/edge_betweenness.c -o vendor/cigraph/src/community/edge_betweenness.o
#13 767.4 gcc -I"/usr/local/lib/R/include" -DNDEBUG -DUSING_R -I. -Ivendor -Ivendor/cigraph/src -Ivendor/cigraph/include -Ivendor/cigraph/vendor -Ivendor/io/parsers  -I/usr/include/libxml2 -DHAVE_LIBXML -Ivendor/cigraph/vendor/glpk -Ivendor/cigraph/vendor/glpk/env -Ivendor/cigraph/vendor/glpk/minisat -Ivendor/cigraph/vendor/glpk/misc -Ivendor/cigraph/vendor/glpk/draft -Ivendor/cigraph/vendor/glpk/npp -Ivendor/cigraph/vendor/glpk/api -Ivendor/cigraph/vendor/glpk/mpl -Ivendor/cigraph/vendor/glpk/bflib -Ivendor/cigraph/vendor/glpk/amd -Ivendor/cigraph/vendor/glpk/simplex -Ivendor/cigraph/vendor/glpk/colamd -DNDEBUG -DNTIMER -DNPRINT -DIGRAPH_THREAD_LOCAL= -DPRPACK_IGRAPH_SUPPORT -DHAVE_GFORTRAN=1 -D_GNU_SOURCE=1 -I'/usr/local/lib/R/library/cpp11/include' -I/usr/local/include   -fvisibility=hidden -fpic  -g -O2  -c vendor/cigraph/src/community/fast_modularity.c -o vendor/cigraph/src/community/fast_modularity.o
#13 767.8 gcc -I"/usr/local/lib/R/include" -DNDEBUG -DUSING_R -I. -Ivendor -Ivendor/cigraph/src -Ivendor/cigraph/include -Ivendor/cigraph/vendor -Ivendor/io/parsers  -I/usr/include/libxml2 -DHAVE_LIBXML -Ivendor/cigraph/vendor/glpk -Ivendor/cigraph/vendor/glpk/env -Ivendor/cigraph/vendor/glpk/minisat -Ivendor/cigraph/vendor/glpk/misc -Ivendor/cigraph/vendor/glpk/draft -Ivendor/cigraph/vendor/glpk/npp -Ivendor/cigraph/vendor/glpk/api -Ivendor/cigraph/vendor/glpk/mpl -Ivendor/cigraph/vendor/glpk/bflib -Ivendor/cigraph/vendor/glpk/amd -Ivendor/cigraph/vendor/glpk/simplex -Ivendor/cigraph/vendor/glpk/colamd -DNDEBUG -DNTIMER -DNPRINT -DIGRAPH_THREAD_LOCAL= -DPRPACK_IGRAPH_SUPPORT -DHAVE_GFORTRAN=1 -D_GNU_SOURCE=1 -I'/usr/local/lib/R/library/cpp11/include' -I/usr/local/include   -fvisibility=hidden -fpic  -g -O2  -c vendor/cigraph/src/community/fluid.c -o vendor/cigraph/src/community/fluid.o
#13 767.9 g++ -std=gnu++17 -I"/usr/local/lib/R/include" -DNDEBUG -DUSING_R -I. -Ivendor -Ivendor/cigraph/src -Ivendor/cigraph/include -Ivendor/cigraph/vendor -Ivendor/io/parsers  -I/usr/include/libxml2 -DHAVE_LIBXML -Ivendor/cigraph/vendor/glpk -Ivendor/cigraph/vendor/glpk/env -Ivendor/cigraph/vendor/glpk/minisat -Ivendor/cigraph/vendor/glpk/misc -Ivendor/cigraph/vendor/glpk/draft -Ivendor/cigraph/vendor/glpk/npp -Ivendor/cigraph/vendor/glpk/api -Ivendor/cigraph/vendor/glpk/mpl -Ivendor/cigraph/vendor/glpk/bflib -Ivendor/cigraph/vendor/glpk/amd -Ivendor/cigraph/vendor/glpk/simplex -Ivendor/cigraph/vendor/glpk/colamd -DNDEBUG -DNTIMER -DNPRINT -DIGRAPH_THREAD_LOCAL= -DPRPACK_IGRAPH_SUPPORT -DHAVE_GFORTRAN=1 -D_GNU_SOURCE=1 -I'/usr/local/lib/R/library/cpp11/include' -I/usr/local/include   -fvisibility=hidden -fpic  -g -O2   -c vendor/cigraph/src/community/infomap/infomap.cc -o vendor/cigraph/src/community/infomap/infomap.o
#13 768.7 g++ -std=gnu++17 -I"/usr/local/lib/R/include" -DNDEBUG -DUSING_R -I. -Ivendor -Ivendor/cigraph/src -Ivendor/cigraph/include -Ivendor/cigraph/vendor -Ivendor/io/parsers  -I/usr/include/libxml2 -DHAVE_LIBXML -Ivendor/cigraph/vendor/glpk -Ivendor/cigraph/vendor/glpk/env -Ivendor/cigraph/vendor/glpk/minisat -Ivendor/cigraph/vendor/glpk/misc -Ivendor/cigraph/vendor/glpk/draft -Ivendor/cigraph/vendor/glpk/npp -Ivendor/cigraph/vendor/glpk/api -Ivendor/cigraph/vendor/glpk/mpl -Ivendor/cigraph/vendor/glpk/bflib -Ivendor/cigraph/vendor/glpk/amd -Ivendor/cigraph/vendor/glpk/simplex -Ivendor/cigraph/vendor/glpk/colamd -DNDEBUG -DNTIMER -DNPRINT -DIGRAPH_THREAD_LOCAL= -DPRPACK_IGRAPH_SUPPORT -DHAVE_GFORTRAN=1 -D_GNU_SOURCE=1 -I'/usr/local/lib/R/library/cpp11/include' -I/usr/local/include   -fvisibility=hidden -fpic  -g -O2   -c vendor/cigraph/src/community/infomap/infomap_FlowGraph.cc -o vendor/cigraph/src/community/infomap/infomap_FlowGraph.o
#13 770.0 g++ -std=gnu++17 -I"/usr/local/lib/R/include" -DNDEBUG -DUSING_R -I. -Ivendor -Ivendor/cigraph/src -Ivendor/cigraph/include -Ivendor/cigraph/vendor -Ivendor/io/parsers  -I/usr/include/libxml2 -DHAVE_LIBXML -Ivendor/cigraph/vendor/glpk -Ivendor/cigraph/vendor/glpk/env -Ivendor/cigraph/vendor/glpk/minisat -Ivendor/cigraph/vendor/glpk/misc -Ivendor/cigraph/vendor/glpk/draft -Ivendor/cigraph/vendor/glpk/npp -Ivendor/cigraph/vendor/glpk/api -Ivendor/cigraph/vendor/glpk/mpl -Ivendor/cigraph/vendor/glpk/bflib -Ivendor/cigraph/vendor/glpk/amd -Ivendor/cigraph/vendor/glpk/simplex -Ivendor/cigraph/vendor/glpk/colamd -DNDEBUG -DNTIMER -DNPRINT -DIGRAPH_THREAD_LOCAL= -DPRPACK_IGRAPH_SUPPORT -DHAVE_GFORTRAN=1 -D_GNU_SOURCE=1 -I'/usr/local/lib/R/library/cpp11/include' -I/usr/local/include   -fvisibility=hidden -fpic  -g -O2   -c vendor/cigraph/src/community/infomap/infomap_Greedy.cc -o vendor/cigraph/src/community/infomap/infomap_Greedy.o
#13 771.6 gcc -I"/usr/local/lib/R/include" -DNDEBUG -DUSING_R -I. -Ivendor -Ivendor/cigraph/src -Ivendor/cigraph/include -Ivendor/cigraph/vendor -Ivendor/io/parsers  -I/usr/include/libxml2 -DHAVE_LIBXML -Ivendor/cigraph/vendor/glpk -Ivendor/cigraph/vendor/glpk/env -Ivendor/cigraph/vendor/glpk/minisat -Ivendor/cigraph/vendor/glpk/misc -Ivendor/cigraph/vendor/glpk/draft -Ivendor/cigraph/vendor/glpk/npp -Ivendor/cigraph/vendor/glpk/api -Ivendor/cigraph/vendor/glpk/mpl -Ivendor/cigraph/vendor/glpk/bflib -Ivendor/cigraph/vendor/glpk/amd -Ivendor/cigraph/vendor/glpk/simplex -Ivendor/cigraph/vendor/glpk/colamd -DNDEBUG -DNTIMER -DNPRINT -DIGRAPH_THREAD_LOCAL= -DPRPACK_IGRAPH_SUPPORT -DHAVE_GFORTRAN=1 -D_GNU_SOURCE=1 -I'/usr/local/lib/R/library/cpp11/include' -I/usr/local/include   -fvisibility=hidden -fpic  -g -O2  -c vendor/cigraph/src/community/label_propagation.c -o vendor/cigraph/src/community/label_propagation.o
#13 771.8 gcc -I"/usr/local/lib/R/include" -DNDEBUG -DUSING_R -I. -Ivendor -Ivendor/cigraph/src -Ivendor/cigraph/include -Ivendor/cigraph/vendor -Ivendor/io/parsers  -I/usr/include/libxml2 -DHAVE_LIBXML -Ivendor/cigraph/vendor/glpk -Ivendor/cigraph/vendor/glpk/env -Ivendor/cigraph/vendor/glpk/minisat -Ivendor/cigraph/vendor/glpk/misc -Ivendor/cigraph/vendor/glpk/draft -Ivendor/cigraph/vendor/glpk/npp -Ivendor/cigraph/vendor/glpk/api -Ivendor/cigraph/vendor/glpk/mpl -Ivendor/cigraph/vendor/glpk/bflib -Ivendor/cigraph/vendor/glpk/amd -Ivendor/cigraph/vendor/glpk/simplex -Ivendor/cigraph/vendor/glpk/colamd -DNDEBUG -DNTIMER -DNPRINT -DIGRAPH_THREAD_LOCAL= -DPRPACK_IGRAPH_SUPPORT -DHAVE_GFORTRAN=1 -D_GNU_SOURCE=1 -I'/usr/local/lib/R/library/cpp11/include' -I/usr/local/include   -fvisibility=hidden -fpic  -g -O2  -c vendor/cigraph/src/community/leading_eigenvector.c -o vendor/cigraph/src/community/leading_eigenvector.o
#13 772.2 gcc -I"/usr/local/lib/R/include" -DNDEBUG -DUSING_R -I. -Ivendor -Ivendor/cigraph/src -Ivendor/cigraph/include -Ivendor/cigraph/vendor -Ivendor/io/parsers  -I/usr/include/libxml2 -DHAVE_LIBXML -Ivendor/cigraph/vendor/glpk -Ivendor/cigraph/vendor/glpk/env -Ivendor/cigraph/vendor/glpk/minisat -Ivendor/cigraph/vendor/glpk/misc -Ivendor/cigraph/vendor/glpk/draft -Ivendor/cigraph/vendor/glpk/npp -Ivendor/cigraph/vendor/glpk/api -Ivendor/cigraph/vendor/glpk/mpl -Ivendor/cigraph/vendor/glpk/bflib -Ivendor/cigraph/vendor/glpk/amd -Ivendor/cigraph/vendor/glpk/simplex -Ivendor/cigraph/vendor/glpk/colamd -DNDEBUG -DNTIMER -DNPRINT -DIGRAPH_THREAD_LOCAL= -DPRPACK_IGRAPH_SUPPORT -DHAVE_GFORTRAN=1 -D_GNU_SOURCE=1 -I'/usr/local/lib/R/library/cpp11/include' -I/usr/local/include   -fvisibility=hidden -fpic  -g -O2  -c vendor/cigraph/src/community/leiden.c -o vendor/cigraph/src/community/leiden.o
#13 772.8 gcc -I"/usr/local/lib/R/include" -DNDEBUG -DUSING_R -I. -Ivendor -Ivendor/cigraph/src -Ivendor/cigraph/include -Ivendor/cigraph/vendor -Ivendor/io/parsers  -I/usr/include/libxml2 -DHAVE_LIBXML -Ivendor/cigraph/vendor/glpk -Ivendor/cigraph/vendor/glpk/env -Ivendor/cigraph/vendor/glpk/minisat -Ivendor/cigraph/vendor/glpk/misc -Ivendor/cigraph/vendor/glpk/draft -Ivendor/cigraph/vendor/glpk/npp -Ivendor/cigraph/vendor/glpk/api -Ivendor/cigraph/vendor/glpk/mpl -Ivendor/cigraph/vendor/glpk/bflib -Ivendor/cigraph/vendor/glpk/amd -Ivendor/cigraph/vendor/glpk/simplex -Ivendor/cigraph/vendor/glpk/colamd -DNDEBUG -DNTIMER -DNPRINT -DIGRAPH_THREAD_LOCAL= -DPRPACK_IGRAPH_SUPPORT -DHAVE_GFORTRAN=1 -D_GNU_SOURCE=1 -I'/usr/local/lib/R/library/cpp11/include' -I/usr/local/include   -fvisibility=hidden -fpic  -g -O2  -c vendor/cigraph/src/community/louvain.c -o vendor/cigraph/src/community/louvain.o
#13 773.1 gcc -I"/usr/local/lib/R/include" -DNDEBUG -DUSING_R -I. -Ivendor -Ivendor/cigraph/src -Ivendor/cigraph/include -Ivendor/cigraph/vendor -Ivendor/io/parsers  -I/usr/include/libxml2 -DHAVE_LIBXML -Ivendor/cigraph/vendor/glpk -Ivendor/cigraph/vendor/glpk/env -Ivendor/cigraph/vendor/glpk/minisat -Ivendor/cigraph/vendor/glpk/misc -Ivendor/cigraph/vendor/glpk/draft -Ivendor/cigraph/vendor/glpk/npp -Ivendor/cigraph/vendor/glpk/api -Ivendor/cigraph/vendor/glpk/mpl -Ivendor/cigraph/vendor/glpk/bflib -Ivendor/cigraph/vendor/glpk/amd -Ivendor/cigraph/vendor/glpk/simplex -Ivendor/cigraph/vendor/glpk/colamd -DNDEBUG -DNTIMER -DNPRINT -DIGRAPH_THREAD_LOCAL= -DPRPACK_IGRAPH_SUPPORT -DHAVE_GFORTRAN=1 -D_GNU_SOURCE=1 -I'/usr/local/lib/R/library/cpp11/include' -I/usr/local/include   -fvisibility=hidden -fpic  -g -O2  -c vendor/cigraph/src/community/modularity.c -o vendor/cigraph/src/community/modularity.o
#13 773.3 gcc -I"/usr/local/lib/R/include" -DNDEBUG -DUSING_R -I. -Ivendor -Ivendor/cigraph/src -Ivendor/cigraph/include -Ivendor/cigraph/vendor -Ivendor/io/parsers  -I/usr/include/libxml2 -DHAVE_LIBXML -Ivendor/cigraph/vendor/glpk -Ivendor/cigraph/vendor/glpk/env -Ivendor/cigraph/vendor/glpk/minisat -Ivendor/cigraph/vendor/glpk/misc -Ivendor/cigraph/vendor/glpk/draft -Ivendor/cigraph/vendor/glpk/npp -Ivendor/cigraph/vendor/glpk/api -Ivendor/cigraph/vendor/glpk/mpl -Ivendor/cigraph/vendor/glpk/bflib -Ivendor/cigraph/vendor/glpk/amd -Ivendor/cigraph/vendor/glpk/simplex -Ivendor/cigraph/vendor/glpk/colamd -DNDEBUG -DNTIMER -DNPRINT -DIGRAPH_THREAD_LOCAL= -DPRPACK_IGRAPH_SUPPORT -DHAVE_GFORTRAN=1 -D_GNU_SOURCE=1 -I'/usr/local/lib/R/library/cpp11/include' -I/usr/local/include   -fvisibility=hidden -fpic  -g -O2  -c vendor/cigraph/src/community/optimal_modularity.c -o vendor/cigraph/src/community/optimal_modularity.o
#13 773.5 g++ -std=gnu++17 -I"/usr/local/lib/R/include" -DNDEBUG -DUSING_R -I. -Ivendor -Ivendor/cigraph/src -Ivendor/cigraph/include -Ivendor/cigraph/vendor -Ivendor/io/parsers  -I/usr/include/libxml2 -DHAVE_LIBXML -Ivendor/cigraph/vendor/glpk -Ivendor/cigraph/vendor/glpk/env -Ivendor/cigraph/vendor/glpk/minisat -Ivendor/cigraph/vendor/glpk/misc -Ivendor/cigraph/vendor/glpk/draft -Ivendor/cigraph/vendor/glpk/npp -Ivendor/cigraph/vendor/glpk/api -Ivendor/cigraph/vendor/glpk/mpl -Ivendor/cigraph/vendor/glpk/bflib -Ivendor/cigraph/vendor/glpk/amd -Ivendor/cigraph/vendor/glpk/simplex -Ivendor/cigraph/vendor/glpk/colamd -DNDEBUG -DNTIMER -DNPRINT -DIGRAPH_THREAD_LOCAL= -DPRPACK_IGRAPH_SUPPORT -DHAVE_GFORTRAN=1 -D_GNU_SOURCE=1 -I'/usr/local/lib/R/library/cpp11/include' -I/usr/local/include   -fvisibility=hidden -fpic  -g -O2   -c vendor/cigraph/src/community/spinglass/NetDataTypes.cpp -o vendor/cigraph/src/community/spinglass/NetDataTypes.o
#13 773.8 g++ -std=gnu++17 -I"/usr/local/lib/R/include" -DNDEBUG -DUSING_R -I. -Ivendor -Ivendor/cigraph/src -Ivendor/cigraph/include -Ivendor/cigraph/vendor -Ivendor/io/parsers  -I/usr/include/libxml2 -DHAVE_LIBXML -Ivendor/cigraph/vendor/glpk -Ivendor/cigraph/vendor/glpk/env -Ivendor/cigraph/vendor/glpk/minisat -Ivendor/cigraph/vendor/glpk/misc -Ivendor/cigraph/vendor/glpk/draft -Ivendor/cigraph/vendor/glpk/npp -Ivendor/cigraph/vendor/glpk/api -Ivendor/cigraph/vendor/glpk/mpl -Ivendor/cigraph/vendor/glpk/bflib -Ivendor/cigraph/vendor/glpk/amd -Ivendor/cigraph/vendor/glpk/simplex -Ivendor/cigraph/vendor/glpk/colamd -DNDEBUG -DNTIMER -DNPRINT -DIGRAPH_THREAD_LOCAL= -DPRPACK_IGRAPH_SUPPORT -DHAVE_GFORTRAN=1 -D_GNU_SOURCE=1 -I'/usr/local/lib/R/library/cpp11/include' -I/usr/local/include   -fvisibility=hidden -fpic  -g -O2   -c vendor/cigraph/src/community/spinglass/NetRoutines.cpp -o vendor/cigraph/src/community/spinglass/NetRoutines.o
#13 774.1 g++ -std=gnu++17 -I"/usr/local/lib/R/include" -DNDEBUG -DUSING_R -I. -Ivendor -Ivendor/cigraph/src -Ivendor/cigraph/include -Ivendor/cigraph/vendor -Ivendor/io/parsers  -I/usr/include/libxml2 -DHAVE_LIBXML -Ivendor/cigraph/vendor/glpk -Ivendor/cigraph/vendor/glpk/env -Ivendor/cigraph/vendor/glpk/minisat -Ivendor/cigraph/vendor/glpk/misc -Ivendor/cigraph/vendor/glpk/draft -Ivendor/cigraph/vendor/glpk/npp -Ivendor/cigraph/vendor/glpk/api -Ivendor/cigraph/vendor/glpk/mpl -Ivendor/cigraph/vendor/glpk/bflib -Ivendor/cigraph/vendor/glpk/amd -Ivendor/cigraph/vendor/glpk/simplex -Ivendor/cigraph/vendor/glpk/colamd -DNDEBUG -DNTIMER -DNPRINT -DIGRAPH_THREAD_LOCAL= -DPRPACK_IGRAPH_SUPPORT -DHAVE_GFORTRAN=1 -D_GNU_SOURCE=1 -I'/usr/local/lib/R/library/cpp11/include' -I/usr/local/include   -fvisibility=hidden -fpic  -g -O2   -c vendor/cigraph/src/community/spinglass/clustertool.cpp -o vendor/cigraph/src/community/spinglass/clustertool.o
#13 775.0 g++ -std=gnu++17 -I"/usr/local/lib/R/include" -DNDEBUG -DUSING_R -I. -Ivendor -Ivendor/cigraph/src -Ivendor/cigraph/include -Ivendor/cigraph/vendor -Ivendor/io/parsers  -I/usr/include/libxml2 -DHAVE_LIBXML -Ivendor/cigraph/vendor/glpk -Ivendor/cigraph/vendor/glpk/env -Ivendor/cigraph/vendor/glpk/minisat -Ivendor/cigraph/vendor/glpk/misc -Ivendor/cigraph/vendor/glpk/draft -Ivendor/cigraph/vendor/glpk/npp -Ivendor/cigraph/vendor/glpk/api -Ivendor/cigraph/vendor/glpk/mpl -Ivendor/cigraph/vendor/glpk/bflib -Ivendor/cigraph/vendor/glpk/amd -Ivendor/cigraph/vendor/glpk/simplex -Ivendor/cigraph/vendor/glpk/colamd -DNDEBUG -DNTIMER -DNPRINT -DIGRAPH_THREAD_LOCAL= -DPRPACK_IGRAPH_SUPPORT -DHAVE_GFORTRAN=1 -D_GNU_SOURCE=1 -I'/usr/local/lib/R/library/cpp11/include' -I/usr/local/include   -fvisibility=hidden -fpic  -g -O2   -c vendor/cigraph/src/community/spinglass/pottsmodel_2.cpp -o vendor/cigraph/src/community/spinglass/pottsmodel_2.o
#13 776.2 gcc -I"/usr/local/lib/R/include" -DNDEBUG -DUSING_R -I. -Ivendor -Ivendor/cigraph/src -Ivendor/cigraph/include -Ivendor/cigraph/vendor -Ivendor/io/parsers  -I/usr/include/libxml2 -DHAVE_LIBXML -Ivendor/cigraph/vendor/glpk -Ivendor/cigraph/vendor/glpk/env -Ivendor/cigraph/vendor/glpk/minisat -Ivendor/cigraph/vendor/glpk/misc -Ivendor/cigraph/vendor/glpk/draft -Ivendor/cigraph/vendor/glpk/npp -Ivendor/cigraph/vendor/glpk/api -Ivendor/cigraph/vendor/glpk/mpl -Ivendor/cigraph/vendor/glpk/bflib -Ivendor/cigraph/vendor/glpk/amd -Ivendor/cigraph/vendor/glpk/simplex -Ivendor/cigraph/vendor/glpk/colamd -DNDEBUG -DNTIMER -DNPRINT -DIGRAPH_THREAD_LOCAL= -DPRPACK_IGRAPH_SUPPORT -DHAVE_GFORTRAN=1 -D_GNU_SOURCE=1 -I'/usr/local/lib/R/library/cpp11/include' -I/usr/local/include   -fvisibility=hidden -fpic  -g -O2  -c vendor/cigraph/src/community/voronoi.c -o vendor/cigraph/src/community/voronoi.o
#13 776.5 g++ -std=gnu++17 -I"/usr/local/lib/R/include" -DNDEBUG -DUSING_R -I. -Ivendor -Ivendor/cigraph/src -Ivendor/cigraph/include -Ivendor/cigraph/vendor -Ivendor/io/parsers  -I/usr/include/libxml2 -DHAVE_LIBXML -Ivendor/cigraph/vendor/glpk -Ivendor/cigraph/vendor/glpk/env -Ivendor/cigraph/vendor/glpk/minisat -Ivendor/cigraph/vendor/glpk/misc -Ivendor/cigraph/vendor/glpk/draft -Ivendor/cigraph/vendor/glpk/npp -Ivendor/cigraph/vendor/glpk/api -Ivendor/cigraph/vendor/glpk/mpl -Ivendor/cigraph/vendor/glpk/bflib -Ivendor/cigraph/vendor/glpk/amd -Ivendor/cigraph/vendor/glpk/simplex -Ivendor/cigraph/vendor/glpk/colamd -DNDEBUG -DNTIMER -DNPRINT -DIGRAPH_THREAD_LOCAL= -DPRPACK_IGRAPH_SUPPORT -DHAVE_GFORTRAN=1 -D_GNU_SOURCE=1 -I'/usr/local/lib/R/library/cpp11/include' -I/usr/local/include   -fvisibility=hidden -fpic  -g -O2   -c vendor/cigraph/src/community/walktrap/walktrap.cpp -o vendor/cigraph/src/community/walktrap/walktrap.o
#13 777.0 g++ -std=gnu++17 -I"/usr/local/lib/R/include" -DNDEBUG -DUSING_R -I. -Ivendor -Ivendor/cigraph/src -Ivendor/cigraph/include -Ivendor/cigraph/vendor -Ivendor/io/parsers  -I/usr/include/libxml2 -DHAVE_LIBXML -Ivendor/cigraph/vendor/glpk -Ivendor/cigraph/vendor/glpk/env -Ivendor/cigraph/vendor/glpk/minisat -Ivendor/cigraph/vendor/glpk/misc -Ivendor/cigraph/vendor/glpk/draft -Ivendor/cigraph/vendor/glpk/npp -Ivendor/cigraph/vendor/glpk/api -Ivendor/cigraph/vendor/glpk/mpl -Ivendor/cigraph/vendor/glpk/bflib -Ivendor/cigraph/vendor/glpk/amd -Ivendor/cigraph/vendor/glpk/simplex -Ivendor/cigraph/vendor/glpk/colamd -DNDEBUG -DNTIMER -DNPRINT -DIGRAPH_THREAD_LOCAL= -DPRPACK_IGRAPH_SUPPORT -DHAVE_GFORTRAN=1 -D_GNU_SOURCE=1 -I'/usr/local/lib/R/library/cpp11/include' -I/usr/local/include   -fvisibility=hidden -fpic  -g -O2   -c vendor/cigraph/src/community/walktrap/walktrap_communities.cpp -o vendor/cigraph/src/community/walktrap/walktrap_communities.o
#13 777.6 g++ -std=gnu++17 -I"/usr/local/lib/R/include" -DNDEBUG -DUSING_R -I. -Ivendor -Ivendor/cigraph/src -Ivendor/cigraph/include -Ivendor/cigraph/vendor -Ivendor/io/parsers  -I/usr/include/libxml2 -DHAVE_LIBXML -Ivendor/cigraph/vendor/glpk -Ivendor/cigraph/vendor/glpk/env -Ivendor/cigraph/vendor/glpk/minisat -Ivendor/cigraph/vendor/glpk/misc -Ivendor/cigraph/vendor/glpk/draft -Ivendor/cigraph/vendor/glpk/npp -Ivendor/cigraph/vendor/glpk/api -Ivendor/cigraph/vendor/glpk/mpl -Ivendor/cigraph/vendor/glpk/bflib -Ivendor/cigraph/vendor/glpk/amd -Ivendor/cigraph/vendor/glpk/simplex -Ivendor/cigraph/vendor/glpk/colamd -DNDEBUG -DNTIMER -DNPRINT -DIGRAPH_THREAD_LOCAL= -DPRPACK_IGRAPH_SUPPORT -DHAVE_GFORTRAN=1 -D_GNU_SOURCE=1 -I'/usr/local/lib/R/library/cpp11/include' -I/usr/local/include   -fvisibility=hidden -fpic  -g -O2   -c vendor/cigraph/src/community/walktrap/walktrap_graph.cpp -o vendor/cigraph/src/community/walktrap/walktrap_graph.o
#13 778.3 g++ -std=gnu++17 -I"/usr/local/lib/R/include" -DNDEBUG -DUSING_R -I. -Ivendor -Ivendor/cigraph/src -Ivendor/cigraph/include -Ivendor/cigraph/vendor -Ivendor/io/parsers  -I/usr/include/libxml2 -DHAVE_LIBXML -Ivendor/cigraph/vendor/glpk -Ivendor/cigraph/vendor/glpk/env -Ivendor/cigraph/vendor/glpk/minisat -Ivendor/cigraph/vendor/glpk/misc -Ivendor/cigraph/vendor/glpk/draft -Ivendor/cigraph/vendor/glpk/npp -Ivendor/cigraph/vendor/glpk/api -Ivendor/cigraph/vendor/glpk/mpl -Ivendor/cigraph/vendor/glpk/bflib -Ivendor/cigraph/vendor/glpk/amd -Ivendor/cigraph/vendor/glpk/simplex -Ivendor/cigraph/vendor/glpk/colamd -DNDEBUG -DNTIMER -DNPRINT -DIGRAPH_THREAD_LOCAL= -DPRPACK_IGRAPH_SUPPORT -DHAVE_GFORTRAN=1 -D_GNU_SOURCE=1 -I'/usr/local/lib/R/library/cpp11/include' -I/usr/local/include   -fvisibility=hidden -fpic  -g -O2   -c vendor/cigraph/src/community/walktrap/walktrap_heap.cpp -o vendor/cigraph/src/community/walktrap/walktrap_heap.o
#13 778.3 gcc -I"/usr/local/lib/R/include" -DNDEBUG -DUSING_R -I. -Ivendor -Ivendor/cigraph/src -Ivendor/cigraph/include -Ivendor/cigraph/vendor -Ivendor/io/parsers  -I/usr/include/libxml2 -DHAVE_LIBXML -Ivendor/cigraph/vendor/glpk -Ivendor/cigraph/vendor/glpk/env -Ivendor/cigraph/vendor/glpk/minisat -Ivendor/cigraph/vendor/glpk/misc -Ivendor/cigraph/vendor/glpk/draft -Ivendor/cigraph/vendor/glpk/npp -Ivendor/cigraph/vendor/glpk/api -Ivendor/cigraph/vendor/glpk/mpl -Ivendor/cigraph/vendor/glpk/bflib -Ivendor/cigraph/vendor/glpk/amd -Ivendor/cigraph/vendor/glpk/simplex -Ivendor/cigraph/vendor/glpk/colamd -DNDEBUG -DNTIMER -DNPRINT -DIGRAPH_THREAD_LOCAL= -DPRPACK_IGRAPH_SUPPORT -DHAVE_GFORTRAN=1 -D_GNU_SOURCE=1 -I'/usr/local/lib/R/library/cpp11/include' -I/usr/local/include   -fvisibility=hidden -fpic  -g -O2  -c vendor/cigraph/src/connectivity/cohesive_blocks.c -o vendor/cigraph/src/connectivity/cohesive_blocks.o
#13 778.6 gcc -I"/usr/local/lib/R/include" -DNDEBUG -DUSING_R -I. -Ivendor -Ivendor/cigraph/src -Ivendor/cigraph/include -Ivendor/cigraph/vendor -Ivendor/io/parsers  -I/usr/include/libxml2 -DHAVE_LIBXML -Ivendor/cigraph/vendor/glpk -Ivendor/cigraph/vendor/glpk/env -Ivendor/cigraph/vendor/glpk/minisat -Ivendor/cigraph/vendor/glpk/misc -Ivendor/cigraph/vendor/glpk/draft -Ivendor/cigraph/vendor/glpk/npp -Ivendor/cigraph/vendor/glpk/api -Ivendor/cigraph/vendor/glpk/mpl -Ivendor/cigraph/vendor/glpk/bflib -Ivendor/cigraph/vendor/glpk/amd -Ivendor/cigraph/vendor/glpk/simplex -Ivendor/cigraph/vendor/glpk/colamd -DNDEBUG -DNTIMER -DNPRINT -DIGRAPH_THREAD_LOCAL= -DPRPACK_IGRAPH_SUPPORT -DHAVE_GFORTRAN=1 -D_GNU_SOURCE=1 -I'/usr/local/lib/R/library/cpp11/include' -I/usr/local/include   -fvisibility=hidden -fpic  -g -O2  -c vendor/cigraph/src/connectivity/components.c -o vendor/cigraph/src/connectivity/components.o
#13 779.3 gcc -I"/usr/local/lib/R/include" -DNDEBUG -DUSING_R -I. -Ivendor -Ivendor/cigraph/src -Ivendor/cigraph/include -Ivendor/cigraph/vendor -Ivendor/io/parsers  -I/usr/include/libxml2 -DHAVE_LIBXML -Ivendor/cigraph/vendor/glpk -Ivendor/cigraph/vendor/glpk/env -Ivendor/cigraph/vendor/glpk/minisat -Ivendor/cigraph/vendor/glpk/misc -Ivendor/cigraph/vendor/glpk/draft -Ivendor/cigraph/vendor/glpk/npp -Ivendor/cigraph/vendor/glpk/api -Ivendor/cigraph/vendor/glpk/mpl -Ivendor/cigraph/vendor/glpk/bflib -Ivendor/cigraph/vendor/glpk/amd -Ivendor/cigraph/vendor/glpk/simplex -Ivendor/cigraph/vendor/glpk/colamd -DNDEBUG -DNTIMER -DNPRINT -DIGRAPH_THREAD_LOCAL= -DPRPACK_IGRAPH_SUPPORT -DHAVE_GFORTRAN=1 -D_GNU_SOURCE=1 -I'/usr/local/lib/R/library/cpp11/include' -I/usr/local/include   -fvisibility=hidden -fpic  -g -O2  -c vendor/cigraph/src/connectivity/reachability.c -o vendor/cigraph/src/connectivity/reachability.o
#13 779.4 gcc -I"/usr/local/lib/R/include" -DNDEBUG -DUSING_R -I. -Ivendor -Ivendor/cigraph/src -Ivendor/cigraph/include -Ivendor/cigraph/vendor -Ivendor/io/parsers  -I/usr/include/libxml2 -DHAVE_LIBXML -Ivendor/cigraph/vendor/glpk -Ivendor/cigraph/vendor/glpk/env -Ivendor/cigraph/vendor/glpk/minisat -Ivendor/cigraph/vendor/glpk/misc -Ivendor/cigraph/vendor/glpk/draft -Ivendor/cigraph/vendor/glpk/npp -Ivendor/cigraph/vendor/glpk/api -Ivendor/cigraph/vendor/glpk/mpl -Ivendor/cigraph/vendor/glpk/bflib -Ivendor/cigraph/vendor/glpk/amd -Ivendor/cigraph/vendor/glpk/simplex -Ivendor/cigraph/vendor/glpk/colamd -DNDEBUG -DNTIMER -DNPRINT -DIGRAPH_THREAD_LOCAL= -DPRPACK_IGRAPH_SUPPORT -DHAVE_GFORTRAN=1 -D_GNU_SOURCE=1 -I'/usr/local/lib/R/library/cpp11/include' -I/usr/local/include   -fvisibility=hidden -fpic  -g -O2  -c vendor/cigraph/src/connectivity/separators.c -o vendor/cigraph/src/connectivity/separators.o
#13 779.8 gcc -I"/usr/local/lib/R/include" -DNDEBUG -DUSING_R -I. -Ivendor -Ivendor/cigraph/src -Ivendor/cigraph/include -Ivendor/cigraph/vendor -Ivendor/io/parsers  -I/usr/include/libxml2 -DHAVE_LIBXML -Ivendor/cigraph/vendor/glpk -Ivendor/cigraph/vendor/glpk/env -Ivendor/cigraph/vendor/glpk/minisat -Ivendor/cigraph/vendor/glpk/misc -Ivendor/cigraph/vendor/glpk/draft -Ivendor/cigraph/vendor/glpk/npp -Ivendor/cigraph/vendor/glpk/api -Ivendor/cigraph/vendor/glpk/mpl -Ivendor/cigraph/vendor/glpk/bflib -Ivendor/cigraph/vendor/glpk/amd -Ivendor/cigraph/vendor/glpk/simplex -Ivendor/cigraph/vendor/glpk/colamd -DNDEBUG -DNTIMER -DNPRINT -DIGRAPH_THREAD_LOCAL= -DPRPACK_IGRAPH_SUPPORT -DHAVE_GFORTRAN=1 -D_GNU_SOURCE=1 -I'/usr/local/lib/R/library/cpp11/include' -I/usr/local/include   -fvisibility=hidden -fpic  -g -O2  -c vendor/cigraph/src/constructors/adjacency.c -o vendor/cigraph/src/constructors/adjacency.o
#13 780.3 gcc -I"/usr/local/lib/R/include" -DNDEBUG -DUSING_R -I. -Ivendor -Ivendor/cigraph/src -Ivendor/cigraph/include -Ivendor/cigraph/vendor -Ivendor/io/parsers  -I/usr/include/libxml2 -DHAVE_LIBXML -Ivendor/cigraph/vendor/glpk -Ivendor/cigraph/vendor/glpk/env -Ivendor/cigraph/vendor/glpk/minisat -Ivendor/cigraph/vendor/glpk/misc -Ivendor/cigraph/vendor/glpk/draft -Ivendor/cigraph/vendor/glpk/npp -Ivendor/cigraph/vendor/glpk/api -Ivendor/cigraph/vendor/glpk/mpl -Ivendor/cigraph/vendor/glpk/bflib -Ivendor/cigraph/vendor/glpk/amd -Ivendor/cigraph/vendor/glpk/simplex -Ivendor/cigraph/vendor/glpk/colamd -DNDEBUG -DNTIMER -DNPRINT -DIGRAPH_THREAD_LOCAL= -DPRPACK_IGRAPH_SUPPORT -DHAVE_GFORTRAN=1 -D_GNU_SOURCE=1 -I'/usr/local/lib/R/library/cpp11/include' -I/usr/local/include   -fvisibility=hidden -fpic  -g -O2  -c vendor/cigraph/src/constructors/atlas.c -o vendor/cigraph/src/constructors/atlas.o
#13 780.4 gcc -I"/usr/local/lib/R/include" -DNDEBUG -DUSING_R -I. -Ivendor -Ivendor/cigraph/src -Ivendor/cigraph/include -Ivendor/cigraph/vendor -Ivendor/io/parsers  -I/usr/include/libxml2 -DHAVE_LIBXML -Ivendor/cigraph/vendor/glpk -Ivendor/cigraph/vendor/glpk/env -Ivendor/cigraph/vendor/glpk/minisat -Ivendor/cigraph/vendor/glpk/misc -Ivendor/cigraph/vendor/glpk/draft -Ivendor/cigraph/vendor/glpk/npp -Ivendor/cigraph/vendor/glpk/api -Ivendor/cigraph/vendor/glpk/mpl -Ivendor/cigraph/vendor/glpk/bflib -Ivendor/cigraph/vendor/glpk/amd -Ivendor/cigraph/vendor/glpk/simplex -Ivendor/cigraph/vendor/glpk/colamd -DNDEBUG -DNTIMER -DNPRINT -DIGRAPH_THREAD_LOCAL= -DPRPACK_IGRAPH_SUPPORT -DHAVE_GFORTRAN=1 -D_GNU_SOURCE=1 -I'/usr/local/lib/R/library/cpp11/include' -I/usr/local/include   -fvisibility=hidden -fpic  -g -O2  -c vendor/cigraph/src/constructors/basic_constructors.c -o vendor/cigraph/src/constructors/basic_constructors.o
#13 780.5 gcc -I"/usr/local/lib/R/include" -DNDEBUG -DUSING_R -I. -Ivendor -Ivendor/cigraph/src -Ivendor/cigraph/include -Ivendor/cigraph/vendor -Ivendor/io/parsers  -I/usr/include/libxml2 -DHAVE_LIBXML -Ivendor/cigraph/vendor/glpk -Ivendor/cigraph/vendor/glpk/env -Ivendor/cigraph/vendor/glpk/minisat -Ivendor/cigraph/vendor/glpk/misc -Ivendor/cigraph/vendor/glpk/draft -Ivendor/cigraph/vendor/glpk/npp -Ivendor/cigraph/vendor/glpk/api -Ivendor/cigraph/vendor/glpk/mpl -Ivendor/cigraph/vendor/glpk/bflib -Ivendor/cigraph/vendor/glpk/amd -Ivendor/cigraph/vendor/glpk/simplex -Ivendor/cigraph/vendor/glpk/colamd -DNDEBUG -DNTIMER -DNPRINT -DIGRAPH_THREAD_LOCAL= -DPRPACK_IGRAPH_SUPPORT -DHAVE_GFORTRAN=1 -D_GNU_SOURCE=1 -I'/usr/local/lib/R/library/cpp11/include' -I/usr/local/include   -fvisibility=hidden -fpic  -g -O2  -c vendor/cigraph/src/constructors/circulant.c -o vendor/cigraph/src/constructors/circulant.o
#13 780.6 gcc -I"/usr/local/lib/R/include" -DNDEBUG -DUSING_R -I. -Ivendor -Ivendor/cigraph/src -Ivendor/cigraph/include -Ivendor/cigraph/vendor -Ivendor/io/parsers  -I/usr/include/libxml2 -DHAVE_LIBXML -Ivendor/cigraph/vendor/glpk -Ivendor/cigraph/vendor/glpk/env -Ivendor/cigraph/vendor/glpk/minisat -Ivendor/cigraph/vendor/glpk/misc -Ivendor/cigraph/vendor/glpk/draft -Ivendor/cigraph/vendor/glpk/npp -Ivendor/cigraph/vendor/glpk/api -Ivendor/cigraph/vendor/glpk/mpl -Ivendor/cigraph/vendor/glpk/bflib -Ivendor/cigraph/vendor/glpk/amd -Ivendor/cigraph/vendor/glpk/simplex -Ivendor/cigraph/vendor/glpk/colamd -DNDEBUG -DNTIMER -DNPRINT -DIGRAPH_THREAD_LOCAL= -DPRPACK_IGRAPH_SUPPORT -DHAVE_GFORTRAN=1 -D_GNU_SOURCE=1 -I'/usr/local/lib/R/library/cpp11/include' -I/usr/local/include   -fvisibility=hidden -fpic  -g -O2  -c vendor/cigraph/src/constructors/de_bruijn.c -o vendor/cigraph/src/constructors/de_bruijn.o
#13 780.7 gcc -I"/usr/local/lib/R/include" -DNDEBUG -DUSING_R -I. -Ivendor -Ivendor/cigraph/src -Ivendor/cigraph/include -Ivendor/cigraph/vendor -Ivendor/io/parsers  -I/usr/include/libxml2 -DHAVE_LIBXML -Ivendor/cigraph/vendor/glpk -Ivendor/cigraph/vendor/glpk/env -Ivendor/cigraph/vendor/glpk/minisat -Ivendor/cigraph/vendor/glpk/misc -Ivendor/cigraph/vendor/glpk/draft -Ivendor/cigraph/vendor/glpk/npp -Ivendor/cigraph/vendor/glpk/api -Ivendor/cigraph/vendor/glpk/mpl -Ivendor/cigraph/vendor/glpk/bflib -Ivendor/cigraph/vendor/glpk/amd -Ivendor/cigraph/vendor/glpk/simplex -Ivendor/cigraph/vendor/glpk/colamd -DNDEBUG -DNTIMER -DNPRINT -DIGRAPH_THREAD_LOCAL= -DPRPACK_IGRAPH_SUPPORT -DHAVE_GFORTRAN=1 -D_GNU_SOURCE=1 -I'/usr/local/lib/R/library/cpp11/include' -I/usr/local/include   -fvisibility=hidden -fpic  -g -O2  -c vendor/cigraph/src/constructors/famous.c -o vendor/cigraph/src/constructors/famous.o
#13 780.9 gcc -I"/usr/local/lib/R/include" -DNDEBUG -DUSING_R -I. -Ivendor -Ivendor/cigraph/src -Ivendor/cigraph/include -Ivendor/cigraph/vendor -Ivendor/io/parsers  -I/usr/include/libxml2 -DHAVE_LIBXML -Ivendor/cigraph/vendor/glpk -Ivendor/cigraph/vendor/glpk/env -Ivendor/cigraph/vendor/glpk/minisat -Ivendor/cigraph/vendor/glpk/misc -Ivendor/cigraph/vendor/glpk/draft -Ivendor/cigraph/vendor/glpk/npp -Ivendor/cigraph/vendor/glpk/api -Ivendor/cigraph/vendor/glpk/mpl -Ivendor/cigraph/vendor/glpk/bflib -Ivendor/cigraph/vendor/glpk/amd -Ivendor/cigraph/vendor/glpk/simplex -Ivendor/cigraph/vendor/glpk/colamd -DNDEBUG -DNTIMER -DNPRINT -DIGRAPH_THREAD_LOCAL= -DPRPACK_IGRAPH_SUPPORT -DHAVE_GFORTRAN=1 -D_GNU_SOURCE=1 -I'/usr/local/lib/R/library/cpp11/include' -I/usr/local/include   -fvisibility=hidden -fpic  -g -O2  -c vendor/cigraph/src/constructors/full.c -o vendor/cigraph/src/constructors/full.o
#13 781.1 gcc -I"/usr/local/lib/R/include" -DNDEBUG -DUSING_R -I. -Ivendor -Ivendor/cigraph/src -Ivendor/cigraph/include -Ivendor/cigraph/vendor -Ivendor/io/parsers  -I/usr/include/libxml2 -DHAVE_LIBXML -Ivendor/cigraph/vendor/glpk -Ivendor/cigraph/vendor/glpk/env -Ivendor/cigraph/vendor/glpk/minisat -Ivendor/cigraph/vendor/glpk/misc -Ivendor/cigraph/vendor/glpk/draft -Ivendor/cigraph/vendor/glpk/npp -Ivendor/cigraph/vendor/glpk/api -Ivendor/cigraph/vendor/glpk/mpl -Ivendor/cigraph/vendor/glpk/bflib -Ivendor/cigraph/vendor/glpk/amd -Ivendor/cigraph/vendor/glpk/simplex -Ivendor/cigraph/vendor/glpk/colamd -DNDEBUG -DNTIMER -DNPRINT -DIGRAPH_THREAD_LOCAL= -DPRPACK_IGRAPH_SUPPORT -DHAVE_GFORTRAN=1 -D_GNU_SOURCE=1 -I'/usr/local/lib/R/library/cpp11/include' -I/usr/local/include   -fvisibility=hidden -fpic  -g -O2  -c vendor/cigraph/src/constructors/generalized_petersen.c -o vendor/cigraph/src/constructors/generalized_petersen.o
#13 781.2 gcc -I"/usr/local/lib/R/include" -DNDEBUG -DUSING_R -I. -Ivendor -Ivendor/cigraph/src -Ivendor/cigraph/include -Ivendor/cigraph/vendor -Ivendor/io/parsers  -I/usr/include/libxml2 -DHAVE_LIBXML -Ivendor/cigraph/vendor/glpk -Ivendor/cigraph/vendor/glpk/env -Ivendor/cigraph/vendor/glpk/minisat -Ivendor/cigraph/vendor/glpk/misc -Ivendor/cigraph/vendor/glpk/draft -Ivendor/cigraph/vendor/glpk/npp -Ivendor/cigraph/vendor/glpk/api -Ivendor/cigraph/vendor/glpk/mpl -Ivendor/cigraph/vendor/glpk/bflib -Ivendor/cigraph/vendor/glpk/amd -Ivendor/cigraph/vendor/glpk/simplex -Ivendor/cigraph/vendor/glpk/colamd -DNDEBUG -DNTIMER -DNPRINT -DIGRAPH_THREAD_LOCAL= -DPRPACK_IGRAPH_SUPPORT -DHAVE_GFORTRAN=1 -D_GNU_SOURCE=1 -I'/usr/local/lib/R/library/cpp11/include' -I/usr/local/include   -fvisibility=hidden -fpic  -g -O2  -c vendor/cigraph/src/constructors/kautz.c -o vendor/cigraph/src/constructors/kautz.o
#13 781.3 gcc -I"/usr/local/lib/R/include" -DNDEBUG -DUSING_R -I. -Ivendor -Ivendor/cigraph/src -Ivendor/cigraph/include -Ivendor/cigraph/vendor -Ivendor/io/parsers  -I/usr/include/libxml2 -DHAVE_LIBXML -Ivendor/cigraph/vendor/glpk -Ivendor/cigraph/vendor/glpk/env -Ivendor/cigraph/vendor/glpk/minisat -Ivendor/cigraph/vendor/glpk/misc -Ivendor/cigraph/vendor/glpk/draft -Ivendor/cigraph/vendor/glpk/npp -Ivendor/cigraph/vendor/glpk/api -Ivendor/cigraph/vendor/glpk/mpl -Ivendor/cigraph/vendor/glpk/bflib -Ivendor/cigraph/vendor/glpk/amd -Ivendor/cigraph/vendor/glpk/simplex -Ivendor/cigraph/vendor/glpk/colamd -DNDEBUG -DNTIMER -DNPRINT -DIGRAPH_THREAD_LOCAL= -DPRPACK_IGRAPH_SUPPORT -DHAVE_GFORTRAN=1 -D_GNU_SOURCE=1 -I'/usr/local/lib/R/library/cpp11/include' -I/usr/local/include   -fvisibility=hidden -fpic  -g -O2  -c vendor/cigraph/src/constructors/lattices.c -o vendor/cigraph/src/constructors/lattices.o
#13 781.7 gcc -I"/usr/local/lib/R/include" -DNDEBUG -DUSING_R -I. -Ivendor -Ivendor/cigraph/src -Ivendor/cigraph/include -Ivendor/cigraph/vendor -Ivendor/io/parsers  -I/usr/include/libxml2 -DHAVE_LIBXML -Ivendor/cigraph/vendor/glpk -Ivendor/cigraph/vendor/glpk/env -Ivendor/cigraph/vendor/glpk/minisat -Ivendor/cigraph/vendor/glpk/misc -Ivendor/cigraph/vendor/glpk/draft -Ivendor/cigraph/vendor/glpk/npp -Ivendor/cigraph/vendor/glpk/api -Ivendor/cigraph/vendor/glpk/mpl -Ivendor/cigraph/vendor/glpk/bflib -Ivendor/cigraph/vendor/glpk/amd -Ivendor/cigraph/vendor/glpk/simplex -Ivendor/cigraph/vendor/glpk/colamd -DNDEBUG -DNTIMER -DNPRINT -DIGRAPH_THREAD_LOCAL= -DPRPACK_IGRAPH_SUPPORT -DHAVE_GFORTRAN=1 -D_GNU_SOURCE=1 -I'/usr/local/lib/R/library/cpp11/include' -I/usr/local/include   -fvisibility=hidden -fpic  -g -O2  -c vendor/cigraph/src/constructors/lcf.c -o vendor/cigraph/src/constructors/lcf.o
#13 781.8 gcc -I"/usr/local/lib/R/include" -DNDEBUG -DUSING_R -I. -Ivendor -Ivendor/cigraph/src -Ivendor/cigraph/include -Ivendor/cigraph/vendor -Ivendor/io/parsers  -I/usr/include/libxml2 -DHAVE_LIBXML -Ivendor/cigraph/vendor/glpk -Ivendor/cigraph/vendor/glpk/env -Ivendor/cigraph/vendor/glpk/minisat -Ivendor/cigraph/vendor/glpk/misc -Ivendor/cigraph/vendor/glpk/draft -Ivendor/cigraph/vendor/glpk/npp -Ivendor/cigraph/vendor/glpk/api -Ivendor/cigraph/vendor/glpk/mpl -Ivendor/cigraph/vendor/glpk/bflib -Ivendor/cigraph/vendor/glpk/amd -Ivendor/cigraph/vendor/glpk/simplex -Ivendor/cigraph/vendor/glpk/colamd -DNDEBUG -DNTIMER -DNPRINT -DIGRAPH_THREAD_LOCAL= -DPRPACK_IGRAPH_SUPPORT -DHAVE_GFORTRAN=1 -D_GNU_SOURCE=1 -I'/usr/local/lib/R/library/cpp11/include' -I/usr/local/include   -fvisibility=hidden -fpic  -g -O2  -c vendor/cigraph/src/constructors/linegraph.c -o vendor/cigraph/src/constructors/linegraph.o
#13 781.9 gcc -I"/usr/local/lib/R/include" -DNDEBUG -DUSING_R -I. -Ivendor -Ivendor/cigraph/src -Ivendor/cigraph/include -Ivendor/cigraph/vendor -Ivendor/io/parsers  -I/usr/include/libxml2 -DHAVE_LIBXML -Ivendor/cigraph/vendor/glpk -Ivendor/cigraph/vendor/glpk/env -Ivendor/cigraph/vendor/glpk/minisat -Ivendor/cigraph/vendor/glpk/misc -Ivendor/cigraph/vendor/glpk/draft -Ivendor/cigraph/vendor/glpk/npp -Ivendor/cigraph/vendor/glpk/api -Ivendor/cigraph/vendor/glpk/mpl -Ivendor/cigraph/vendor/glpk/bflib -Ivendor/cigraph/vendor/glpk/amd -Ivendor/cigraph/vendor/glpk/simplex -Ivendor/cigraph/vendor/glpk/colamd -DNDEBUG -DNTIMER -DNPRINT -DIGRAPH_THREAD_LOCAL= -DPRPACK_IGRAPH_SUPPORT -DHAVE_GFORTRAN=1 -D_GNU_SOURCE=1 -I'/usr/local/lib/R/library/cpp11/include' -I/usr/local/include   -fvisibility=hidden -fpic  -g -O2  -c vendor/cigraph/src/constructors/prufer.c -o vendor/cigraph/src/constructors/prufer.o
#13 782.0 gcc -I"/usr/local/lib/R/include" -DNDEBUG -DUSING_R -I. -Ivendor -Ivendor/cigraph/src -Ivendor/cigraph/include -Ivendor/cigraph/vendor -Ivendor/io/parsers  -I/usr/include/libxml2 -DHAVE_LIBXML -Ivendor/cigraph/vendor/glpk -Ivendor/cigraph/vendor/glpk/env -Ivendor/cigraph/vendor/glpk/minisat -Ivendor/cigraph/vendor/glpk/misc -Ivendor/cigraph/vendor/glpk/draft -Ivendor/cigraph/vendor/glpk/npp -Ivendor/cigraph/vendor/glpk/api -Ivendor/cigraph/vendor/glpk/mpl -Ivendor/cigraph/vendor/glpk/bflib -Ivendor/cigraph/vendor/glpk/amd -Ivendor/cigraph/vendor/glpk/simplex -Ivendor/cigraph/vendor/glpk/colamd -DNDEBUG -DNTIMER -DNPRINT -DIGRAPH_THREAD_LOCAL= -DPRPACK_IGRAPH_SUPPORT -DHAVE_GFORTRAN=1 -D_GNU_SOURCE=1 -I'/usr/local/lib/R/library/cpp11/include' -I/usr/local/include   -fvisibility=hidden -fpic  -g -O2  -c vendor/cigraph/src/constructors/regular.c -o vendor/cigraph/src/constructors/regular.o
#13 782.4 gcc -I"/usr/local/lib/R/include" -DNDEBUG -DUSING_R -I. -Ivendor -Ivendor/cigraph/src -Ivendor/cigraph/include -Ivendor/cigraph/vendor -Ivendor/io/parsers  -I/usr/include/libxml2 -DHAVE_LIBXML -Ivendor/cigraph/vendor/glpk -Ivendor/cigraph/vendor/glpk/env -Ivendor/cigraph/vendor/glpk/minisat -Ivendor/cigraph/vendor/glpk/misc -Ivendor/cigraph/vendor/glpk/draft -Ivendor/cigraph/vendor/glpk/npp -Ivendor/cigraph/vendor/glpk/api -Ivendor/cigraph/vendor/glpk/mpl -Ivendor/cigraph/vendor/glpk/bflib -Ivendor/cigraph/vendor/glpk/amd -Ivendor/cigraph/vendor/glpk/simplex -Ivendor/cigraph/vendor/glpk/colamd -DNDEBUG -DNTIMER -DNPRINT -DIGRAPH_THREAD_LOCAL= -DPRPACK_IGRAPH_SUPPORT -DHAVE_GFORTRAN=1 -D_GNU_SOURCE=1 -I'/usr/local/lib/R/library/cpp11/include' -I/usr/local/include   -fvisibility=hidden -fpic  -g -O2  -c vendor/cigraph/src/constructors/trees.c -o vendor/cigraph/src/constructors/trees.o
#13 782.5 gcc -I"/usr/local/lib/R/include" -DNDEBUG -DUSING_R -I. -Ivendor -Ivendor/cigraph/src -Ivendor/cigraph/include -Ivendor/cigraph/vendor -Ivendor/io/parsers  -I/usr/include/libxml2 -DHAVE_LIBXML -Ivendor/cigraph/vendor/glpk -Ivendor/cigraph/vendor/glpk/env -Ivendor/cigraph/vendor/glpk/minisat -Ivendor/cigraph/vendor/glpk/misc -Ivendor/cigraph/vendor/glpk/draft -Ivendor/cigraph/vendor/glpk/npp -Ivendor/cigraph/vendor/glpk/api -Ivendor/cigraph/vendor/glpk/mpl -Ivendor/cigraph/vendor/glpk/bflib -Ivendor/cigraph/vendor/glpk/amd -Ivendor/cigraph/vendor/glpk/simplex -Ivendor/cigraph/vendor/glpk/colamd -DNDEBUG -DNTIMER -DNPRINT -DIGRAPH_THREAD_LOCAL= -DPRPACK_IGRAPH_SUPPORT -DHAVE_GFORTRAN=1 -D_GNU_SOURCE=1 -I'/usr/local/lib/R/library/cpp11/include' -I/usr/local/include   -fvisibility=hidden -fpic  -g -O2  -c vendor/cigraph/src/core/array.c -o vendor/cigraph/src/core/array.o
#13 782.7 gcc -I"/usr/local/lib/R/include" -DNDEBUG -DUSING_R -I. -Ivendor -Ivendor/cigraph/src -Ivendor/cigraph/include -Ivendor/cigraph/vendor -Ivendor/io/parsers  -I/usr/include/libxml2 -DHAVE_LIBXML -Ivendor/cigraph/vendor/glpk -Ivendor/cigraph/vendor/glpk/env -Ivendor/cigraph/vendor/glpk/minisat -Ivendor/cigraph/vendor/glpk/misc -Ivendor/cigraph/vendor/glpk/draft -Ivendor/cigraph/vendor/glpk/npp -Ivendor/cigraph/vendor/glpk/api -Ivendor/cigraph/vendor/glpk/mpl -Ivendor/cigraph/vendor/glpk/bflib -Ivendor/cigraph/vendor/glpk/amd -Ivendor/cigraph/vendor/glpk/simplex -Ivendor/cigraph/vendor/glpk/colamd -DNDEBUG -DNTIMER -DNPRINT -DIGRAPH_THREAD_LOCAL= -DPRPACK_IGRAPH_SUPPORT -DHAVE_GFORTRAN=1 -D_GNU_SOURCE=1 -I'/usr/local/lib/R/library/cpp11/include' -I/usr/local/include   -fvisibility=hidden -fpic  -g -O2  -c vendor/cigraph/src/core/bitset.c -o vendor/cigraph/src/core/bitset.o
#13 782.9 gcc -I"/usr/local/lib/R/include" -DNDEBUG -DUSING_R -I. -Ivendor -Ivendor/cigraph/src -Ivendor/cigraph/include -Ivendor/cigraph/vendor -Ivendor/io/parsers  -I/usr/include/libxml2 -DHAVE_LIBXML -Ivendor/cigraph/vendor/glpk -Ivendor/cigraph/vendor/glpk/env -Ivendor/cigraph/vendor/glpk/minisat -Ivendor/cigraph/vendor/glpk/misc -Ivendor/cigraph/vendor/glpk/draft -Ivendor/cigraph/vendor/glpk/npp -Ivendor/cigraph/vendor/glpk/api -Ivendor/cigraph/vendor/glpk/mpl -Ivendor/cigraph/vendor/glpk/bflib -Ivendor/cigraph/vendor/glpk/amd -Ivendor/cigraph/vendor/glpk/simplex -Ivendor/cigraph/vendor/glpk/colamd -DNDEBUG -DNTIMER -DNPRINT -DIGRAPH_THREAD_LOCAL= -DPRPACK_IGRAPH_SUPPORT -DHAVE_GFORTRAN=1 -D_GNU_SOURCE=1 -I'/usr/local/lib/R/library/cpp11/include' -I/usr/local/include   -fvisibility=hidden -fpic  -g -O2  -c vendor/cigraph/src/core/bitset_list.c -o vendor/cigraph/src/core/bitset_list.o
#13 783.3 gcc -I"/usr/local/lib/R/include" -DNDEBUG -DUSING_R -I. -Ivendor -Ivendor/cigraph/src -Ivendor/cigraph/include -Ivendor/cigraph/vendor -Ivendor/io/parsers  -I/usr/include/libxml2 -DHAVE_LIBXML -Ivendor/cigraph/vendor/glpk -Ivendor/cigraph/vendor/glpk/env -Ivendor/cigraph/vendor/glpk/minisat -Ivendor/cigraph/vendor/glpk/misc -Ivendor/cigraph/vendor/glpk/draft -Ivendor/cigraph/vendor/glpk/npp -Ivendor/cigraph/vendor/glpk/api -Ivendor/cigraph/vendor/glpk/mpl -Ivendor/cigraph/vendor/glpk/bflib -Ivendor/cigraph/vendor/glpk/amd -Ivendor/cigraph/vendor/glpk/simplex -Ivendor/cigraph/vendor/glpk/colamd -DNDEBUG -DNTIMER -DNPRINT -DIGRAPH_THREAD_LOCAL= -DPRPACK_IGRAPH_SUPPORT -DHAVE_GFORTRAN=1 -D_GNU_SOURCE=1 -I'/usr/local/lib/R/library/cpp11/include' -I/usr/local/include   -fvisibility=hidden -fpic  -g -O2  -c vendor/cigraph/src/core/buckets.c -o vendor/cigraph/src/core/buckets.o
#13 783.4 gcc -I"/usr/local/lib/R/include" -DNDEBUG -DUSING_R -I. -Ivendor -Ivendor/cigraph/src -Ivendor/cigraph/include -Ivendor/cigraph/vendor -Ivendor/io/parsers  -I/usr/include/libxml2 -DHAVE_LIBXML -Ivendor/cigraph/vendor/glpk -Ivendor/cigraph/vendor/glpk/env -Ivendor/cigraph/vendor/glpk/minisat -Ivendor/cigraph/vendor/glpk/misc -Ivendor/cigraph/vendor/glpk/draft -Ivendor/cigraph/vendor/glpk/npp -Ivendor/cigraph/vendor/glpk/api -Ivendor/cigraph/vendor/glpk/mpl -Ivendor/cigraph/vendor/glpk/bflib -Ivendor/cigraph/vendor/glpk/amd -Ivendor/cigraph/vendor/glpk/simplex -Ivendor/cigraph/vendor/glpk/colamd -DNDEBUG -DNTIMER -DNPRINT -DIGRAPH_THREAD_LOCAL= -DPRPACK_IGRAPH_SUPPORT -DHAVE_GFORTRAN=1 -D_GNU_SOURCE=1 -I'/usr/local/lib/R/library/cpp11/include' -I/usr/local/include   -fvisibility=hidden -fpic  -g -O2  -c vendor/cigraph/src/core/cutheap.c -o vendor/cigraph/src/core/cutheap.o
#13 783.5 gcc -I"/usr/local/lib/R/include" -DNDEBUG -DUSING_R -I. -Ivendor -Ivendor/cigraph/src -Ivendor/cigraph/include -Ivendor/cigraph/vendor -Ivendor/io/parsers  -I/usr/include/libxml2 -DHAVE_LIBXML -Ivendor/cigraph/vendor/glpk -Ivendor/cigraph/vendor/glpk/env -Ivendor/cigraph/vendor/glpk/minisat -Ivendor/cigraph/vendor/glpk/misc -Ivendor/cigraph/vendor/glpk/draft -Ivendor/cigraph/vendor/glpk/npp -Ivendor/cigraph/vendor/glpk/api -Ivendor/cigraph/vendor/glpk/mpl -Ivendor/cigraph/vendor/glpk/bflib -Ivendor/cigraph/vendor/glpk/amd -Ivendor/cigraph/vendor/glpk/simplex -Ivendor/cigraph/vendor/glpk/colamd -DNDEBUG -DNTIMER -DNPRINT -DIGRAPH_THREAD_LOCAL= -DPRPACK_IGRAPH_SUPPORT -DHAVE_GFORTRAN=1 -D_GNU_SOURCE=1 -I'/usr/local/lib/R/library/cpp11/include' -I/usr/local/include   -fvisibility=hidden -fpic  -g -O2  -c vendor/cigraph/src/core/dqueue.c -o vendor/cigraph/src/core/dqueue.o
#13 783.9 gcc -I"/usr/local/lib/R/include" -DNDEBUG -DUSING_R -I. -Ivendor -Ivendor/cigraph/src -Ivendor/cigraph/include -Ivendor/cigraph/vendor -Ivendor/io/parsers  -I/usr/include/libxml2 -DHAVE_LIBXML -Ivendor/cigraph/vendor/glpk -Ivendor/cigraph/vendor/glpk/env -Ivendor/cigraph/vendor/glpk/minisat -Ivendor/cigraph/vendor/glpk/misc -Ivendor/cigraph/vendor/glpk/draft -Ivendor/cigraph/vendor/glpk/npp -Ivendor/cigraph/vendor/glpk/api -Ivendor/cigraph/vendor/glpk/mpl -Ivendor/cigraph/vendor/glpk/bflib -Ivendor/cigraph/vendor/glpk/amd -Ivendor/cigraph/vendor/glpk/simplex -Ivendor/cigraph/vendor/glpk/colamd -DNDEBUG -DNTIMER -DNPRINT -DIGRAPH_THREAD_LOCAL= -DPRPACK_IGRAPH_SUPPORT -DHAVE_GFORTRAN=1 -D_GNU_SOURCE=1 -I'/usr/local/lib/R/library/cpp11/include' -I/usr/local/include   -fvisibility=hidden -fpic  -g -O2  -c vendor/cigraph/src/core/error.c -o vendor/cigraph/src/core/error.o
#13 784.0 gcc -I"/usr/local/lib/R/include" -DNDEBUG -DUSING_R -I. -Ivendor -Ivendor/cigraph/src -Ivendor/cigraph/include -Ivendor/cigraph/vendor -Ivendor/io/parsers  -I/usr/include/libxml2 -DHAVE_LIBXML -Ivendor/cigraph/vendor/glpk -Ivendor/cigraph/vendor/glpk/env -Ivendor/cigraph/vendor/glpk/minisat -Ivendor/cigraph/vendor/glpk/misc -Ivendor/cigraph/vendor/glpk/draft -Ivendor/cigraph/vendor/glpk/npp -Ivendor/cigraph/vendor/glpk/api -Ivendor/cigraph/vendor/glpk/mpl -Ivendor/cigraph/vendor/glpk/bflib -Ivendor/cigraph/vendor/glpk/amd -Ivendor/cigraph/vendor/glpk/simplex -Ivendor/cigraph/vendor/glpk/colamd -DNDEBUG -DNTIMER -DNPRINT -DIGRAPH_THREAD_LOCAL= -DPRPACK_IGRAPH_SUPPORT -DHAVE_GFORTRAN=1 -D_GNU_SOURCE=1 -I'/usr/local/lib/R/library/cpp11/include' -I/usr/local/include   -fvisibility=hidden -fpic  -g -O2  -c vendor/cigraph/src/core/estack.c -o vendor/cigraph/src/core/estack.o
#13 784.1 gcc -I"/usr/local/lib/R/include" -DNDEBUG -DUSING_R -I. -Ivendor -Ivendor/cigraph/src -Ivendor/cigraph/include -Ivendor/cigraph/vendor -Ivendor/io/parsers  -I/usr/include/libxml2 -DHAVE_LIBXML -Ivendor/cigraph/vendor/glpk -Ivendor/cigraph/vendor/glpk/env -Ivendor/cigraph/vendor/glpk/minisat -Ivendor/cigraph/vendor/glpk/misc -Ivendor/cigraph/vendor/glpk/draft -Ivendor/cigraph/vendor/glpk/npp -Ivendor/cigraph/vendor/glpk/api -Ivendor/cigraph/vendor/glpk/mpl -Ivendor/cigraph/vendor/glpk/bflib -Ivendor/cigraph/vendor/glpk/amd -Ivendor/cigraph/vendor/glpk/simplex -Ivendor/cigraph/vendor/glpk/colamd -DNDEBUG -DNTIMER -DNPRINT -DIGRAPH_THREAD_LOCAL= -DPRPACK_IGRAPH_SUPPORT -DHAVE_GFORTRAN=1 -D_GNU_SOURCE=1 -I'/usr/local/lib/R/library/cpp11/include' -I/usr/local/include   -fvisibility=hidden -fpic  -g -O2  -c vendor/cigraph/src/core/fixed_vectorlist.c -o vendor/cigraph/src/core/fixed_vectorlist.o
#13 784.2 gcc -I"/usr/local/lib/R/include" -DNDEBUG -DUSING_R -I. -Ivendor -Ivendor/cigraph/src -Ivendor/cigraph/include -Ivendor/cigraph/vendor -Ivendor/io/parsers  -I/usr/include/libxml2 -DHAVE_LIBXML -Ivendor/cigraph/vendor/glpk -Ivendor/cigraph/vendor/glpk/env -Ivendor/cigraph/vendor/glpk/minisat -Ivendor/cigraph/vendor/glpk/misc -Ivendor/cigraph/vendor/glpk/draft -Ivendor/cigraph/vendor/glpk/npp -Ivendor/cigraph/vendor/glpk/api -Ivendor/cigraph/vendor/glpk/mpl -Ivendor/cigraph/vendor/glpk/bflib -Ivendor/cigraph/vendor/glpk/amd -Ivendor/cigraph/vendor/glpk/simplex -Ivendor/cigraph/vendor/glpk/colamd -DNDEBUG -DNTIMER -DNPRINT -DIGRAPH_THREAD_LOCAL= -DPRPACK_IGRAPH_SUPPORT -DHAVE_GFORTRAN=1 -D_GNU_SOURCE=1 -I'/usr/local/lib/R/library/cpp11/include' -I/usr/local/include   -fvisibility=hidden -fpic  -g -O2  -c vendor/cigraph/src/core/genheap.c -o vendor/cigraph/src/core/genheap.o
#13 784.3 gcc -I"/usr/local/lib/R/include" -DNDEBUG -DUSING_R -I. -Ivendor -Ivendor/cigraph/src -Ivendor/cigraph/include -Ivendor/cigraph/vendor -Ivendor/io/parsers  -I/usr/include/libxml2 -DHAVE_LIBXML -Ivendor/cigraph/vendor/glpk -Ivendor/cigraph/vendor/glpk/env -Ivendor/cigraph/vendor/glpk/minisat -Ivendor/cigraph/vendor/glpk/misc -Ivendor/cigraph/vendor/glpk/draft -Ivendor/cigraph/vendor/glpk/npp -Ivendor/cigraph/vendor/glpk/api -Ivendor/cigraph/vendor/glpk/mpl -Ivendor/cigraph/vendor/glpk/bflib -Ivendor/cigraph/vendor/glpk/amd -Ivendor/cigraph/vendor/glpk/simplex -Ivendor/cigraph/vendor/glpk/colamd -DNDEBUG -DNTIMER -DNPRINT -DIGRAPH_THREAD_LOCAL= -DPRPACK_IGRAPH_SUPPORT -DHAVE_GFORTRAN=1 -D_GNU_SOURCE=1 -I'/usr/local/lib/R/library/cpp11/include' -I/usr/local/include   -fvisibility=hidden -fpic  -g -O2  -c vendor/cigraph/src/core/grid.c -o vendor/cigraph/src/core/grid.o
#13 784.5 gcc -I"/usr/local/lib/R/include" -DNDEBUG -DUSING_R -I. -Ivendor -Ivendor/cigraph/src -Ivendor/cigraph/include -Ivendor/cigraph/vendor -Ivendor/io/parsers  -I/usr/include/libxml2 -DHAVE_LIBXML -Ivendor/cigraph/vendor/glpk -Ivendor/cigraph/vendor/glpk/env -Ivendor/cigraph/vendor/glpk/minisat -Ivendor/cigraph/vendor/glpk/misc -Ivendor/cigraph/vendor/glpk/draft -Ivendor/cigraph/vendor/glpk/npp -Ivendor/cigraph/vendor/glpk/api -Ivendor/cigraph/vendor/glpk/mpl -Ivendor/cigraph/vendor/glpk/bflib -Ivendor/cigraph/vendor/glpk/amd -Ivendor/cigraph/vendor/glpk/simplex -Ivendor/cigraph/vendor/glpk/colamd -DNDEBUG -DNTIMER -DNPRINT -DIGRAPH_THREAD_LOCAL= -DPRPACK_IGRAPH_SUPPORT -DHAVE_GFORTRAN=1 -D_GNU_SOURCE=1 -I'/usr/local/lib/R/library/cpp11/include' -I/usr/local/include   -fvisibility=hidden -fpic  -g -O2  -c vendor/cigraph/src/core/heap.c -o vendor/cigraph/src/core/heap.o
#13 785.0 gcc -I"/usr/local/lib/R/include" -DNDEBUG -DUSING_R -I. -Ivendor -Ivendor/cigraph/src -Ivendor/cigraph/include -Ivendor/cigraph/vendor -Ivendor/io/parsers  -I/usr/include/libxml2 -DHAVE_LIBXML -Ivendor/cigraph/vendor/glpk -Ivendor/cigraph/vendor/glpk/env -Ivendor/cigraph/vendor/glpk/minisat -Ivendor/cigraph/vendor/glpk/misc -Ivendor/cigraph/vendor/glpk/draft -Ivendor/cigraph/vendor/glpk/npp -Ivendor/cigraph/vendor/glpk/api -Ivendor/cigraph/vendor/glpk/mpl -Ivendor/cigraph/vendor/glpk/bflib -Ivendor/cigraph/vendor/glpk/amd -Ivendor/cigraph/vendor/glpk/simplex -Ivendor/cigraph/vendor/glpk/colamd -DNDEBUG -DNTIMER -DNPRINT -DIGRAPH_THREAD_LOCAL= -DPRPACK_IGRAPH_SUPPORT -DHAVE_GFORTRAN=1 -D_GNU_SOURCE=1 -I'/usr/local/lib/R/library/cpp11/include' -I/usr/local/include   -fvisibility=hidden -fpic  -g -O2  -c vendor/cigraph/src/core/indheap.c -o vendor/cigraph/src/core/indheap.o
#13 785.4 gcc -I"/usr/local/lib/R/include" -DNDEBUG -DUSING_R -I. -Ivendor -Ivendor/cigraph/src -Ivendor/cigraph/include -Ivendor/cigraph/vendor -Ivendor/io/parsers  -I/usr/include/libxml2 -DHAVE_LIBXML -Ivendor/cigraph/vendor/glpk -Ivendor/cigraph/vendor/glpk/env -Ivendor/cigraph/vendor/glpk/minisat -Ivendor/cigraph/vendor/glpk/misc -Ivendor/cigraph/vendor/glpk/draft -Ivendor/cigraph/vendor/glpk/npp -Ivendor/cigraph/vendor/glpk/api -Ivendor/cigraph/vendor/glpk/mpl -Ivendor/cigraph/vendor/glpk/bflib -Ivendor/cigraph/vendor/glpk/amd -Ivendor/cigraph/vendor/glpk/simplex -Ivendor/cigraph/vendor/glpk/colamd -DNDEBUG -DNTIMER -DNPRINT -DIGRAPH_THREAD_LOCAL= -DPRPACK_IGRAPH_SUPPORT -DHAVE_GFORTRAN=1 -D_GNU_SOURCE=1 -I'/usr/local/lib/R/library/cpp11/include' -I/usr/local/include   -fvisibility=hidden -fpic  -g -O2  -c vendor/cigraph/src/core/interruption.c -o vendor/cigraph/src/core/interruption.o
#13 785.4 gcc -I"/usr/local/lib/R/include" -DNDEBUG -DUSING_R -I. -Ivendor -Ivendor/cigraph/src -Ivendor/cigraph/include -Ivendor/cigraph/vendor -Ivendor/io/parsers  -I/usr/include/libxml2 -DHAVE_LIBXML -Ivendor/cigraph/vendor/glpk -Ivendor/cigraph/vendor/glpk/env -Ivendor/cigraph/vendor/glpk/minisat -Ivendor/cigraph/vendor/glpk/misc -Ivendor/cigraph/vendor/glpk/draft -Ivendor/cigraph/vendor/glpk/npp -Ivendor/cigraph/vendor/glpk/api -Ivendor/cigraph/vendor/glpk/mpl -Ivendor/cigraph/vendor/glpk/bflib -Ivendor/cigraph/vendor/glpk/amd -Ivendor/cigraph/vendor/glpk/simplex -Ivendor/cigraph/vendor/glpk/colamd -DNDEBUG -DNTIMER -DNPRINT -DIGRAPH_THREAD_LOCAL= -DPRPACK_IGRAPH_SUPPORT -DHAVE_GFORTRAN=1 -D_GNU_SOURCE=1 -I'/usr/local/lib/R/library/cpp11/include' -I/usr/local/include   -fvisibility=hidden -fpic  -g -O2  -c vendor/cigraph/src/core/marked_queue.c -o vendor/cigraph/src/core/marked_queue.o
#13 785.5 gcc -I"/usr/local/lib/R/include" -DNDEBUG -DUSING_R -I. -Ivendor -Ivendor/cigraph/src -Ivendor/cigraph/include -Ivendor/cigraph/vendor -Ivendor/io/parsers  -I/usr/include/libxml2 -DHAVE_LIBXML -Ivendor/cigraph/vendor/glpk -Ivendor/cigraph/vendor/glpk/env -Ivendor/cigraph/vendor/glpk/minisat -Ivendor/cigraph/vendor/glpk/misc -Ivendor/cigraph/vendor/glpk/draft -Ivendor/cigraph/vendor/glpk/npp -Ivendor/cigraph/vendor/glpk/api -Ivendor/cigraph/vendor/glpk/mpl -Ivendor/cigraph/vendor/glpk/bflib -Ivendor/cigraph/vendor/glpk/amd -Ivendor/cigraph/vendor/glpk/simplex -Ivendor/cigraph/vendor/glpk/colamd -DNDEBUG -DNTIMER -DNPRINT -DIGRAPH_THREAD_LOCAL= -DPRPACK_IGRAPH_SUPPORT -DHAVE_GFORTRAN=1 -D_GNU_SOURCE=1 -I'/usr/local/lib/R/library/cpp11/include' -I/usr/local/include   -fvisibility=hidden -fpic  -g -O2  -c vendor/cigraph/src/core/matrix.c -o vendor/cigraph/src/core/matrix.o
#13 787.5 gcc -I"/usr/local/lib/R/include" -DNDEBUG -DUSING_R -I. -Ivendor -Ivendor/cigraph/src -Ivendor/cigraph/include -Ivendor/cigraph/vendor -Ivendor/io/parsers  -I/usr/include/libxml2 -DHAVE_LIBXML -Ivendor/cigraph/vendor/glpk -Ivendor/cigraph/vendor/glpk/env -Ivendor/cigraph/vendor/glpk/minisat -Ivendor/cigraph/vendor/glpk/misc -Ivendor/cigraph/vendor/glpk/draft -Ivendor/cigraph/vendor/glpk/npp -Ivendor/cigraph/vendor/glpk/api -Ivendor/cigraph/vendor/glpk/mpl -Ivendor/cigraph/vendor/glpk/bflib -Ivendor/cigraph/vendor/glpk/amd -Ivendor/cigraph/vendor/glpk/simplex -Ivendor/cigraph/vendor/glpk/colamd -DNDEBUG -DNTIMER -DNPRINT -DIGRAPH_THREAD_LOCAL= -DPRPACK_IGRAPH_SUPPORT -DHAVE_GFORTRAN=1 -D_GNU_SOURCE=1 -I'/usr/local/lib/R/library/cpp11/include' -I/usr/local/include   -fvisibility=hidden -fpic  -g -O2  -c vendor/cigraph/src/core/matrix_list.c -o vendor/cigraph/src/core/matrix_list.o
#13 787.8 gcc -I"/usr/local/lib/R/include" -DNDEBUG -DUSING_R -I. -Ivendor -Ivendor/cigraph/src -Ivendor/cigraph/include -Ivendor/cigraph/vendor -Ivendor/io/parsers  -I/usr/include/libxml2 -DHAVE_LIBXML -Ivendor/cigraph/vendor/glpk -Ivendor/cigraph/vendor/glpk/env -Ivendor/cigraph/vendor/glpk/minisat -Ivendor/cigraph/vendor/glpk/misc -Ivendor/cigraph/vendor/glpk/draft -Ivendor/cigraph/vendor/glpk/npp -Ivendor/cigraph/vendor/glpk/api -Ivendor/cigraph/vendor/glpk/mpl -Ivendor/cigraph/vendor/glpk/bflib -Ivendor/cigraph/vendor/glpk/amd -Ivendor/cigraph/vendor/glpk/simplex -Ivendor/cigraph/vendor/glpk/colamd -DNDEBUG -DNTIMER -DNPRINT -DIGRAPH_THREAD_LOCAL= -DPRPACK_IGRAPH_SUPPORT -DHAVE_GFORTRAN=1 -D_GNU_SOURCE=1 -I'/usr/local/lib/R/library/cpp11/include' -I/usr/local/include   -fvisibility=hidden -fpic  -g -O2  -c vendor/cigraph/src/core/memory.c -o vendor/cigraph/src/core/memory.o
#13 787.8 gcc -I"/usr/local/lib/R/include" -DNDEBUG -DUSING_R -I. -Ivendor -Ivendor/cigraph/src -Ivendor/cigraph/include -Ivendor/cigraph/vendor -Ivendor/io/parsers  -I/usr/include/libxml2 -DHAVE_LIBXML -Ivendor/cigraph/vendor/glpk -Ivendor/cigraph/vendor/glpk/env -Ivendor/cigraph/vendor/glpk/minisat -Ivendor/cigraph/vendor/glpk/misc -Ivendor/cigraph/vendor/glpk/draft -Ivendor/cigraph/vendor/glpk/npp -Ivendor/cigraph/vendor/glpk/api -Ivendor/cigraph/vendor/glpk/mpl -Ivendor/cigraph/vendor/glpk/bflib -Ivendor/cigraph/vendor/glpk/amd -Ivendor/cigraph/vendor/glpk/simplex -Ivendor/cigraph/vendor/glpk/colamd -DNDEBUG -DNTIMER -DNPRINT -DIGRAPH_THREAD_LOCAL= -DPRPACK_IGRAPH_SUPPORT -DHAVE_GFORTRAN=1 -D_GNU_SOURCE=1 -I'/usr/local/lib/R/library/cpp11/include' -I/usr/local/include   -fvisibility=hidden -fpic  -g -O2  -c vendor/cigraph/src/core/printing.c -o vendor/cigraph/src/core/printing.o
#13 787.9 gcc -I"/usr/local/lib/R/include" -DNDEBUG -DUSING_R -I. -Ivendor -Ivendor/cigraph/src -Ivendor/cigraph/include -Ivendor/cigraph/vendor -Ivendor/io/parsers  -I/usr/include/libxml2 -DHAVE_LIBXML -Ivendor/cigraph/vendor/glpk -Ivendor/cigraph/vendor/glpk/env -Ivendor/cigraph/vendor/glpk/minisat -Ivendor/cigraph/vendor/glpk/misc -Ivendor/cigraph/vendor/glpk/draft -Ivendor/cigraph/vendor/glpk/npp -Ivendor/cigraph/vendor/glpk/api -Ivendor/cigraph/vendor/glpk/mpl -Ivendor/cigraph/vendor/glpk/bflib -Ivendor/cigraph/vendor/glpk/amd -Ivendor/cigraph/vendor/glpk/simplex -Ivendor/cigraph/vendor/glpk/colamd -DNDEBUG -DNTIMER -DNPRINT -DIGRAPH_THREAD_LOCAL= -DPRPACK_IGRAPH_SUPPORT -DHAVE_GFORTRAN=1 -D_GNU_SOURCE=1 -I'/usr/local/lib/R/library/cpp11/include' -I/usr/local/include   -fvisibility=hidden -fpic  -g -O2  -c vendor/cigraph/src/core/progress.c -o vendor/cigraph/src/core/progress.o
#13 788.0 gcc -I"/usr/local/lib/R/include" -DNDEBUG -DUSING_R -I. -Ivendor -Ivendor/cigraph/src -Ivendor/cigraph/include -Ivendor/cigraph/vendor -Ivendor/io/parsers  -I/usr/include/libxml2 -DHAVE_LIBXML -Ivendor/cigraph/vendor/glpk -Ivendor/cigraph/vendor/glpk/env -Ivendor/cigraph/vendor/glpk/minisat -Ivendor/cigraph/vendor/glpk/misc -Ivendor/cigraph/vendor/glpk/draft -Ivendor/cigraph/vendor/glpk/npp -Ivendor/cigraph/vendor/glpk/api -Ivendor/cigraph/vendor/glpk/mpl -Ivendor/cigraph/vendor/glpk/bflib -Ivendor/cigraph/vendor/glpk/amd -Ivendor/cigraph/vendor/glpk/simplex -Ivendor/cigraph/vendor/glpk/colamd -DNDEBUG -DNTIMER -DNPRINT -DIGRAPH_THREAD_LOCAL= -DPRPACK_IGRAPH_SUPPORT -DHAVE_GFORTRAN=1 -D_GNU_SOURCE=1 -I'/usr/local/lib/R/library/cpp11/include' -I/usr/local/include   -fvisibility=hidden -fpic  -g -O2  -c vendor/cigraph/src/core/psumtree.c -o vendor/cigraph/src/core/psumtree.o
#13 788.1 gcc -I"/usr/local/lib/R/include" -DNDEBUG -DUSING_R -I. -Ivendor -Ivendor/cigraph/src -Ivendor/cigraph/include -Ivendor/cigraph/vendor -Ivendor/io/parsers  -I/usr/include/libxml2 -DHAVE_LIBXML -Ivendor/cigraph/vendor/glpk -Ivendor/cigraph/vendor/glpk/env -Ivendor/cigraph/vendor/glpk/minisat -Ivendor/cigraph/vendor/glpk/misc -Ivendor/cigraph/vendor/glpk/draft -Ivendor/cigraph/vendor/glpk/npp -Ivendor/cigraph/vendor/glpk/api -Ivendor/cigraph/vendor/glpk/mpl -Ivendor/cigraph/vendor/glpk/bflib -Ivendor/cigraph/vendor/glpk/amd -Ivendor/cigraph/vendor/glpk/simplex -Ivendor/cigraph/vendor/glpk/colamd -DNDEBUG -DNTIMER -DNPRINT -DIGRAPH_THREAD_LOCAL= -DPRPACK_IGRAPH_SUPPORT -DHAVE_GFORTRAN=1 -D_GNU_SOURCE=1 -I'/usr/local/lib/R/library/cpp11/include' -I/usr/local/include   -fvisibility=hidden -fpic  -g -O2  -c vendor/cigraph/src/core/set.c -o vendor/cigraph/src/core/set.o
#13 788.2 gcc -I"/usr/local/lib/R/include" -DNDEBUG -DUSING_R -I. -Ivendor -Ivendor/cigraph/src -Ivendor/cigraph/include -Ivendor/cigraph/vendor -Ivendor/io/parsers  -I/usr/include/libxml2 -DHAVE_LIBXML -Ivendor/cigraph/vendor/glpk -Ivendor/cigraph/vendor/glpk/env -Ivendor/cigraph/vendor/glpk/minisat -Ivendor/cigraph/vendor/glpk/misc -Ivendor/cigraph/vendor/glpk/draft -Ivendor/cigraph/vendor/glpk/npp -Ivendor/cigraph/vendor/glpk/api -Ivendor/cigraph/vendor/glpk/mpl -Ivendor/cigraph/vendor/glpk/bflib -Ivendor/cigraph/vendor/glpk/amd -Ivendor/cigraph/vendor/glpk/simplex -Ivendor/cigraph/vendor/glpk/colamd -DNDEBUG -DNTIMER -DNPRINT -DIGRAPH_THREAD_LOCAL= -DPRPACK_IGRAPH_SUPPORT -DHAVE_GFORTRAN=1 -D_GNU_SOURCE=1 -I'/usr/local/lib/R/library/cpp11/include' -I/usr/local/include   -fvisibility=hidden -fpic  -g -O2  -c vendor/cigraph/src/core/sparsemat.c -o vendor/cigraph/src/core/sparsemat.o
#13 789.2 gcc -I"/usr/local/lib/R/include" -DNDEBUG -DUSING_R -I. -Ivendor -Ivendor/cigraph/src -Ivendor/cigraph/include -Ivendor/cigraph/vendor -Ivendor/io/parsers  -I/usr/include/libxml2 -DHAVE_LIBXML -Ivendor/cigraph/vendor/glpk -Ivendor/cigraph/vendor/glpk/env -Ivendor/cigraph/vendor/glpk/minisat -Ivendor/cigraph/vendor/glpk/misc -Ivendor/cigraph/vendor/glpk/draft -Ivendor/cigraph/vendor/glpk/npp -Ivendor/cigraph/vendor/glpk/api -Ivendor/cigraph/vendor/glpk/mpl -Ivendor/cigraph/vendor/glpk/bflib -Ivendor/cigraph/vendor/glpk/amd -Ivendor/cigraph/vendor/glpk/simplex -Ivendor/cigraph/vendor/glpk/colamd -DNDEBUG -DNTIMER -DNPRINT -DIGRAPH_THREAD_LOCAL= -DPRPACK_IGRAPH_SUPPORT -DHAVE_GFORTRAN=1 -D_GNU_SOURCE=1 -I'/usr/local/lib/R/library/cpp11/include' -I/usr/local/include   -fvisibility=hidden -fpic  -g -O2  -c vendor/cigraph/src/core/stack.c -o vendor/cigraph/src/core/stack.o
#13 789.5 gcc -I"/usr/local/lib/R/include" -DNDEBUG -DUSING_R -I. -Ivendor -Ivendor/cigraph/src -Ivendor/cigraph/include -Ivendor/cigraph/vendor -Ivendor/io/parsers  -I/usr/include/libxml2 -DHAVE_LIBXML -Ivendor/cigraph/vendor/glpk -Ivendor/cigraph/vendor/glpk/env -Ivendor/cigraph/vendor/glpk/minisat -Ivendor/cigraph/vendor/glpk/misc -Ivendor/cigraph/vendor/glpk/draft -Ivendor/cigraph/vendor/glpk/npp -Ivendor/cigraph/vendor/glpk/api -Ivendor/cigraph/vendor/glpk/mpl -Ivendor/cigraph/vendor/glpk/bflib -Ivendor/cigraph/vendor/glpk/amd -Ivendor/cigraph/vendor/glpk/simplex -Ivendor/cigraph/vendor/glpk/colamd -DNDEBUG -DNTIMER -DNPRINT -DIGRAPH_THREAD_LOCAL= -DPRPACK_IGRAPH_SUPPORT -DHAVE_GFORTRAN=1 -D_GNU_SOURCE=1 -I'/usr/local/lib/R/library/cpp11/include' -I/usr/local/include   -fvisibility=hidden -fpic  -g -O2  -c vendor/cigraph/src/core/statusbar.c -o vendor/cigraph/src/core/statusbar.o
#13 789.5 gcc -I"/usr/local/lib/R/include" -DNDEBUG -DUSING_R -I. -Ivendor -Ivendor/cigraph/src -Ivendor/cigraph/include -Ivendor/cigraph/vendor -Ivendor/io/parsers  -I/usr/include/libxml2 -DHAVE_LIBXML -Ivendor/cigraph/vendor/glpk -Ivendor/cigraph/vendor/glpk/env -Ivendor/cigraph/vendor/glpk/minisat -Ivendor/cigraph/vendor/glpk/misc -Ivendor/cigraph/vendor/glpk/draft -Ivendor/cigraph/vendor/glpk/npp -Ivendor/cigraph/vendor/glpk/api -Ivendor/cigraph/vendor/glpk/mpl -Ivendor/cigraph/vendor/glpk/bflib -Ivendor/cigraph/vendor/glpk/amd -Ivendor/cigraph/vendor/glpk/simplex -Ivendor/cigraph/vendor/glpk/colamd -DNDEBUG -DNTIMER -DNPRINT -DIGRAPH_THREAD_LOCAL= -DPRPACK_IGRAPH_SUPPORT -DHAVE_GFORTRAN=1 -D_GNU_SOURCE=1 -I'/usr/local/lib/R/library/cpp11/include' -I/usr/local/include   -fvisibility=hidden -fpic  -g -O2  -c vendor/cigraph/src/core/strvector.c -o vendor/cigraph/src/core/strvector.o
#13 789.7 gcc -I"/usr/local/lib/R/include" -DNDEBUG -DUSING_R -I. -Ivendor -Ivendor/cigraph/src -Ivendor/cigraph/include -Ivendor/cigraph/vendor -Ivendor/io/parsers  -I/usr/include/libxml2 -DHAVE_LIBXML -Ivendor/cigraph/vendor/glpk -Ivendor/cigraph/vendor/glpk/env -Ivendor/cigraph/vendor/glpk/minisat -Ivendor/cigraph/vendor/glpk/misc -Ivendor/cigraph/vendor/glpk/draft -Ivendor/cigraph/vendor/glpk/npp -Ivendor/cigraph/vendor/glpk/api -Ivendor/cigraph/vendor/glpk/mpl -Ivendor/cigraph/vendor/glpk/bflib -Ivendor/cigraph/vendor/glpk/amd -Ivendor/cigraph/vendor/glpk/simplex -Ivendor/cigraph/vendor/glpk/colamd -DNDEBUG -DNTIMER -DNPRINT -DIGRAPH_THREAD_LOCAL= -DPRPACK_IGRAPH_SUPPORT -DHAVE_GFORTRAN=1 -D_GNU_SOURCE=1 -I'/usr/local/lib/R/library/cpp11/include' -I/usr/local/include   -fvisibility=hidden -fpic  -g -O2  -c vendor/cigraph/src/core/trie.c -o vendor/cigraph/src/core/trie.o
#13 789.9 gcc -I"/usr/local/lib/R/include" -DNDEBUG -DUSING_R -I. -Ivendor -Ivendor/cigraph/src -Ivendor/cigraph/include -Ivendor/cigraph/vendor -Ivendor/io/parsers  -I/usr/include/libxml2 -DHAVE_LIBXML -Ivendor/cigraph/vendor/glpk -Ivendor/cigraph/vendor/glpk/env -Ivendor/cigraph/vendor/glpk/minisat -Ivendor/cigraph/vendor/glpk/misc -Ivendor/cigraph/vendor/glpk/draft -Ivendor/cigraph/vendor/glpk/npp -Ivendor/cigraph/vendor/glpk/api -Ivendor/cigraph/vendor/glpk/mpl -Ivendor/cigraph/vendor/glpk/bflib -Ivendor/cigraph/vendor/glpk/amd -Ivendor/cigraph/vendor/glpk/simplex -Ivendor/cigraph/vendor/glpk/colamd -DNDEBUG -DNTIMER -DNPRINT -DIGRAPH_THREAD_LOCAL= -DPRPACK_IGRAPH_SUPPORT -DHAVE_GFORTRAN=1 -D_GNU_SOURCE=1 -I'/usr/local/lib/R/library/cpp11/include' -I/usr/local/include   -fvisibility=hidden -fpic  -g -O2  -c vendor/cigraph/src/core/vector.c -o vendor/cigraph/src/core/vector.o
#13 793.3 gcc -I"/usr/local/lib/R/include" -DNDEBUG -DUSING_R -I. -Ivendor -Ivendor/cigraph/src -Ivendor/cigraph/include -Ivendor/cigraph/vendor -Ivendor/io/parsers  -I/usr/include/libxml2 -DHAVE_LIBXML -Ivendor/cigraph/vendor/glpk -Ivendor/cigraph/vendor/glpk/env -Ivendor/cigraph/vendor/glpk/minisat -Ivendor/cigraph/vendor/glpk/misc -Ivendor/cigraph/vendor/glpk/draft -Ivendor/cigraph/vendor/glpk/npp -Ivendor/cigraph/vendor/glpk/api -Ivendor/cigraph/vendor/glpk/mpl -Ivendor/cigraph/vendor/glpk/bflib -Ivendor/cigraph/vendor/glpk/amd -Ivendor/cigraph/vendor/glpk/simplex -Ivendor/cigraph/vendor/glpk/colamd -DNDEBUG -DNTIMER -DNPRINT -DIGRAPH_THREAD_LOCAL= -DPRPACK_IGRAPH_SUPPORT -DHAVE_GFORTRAN=1 -D_GNU_SOURCE=1 -I'/usr/local/lib/R/library/cpp11/include' -I/usr/local/include   -fvisibility=hidden -fpic  -g -O2  -c vendor/cigraph/src/core/vector_list.c -o vendor/cigraph/src/core/vector_list.o
#13 793.8 gcc -I"/usr/local/lib/R/include" -DNDEBUG -DUSING_R -I. -Ivendor -Ivendor/cigraph/src -Ivendor/cigraph/include -Ivendor/cigraph/vendor -Ivendor/io/parsers  -I/usr/include/libxml2 -DHAVE_LIBXML -Ivendor/cigraph/vendor/glpk -Ivendor/cigraph/vendor/glpk/env -Ivendor/cigraph/vendor/glpk/minisat -Ivendor/cigraph/vendor/glpk/misc -Ivendor/cigraph/vendor/glpk/draft -Ivendor/cigraph/vendor/glpk/npp -Ivendor/cigraph/vendor/glpk/api -Ivendor/cigraph/vendor/glpk/mpl -Ivendor/cigraph/vendor/glpk/bflib -Ivendor/cigraph/vendor/glpk/amd -Ivendor/cigraph/vendor/glpk/simplex -Ivendor/cigraph/vendor/glpk/colamd -DNDEBUG -DNTIMER -DNPRINT -DIGRAPH_THREAD_LOCAL= -DPRPACK_IGRAPH_SUPPORT -DHAVE_GFORTRAN=1 -D_GNU_SOURCE=1 -I'/usr/local/lib/R/library/cpp11/include' -I/usr/local/include   -fvisibility=hidden -fpic  -g -O2  -c vendor/cigraph/src/core/vector_ptr.c -o vendor/cigraph/src/core/vector_ptr.o
#13 794.1 gcc -I"/usr/local/lib/R/include" -DNDEBUG -DUSING_R -I. -Ivendor -Ivendor/cigraph/src -Ivendor/cigraph/include -Ivendor/cigraph/vendor -Ivendor/io/parsers  -I/usr/include/libxml2 -DHAVE_LIBXML -Ivendor/cigraph/vendor/glpk -Ivendor/cigraph/vendor/glpk/env -Ivendor/cigraph/vendor/glpk/minisat -Ivendor/cigraph/vendor/glpk/misc -Ivendor/cigraph/vendor/glpk/draft -Ivendor/cigraph/vendor/glpk/npp -Ivendor/cigraph/vendor/glpk/api -Ivendor/cigraph/vendor/glpk/mpl -Ivendor/cigraph/vendor/glpk/bflib -Ivendor/cigraph/vendor/glpk/amd -Ivendor/cigraph/vendor/glpk/simplex -Ivendor/cigraph/vendor/glpk/colamd -DNDEBUG -DNTIMER -DNPRINT -DIGRAPH_THREAD_LOCAL= -DPRPACK_IGRAPH_SUPPORT -DHAVE_GFORTRAN=1 -D_GNU_SOURCE=1 -I'/usr/local/lib/R/library/cpp11/include' -I/usr/local/include   -fvisibility=hidden -fpic  -g -O2  -c vendor/cigraph/src/flow/flow.c -o vendor/cigraph/src/flow/flow.o
#13 795.0 gcc -I"/usr/local/lib/R/include" -DNDEBUG -DUSING_R -I. -Ivendor -Ivendor/cigraph/src -Ivendor/cigraph/include -Ivendor/cigraph/vendor -Ivendor/io/parsers  -I/usr/include/libxml2 -DHAVE_LIBXML -Ivendor/cigraph/vendor/glpk -Ivendor/cigraph/vendor/glpk/env -Ivendor/cigraph/vendor/glpk/minisat -Ivendor/cigraph/vendor/glpk/misc -Ivendor/cigraph/vendor/glpk/draft -Ivendor/cigraph/vendor/glpk/npp -Ivendor/cigraph/vendor/glpk/api -Ivendor/cigraph/vendor/glpk/mpl -Ivendor/cigraph/vendor/glpk/bflib -Ivendor/cigraph/vendor/glpk/amd -Ivendor/cigraph/vendor/glpk/simplex -Ivendor/cigraph/vendor/glpk/colamd -DNDEBUG -DNTIMER -DNPRINT -DIGRAPH_THREAD_LOCAL= -DPRPACK_IGRAPH_SUPPORT -DHAVE_GFORTRAN=1 -D_GNU_SOURCE=1 -I'/usr/local/lib/R/library/cpp11/include' -I/usr/local/include   -fvisibility=hidden -fpic  -g -O2  -c vendor/cigraph/src/flow/flow_conversion.c -o vendor/cigraph/src/flow/flow_conversion.o
#13 795.1 gcc -I"/usr/local/lib/R/include" -DNDEBUG -DUSING_R -I. -Ivendor -Ivendor/cigraph/src -Ivendor/cigraph/include -Ivendor/cigraph/vendor -Ivendor/io/parsers  -I/usr/include/libxml2 -DHAVE_LIBXML -Ivendor/cigraph/vendor/glpk -Ivendor/cigraph/vendor/glpk/env -Ivendor/cigraph/vendor/glpk/minisat -Ivendor/cigraph/vendor/glpk/misc -Ivendor/cigraph/vendor/glpk/draft -Ivendor/cigraph/vendor/glpk/npp -Ivendor/cigraph/vendor/glpk/api -Ivendor/cigraph/vendor/glpk/mpl -Ivendor/cigraph/vendor/glpk/bflib -Ivendor/cigraph/vendor/glpk/amd -Ivendor/cigraph/vendor/glpk/simplex -Ivendor/cigraph/vendor/glpk/colamd -DNDEBUG -DNTIMER -DNPRINT -DIGRAPH_THREAD_LOCAL= -DPRPACK_IGRAPH_SUPPORT -DHAVE_GFORTRAN=1 -D_GNU_SOURCE=1 -I'/usr/local/lib/R/library/cpp11/include' -I/usr/local/include   -fvisibility=hidden -fpic  -g -O2  -c vendor/cigraph/src/flow/st-cuts.c -o vendor/cigraph/src/flow/st-cuts.o
#13 795.7 gcc -I"/usr/local/lib/R/include" -DNDEBUG -DUSING_R -I. -Ivendor -Ivendor/cigraph/src -Ivendor/cigraph/include -Ivendor/cigraph/vendor -Ivendor/io/parsers  -I/usr/include/libxml2 -DHAVE_LIBXML -Ivendor/cigraph/vendor/glpk -Ivendor/cigraph/vendor/glpk/env -Ivendor/cigraph/vendor/glpk/minisat -Ivendor/cigraph/vendor/glpk/misc -Ivendor/cigraph/vendor/glpk/draft -Ivendor/cigraph/vendor/glpk/npp -Ivendor/cigraph/vendor/glpk/api -Ivendor/cigraph/vendor/glpk/mpl -Ivendor/cigraph/vendor/glpk/bflib -Ivendor/cigraph/vendor/glpk/amd -Ivendor/cigraph/vendor/glpk/simplex -Ivendor/cigraph/vendor/glpk/colamd -DNDEBUG -DNTIMER -DNPRINT -DIGRAPH_THREAD_LOCAL= -DPRPACK_IGRAPH_SUPPORT -DHAVE_GFORTRAN=1 -D_GNU_SOURCE=1 -I'/usr/local/lib/R/library/cpp11/include' -I/usr/local/include   -fvisibility=hidden -fpic  -g -O2  -c vendor/cigraph/src/games/barabasi.c -o vendor/cigraph/src/games/barabasi.o
#13 796.1 gcc -I"/usr/local/lib/R/include" -DNDEBUG -DUSING_R -I. -Ivendor -Ivendor/cigraph/src -Ivendor/cigraph/include -Ivendor/cigraph/vendor -Ivendor/io/parsers  -I/usr/include/libxml2 -DHAVE_LIBXML -Ivendor/cigraph/vendor/glpk -Ivendor/cigraph/vendor/glpk/env -Ivendor/cigraph/vendor/glpk/minisat -Ivendor/cigraph/vendor/glpk/misc -Ivendor/cigraph/vendor/glpk/draft -Ivendor/cigraph/vendor/glpk/npp -Ivendor/cigraph/vendor/glpk/api -Ivendor/cigraph/vendor/glpk/mpl -Ivendor/cigraph/vendor/glpk/bflib -Ivendor/cigraph/vendor/glpk/amd -Ivendor/cigraph/vendor/glpk/simplex -Ivendor/cigraph/vendor/glpk/colamd -DNDEBUG -DNTIMER -DNPRINT -DIGRAPH_THREAD_LOCAL= -DPRPACK_IGRAPH_SUPPORT -DHAVE_GFORTRAN=1 -D_GNU_SOURCE=1 -I'/usr/local/lib/R/library/cpp11/include' -I/usr/local/include   -fvisibility=hidden -fpic  -g -O2  -c vendor/cigraph/src/games/callaway_traits.c -o vendor/cigraph/src/games/callaway_traits.o
#13 796.3 gcc -I"/usr/local/lib/R/include" -DNDEBUG -DUSING_R -I. -Ivendor -Ivendor/cigraph/src -Ivendor/cigraph/include -Ivendor/cigraph/vendor -Ivendor/io/parsers  -I/usr/include/libxml2 -DHAVE_LIBXML -Ivendor/cigraph/vendor/glpk -Ivendor/cigraph/vendor/glpk/env -Ivendor/cigraph/vendor/glpk/minisat -Ivendor/cigraph/vendor/glpk/misc -Ivendor/cigraph/vendor/glpk/draft -Ivendor/cigraph/vendor/glpk/npp -Ivendor/cigraph/vendor/glpk/api -Ivendor/cigraph/vendor/glpk/mpl -Ivendor/cigraph/vendor/glpk/bflib -Ivendor/cigraph/vendor/glpk/amd -Ivendor/cigraph/vendor/glpk/simplex -Ivendor/cigraph/vendor/glpk/colamd -DNDEBUG -DNTIMER -DNPRINT -DIGRAPH_THREAD_LOCAL= -DPRPACK_IGRAPH_SUPPORT -DHAVE_GFORTRAN=1 -D_GNU_SOURCE=1 -I'/usr/local/lib/R/library/cpp11/include' -I/usr/local/include   -fvisibility=hidden -fpic  -g -O2  -c vendor/cigraph/src/games/chung_lu.c -o vendor/cigraph/src/games/chung_lu.o
#13 796.4 gcc -I"/usr/local/lib/R/include" -DNDEBUG -DUSING_R -I. -Ivendor -Ivendor/cigraph/src -Ivendor/cigraph/include -Ivendor/cigraph/vendor -Ivendor/io/parsers  -I/usr/include/libxml2 -DHAVE_LIBXML -Ivendor/cigraph/vendor/glpk -Ivendor/cigraph/vendor/glpk/env -Ivendor/cigraph/vendor/glpk/minisat -Ivendor/cigraph/vendor/glpk/misc -Ivendor/cigraph/vendor/glpk/draft -Ivendor/cigraph/vendor/glpk/npp -Ivendor/cigraph/vendor/glpk/api -Ivendor/cigraph/vendor/glpk/mpl -Ivendor/cigraph/vendor/glpk/bflib -Ivendor/cigraph/vendor/glpk/amd -Ivendor/cigraph/vendor/glpk/simplex -Ivendor/cigraph/vendor/glpk/colamd -DNDEBUG -DNTIMER -DNPRINT -DIGRAPH_THREAD_LOCAL= -DPRPACK_IGRAPH_SUPPORT -DHAVE_GFORTRAN=1 -D_GNU_SOURCE=1 -I'/usr/local/lib/R/library/cpp11/include' -I/usr/local/include   -fvisibility=hidden -fpic  -g -O2  -c vendor/cigraph/src/games/citations.c -o vendor/cigraph/src/games/citations.o
#13 796.7 gcc -I"/usr/local/lib/R/include" -DNDEBUG -DUSING_R -I. -Ivendor -Ivendor/cigraph/src -Ivendor/cigraph/include -Ivendor/cigraph/vendor -Ivendor/io/parsers  -I/usr/include/libxml2 -DHAVE_LIBXML -Ivendor/cigraph/vendor/glpk -Ivendor/cigraph/vendor/glpk/env -Ivendor/cigraph/vendor/glpk/minisat -Ivendor/cigraph/vendor/glpk/misc -Ivendor/cigraph/vendor/glpk/draft -Ivendor/cigraph/vendor/glpk/npp -Ivendor/cigraph/vendor/glpk/api -Ivendor/cigraph/vendor/glpk/mpl -Ivendor/cigraph/vendor/glpk/bflib -Ivendor/cigraph/vendor/glpk/amd -Ivendor/cigraph/vendor/glpk/simplex -Ivendor/cigraph/vendor/glpk/colamd -DNDEBUG -DNTIMER -DNPRINT -DIGRAPH_THREAD_LOCAL= -DPRPACK_IGRAPH_SUPPORT -DHAVE_GFORTRAN=1 -D_GNU_SOURCE=1 -I'/usr/local/lib/R/library/cpp11/include' -I/usr/local/include   -fvisibility=hidden -fpic  -g -O2  -c vendor/cigraph/src/games/correlated.c -o vendor/cigraph/src/games/correlated.o
#13 796.9 gcc -I"/usr/local/lib/R/include" -DNDEBUG -DUSING_R -I. -Ivendor -Ivendor/cigraph/src -Ivendor/cigraph/include -Ivendor/cigraph/vendor -Ivendor/io/parsers  -I/usr/include/libxml2 -DHAVE_LIBXML -Ivendor/cigraph/vendor/glpk -Ivendor/cigraph/vendor/glpk/env -Ivendor/cigraph/vendor/glpk/minisat -Ivendor/cigraph/vendor/glpk/misc -Ivendor/cigraph/vendor/glpk/draft -Ivendor/cigraph/vendor/glpk/npp -Ivendor/cigraph/vendor/glpk/api -Ivendor/cigraph/vendor/glpk/mpl -Ivendor/cigraph/vendor/glpk/bflib -Ivendor/cigraph/vendor/glpk/amd -Ivendor/cigraph/vendor/glpk/simplex -Ivendor/cigraph/vendor/glpk/colamd -DNDEBUG -DNTIMER -DNPRINT -DIGRAPH_THREAD_LOCAL= -DPRPACK_IGRAPH_SUPPORT -DHAVE_GFORTRAN=1 -D_GNU_SOURCE=1 -I'/usr/local/lib/R/library/cpp11/include' -I/usr/local/include   -fvisibility=hidden -fpic  -g -O2  -c vendor/cigraph/src/games/degree_sequence.c -o vendor/cigraph/src/games/degree_sequence.o
#13 797.3 g++ -std=gnu++17 -I"/usr/local/lib/R/include" -DNDEBUG -DUSING_R -I. -Ivendor -Ivendor/cigraph/src -Ivendor/cigraph/include -Ivendor/cigraph/vendor -Ivendor/io/parsers  -I/usr/include/libxml2 -DHAVE_LIBXML -Ivendor/cigraph/vendor/glpk -Ivendor/cigraph/vendor/glpk/env -Ivendor/cigraph/vendor/glpk/minisat -Ivendor/cigraph/vendor/glpk/misc -Ivendor/cigraph/vendor/glpk/draft -Ivendor/cigraph/vendor/glpk/npp -Ivendor/cigraph/vendor/glpk/api -Ivendor/cigraph/vendor/glpk/mpl -Ivendor/cigraph/vendor/glpk/bflib -Ivendor/cigraph/vendor/glpk/amd -Ivendor/cigraph/vendor/glpk/simplex -Ivendor/cigraph/vendor/glpk/colamd -DNDEBUG -DNTIMER -DNPRINT -DIGRAPH_THREAD_LOCAL= -DPRPACK_IGRAPH_SUPPORT -DHAVE_GFORTRAN=1 -D_GNU_SOURCE=1 -I'/usr/local/lib/R/library/cpp11/include' -I/usr/local/include   -fvisibility=hidden -fpic  -g -O2   -c vendor/cigraph/src/games/degree_sequence_vl/gengraph_degree_sequence.cpp -o vendor/cigraph/src/games/degree_sequence_vl/gengraph_degree_sequence.o
#13 797.8 g++ -std=gnu++17 -I"/usr/local/lib/R/include" -DNDEBUG -DUSING_R -I. -Ivendor -Ivendor/cigraph/src -Ivendor/cigraph/include -Ivendor/cigraph/vendor -Ivendor/io/parsers  -I/usr/include/libxml2 -DHAVE_LIBXML -Ivendor/cigraph/vendor/glpk -Ivendor/cigraph/vendor/glpk/env -Ivendor/cigraph/vendor/glpk/minisat -Ivendor/cigraph/vendor/glpk/misc -Ivendor/cigraph/vendor/glpk/draft -Ivendor/cigraph/vendor/glpk/npp -Ivendor/cigraph/vendor/glpk/api -Ivendor/cigraph/vendor/glpk/mpl -Ivendor/cigraph/vendor/glpk/bflib -Ivendor/cigraph/vendor/glpk/amd -Ivendor/cigraph/vendor/glpk/simplex -Ivendor/cigraph/vendor/glpk/colamd -DNDEBUG -DNTIMER -DNPRINT -DIGRAPH_THREAD_LOCAL= -DPRPACK_IGRAPH_SUPPORT -DHAVE_GFORTRAN=1 -D_GNU_SOURCE=1 -I'/usr/local/lib/R/library/cpp11/include' -I/usr/local/include   -fvisibility=hidden -fpic  -g -O2   -c vendor/cigraph/src/games/degree_sequence_vl/gengraph_graph_molloy_hash.cpp -o vendor/cigraph/src/games/degree_sequence_vl/gengraph_graph_molloy_hash.o
#13 798.8 g++ -std=gnu++17 -I"/usr/local/lib/R/include" -DNDEBUG -DUSING_R -I. -Ivendor -Ivendor/cigraph/src -Ivendor/cigraph/include -Ivendor/cigraph/vendor -Ivendor/io/parsers  -I/usr/include/libxml2 -DHAVE_LIBXML -Ivendor/cigraph/vendor/glpk -Ivendor/cigraph/vendor/glpk/env -Ivendor/cigraph/vendor/glpk/minisat -Ivendor/cigraph/vendor/glpk/misc -Ivendor/cigraph/vendor/glpk/draft -Ivendor/cigraph/vendor/glpk/npp -Ivendor/cigraph/vendor/glpk/api -Ivendor/cigraph/vendor/glpk/mpl -Ivendor/cigraph/vendor/glpk/bflib -Ivendor/cigraph/vendor/glpk/amd -Ivendor/cigraph/vendor/glpk/simplex -Ivendor/cigraph/vendor/glpk/colamd -DNDEBUG -DNTIMER -DNPRINT -DIGRAPH_THREAD_LOCAL= -DPRPACK_IGRAPH_SUPPORT -DHAVE_GFORTRAN=1 -D_GNU_SOURCE=1 -I'/usr/local/lib/R/library/cpp11/include' -I/usr/local/include   -fvisibility=hidden -fpic  -g -O2   -c vendor/cigraph/src/games/degree_sequence_vl/gengraph_graph_molloy_optimized.cpp -o vendor/cigraph/src/games/degree_sequence_vl/gengraph_graph_molloy_optimized.o
#13 799.7 g++ -std=gnu++17 -I"/usr/local/lib/R/include" -DNDEBUG -DUSING_R -I. -Ivendor -Ivendor/cigraph/src -Ivendor/cigraph/include -Ivendor/cigraph/vendor -Ivendor/io/parsers  -I/usr/include/libxml2 -DHAVE_LIBXML -Ivendor/cigraph/vendor/glpk -Ivendor/cigraph/vendor/glpk/env -Ivendor/cigraph/vendor/glpk/minisat -Ivendor/cigraph/vendor/glpk/misc -Ivendor/cigraph/vendor/glpk/draft -Ivendor/cigraph/vendor/glpk/npp -Ivendor/cigraph/vendor/glpk/api -Ivendor/cigraph/vendor/glpk/mpl -Ivendor/cigraph/vendor/glpk/bflib -Ivendor/cigraph/vendor/glpk/amd -Ivendor/cigraph/vendor/glpk/simplex -Ivendor/cigraph/vendor/glpk/colamd -DNDEBUG -DNTIMER -DNPRINT -DIGRAPH_THREAD_LOCAL= -DPRPACK_IGRAPH_SUPPORT -DHAVE_GFORTRAN=1 -D_GNU_SOURCE=1 -I'/usr/local/lib/R/library/cpp11/include' -I/usr/local/include   -fvisibility=hidden -fpic  -g -O2   -c vendor/cigraph/src/games/degree_sequence_vl/gengraph_mr-connected.cpp -o vendor/cigraph/src/games/degree_sequence_vl/gengraph_mr-connected.o
#13 800.2 g++ -std=gnu++17 -I"/usr/local/lib/R/include" -DNDEBUG -DUSING_R -I. -Ivendor -Ivendor/cigraph/src -Ivendor/cigraph/include -Ivendor/cigraph/vendor -Ivendor/io/parsers  -I/usr/include/libxml2 -DHAVE_LIBXML -Ivendor/cigraph/vendor/glpk -Ivendor/cigraph/vendor/glpk/env -Ivendor/cigraph/vendor/glpk/minisat -Ivendor/cigraph/vendor/glpk/misc -Ivendor/cigraph/vendor/glpk/draft -Ivendor/cigraph/vendor/glpk/npp -Ivendor/cigraph/vendor/glpk/api -Ivendor/cigraph/vendor/glpk/mpl -Ivendor/cigraph/vendor/glpk/bflib -Ivendor/cigraph/vendor/glpk/amd -Ivendor/cigraph/vendor/glpk/simplex -Ivendor/cigraph/vendor/glpk/colamd -DNDEBUG -DNTIMER -DNPRINT -DIGRAPH_THREAD_LOCAL= -DPRPACK_IGRAPH_SUPPORT -DHAVE_GFORTRAN=1 -D_GNU_SOURCE=1 -I'/usr/local/lib/R/library/cpp11/include' -I/usr/local/include   -fvisibility=hidden -fpic  -g -O2   -c vendor/cigraph/src/games/degree_sequence_vl/gengraph_random.cpp -o vendor/cigraph/src/games/degree_sequence_vl/gengraph_random.o
#13 800.4 gcc -I"/usr/local/lib/R/include" -DNDEBUG -DUSING_R -I. -Ivendor -Ivendor/cigraph/src -Ivendor/cigraph/include -Ivendor/cigraph/vendor -Ivendor/io/parsers  -I/usr/include/libxml2 -DHAVE_LIBXML -Ivendor/cigraph/vendor/glpk -Ivendor/cigraph/vendor/glpk/env -Ivendor/cigraph/vendor/glpk/minisat -Ivendor/cigraph/vendor/glpk/misc -Ivendor/cigraph/vendor/glpk/draft -Ivendor/cigraph/vendor/glpk/npp -Ivendor/cigraph/vendor/glpk/api -Ivendor/cigraph/vendor/glpk/mpl -Ivendor/cigraph/vendor/glpk/bflib -Ivendor/cigraph/vendor/glpk/amd -Ivendor/cigraph/vendor/glpk/simplex -Ivendor/cigraph/vendor/glpk/colamd -DNDEBUG -DNTIMER -DNPRINT -DIGRAPH_THREAD_LOCAL= -DPRPACK_IGRAPH_SUPPORT -DHAVE_GFORTRAN=1 -D_GNU_SOURCE=1 -I'/usr/local/lib/R/library/cpp11/include' -I/usr/local/include   -fvisibility=hidden -fpic  -g -O2  -c vendor/cigraph/src/games/dotproduct.c -o vendor/cigraph/src/games/dotproduct.o
#13 800.6 gcc -I"/usr/local/lib/R/include" -DNDEBUG -DUSING_R -I. -Ivendor -Ivendor/cigraph/src -Ivendor/cigraph/include -Ivendor/cigraph/vendor -Ivendor/io/parsers  -I/usr/include/libxml2 -DHAVE_LIBXML -Ivendor/cigraph/vendor/glpk -Ivendor/cigraph/vendor/glpk/env -Ivendor/cigraph/vendor/glpk/minisat -Ivendor/cigraph/vendor/glpk/misc -Ivendor/cigraph/vendor/glpk/draft -Ivendor/cigraph/vendor/glpk/npp -Ivendor/cigraph/vendor/glpk/api -Ivendor/cigraph/vendor/glpk/mpl -Ivendor/cigraph/vendor/glpk/bflib -Ivendor/cigraph/vendor/glpk/amd -Ivendor/cigraph/vendor/glpk/simplex -Ivendor/cigraph/vendor/glpk/colamd -DNDEBUG -DNTIMER -DNPRINT -DIGRAPH_THREAD_LOCAL= -DPRPACK_IGRAPH_SUPPORT -DHAVE_GFORTRAN=1 -D_GNU_SOURCE=1 -I'/usr/local/lib/R/library/cpp11/include' -I/usr/local/include   -fvisibility=hidden -fpic  -g -O2  -c vendor/cigraph/src/games/erdos_renyi.c -o vendor/cigraph/src/games/erdos_renyi.o
#13 800.8 gcc -I"/usr/local/lib/R/include" -DNDEBUG -DUSING_R -I. -Ivendor -Ivendor/cigraph/src -Ivendor/cigraph/include -Ivendor/cigraph/vendor -Ivendor/io/parsers  -I/usr/include/libxml2 -DHAVE_LIBXML -Ivendor/cigraph/vendor/glpk -Ivendor/cigraph/vendor/glpk/env -Ivendor/cigraph/vendor/glpk/minisat -Ivendor/cigraph/vendor/glpk/misc -Ivendor/cigraph/vendor/glpk/draft -Ivendor/cigraph/vendor/glpk/npp -Ivendor/cigraph/vendor/glpk/api -Ivendor/cigraph/vendor/glpk/mpl -Ivendor/cigraph/vendor/glpk/bflib -Ivendor/cigraph/vendor/glpk/amd -Ivendor/cigraph/vendor/glpk/simplex -Ivendor/cigraph/vendor/glpk/colamd -DNDEBUG -DNTIMER -DNPRINT -DIGRAPH_THREAD_LOCAL= -DPRPACK_IGRAPH_SUPPORT -DHAVE_GFORTRAN=1 -D_GNU_SOURCE=1 -I'/usr/local/lib/R/library/cpp11/include' -I/usr/local/include   -fvisibility=hidden -fpic  -g -O2  -c vendor/cigraph/src/games/establishment.c -o vendor/cigraph/src/games/establishment.o
#13 800.9 gcc -I"/usr/local/lib/R/include" -DNDEBUG -DUSING_R -I. -Ivendor -Ivendor/cigraph/src -Ivendor/cigraph/include -Ivendor/cigraph/vendor -Ivendor/io/parsers  -I/usr/include/libxml2 -DHAVE_LIBXML -Ivendor/cigraph/vendor/glpk -Ivendor/cigraph/vendor/glpk/env -Ivendor/cigraph/vendor/glpk/minisat -Ivendor/cigraph/vendor/glpk/misc -Ivendor/cigraph/vendor/glpk/draft -Ivendor/cigraph/vendor/glpk/npp -Ivendor/cigraph/vendor/glpk/api -Ivendor/cigraph/vendor/glpk/mpl -Ivendor/cigraph/vendor/glpk/bflib -Ivendor/cigraph/vendor/glpk/amd -Ivendor/cigraph/vendor/glpk/simplex -Ivendor/cigraph/vendor/glpk/colamd -DNDEBUG -DNTIMER -DNPRINT -DIGRAPH_THREAD_LOCAL= -DPRPACK_IGRAPH_SUPPORT -DHAVE_GFORTRAN=1 -D_GNU_SOURCE=1 -I'/usr/local/lib/R/library/cpp11/include' -I/usr/local/include   -fvisibility=hidden -fpic  -g -O2  -c vendor/cigraph/src/games/forestfire.c -o vendor/cigraph/src/games/forestfire.o
#13 801.1 gcc -I"/usr/local/lib/R/include" -DNDEBUG -DUSING_R -I. -Ivendor -Ivendor/cigraph/src -Ivendor/cigraph/include -Ivendor/cigraph/vendor -Ivendor/io/parsers  -I/usr/include/libxml2 -DHAVE_LIBXML -Ivendor/cigraph/vendor/glpk -Ivendor/cigraph/vendor/glpk/env -Ivendor/cigraph/vendor/glpk/minisat -Ivendor/cigraph/vendor/glpk/misc -Ivendor/cigraph/vendor/glpk/draft -Ivendor/cigraph/vendor/glpk/npp -Ivendor/cigraph/vendor/glpk/api -Ivendor/cigraph/vendor/glpk/mpl -Ivendor/cigraph/vendor/glpk/bflib -Ivendor/cigraph/vendor/glpk/amd -Ivendor/cigraph/vendor/glpk/simplex -Ivendor/cigraph/vendor/glpk/colamd -DNDEBUG -DNTIMER -DNPRINT -DIGRAPH_THREAD_LOCAL= -DPRPACK_IGRAPH_SUPPORT -DHAVE_GFORTRAN=1 -D_GNU_SOURCE=1 -I'/usr/local/lib/R/library/cpp11/include' -I/usr/local/include   -fvisibility=hidden -fpic  -g -O2  -c vendor/cigraph/src/games/grg.c -o vendor/cigraph/src/games/grg.o
#13 801.3 gcc -I"/usr/local/lib/R/include" -DNDEBUG -DUSING_R -I. -Ivendor -Ivendor/cigraph/src -Ivendor/cigraph/include -Ivendor/cigraph/vendor -Ivendor/io/parsers  -I/usr/include/libxml2 -DHAVE_LIBXML -Ivendor/cigraph/vendor/glpk -Ivendor/cigraph/vendor/glpk/env -Ivendor/cigraph/vendor/glpk/minisat -Ivendor/cigraph/vendor/glpk/misc -Ivendor/cigraph/vendor/glpk/draft -Ivendor/cigraph/vendor/glpk/npp -Ivendor/cigraph/vendor/glpk/api -Ivendor/cigraph/vendor/glpk/mpl -Ivendor/cigraph/vendor/glpk/bflib -Ivendor/cigraph/vendor/glpk/amd -Ivendor/cigraph/vendor/glpk/simplex -Ivendor/cigraph/vendor/glpk/colamd -DNDEBUG -DNTIMER -DNPRINT -DIGRAPH_THREAD_LOCAL= -DPRPACK_IGRAPH_SUPPORT -DHAVE_GFORTRAN=1 -D_GNU_SOURCE=1 -I'/usr/local/lib/R/library/cpp11/include' -I/usr/local/include   -fvisibility=hidden -fpic  -g -O2  -c vendor/cigraph/src/games/growing_random.c -o vendor/cigraph/src/games/growing_random.o
#13 801.4 gcc -I"/usr/local/lib/R/include" -DNDEBUG -DUSING_R -I. -Ivendor -Ivendor/cigraph/src -Ivendor/cigraph/include -Ivendor/cigraph/vendor -Ivendor/io/parsers  -I/usr/include/libxml2 -DHAVE_LIBXML -Ivendor/cigraph/vendor/glpk -Ivendor/cigraph/vendor/glpk/env -Ivendor/cigraph/vendor/glpk/minisat -Ivendor/cigraph/vendor/glpk/misc -Ivendor/cigraph/vendor/glpk/draft -Ivendor/cigraph/vendor/glpk/npp -Ivendor/cigraph/vendor/glpk/api -Ivendor/cigraph/vendor/glpk/mpl -Ivendor/cigraph/vendor/glpk/bflib -Ivendor/cigraph/vendor/glpk/amd -Ivendor/cigraph/vendor/glpk/simplex -Ivendor/cigraph/vendor/glpk/colamd -DNDEBUG -DNTIMER -DNPRINT -DIGRAPH_THREAD_LOCAL= -DPRPACK_IGRAPH_SUPPORT -DHAVE_GFORTRAN=1 -D_GNU_SOURCE=1 -I'/usr/local/lib/R/library/cpp11/include' -I/usr/local/include   -fvisibility=hidden -fpic  -g -O2  -c vendor/cigraph/src/games/islands.c -o vendor/cigraph/src/games/islands.o
#13 801.6 gcc -I"/usr/local/lib/R/include" -DNDEBUG -DUSING_R -I. -Ivendor -Ivendor/cigraph/src -Ivendor/cigraph/include -Ivendor/cigraph/vendor -Ivendor/io/parsers  -I/usr/include/libxml2 -DHAVE_LIBXML -Ivendor/cigraph/vendor/glpk -Ivendor/cigraph/vendor/glpk/env -Ivendor/cigraph/vendor/glpk/minisat -Ivendor/cigraph/vendor/glpk/misc -Ivendor/cigraph/vendor/glpk/draft -Ivendor/cigraph/vendor/glpk/npp -Ivendor/cigraph/vendor/glpk/api -Ivendor/cigraph/vendor/glpk/mpl -Ivendor/cigraph/vendor/glpk/bflib -Ivendor/cigraph/vendor/glpk/amd -Ivendor/cigraph/vendor/glpk/simplex -Ivendor/cigraph/vendor/glpk/colamd -DNDEBUG -DNTIMER -DNPRINT -DIGRAPH_THREAD_LOCAL= -DPRPACK_IGRAPH_SUPPORT -DHAVE_GFORTRAN=1 -D_GNU_SOURCE=1 -I'/usr/local/lib/R/library/cpp11/include' -I/usr/local/include   -fvisibility=hidden -fpic  -g -O2  -c vendor/cigraph/src/games/k_regular.c -o vendor/cigraph/src/games/k_regular.o
#13 801.6 gcc -I"/usr/local/lib/R/include" -DNDEBUG -DUSING_R -I. -Ivendor -Ivendor/cigraph/src -Ivendor/cigraph/include -Ivendor/cigraph/vendor -Ivendor/io/parsers  -I/usr/include/libxml2 -DHAVE_LIBXML -Ivendor/cigraph/vendor/glpk -Ivendor/cigraph/vendor/glpk/env -Ivendor/cigraph/vendor/glpk/minisat -Ivendor/cigraph/vendor/glpk/misc -Ivendor/cigraph/vendor/glpk/draft -Ivendor/cigraph/vendor/glpk/npp -Ivendor/cigraph/vendor/glpk/api -Ivendor/cigraph/vendor/glpk/mpl -Ivendor/cigraph/vendor/glpk/bflib -Ivendor/cigraph/vendor/glpk/amd -Ivendor/cigraph/vendor/glpk/simplex -Ivendor/cigraph/vendor/glpk/colamd -DNDEBUG -DNTIMER -DNPRINT -DIGRAPH_THREAD_LOCAL= -DPRPACK_IGRAPH_SUPPORT -DHAVE_GFORTRAN=1 -D_GNU_SOURCE=1 -I'/usr/local/lib/R/library/cpp11/include' -I/usr/local/include   -fvisibility=hidden -fpic  -g -O2  -c vendor/cigraph/src/games/preference.c -o vendor/cigraph/src/games/preference.o
#13 802.0 gcc -I"/usr/local/lib/R/include" -DNDEBUG -DUSING_R -I. -Ivendor -Ivendor/cigraph/src -Ivendor/cigraph/include -Ivendor/cigraph/vendor -Ivendor/io/parsers  -I/usr/include/libxml2 -DHAVE_LIBXML -Ivendor/cigraph/vendor/glpk -Ivendor/cigraph/vendor/glpk/env -Ivendor/cigraph/vendor/glpk/minisat -Ivendor/cigraph/vendor/glpk/misc -Ivendor/cigraph/vendor/glpk/draft -Ivendor/cigraph/vendor/glpk/npp -Ivendor/cigraph/vendor/glpk/api -Ivendor/cigraph/vendor/glpk/mpl -Ivendor/cigraph/vendor/glpk/bflib -Ivendor/cigraph/vendor/glpk/amd -Ivendor/cigraph/vendor/glpk/simplex -Ivendor/cigraph/vendor/glpk/colamd -DNDEBUG -DNTIMER -DNPRINT -DIGRAPH_THREAD_LOCAL= -DPRPACK_IGRAPH_SUPPORT -DHAVE_GFORTRAN=1 -D_GNU_SOURCE=1 -I'/usr/local/lib/R/library/cpp11/include' -I/usr/local/include   -fvisibility=hidden -fpic  -g -O2  -c vendor/cigraph/src/games/recent_degree.c -o vendor/cigraph/src/games/recent_degree.o
#13 802.2 gcc -I"/usr/local/lib/R/include" -DNDEBUG -DUSING_R -I. -Ivendor -Ivendor/cigraph/src -Ivendor/cigraph/include -Ivendor/cigraph/vendor -Ivendor/io/parsers  -I/usr/include/libxml2 -DHAVE_LIBXML -Ivendor/cigraph/vendor/glpk -Ivendor/cigraph/vendor/glpk/env -Ivendor/cigraph/vendor/glpk/minisat -Ivendor/cigraph/vendor/glpk/misc -Ivendor/cigraph/vendor/glpk/draft -Ivendor/cigraph/vendor/glpk/npp -Ivendor/cigraph/vendor/glpk/api -Ivendor/cigraph/vendor/glpk/mpl -Ivendor/cigraph/vendor/glpk/bflib -Ivendor/cigraph/vendor/glpk/amd -Ivendor/cigraph/vendor/glpk/simplex -Ivendor/cigraph/vendor/glpk/colamd -DNDEBUG -DNTIMER -DNPRINT -DIGRAPH_THREAD_LOCAL= -DPRPACK_IGRAPH_SUPPORT -DHAVE_GFORTRAN=1 -D_GNU_SOURCE=1 -I'/usr/local/lib/R/library/cpp11/include' -I/usr/local/include   -fvisibility=hidden -fpic  -g -O2  -c vendor/cigraph/src/games/sbm.c -o vendor/cigraph/src/games/sbm.o
#13 802.6 gcc -I"/usr/local/lib/R/include" -DNDEBUG -DUSING_R -I. -Ivendor -Ivendor/cigraph/src -Ivendor/cigraph/include -Ivendor/cigraph/vendor -Ivendor/io/parsers  -I/usr/include/libxml2 -DHAVE_LIBXML -Ivendor/cigraph/vendor/glpk -Ivendor/cigraph/vendor/glpk/env -Ivendor/cigraph/vendor/glpk/minisat -Ivendor/cigraph/vendor/glpk/misc -Ivendor/cigraph/vendor/glpk/draft -Ivendor/cigraph/vendor/glpk/npp -Ivendor/cigraph/vendor/glpk/api -Ivendor/cigraph/vendor/glpk/mpl -Ivendor/cigraph/vendor/glpk/bflib -Ivendor/cigraph/vendor/glpk/amd -Ivendor/cigraph/vendor/glpk/simplex -Ivendor/cigraph/vendor/glpk/colamd -DNDEBUG -DNTIMER -DNPRINT -DIGRAPH_THREAD_LOCAL= -DPRPACK_IGRAPH_SUPPORT -DHAVE_GFORTRAN=1 -D_GNU_SOURCE=1 -I'/usr/local/lib/R/library/cpp11/include' -I/usr/local/include   -fvisibility=hidden -fpic  -g -O2  -c vendor/cigraph/src/games/static_fitness.c -o vendor/cigraph/src/games/static_fitness.o
#13 802.8 gcc -I"/usr/local/lib/R/include" -DNDEBUG -DUSING_R -I. -Ivendor -Ivendor/cigraph/src -Ivendor/cigraph/include -Ivendor/cigraph/vendor -Ivendor/io/parsers  -I/usr/include/libxml2 -DHAVE_LIBXML -Ivendor/cigraph/vendor/glpk -Ivendor/cigraph/vendor/glpk/env -Ivendor/cigraph/vendor/glpk/minisat -Ivendor/cigraph/vendor/glpk/misc -Ivendor/cigraph/vendor/glpk/draft -Ivendor/cigraph/vendor/glpk/npp -Ivendor/cigraph/vendor/glpk/api -Ivendor/cigraph/vendor/glpk/mpl -Ivendor/cigraph/vendor/glpk/bflib -Ivendor/cigraph/vendor/glpk/amd -Ivendor/cigraph/vendor/glpk/simplex -Ivendor/cigraph/vendor/glpk/colamd -DNDEBUG -DNTIMER -DNPRINT -DIGRAPH_THREAD_LOCAL= -DPRPACK_IGRAPH_SUPPORT -DHAVE_GFORTRAN=1 -D_GNU_SOURCE=1 -I'/usr/local/lib/R/library/cpp11/include' -I/usr/local/include   -fvisibility=hidden -fpic  -g -O2  -c vendor/cigraph/src/games/tree.c -o vendor/cigraph/src/games/tree.o
#13 802.9 gcc -I"/usr/local/lib/R/include" -DNDEBUG -DUSING_R -I. -Ivendor -Ivendor/cigraph/src -Ivendor/cigraph/include -Ivendor/cigraph/vendor -Ivendor/io/parsers  -I/usr/include/libxml2 -DHAVE_LIBXML -Ivendor/cigraph/vendor/glpk -Ivendor/cigraph/vendor/glpk/env -Ivendor/cigraph/vendor/glpk/minisat -Ivendor/cigraph/vendor/glpk/misc -Ivendor/cigraph/vendor/glpk/draft -Ivendor/cigraph/vendor/glpk/npp -Ivendor/cigraph/vendor/glpk/api -Ivendor/cigraph/vendor/glpk/mpl -Ivendor/cigraph/vendor/glpk/bflib -Ivendor/cigraph/vendor/glpk/amd -Ivendor/cigraph/vendor/glpk/simplex -Ivendor/cigraph/vendor/glpk/colamd -DNDEBUG -DNTIMER -DNPRINT -DIGRAPH_THREAD_LOCAL= -DPRPACK_IGRAPH_SUPPORT -DHAVE_GFORTRAN=1 -D_GNU_SOURCE=1 -I'/usr/local/lib/R/library/cpp11/include' -I/usr/local/include   -fvisibility=hidden -fpic  -g -O2  -c vendor/cigraph/src/games/watts_strogatz.c -o vendor/cigraph/src/games/watts_strogatz.o
#13 803.0 gcc -I"/usr/local/lib/R/include" -DNDEBUG -DUSING_R -I. -Ivendor -Ivendor/cigraph/src -Ivendor/cigraph/include -Ivendor/cigraph/vendor -Ivendor/io/parsers  -I/usr/include/libxml2 -DHAVE_LIBXML -Ivendor/cigraph/vendor/glpk -Ivendor/cigraph/vendor/glpk/env -Ivendor/cigraph/vendor/glpk/minisat -Ivendor/cigraph/vendor/glpk/misc -Ivendor/cigraph/vendor/glpk/draft -Ivendor/cigraph/vendor/glpk/npp -Ivendor/cigraph/vendor/glpk/api -Ivendor/cigraph/vendor/glpk/mpl -Ivendor/cigraph/vendor/glpk/bflib -Ivendor/cigraph/vendor/glpk/amd -Ivendor/cigraph/vendor/glpk/simplex -Ivendor/cigraph/vendor/glpk/colamd -DNDEBUG -DNTIMER -DNPRINT -DIGRAPH_THREAD_LOCAL= -DPRPACK_IGRAPH_SUPPORT -DHAVE_GFORTRAN=1 -D_GNU_SOURCE=1 -I'/usr/local/lib/R/library/cpp11/include' -I/usr/local/include   -fvisibility=hidden -fpic  -g -O2  -c vendor/cigraph/src/graph/adjlist.c -o vendor/cigraph/src/graph/adjlist.o
#13 803.5 gcc -I"/usr/local/lib/R/include" -DNDEBUG -DUSING_R -I. -Ivendor -Ivendor/cigraph/src -Ivendor/cigraph/include -Ivendor/cigraph/vendor -Ivendor/io/parsers  -I/usr/include/libxml2 -DHAVE_LIBXML -Ivendor/cigraph/vendor/glpk -Ivendor/cigraph/vendor/glpk/env -Ivendor/cigraph/vendor/glpk/minisat -Ivendor/cigraph/vendor/glpk/misc -Ivendor/cigraph/vendor/glpk/draft -Ivendor/cigraph/vendor/glpk/npp -Ivendor/cigraph/vendor/glpk/api -Ivendor/cigraph/vendor/glpk/mpl -Ivendor/cigraph/vendor/glpk/bflib -Ivendor/cigraph/vendor/glpk/amd -Ivendor/cigraph/vendor/glpk/simplex -Ivendor/cigraph/vendor/glpk/colamd -DNDEBUG -DNTIMER -DNPRINT -DIGRAPH_THREAD_LOCAL= -DPRPACK_IGRAPH_SUPPORT -DHAVE_GFORTRAN=1 -D_GNU_SOURCE=1 -I'/usr/local/lib/R/library/cpp11/include' -I/usr/local/include   -fvisibility=hidden -fpic  -g -O2  -c vendor/cigraph/src/graph/attributes.c -o vendor/cigraph/src/graph/attributes.o
#13 803.7 gcc -I"/usr/local/lib/R/include" -DNDEBUG -DUSING_R -I. -Ivendor -Ivendor/cigraph/src -Ivendor/cigraph/include -Ivendor/cigraph/vendor -Ivendor/io/parsers  -I/usr/include/libxml2 -DHAVE_LIBXML -Ivendor/cigraph/vendor/glpk -Ivendor/cigraph/vendor/glpk/env -Ivendor/cigraph/vendor/glpk/minisat -Ivendor/cigraph/vendor/glpk/misc -Ivendor/cigraph/vendor/glpk/draft -Ivendor/cigraph/vendor/glpk/npp -Ivendor/cigraph/vendor/glpk/api -Ivendor/cigraph/vendor/glpk/mpl -Ivendor/cigraph/vendor/glpk/bflib -Ivendor/cigraph/vendor/glpk/amd -Ivendor/cigraph/vendor/glpk/simplex -Ivendor/cigraph/vendor/glpk/colamd -DNDEBUG -DNTIMER -DNPRINT -DIGRAPH_THREAD_LOCAL= -DPRPACK_IGRAPH_SUPPORT -DHAVE_GFORTRAN=1 -D_GNU_SOURCE=1 -I'/usr/local/lib/R/library/cpp11/include' -I/usr/local/include   -fvisibility=hidden -fpic  -g -O2  -c vendor/cigraph/src/graph/basic_query.c -o vendor/cigraph/src/graph/basic_query.o
#13 803.7 gcc -I"/usr/local/lib/R/include" -DNDEBUG -DUSING_R -I. -Ivendor -Ivendor/cigraph/src -Ivendor/cigraph/include -Ivendor/cigraph/vendor -Ivendor/io/parsers  -I/usr/include/libxml2 -DHAVE_LIBXML -Ivendor/cigraph/vendor/glpk -Ivendor/cigraph/vendor/glpk/env -Ivendor/cigraph/vendor/glpk/minisat -Ivendor/cigraph/vendor/glpk/misc -Ivendor/cigraph/vendor/glpk/draft -Ivendor/cigraph/vendor/glpk/npp -Ivendor/cigraph/vendor/glpk/api -Ivendor/cigraph/vendor/glpk/mpl -Ivendor/cigraph/vendor/glpk/bflib -Ivendor/cigraph/vendor/glpk/amd -Ivendor/cigraph/vendor/glpk/simplex -Ivendor/cigraph/vendor/glpk/colamd -DNDEBUG -DNTIMER -DNPRINT -DIGRAPH_THREAD_LOCAL= -DPRPACK_IGRAPH_SUPPORT -DHAVE_GFORTRAN=1 -D_GNU_SOURCE=1 -I'/usr/local/lib/R/library/cpp11/include' -I/usr/local/include   -fvisibility=hidden -fpic  -g -O2  -c vendor/cigraph/src/graph/caching.c -o vendor/cigraph/src/graph/caching.o
#13 803.9 gcc -I"/usr/local/lib/R/include" -DNDEBUG -DUSING_R -I. -Ivendor -Ivendor/cigraph/src -Ivendor/cigraph/include -Ivendor/cigraph/vendor -Ivendor/io/parsers  -I/usr/include/libxml2 -DHAVE_LIBXML -Ivendor/cigraph/vendor/glpk -Ivendor/cigraph/vendor/glpk/env -Ivendor/cigraph/vendor/glpk/minisat -Ivendor/cigraph/vendor/glpk/misc -Ivendor/cigraph/vendor/glpk/draft -Ivendor/cigraph/vendor/glpk/npp -Ivendor/cigraph/vendor/glpk/api -Ivendor/cigraph/vendor/glpk/mpl -Ivendor/cigraph/vendor/glpk/bflib -Ivendor/cigraph/vendor/glpk/amd -Ivendor/cigraph/vendor/glpk/simplex -Ivendor/cigraph/vendor/glpk/colamd -DNDEBUG -DNTIMER -DNPRINT -DIGRAPH_THREAD_LOCAL= -DPRPACK_IGRAPH_SUPPORT -DHAVE_GFORTRAN=1 -D_GNU_SOURCE=1 -I'/usr/local/lib/R/library/cpp11/include' -I/usr/local/include   -fvisibility=hidden -fpic  -g -O2  -c vendor/cigraph/src/graph/cattributes.c -o vendor/cigraph/src/graph/cattributes.o
#13 805.3 gcc -I"/usr/local/lib/R/include" -DNDEBUG -DUSING_R -I. -Ivendor -Ivendor/cigraph/src -Ivendor/cigraph/include -Ivendor/cigraph/vendor -Ivendor/io/parsers  -I/usr/include/libxml2 -DHAVE_LIBXML -Ivendor/cigraph/vendor/glpk -Ivendor/cigraph/vendor/glpk/env -Ivendor/cigraph/vendor/glpk/minisat -Ivendor/cigraph/vendor/glpk/misc -Ivendor/cigraph/vendor/glpk/draft -Ivendor/cigraph/vendor/glpk/npp -Ivendor/cigraph/vendor/glpk/api -Ivendor/cigraph/vendor/glpk/mpl -Ivendor/cigraph/vendor/glpk/bflib -Ivendor/cigraph/vendor/glpk/amd -Ivendor/cigraph/vendor/glpk/simplex -Ivendor/cigraph/vendor/glpk/colamd -DNDEBUG -DNTIMER -DNPRINT -DIGRAPH_THREAD_LOCAL= -DPRPACK_IGRAPH_SUPPORT -DHAVE_GFORTRAN=1 -D_GNU_SOURCE=1 -I'/usr/local/lib/R/library/cpp11/include' -I/usr/local/include   -fvisibility=hidden -fpic  -g -O2  -c vendor/cigraph/src/graph/graph_list.c -o vendor/cigraph/src/graph/graph_list.o
#13 805.6 gcc -I"/usr/local/lib/R/include" -DNDEBUG -DUSING_R -I. -Ivendor -Ivendor/cigraph/src -Ivendor/cigraph/include -Ivendor/cigraph/vendor -Ivendor/io/parsers  -I/usr/include/libxml2 -DHAVE_LIBXML -Ivendor/cigraph/vendor/glpk -Ivendor/cigraph/vendor/glpk/env -Ivendor/cigraph/vendor/glpk/minisat -Ivendor/cigraph/vendor/glpk/misc -Ivendor/cigraph/vendor/glpk/draft -Ivendor/cigraph/vendor/glpk/npp -Ivendor/cigraph/vendor/glpk/api -Ivendor/cigraph/vendor/glpk/mpl -Ivendor/cigraph/vendor/glpk/bflib -Ivendor/cigraph/vendor/glpk/amd -Ivendor/cigraph/vendor/glpk/simplex -Ivendor/cigraph/vendor/glpk/colamd -DNDEBUG -DNTIMER -DNPRINT -DIGRAPH_THREAD_LOCAL= -DPRPACK_IGRAPH_SUPPORT -DHAVE_GFORTRAN=1 -D_GNU_SOURCE=1 -I'/usr/local/lib/R/library/cpp11/include' -I/usr/local/include   -fvisibility=hidden -fpic  -g -O2  -c vendor/cigraph/src/graph/iterators.c -o vendor/cigraph/src/graph/iterators.o
#13 806.1 gcc -I"/usr/local/lib/R/include" -DNDEBUG -DUSING_R -I. -Ivendor -Ivendor/cigraph/src -Ivendor/cigraph/include -Ivendor/cigraph/vendor -Ivendor/io/parsers  -I/usr/include/libxml2 -DHAVE_LIBXML -Ivendor/cigraph/vendor/glpk -Ivendor/cigraph/vendor/glpk/env -Ivendor/cigraph/vendor/glpk/minisat -Ivendor/cigraph/vendor/glpk/misc -Ivendor/cigraph/vendor/glpk/draft -Ivendor/cigraph/vendor/glpk/npp -Ivendor/cigraph/vendor/glpk/api -Ivendor/cigraph/vendor/glpk/mpl -Ivendor/cigraph/vendor/glpk/bflib -Ivendor/cigraph/vendor/glpk/amd -Ivendor/cigraph/vendor/glpk/simplex -Ivendor/cigraph/vendor/glpk/colamd -DNDEBUG -DNTIMER -DNPRINT -DIGRAPH_THREAD_LOCAL= -DPRPACK_IGRAPH_SUPPORT -DHAVE_GFORTRAN=1 -D_GNU_SOURCE=1 -I'/usr/local/lib/R/library/cpp11/include' -I/usr/local/include   -fvisibility=hidden -fpic  -g -O2  -c vendor/cigraph/src/graph/type_common.c -o vendor/cigraph/src/graph/type_common.o
#13 806.2 gcc -I"/usr/local/lib/R/include" -DNDEBUG -DUSING_R -I. -Ivendor -Ivendor/cigraph/src -Ivendor/cigraph/include -Ivendor/cigraph/vendor -Ivendor/io/parsers  -I/usr/include/libxml2 -DHAVE_LIBXML -Ivendor/cigraph/vendor/glpk -Ivendor/cigraph/vendor/glpk/env -Ivendor/cigraph/vendor/glpk/minisat -Ivendor/cigraph/vendor/glpk/misc -Ivendor/cigraph/vendor/glpk/draft -Ivendor/cigraph/vendor/glpk/npp -Ivendor/cigraph/vendor/glpk/api -Ivendor/cigraph/vendor/glpk/mpl -Ivendor/cigraph/vendor/glpk/bflib -Ivendor/cigraph/vendor/glpk/amd -Ivendor/cigraph/vendor/glpk/simplex -Ivendor/cigraph/vendor/glpk/colamd -DNDEBUG -DNTIMER -DNPRINT -DIGRAPH_THREAD_LOCAL= -DPRPACK_IGRAPH_SUPPORT -DHAVE_GFORTRAN=1 -D_GNU_SOURCE=1 -I'/usr/local/lib/R/library/cpp11/include' -I/usr/local/include   -fvisibility=hidden -fpic  -g -O2  -c vendor/cigraph/src/graph/type_indexededgelist.c -o vendor/cigraph/src/graph/type_indexededgelist.o
#13 807.0 gcc -I"/usr/local/lib/R/include" -DNDEBUG -DUSING_R -I. -Ivendor -Ivendor/cigraph/src -Ivendor/cigraph/include -Ivendor/cigraph/vendor -Ivendor/io/parsers  -I/usr/include/libxml2 -DHAVE_LIBXML -Ivendor/cigraph/vendor/glpk -Ivendor/cigraph/vendor/glpk/env -Ivendor/cigraph/vendor/glpk/minisat -Ivendor/cigraph/vendor/glpk/misc -Ivendor/cigraph/vendor/glpk/draft -Ivendor/cigraph/vendor/glpk/npp -Ivendor/cigraph/vendor/glpk/api -Ivendor/cigraph/vendor/glpk/mpl -Ivendor/cigraph/vendor/glpk/bflib -Ivendor/cigraph/vendor/glpk/amd -Ivendor/cigraph/vendor/glpk/simplex -Ivendor/cigraph/vendor/glpk/colamd -DNDEBUG -DNTIMER -DNPRINT -DIGRAPH_THREAD_LOCAL= -DPRPACK_IGRAPH_SUPPORT -DHAVE_GFORTRAN=1 -D_GNU_SOURCE=1 -I'/usr/local/lib/R/library/cpp11/include' -I/usr/local/include   -fvisibility=hidden -fpic  -g -O2  -c vendor/cigraph/src/graph/visitors.c -o vendor/cigraph/src/graph/visitors.o
#13 807.2 g++ -std=gnu++17 -I"/usr/local/lib/R/include" -DNDEBUG -DUSING_R -I. -Ivendor -Ivendor/cigraph/src -Ivendor/cigraph/include -Ivendor/cigraph/vendor -Ivendor/io/parsers  -I/usr/include/libxml2 -DHAVE_LIBXML -Ivendor/cigraph/vendor/glpk -Ivendor/cigraph/vendor/glpk/env -Ivendor/cigraph/vendor/glpk/minisat -Ivendor/cigraph/vendor/glpk/misc -Ivendor/cigraph/vendor/glpk/draft -Ivendor/cigraph/vendor/glpk/npp -Ivendor/cigraph/vendor/glpk/api -Ivendor/cigraph/vendor/glpk/mpl -Ivendor/cigraph/vendor/glpk/bflib -Ivendor/cigraph/vendor/glpk/amd -Ivendor/cigraph/vendor/glpk/simplex -Ivendor/cigraph/vendor/glpk/colamd -DNDEBUG -DNTIMER -DNPRINT -DIGRAPH_THREAD_LOCAL= -DPRPACK_IGRAPH_SUPPORT -DHAVE_GFORTRAN=1 -D_GNU_SOURCE=1 -I'/usr/local/lib/R/library/cpp11/include' -I/usr/local/include   -fvisibility=hidden -fpic  -g -O2   -c vendor/cigraph/src/hrg/hrg.cc -o vendor/cigraph/src/hrg/hrg.o
#13 808.2 g++ -std=gnu++17 -I"/usr/local/lib/R/include" -DNDEBUG -DUSING_R -I. -Ivendor -Ivendor/cigraph/src -Ivendor/cigraph/include -Ivendor/cigraph/vendor -Ivendor/io/parsers  -I/usr/include/libxml2 -DHAVE_LIBXML -Ivendor/cigraph/vendor/glpk -Ivendor/cigraph/vendor/glpk/env -Ivendor/cigraph/vendor/glpk/minisat -Ivendor/cigraph/vendor/glpk/misc -Ivendor/cigraph/vendor/glpk/draft -Ivendor/cigraph/vendor/glpk/npp -Ivendor/cigraph/vendor/glpk/api -Ivendor/cigraph/vendor/glpk/mpl -Ivendor/cigraph/vendor/glpk/bflib -Ivendor/cigraph/vendor/glpk/amd -Ivendor/cigraph/vendor/glpk/simplex -Ivendor/cigraph/vendor/glpk/colamd -DNDEBUG -DNTIMER -DNPRINT -DIGRAPH_THREAD_LOCAL= -DPRPACK_IGRAPH_SUPPORT -DHAVE_GFORTRAN=1 -D_GNU_SOURCE=1 -I'/usr/local/lib/R/library/cpp11/include' -I/usr/local/include   -fvisibility=hidden -fpic  -g -O2   -c vendor/cigraph/src/hrg/hrg_types.cc -o vendor/cigraph/src/hrg/hrg_types.o
#13 810.2 gcc -I"/usr/local/lib/R/include" -DNDEBUG -DUSING_R -I. -Ivendor -Ivendor/cigraph/src -Ivendor/cigraph/include -Ivendor/cigraph/vendor -Ivendor/io/parsers  -I/usr/include/libxml2 -DHAVE_LIBXML -Ivendor/cigraph/vendor/glpk -Ivendor/cigraph/vendor/glpk/env -Ivendor/cigraph/vendor/glpk/minisat -Ivendor/cigraph/vendor/glpk/misc -Ivendor/cigraph/vendor/glpk/draft -Ivendor/cigraph/vendor/glpk/npp -Ivendor/cigraph/vendor/glpk/api -Ivendor/cigraph/vendor/glpk/mpl -Ivendor/cigraph/vendor/glpk/bflib -Ivendor/cigraph/vendor/glpk/amd -Ivendor/cigraph/vendor/glpk/simplex -Ivendor/cigraph/vendor/glpk/colamd -DNDEBUG -DNTIMER -DNPRINT -DIGRAPH_THREAD_LOCAL= -DPRPACK_IGRAPH_SUPPORT -DHAVE_GFORTRAN=1 -D_GNU_SOURCE=1 -I'/usr/local/lib/R/library/cpp11/include' -I/usr/local/include   -fvisibility=hidden -fpic  -g -O2  -c vendor/cigraph/src/internal/glpk_support.c -o vendor/cigraph/src/internal/glpk_support.o
#13 810.2 gcc -I"/usr/local/lib/R/include" -DNDEBUG -DUSING_R -I. -Ivendor -Ivendor/cigraph/src -Ivendor/cigraph/include -Ivendor/cigraph/vendor -Ivendor/io/parsers  -I/usr/include/libxml2 -DHAVE_LIBXML -Ivendor/cigraph/vendor/glpk -Ivendor/cigraph/vendor/glpk/env -Ivendor/cigraph/vendor/glpk/minisat -Ivendor/cigraph/vendor/glpk/misc -Ivendor/cigraph/vendor/glpk/draft -Ivendor/cigraph/vendor/glpk/npp -Ivendor/cigraph/vendor/glpk/api -Ivendor/cigraph/vendor/glpk/mpl -Ivendor/cigraph/vendor/glpk/bflib -Ivendor/cigraph/vendor/glpk/amd -Ivendor/cigraph/vendor/glpk/simplex -Ivendor/cigraph/vendor/glpk/colamd -DNDEBUG -DNTIMER -DNPRINT -DIGRAPH_THREAD_LOCAL= -DPRPACK_IGRAPH_SUPPORT -DHAVE_GFORTRAN=1 -D_GNU_SOURCE=1 -I'/usr/local/lib/R/library/cpp11/include' -I/usr/local/include   -fvisibility=hidden -fpic  -g -O2  -c vendor/cigraph/src/internal/hacks.c -o vendor/cigraph/src/internal/hacks.o
#13 810.3 gcc -I"/usr/local/lib/R/include" -DNDEBUG -DUSING_R -I. -Ivendor -Ivendor/cigraph/src -Ivendor/cigraph/include -Ivendor/cigraph/vendor -Ivendor/io/parsers  -I/usr/include/libxml2 -DHAVE_LIBXML -Ivendor/cigraph/vendor/glpk -Ivendor/cigraph/vendor/glpk/env -Ivendor/cigraph/vendor/glpk/minisat -Ivendor/cigraph/vendor/glpk/misc -Ivendor/cigraph/vendor/glpk/draft -Ivendor/cigraph/vendor/glpk/npp -Ivendor/cigraph/vendor/glpk/api -Ivendor/cigraph/vendor/glpk/mpl -Ivendor/cigraph/vendor/glpk/bflib -Ivendor/cigraph/vendor/glpk/amd -Ivendor/cigraph/vendor/glpk/simplex -Ivendor/cigraph/vendor/glpk/colamd -DNDEBUG -DNTIMER -DNPRINT -DIGRAPH_THREAD_LOCAL= -DPRPACK_IGRAPH_SUPPORT -DHAVE_GFORTRAN=1 -D_GNU_SOURCE=1 -I'/usr/local/lib/R/library/cpp11/include' -I/usr/local/include   -fvisibility=hidden -fpic  -g -O2  -c vendor/cigraph/src/internal/lsap.c -o vendor/cigraph/src/internal/lsap.o
#13 810.6 gcc -I"/usr/local/lib/R/include" -DNDEBUG -DUSING_R -I. -Ivendor -Ivendor/cigraph/src -Ivendor/cigraph/include -Ivendor/cigraph/vendor -Ivendor/io/parsers  -I/usr/include/libxml2 -DHAVE_LIBXML -Ivendor/cigraph/vendor/glpk -Ivendor/cigraph/vendor/glpk/env -Ivendor/cigraph/vendor/glpk/minisat -Ivendor/cigraph/vendor/glpk/misc -Ivendor/cigraph/vendor/glpk/draft -Ivendor/cigraph/vendor/glpk/npp -Ivendor/cigraph/vendor/glpk/api -Ivendor/cigraph/vendor/glpk/mpl -Ivendor/cigraph/vendor/glpk/bflib -Ivendor/cigraph/vendor/glpk/amd -Ivendor/cigraph/vendor/glpk/simplex -Ivendor/cigraph/vendor/glpk/colamd -DNDEBUG -DNTIMER -DNPRINT -DIGRAPH_THREAD_LOCAL= -DPRPACK_IGRAPH_SUPPORT -DHAVE_GFORTRAN=1 -D_GNU_SOURCE=1 -I'/usr/local/lib/R/library/cpp11/include' -I/usr/local/include   -fvisibility=hidden -fpic  -g -O2  -c vendor/cigraph/src/internal/qsort.c -o vendor/cigraph/src/internal/qsort.o
#13 810.7 gcc -I"/usr/local/lib/R/include" -DNDEBUG -DUSING_R -I. -Ivendor -Ivendor/cigraph/src -Ivendor/cigraph/include -Ivendor/cigraph/vendor -Ivendor/io/parsers  -I/usr/include/libxml2 -DHAVE_LIBXML -Ivendor/cigraph/vendor/glpk -Ivendor/cigraph/vendor/glpk/env -Ivendor/cigraph/vendor/glpk/minisat -Ivendor/cigraph/vendor/glpk/misc -Ivendor/cigraph/vendor/glpk/draft -Ivendor/cigraph/vendor/glpk/npp -Ivendor/cigraph/vendor/glpk/api -Ivendor/cigraph/vendor/glpk/mpl -Ivendor/cigraph/vendor/glpk/bflib -Ivendor/cigraph/vendor/glpk/amd -Ivendor/cigraph/vendor/glpk/simplex -Ivendor/cigraph/vendor/glpk/colamd -DNDEBUG -DNTIMER -DNPRINT -DIGRAPH_THREAD_LOCAL= -DPRPACK_IGRAPH_SUPPORT -DHAVE_GFORTRAN=1 -D_GNU_SOURCE=1 -I'/usr/local/lib/R/library/cpp11/include' -I/usr/local/include   -fvisibility=hidden -fpic  -g -O2  -c vendor/cigraph/src/internal/qsort_r.c -o vendor/cigraph/src/internal/qsort_r.o
#13 810.9 gcc -I"/usr/local/lib/R/include" -DNDEBUG -DUSING_R -I. -Ivendor -Ivendor/cigraph/src -Ivendor/cigraph/include -Ivendor/cigraph/vendor -Ivendor/io/parsers  -I/usr/include/libxml2 -DHAVE_LIBXML -Ivendor/cigraph/vendor/glpk -Ivendor/cigraph/vendor/glpk/env -Ivendor/cigraph/vendor/glpk/minisat -Ivendor/cigraph/vendor/glpk/misc -Ivendor/cigraph/vendor/glpk/draft -Ivendor/cigraph/vendor/glpk/npp -Ivendor/cigraph/vendor/glpk/api -Ivendor/cigraph/vendor/glpk/mpl -Ivendor/cigraph/vendor/glpk/bflib -Ivendor/cigraph/vendor/glpk/amd -Ivendor/cigraph/vendor/glpk/simplex -Ivendor/cigraph/vendor/glpk/colamd -DNDEBUG -DNTIMER -DNPRINT -DIGRAPH_THREAD_LOCAL= -DPRPACK_IGRAPH_SUPPORT -DHAVE_GFORTRAN=1 -D_GNU_SOURCE=1 -I'/usr/local/lib/R/library/cpp11/include' -I/usr/local/include   -fvisibility=hidden -fpic  -g -O2  -c vendor/cigraph/src/internal/utils.c -o vendor/cigraph/src/internal/utils.o
#13 811.0 gcc -I"/usr/local/lib/R/include" -DNDEBUG -DUSING_R -I. -Ivendor -Ivendor/cigraph/src -Ivendor/cigraph/include -Ivendor/cigraph/vendor -Ivendor/io/parsers  -I/usr/include/libxml2 -DHAVE_LIBXML -Ivendor/cigraph/vendor/glpk -Ivendor/cigraph/vendor/glpk/env -Ivendor/cigraph/vendor/glpk/minisat -Ivendor/cigraph/vendor/glpk/misc -Ivendor/cigraph/vendor/glpk/draft -Ivendor/cigraph/vendor/glpk/npp -Ivendor/cigraph/vendor/glpk/api -Ivendor/cigraph/vendor/glpk/mpl -Ivendor/cigraph/vendor/glpk/bflib -Ivendor/cigraph/vendor/glpk/amd -Ivendor/cigraph/vendor/glpk/simplex -Ivendor/cigraph/vendor/glpk/colamd -DNDEBUG -DNTIMER -DNPRINT -DIGRAPH_THREAD_LOCAL= -DPRPACK_IGRAPH_SUPPORT -DHAVE_GFORTRAN=1 -D_GNU_SOURCE=1 -I'/usr/local/lib/R/library/cpp11/include' -I/usr/local/include   -fvisibility=hidden -fpic  -g -O2  -c vendor/cigraph/src/internal/zeroin.c -o vendor/cigraph/src/internal/zeroin.o
#13 811.1 gcc -I"/usr/local/lib/R/include" -DNDEBUG -DUSING_R -I. -Ivendor -Ivendor/cigraph/src -Ivendor/cigraph/include -Ivendor/cigraph/vendor -Ivendor/io/parsers  -I/usr/include/libxml2 -DHAVE_LIBXML -Ivendor/cigraph/vendor/glpk -Ivendor/cigraph/vendor/glpk/env -Ivendor/cigraph/vendor/glpk/minisat -Ivendor/cigraph/vendor/glpk/misc -Ivendor/cigraph/vendor/glpk/draft -Ivendor/cigraph/vendor/glpk/npp -Ivendor/cigraph/vendor/glpk/api -Ivendor/cigraph/vendor/glpk/mpl -Ivendor/cigraph/vendor/glpk/bflib -Ivendor/cigraph/vendor/glpk/amd -Ivendor/cigraph/vendor/glpk/simplex -Ivendor/cigraph/vendor/glpk/colamd -DNDEBUG -DNTIMER -DNPRINT -DIGRAPH_THREAD_LOCAL= -DPRPACK_IGRAPH_SUPPORT -DHAVE_GFORTRAN=1 -D_GNU_SOURCE=1 -I'/usr/local/lib/R/library/cpp11/include' -I/usr/local/include   -fvisibility=hidden -fpic  -g -O2  -c vendor/cigraph/src/io/dimacs.c -o vendor/cigraph/src/io/dimacs.o
#13 811.2 gcc -I"/usr/local/lib/R/include" -DNDEBUG -DUSING_R -I. -Ivendor -Ivendor/cigraph/src -Ivendor/cigraph/include -Ivendor/cigraph/vendor -Ivendor/io/parsers  -I/usr/include/libxml2 -DHAVE_LIBXML -Ivendor/cigraph/vendor/glpk -Ivendor/cigraph/vendor/glpk/env -Ivendor/cigraph/vendor/glpk/minisat -Ivendor/cigraph/vendor/glpk/misc -Ivendor/cigraph/vendor/glpk/draft -Ivendor/cigraph/vendor/glpk/npp -Ivendor/cigraph/vendor/glpk/api -Ivendor/cigraph/vendor/glpk/mpl -Ivendor/cigraph/vendor/glpk/bflib -Ivendor/cigraph/vendor/glpk/amd -Ivendor/cigraph/vendor/glpk/simplex -Ivendor/cigraph/vendor/glpk/colamd -DNDEBUG -DNTIMER -DNPRINT -DIGRAPH_THREAD_LOCAL= -DPRPACK_IGRAPH_SUPPORT -DHAVE_GFORTRAN=1 -D_GNU_SOURCE=1 -I'/usr/local/lib/R/library/cpp11/include' -I/usr/local/include   -fvisibility=hidden -fpic  -g -O2  -c vendor/cigraph/src/io/dl.c -o vendor/cigraph/src/io/dl.o
#13 811.4 gcc -I"/usr/local/lib/R/include" -DNDEBUG -DUSING_R -I. -Ivendor -Ivendor/cigraph/src -Ivendor/cigraph/include -Ivendor/cigraph/vendor -Ivendor/io/parsers  -I/usr/include/libxml2 -DHAVE_LIBXML -Ivendor/cigraph/vendor/glpk -Ivendor/cigraph/vendor/glpk/env -Ivendor/cigraph/vendor/glpk/minisat -Ivendor/cigraph/vendor/glpk/misc -Ivendor/cigraph/vendor/glpk/draft -Ivendor/cigraph/vendor/glpk/npp -Ivendor/cigraph/vendor/glpk/api -Ivendor/cigraph/vendor/glpk/mpl -Ivendor/cigraph/vendor/glpk/bflib -Ivendor/cigraph/vendor/glpk/amd -Ivendor/cigraph/vendor/glpk/simplex -Ivendor/cigraph/vendor/glpk/colamd -DNDEBUG -DNTIMER -DNPRINT -DIGRAPH_THREAD_LOCAL= -DPRPACK_IGRAPH_SUPPORT -DHAVE_GFORTRAN=1 -D_GNU_SOURCE=1 -I'/usr/local/lib/R/library/cpp11/include' -I/usr/local/include   -fvisibility=hidden -fpic  -g -O2  -c vendor/cigraph/src/io/dot.c -o vendor/cigraph/src/io/dot.o
#13 811.6 gcc -I"/usr/local/lib/R/include" -DNDEBUG -DUSING_R -I. -Ivendor -Ivendor/cigraph/src -Ivendor/cigraph/include -Ivendor/cigraph/vendor -Ivendor/io/parsers  -I/usr/include/libxml2 -DHAVE_LIBXML -Ivendor/cigraph/vendor/glpk -Ivendor/cigraph/vendor/glpk/env -Ivendor/cigraph/vendor/glpk/minisat -Ivendor/cigraph/vendor/glpk/misc -Ivendor/cigraph/vendor/glpk/draft -Ivendor/cigraph/vendor/glpk/npp -Ivendor/cigraph/vendor/glpk/api -Ivendor/cigraph/vendor/glpk/mpl -Ivendor/cigraph/vendor/glpk/bflib -Ivendor/cigraph/vendor/glpk/amd -Ivendor/cigraph/vendor/glpk/simplex -Ivendor/cigraph/vendor/glpk/colamd -DNDEBUG -DNTIMER -DNPRINT -DIGRAPH_THREAD_LOCAL= -DPRPACK_IGRAPH_SUPPORT -DHAVE_GFORTRAN=1 -D_GNU_SOURCE=1 -I'/usr/local/lib/R/library/cpp11/include' -I/usr/local/include   -fvisibility=hidden -fpic  -g -O2  -c vendor/cigraph/src/io/edgelist.c -o vendor/cigraph/src/io/edgelist.o
#13 811.7 gcc -I"/usr/local/lib/R/include" -DNDEBUG -DUSING_R -I. -Ivendor -Ivendor/cigraph/src -Ivendor/cigraph/include -Ivendor/cigraph/vendor -Ivendor/io/parsers  -I/usr/include/libxml2 -DHAVE_LIBXML -Ivendor/cigraph/vendor/glpk -Ivendor/cigraph/vendor/glpk/env -Ivendor/cigraph/vendor/glpk/minisat -Ivendor/cigraph/vendor/glpk/misc -Ivendor/cigraph/vendor/glpk/draft -Ivendor/cigraph/vendor/glpk/npp -Ivendor/cigraph/vendor/glpk/api -Ivendor/cigraph/vendor/glpk/mpl -Ivendor/cigraph/vendor/glpk/bflib -Ivendor/cigraph/vendor/glpk/amd -Ivendor/cigraph/vendor/glpk/simplex -Ivendor/cigraph/vendor/glpk/colamd -DNDEBUG -DNTIMER -DNPRINT -DIGRAPH_THREAD_LOCAL= -DPRPACK_IGRAPH_SUPPORT -DHAVE_GFORTRAN=1 -D_GNU_SOURCE=1 -I'/usr/local/lib/R/library/cpp11/include' -I/usr/local/include   -fvisibility=hidden -fpic  -g -O2  -c vendor/cigraph/src/io/gml-tree.c -o vendor/cigraph/src/io/gml-tree.o
#13 811.9 gcc -I"/usr/local/lib/R/include" -DNDEBUG -DUSING_R -I. -Ivendor -Ivendor/cigraph/src -Ivendor/cigraph/include -Ivendor/cigraph/vendor -Ivendor/io/parsers  -I/usr/include/libxml2 -DHAVE_LIBXML -Ivendor/cigraph/vendor/glpk -Ivendor/cigraph/vendor/glpk/env -Ivendor/cigraph/vendor/glpk/minisat -Ivendor/cigraph/vendor/glpk/misc -Ivendor/cigraph/vendor/glpk/draft -Ivendor/cigraph/vendor/glpk/npp -Ivendor/cigraph/vendor/glpk/api -Ivendor/cigraph/vendor/glpk/mpl -Ivendor/cigraph/vendor/glpk/bflib -Ivendor/cigraph/vendor/glpk/amd -Ivendor/cigraph/vendor/glpk/simplex -Ivendor/cigraph/vendor/glpk/colamd -DNDEBUG -DNTIMER -DNPRINT -DIGRAPH_THREAD_LOCAL= -DPRPACK_IGRAPH_SUPPORT -DHAVE_GFORTRAN=1 -D_GNU_SOURCE=1 -I'/usr/local/lib/R/library/cpp11/include' -I/usr/local/include   -fvisibility=hidden -fpic  -g -O2  -c vendor/cigraph/src/io/gml.c -o vendor/cigraph/src/io/gml.o
#13 812.5 gcc -I"/usr/local/lib/R/include" -DNDEBUG -DUSING_R -I. -Ivendor -Ivendor/cigraph/src -Ivendor/cigraph/include -Ivendor/cigraph/vendor -Ivendor/io/parsers  -I/usr/include/libxml2 -DHAVE_LIBXML -Ivendor/cigraph/vendor/glpk -Ivendor/cigraph/vendor/glpk/env -Ivendor/cigraph/vendor/glpk/minisat -Ivendor/cigraph/vendor/glpk/misc -Ivendor/cigraph/vendor/glpk/draft -Ivendor/cigraph/vendor/glpk/npp -Ivendor/cigraph/vendor/glpk/api -Ivendor/cigraph/vendor/glpk/mpl -Ivendor/cigraph/vendor/glpk/bflib -Ivendor/cigraph/vendor/glpk/amd -Ivendor/cigraph/vendor/glpk/simplex -Ivendor/cigraph/vendor/glpk/colamd -DNDEBUG -DNTIMER -DNPRINT -DIGRAPH_THREAD_LOCAL= -DPRPACK_IGRAPH_SUPPORT -DHAVE_GFORTRAN=1 -D_GNU_SOURCE=1 -I'/usr/local/lib/R/library/cpp11/include' -I/usr/local/include   -fvisibility=hidden -fpic  -g -O2  -c vendor/cigraph/src/io/graphdb.c -o vendor/cigraph/src/io/graphdb.o
#13 812.6 gcc -I"/usr/local/lib/R/include" -DNDEBUG -DUSING_R -I. -Ivendor -Ivendor/cigraph/src -Ivendor/cigraph/include -Ivendor/cigraph/vendor -Ivendor/io/parsers  -I/usr/include/libxml2 -DHAVE_LIBXML -Ivendor/cigraph/vendor/glpk -Ivendor/cigraph/vendor/glpk/env -Ivendor/cigraph/vendor/glpk/minisat -Ivendor/cigraph/vendor/glpk/misc -Ivendor/cigraph/vendor/glpk/draft -Ivendor/cigraph/vendor/glpk/npp -Ivendor/cigraph/vendor/glpk/api -Ivendor/cigraph/vendor/glpk/mpl -Ivendor/cigraph/vendor/glpk/bflib -Ivendor/cigraph/vendor/glpk/amd -Ivendor/cigraph/vendor/glpk/simplex -Ivendor/cigraph/vendor/glpk/colamd -DNDEBUG -DNTIMER -DNPRINT -DIGRAPH_THREAD_LOCAL= -DPRPACK_IGRAPH_SUPPORT -DHAVE_GFORTRAN=1 -D_GNU_SOURCE=1 -I'/usr/local/lib/R/library/cpp11/include' -I/usr/local/include   -fvisibility=hidden -fpic  -g -O2  -c vendor/cigraph/src/io/graphml.c -o vendor/cigraph/src/io/graphml.o
#13 813.4 gcc -I"/usr/local/lib/R/include" -DNDEBUG -DUSING_R -I. -Ivendor -Ivendor/cigraph/src -Ivendor/cigraph/include -Ivendor/cigraph/vendor -Ivendor/io/parsers  -I/usr/include/libxml2 -DHAVE_LIBXML -Ivendor/cigraph/vendor/glpk -Ivendor/cigraph/vendor/glpk/env -Ivendor/cigraph/vendor/glpk/minisat -Ivendor/cigraph/vendor/glpk/misc -Ivendor/cigraph/vendor/glpk/draft -Ivendor/cigraph/vendor/glpk/npp -Ivendor/cigraph/vendor/glpk/api -Ivendor/cigraph/vendor/glpk/mpl -Ivendor/cigraph/vendor/glpk/bflib -Ivendor/cigraph/vendor/glpk/amd -Ivendor/cigraph/vendor/glpk/simplex -Ivendor/cigraph/vendor/glpk/colamd -DNDEBUG -DNTIMER -DNPRINT -DIGRAPH_THREAD_LOCAL= -DPRPACK_IGRAPH_SUPPORT -DHAVE_GFORTRAN=1 -D_GNU_SOURCE=1 -I'/usr/local/lib/R/library/cpp11/include' -I/usr/local/include   -fvisibility=hidden -fpic  -g -O2  -c vendor/cigraph/src/io/leda.c -o vendor/cigraph/src/io/leda.o
#13 813.6 gcc -I"/usr/local/lib/R/include" -DNDEBUG -DUSING_R -I. -Ivendor -Ivendor/cigraph/src -Ivendor/cigraph/include -Ivendor/cigraph/vendor -Ivendor/io/parsers  -I/usr/include/libxml2 -DHAVE_LIBXML -Ivendor/cigraph/vendor/glpk -Ivendor/cigraph/vendor/glpk/env -Ivendor/cigraph/vendor/glpk/minisat -Ivendor/cigraph/vendor/glpk/misc -Ivendor/cigraph/vendor/glpk/draft -Ivendor/cigraph/vendor/glpk/npp -Ivendor/cigraph/vendor/glpk/api -Ivendor/cigraph/vendor/glpk/mpl -Ivendor/cigraph/vendor/glpk/bflib -Ivendor/cigraph/vendor/glpk/amd -Ivendor/cigraph/vendor/glpk/simplex -Ivendor/cigraph/vendor/glpk/colamd -DNDEBUG -DNTIMER -DNPRINT -DIGRAPH_THREAD_LOCAL= -DPRPACK_IGRAPH_SUPPORT -DHAVE_GFORTRAN=1 -D_GNU_SOURCE=1 -I'/usr/local/lib/R/library/cpp11/include' -I/usr/local/include   -fvisibility=hidden -fpic  -g -O2  -c vendor/cigraph/src/io/lgl.c -o vendor/cigraph/src/io/lgl.o
#13 813.9 gcc -I"/usr/local/lib/R/include" -DNDEBUG -DUSING_R -I. -Ivendor -Ivendor/cigraph/src -Ivendor/cigraph/include -Ivendor/cigraph/vendor -Ivendor/io/parsers  -I/usr/include/libxml2 -DHAVE_LIBXML -Ivendor/cigraph/vendor/glpk -Ivendor/cigraph/vendor/glpk/env -Ivendor/cigraph/vendor/glpk/minisat -Ivendor/cigraph/vendor/glpk/misc -Ivendor/cigraph/vendor/glpk/draft -Ivendor/cigraph/vendor/glpk/npp -Ivendor/cigraph/vendor/glpk/api -Ivendor/cigraph/vendor/glpk/mpl -Ivendor/cigraph/vendor/glpk/bflib -Ivendor/cigraph/vendor/glpk/amd -Ivendor/cigraph/vendor/glpk/simplex -Ivendor/cigraph/vendor/glpk/colamd -DNDEBUG -DNTIMER -DNPRINT -DIGRAPH_THREAD_LOCAL= -DPRPACK_IGRAPH_SUPPORT -DHAVE_GFORTRAN=1 -D_GNU_SOURCE=1 -I'/usr/local/lib/R/library/cpp11/include' -I/usr/local/include   -fvisibility=hidden -fpic  -g -O2  -c vendor/cigraph/src/io/ncol.c -o vendor/cigraph/src/io/ncol.o
#13 814.0 gcc -I"/usr/local/lib/R/include" -DNDEBUG -DUSING_R -I. -Ivendor -Ivendor/cigraph/src -Ivendor/cigraph/include -Ivendor/cigraph/vendor -Ivendor/io/parsers  -I/usr/include/libxml2 -DHAVE_LIBXML -Ivendor/cigraph/vendor/glpk -Ivendor/cigraph/vendor/glpk/env -Ivendor/cigraph/vendor/glpk/minisat -Ivendor/cigraph/vendor/glpk/misc -Ivendor/cigraph/vendor/glpk/draft -Ivendor/cigraph/vendor/glpk/npp -Ivendor/cigraph/vendor/glpk/api -Ivendor/cigraph/vendor/glpk/mpl -Ivendor/cigraph/vendor/glpk/bflib -Ivendor/cigraph/vendor/glpk/amd -Ivendor/cigraph/vendor/glpk/simplex -Ivendor/cigraph/vendor/glpk/colamd -DNDEBUG -DNTIMER -DNPRINT -DIGRAPH_THREAD_LOCAL= -DPRPACK_IGRAPH_SUPPORT -DHAVE_GFORTRAN=1 -D_GNU_SOURCE=1 -I'/usr/local/lib/R/library/cpp11/include' -I/usr/local/include   -fvisibility=hidden -fpic  -g -O2  -c vendor/cigraph/src/io/pajek.c -o vendor/cigraph/src/io/pajek.o
#13 814.4 gcc -I"/usr/local/lib/R/include" -DNDEBUG -DUSING_R -I. -Ivendor -Ivendor/cigraph/src -Ivendor/cigraph/include -Ivendor/cigraph/vendor -Ivendor/io/parsers  -I/usr/include/libxml2 -DHAVE_LIBXML -Ivendor/cigraph/vendor/glpk -Ivendor/cigraph/vendor/glpk/env -Ivendor/cigraph/vendor/glpk/minisat -Ivendor/cigraph/vendor/glpk/misc -Ivendor/cigraph/vendor/glpk/draft -Ivendor/cigraph/vendor/glpk/npp -Ivendor/cigraph/vendor/glpk/api -Ivendor/cigraph/vendor/glpk/mpl -Ivendor/cigraph/vendor/glpk/bflib -Ivendor/cigraph/vendor/glpk/amd -Ivendor/cigraph/vendor/glpk/simplex -Ivendor/cigraph/vendor/glpk/colamd -DNDEBUG -DNTIMER -DNPRINT -DIGRAPH_THREAD_LOCAL= -DPRPACK_IGRAPH_SUPPORT -DHAVE_GFORTRAN=1 -D_GNU_SOURCE=1 -I'/usr/local/lib/R/library/cpp11/include' -I/usr/local/include   -fvisibility=hidden -fpic  -g -O2  -c vendor/cigraph/src/io/parse_utils.c -o vendor/cigraph/src/io/parse_utils.o
#13 814.5 g++ -std=gnu++17 -I"/usr/local/lib/R/include" -DNDEBUG -DUSING_R -I. -Ivendor -Ivendor/cigraph/src -Ivendor/cigraph/include -Ivendor/cigraph/vendor -Ivendor/io/parsers  -I/usr/include/libxml2 -DHAVE_LIBXML -Ivendor/cigraph/vendor/glpk -Ivendor/cigraph/vendor/glpk/env -Ivendor/cigraph/vendor/glpk/minisat -Ivendor/cigraph/vendor/glpk/misc -Ivendor/cigraph/vendor/glpk/draft -Ivendor/cigraph/vendor/glpk/npp -Ivendor/cigraph/vendor/glpk/api -Ivendor/cigraph/vendor/glpk/mpl -Ivendor/cigraph/vendor/glpk/bflib -Ivendor/cigraph/vendor/glpk/amd -Ivendor/cigraph/vendor/glpk/simplex -Ivendor/cigraph/vendor/glpk/colamd -DNDEBUG -DNTIMER -DNPRINT -DIGRAPH_THREAD_LOCAL= -DPRPACK_IGRAPH_SUPPORT -DHAVE_GFORTRAN=1 -D_GNU_SOURCE=1 -I'/usr/local/lib/R/library/cpp11/include' -I/usr/local/include   -fvisibility=hidden -fpic  -g -O2   -c vendor/cigraph/src/isomorphism/bliss.cc -o vendor/cigraph/src/isomorphism/bliss.o
#13 815.5 g++ -std=gnu++17 -I"/usr/local/lib/R/include" -DNDEBUG -DUSING_R -I. -Ivendor -Ivendor/cigraph/src -Ivendor/cigraph/include -Ivendor/cigraph/vendor -Ivendor/io/parsers  -I/usr/include/libxml2 -DHAVE_LIBXML -Ivendor/cigraph/vendor/glpk -Ivendor/cigraph/vendor/glpk/env -Ivendor/cigraph/vendor/glpk/minisat -Ivendor/cigraph/vendor/glpk/misc -Ivendor/cigraph/vendor/glpk/draft -Ivendor/cigraph/vendor/glpk/npp -Ivendor/cigraph/vendor/glpk/api -Ivendor/cigraph/vendor/glpk/mpl -Ivendor/cigraph/vendor/glpk/bflib -Ivendor/cigraph/vendor/glpk/amd -Ivendor/cigraph/vendor/glpk/simplex -Ivendor/cigraph/vendor/glpk/colamd -DNDEBUG -DNTIMER -DNPRINT -DIGRAPH_THREAD_LOCAL= -DPRPACK_IGRAPH_SUPPORT -DHAVE_GFORTRAN=1 -D_GNU_SOURCE=1 -I'/usr/local/lib/R/library/cpp11/include' -I/usr/local/include   -fvisibility=hidden -fpic  -g -O2   -c vendor/cigraph/src/isomorphism/bliss/defs.cc -o vendor/cigraph/src/isomorphism/bliss/defs.o
#13 815.5 g++ -std=gnu++17 -I"/usr/local/lib/R/include" -DNDEBUG -DUSING_R -I. -Ivendor -Ivendor/cigraph/src -Ivendor/cigraph/include -Ivendor/cigraph/vendor -Ivendor/io/parsers  -I/usr/include/libxml2 -DHAVE_LIBXML -Ivendor/cigraph/vendor/glpk -Ivendor/cigraph/vendor/glpk/env -Ivendor/cigraph/vendor/glpk/minisat -Ivendor/cigraph/vendor/glpk/misc -Ivendor/cigraph/vendor/glpk/draft -Ivendor/cigraph/vendor/glpk/npp -Ivendor/cigraph/vendor/glpk/api -Ivendor/cigraph/vendor/glpk/mpl -Ivendor/cigraph/vendor/glpk/bflib -Ivendor/cigraph/vendor/glpk/amd -Ivendor/cigraph/vendor/glpk/simplex -Ivendor/cigraph/vendor/glpk/colamd -DNDEBUG -DNTIMER -DNPRINT -DIGRAPH_THREAD_LOCAL= -DPRPACK_IGRAPH_SUPPORT -DHAVE_GFORTRAN=1 -D_GNU_SOURCE=1 -I'/usr/local/lib/R/library/cpp11/include' -I/usr/local/include   -fvisibility=hidden -fpic  -g -O2   -c vendor/cigraph/src/isomorphism/bliss/graph.cc -o vendor/cigraph/src/isomorphism/bliss/graph.o
#13 820.0 g++ -std=gnu++17 -I"/usr/local/lib/R/include" -DNDEBUG -DUSING_R -I. -Ivendor -Ivendor/cigraph/src -Ivendor/cigraph/include -Ivendor/cigraph/vendor -Ivendor/io/parsers  -I/usr/include/libxml2 -DHAVE_LIBXML -Ivendor/cigraph/vendor/glpk -Ivendor/cigraph/vendor/glpk/env -Ivendor/cigraph/vendor/glpk/minisat -Ivendor/cigraph/vendor/glpk/misc -Ivendor/cigraph/vendor/glpk/draft -Ivendor/cigraph/vendor/glpk/npp -Ivendor/cigraph/vendor/glpk/api -Ivendor/cigraph/vendor/glpk/mpl -Ivendor/cigraph/vendor/glpk/bflib -Ivendor/cigraph/vendor/glpk/amd -Ivendor/cigraph/vendor/glpk/simplex -Ivendor/cigraph/vendor/glpk/colamd -DNDEBUG -DNTIMER -DNPRINT -DIGRAPH_THREAD_LOCAL= -DPRPACK_IGRAPH_SUPPORT -DHAVE_GFORTRAN=1 -D_GNU_SOURCE=1 -I'/usr/local/lib/R/library/cpp11/include' -I/usr/local/include   -fvisibility=hidden -fpic  -g -O2   -c vendor/cigraph/src/isomorphism/bliss/heap.cc -o vendor/cigraph/src/isomorphism/bliss/heap.o
#13 820.0 g++ -std=gnu++17 -I"/usr/local/lib/R/include" -DNDEBUG -DUSING_R -I. -Ivendor -Ivendor/cigraph/src -Ivendor/cigraph/include -Ivendor/cigraph/vendor -Ivendor/io/parsers  -I/usr/include/libxml2 -DHAVE_LIBXML -Ivendor/cigraph/vendor/glpk -Ivendor/cigraph/vendor/glpk/env -Ivendor/cigraph/vendor/glpk/minisat -Ivendor/cigraph/vendor/glpk/misc -Ivendor/cigraph/vendor/glpk/draft -Ivendor/cigraph/vendor/glpk/npp -Ivendor/cigraph/vendor/glpk/api -Ivendor/cigraph/vendor/glpk/mpl -Ivendor/cigraph/vendor/glpk/bflib -Ivendor/cigraph/vendor/glpk/amd -Ivendor/cigraph/vendor/glpk/simplex -Ivendor/cigraph/vendor/glpk/colamd -DNDEBUG -DNTIMER -DNPRINT -DIGRAPH_THREAD_LOCAL= -DPRPACK_IGRAPH_SUPPORT -DHAVE_GFORTRAN=1 -D_GNU_SOURCE=1 -I'/usr/local/lib/R/library/cpp11/include' -I/usr/local/include   -fvisibility=hidden -fpic  -g -O2   -c vendor/cigraph/src/isomorphism/bliss/orbit.cc -o vendor/cigraph/src/isomorphism/bliss/orbit.o
#13 820.1 g++ -std=gnu++17 -I"/usr/local/lib/R/include" -DNDEBUG -DUSING_R -I. -Ivendor -Ivendor/cigraph/src -Ivendor/cigraph/include -Ivendor/cigraph/vendor -Ivendor/io/parsers  -I/usr/include/libxml2 -DHAVE_LIBXML -Ivendor/cigraph/vendor/glpk -Ivendor/cigraph/vendor/glpk/env -Ivendor/cigraph/vendor/glpk/minisat -Ivendor/cigraph/vendor/glpk/misc -Ivendor/cigraph/vendor/glpk/draft -Ivendor/cigraph/vendor/glpk/npp -Ivendor/cigraph/vendor/glpk/api -Ivendor/cigraph/vendor/glpk/mpl -Ivendor/cigraph/vendor/glpk/bflib -Ivendor/cigraph/vendor/glpk/amd -Ivendor/cigraph/vendor/glpk/simplex -Ivendor/cigraph/vendor/glpk/colamd -DNDEBUG -DNTIMER -DNPRINT -DIGRAPH_THREAD_LOCAL= -DPRPACK_IGRAPH_SUPPORT -DHAVE_GFORTRAN=1 -D_GNU_SOURCE=1 -I'/usr/local/lib/R/library/cpp11/include' -I/usr/local/include   -fvisibility=hidden -fpic  -g -O2   -c vendor/cigraph/src/isomorphism/bliss/partition.cc -o vendor/cigraph/src/isomorphism/bliss/partition.o
#13 820.9 g++ -std=gnu++17 -I"/usr/local/lib/R/include" -DNDEBUG -DUSING_R -I. -Ivendor -Ivendor/cigraph/src -Ivendor/cigraph/include -Ivendor/cigraph/vendor -Ivendor/io/parsers  -I/usr/include/libxml2 -DHAVE_LIBXML -Ivendor/cigraph/vendor/glpk -Ivendor/cigraph/vendor/glpk/env -Ivendor/cigraph/vendor/glpk/minisat -Ivendor/cigraph/vendor/glpk/misc -Ivendor/cigraph/vendor/glpk/draft -Ivendor/cigraph/vendor/glpk/npp -Ivendor/cigraph/vendor/glpk/api -Ivendor/cigraph/vendor/glpk/mpl -Ivendor/cigraph/vendor/glpk/bflib -Ivendor/cigraph/vendor/glpk/amd -Ivendor/cigraph/vendor/glpk/simplex -Ivendor/cigraph/vendor/glpk/colamd -DNDEBUG -DNTIMER -DNPRINT -DIGRAPH_THREAD_LOCAL= -DPRPACK_IGRAPH_SUPPORT -DHAVE_GFORTRAN=1 -D_GNU_SOURCE=1 -I'/usr/local/lib/R/library/cpp11/include' -I/usr/local/include   -fvisibility=hidden -fpic  -g -O2   -c vendor/cigraph/src/isomorphism/bliss/uintseqhash.cc -o vendor/cigraph/src/isomorphism/bliss/uintseqhash.o
#13 820.9 g++ -std=gnu++17 -I"/usr/local/lib/R/include" -DNDEBUG -DUSING_R -I. -Ivendor -Ivendor/cigraph/src -Ivendor/cigraph/include -Ivendor/cigraph/vendor -Ivendor/io/parsers  -I/usr/include/libxml2 -DHAVE_LIBXML -Ivendor/cigraph/vendor/glpk -Ivendor/cigraph/vendor/glpk/env -Ivendor/cigraph/vendor/glpk/minisat -Ivendor/cigraph/vendor/glpk/misc -Ivendor/cigraph/vendor/glpk/draft -Ivendor/cigraph/vendor/glpk/npp -Ivendor/cigraph/vendor/glpk/api -Ivendor/cigraph/vendor/glpk/mpl -Ivendor/cigraph/vendor/glpk/bflib -Ivendor/cigraph/vendor/glpk/amd -Ivendor/cigraph/vendor/glpk/simplex -Ivendor/cigraph/vendor/glpk/colamd -DNDEBUG -DNTIMER -DNPRINT -DIGRAPH_THREAD_LOCAL= -DPRPACK_IGRAPH_SUPPORT -DHAVE_GFORTRAN=1 -D_GNU_SOURCE=1 -I'/usr/local/lib/R/library/cpp11/include' -I/usr/local/include   -fvisibility=hidden -fpic  -g -O2   -c vendor/cigraph/src/isomorphism/bliss/utils.cc -o vendor/cigraph/src/isomorphism/bliss/utils.o
#13 821.1 gcc -I"/usr/local/lib/R/include" -DNDEBUG -DUSING_R -I. -Ivendor -Ivendor/cigraph/src -Ivendor/cigraph/include -Ivendor/cigraph/vendor -Ivendor/io/parsers  -I/usr/include/libxml2 -DHAVE_LIBXML -Ivendor/cigraph/vendor/glpk -Ivendor/cigraph/vendor/glpk/env -Ivendor/cigraph/vendor/glpk/minisat -Ivendor/cigraph/vendor/glpk/misc -Ivendor/cigraph/vendor/glpk/draft -Ivendor/cigraph/vendor/glpk/npp -Ivendor/cigraph/vendor/glpk/api -Ivendor/cigraph/vendor/glpk/mpl -Ivendor/cigraph/vendor/glpk/bflib -Ivendor/cigraph/vendor/glpk/amd -Ivendor/cigraph/vendor/glpk/simplex -Ivendor/cigraph/vendor/glpk/colamd -DNDEBUG -DNTIMER -DNPRINT -DIGRAPH_THREAD_LOCAL= -DPRPACK_IGRAPH_SUPPORT -DHAVE_GFORTRAN=1 -D_GNU_SOURCE=1 -I'/usr/local/lib/R/library/cpp11/include' -I/usr/local/include   -fvisibility=hidden -fpic  -g -O2  -c vendor/cigraph/src/isomorphism/isoclasses.c -o vendor/cigraph/src/isomorphism/isoclasses.o
#13 821.4 gcc -I"/usr/local/lib/R/include" -DNDEBUG -DUSING_R -I. -Ivendor -Ivendor/cigraph/src -Ivendor/cigraph/include -Ivendor/cigraph/vendor -Ivendor/io/parsers  -I/usr/include/libxml2 -DHAVE_LIBXML -Ivendor/cigraph/vendor/glpk -Ivendor/cigraph/vendor/glpk/env -Ivendor/cigraph/vendor/glpk/minisat -Ivendor/cigraph/vendor/glpk/misc -Ivendor/cigraph/vendor/glpk/draft -Ivendor/cigraph/vendor/glpk/npp -Ivendor/cigraph/vendor/glpk/api -Ivendor/cigraph/vendor/glpk/mpl -Ivendor/cigraph/vendor/glpk/bflib -Ivendor/cigraph/vendor/glpk/amd -Ivendor/cigraph/vendor/glpk/simplex -Ivendor/cigraph/vendor/glpk/colamd -DNDEBUG -DNTIMER -DNPRINT -DIGRAPH_THREAD_LOCAL= -DPRPACK_IGRAPH_SUPPORT -DHAVE_GFORTRAN=1 -D_GNU_SOURCE=1 -I'/usr/local/lib/R/library/cpp11/include' -I/usr/local/include   -fvisibility=hidden -fpic  -g -O2  -c vendor/cigraph/src/isomorphism/isomorphism_misc.c -o vendor/cigraph/src/isomorphism/isomorphism_misc.o
#13 821.5 gcc -I"/usr/local/lib/R/include" -DNDEBUG -DUSING_R -I. -Ivendor -Ivendor/cigraph/src -Ivendor/cigraph/include -Ivendor/cigraph/vendor -Ivendor/io/parsers  -I/usr/include/libxml2 -DHAVE_LIBXML -Ivendor/cigraph/vendor/glpk -Ivendor/cigraph/vendor/glpk/env -Ivendor/cigraph/vendor/glpk/minisat -Ivendor/cigraph/vendor/glpk/misc -Ivendor/cigraph/vendor/glpk/draft -Ivendor/cigraph/vendor/glpk/npp -Ivendor/cigraph/vendor/glpk/api -Ivendor/cigraph/vendor/glpk/mpl -Ivendor/cigraph/vendor/glpk/bflib -Ivendor/cigraph/vendor/glpk/amd -Ivendor/cigraph/vendor/glpk/simplex -Ivendor/cigraph/vendor/glpk/colamd -DNDEBUG -DNTIMER -DNPRINT -DIGRAPH_THREAD_LOCAL= -DPRPACK_IGRAPH_SUPPORT -DHAVE_GFORTRAN=1 -D_GNU_SOURCE=1 -I'/usr/local/lib/R/library/cpp11/include' -I/usr/local/include   -fvisibility=hidden -fpic  -g -O2  -c vendor/cigraph/src/isomorphism/lad.c -o vendor/cigraph/src/isomorphism/lad.o
#13 822.4 gcc -I"/usr/local/lib/R/include" -DNDEBUG -DUSING_R -I. -Ivendor -Ivendor/cigraph/src -Ivendor/cigraph/include -Ivendor/cigraph/vendor -Ivendor/io/parsers  -I/usr/include/libxml2 -DHAVE_LIBXML -Ivendor/cigraph/vendor/glpk -Ivendor/cigraph/vendor/glpk/env -Ivendor/cigraph/vendor/glpk/minisat -Ivendor/cigraph/vendor/glpk/misc -Ivendor/cigraph/vendor/glpk/draft -Ivendor/cigraph/vendor/glpk/npp -Ivendor/cigraph/vendor/glpk/api -Ivendor/cigraph/vendor/glpk/mpl -Ivendor/cigraph/vendor/glpk/bflib -Ivendor/cigraph/vendor/glpk/amd -Ivendor/cigraph/vendor/glpk/simplex -Ivendor/cigraph/vendor/glpk/colamd -DNDEBUG -DNTIMER -DNPRINT -DIGRAPH_THREAD_LOCAL= -DPRPACK_IGRAPH_SUPPORT -DHAVE_GFORTRAN=1 -D_GNU_SOURCE=1 -I'/usr/local/lib/R/library/cpp11/include' -I/usr/local/include   -fvisibility=hidden -fpic  -g -O2  -c vendor/cigraph/src/isomorphism/queries.c -o vendor/cigraph/src/isomorphism/queries.o
#13 822.5 gcc -I"/usr/local/lib/R/include" -DNDEBUG -DUSING_R -I. -Ivendor -Ivendor/cigraph/src -Ivendor/cigraph/include -Ivendor/cigraph/vendor -Ivendor/io/parsers  -I/usr/include/libxml2 -DHAVE_LIBXML -Ivendor/cigraph/vendor/glpk -Ivendor/cigraph/vendor/glpk/env -Ivendor/cigraph/vendor/glpk/minisat -Ivendor/cigraph/vendor/glpk/misc -Ivendor/cigraph/vendor/glpk/draft -Ivendor/cigraph/vendor/glpk/npp -Ivendor/cigraph/vendor/glpk/api -Ivendor/cigraph/vendor/glpk/mpl -Ivendor/cigraph/vendor/glpk/bflib -Ivendor/cigraph/vendor/glpk/amd -Ivendor/cigraph/vendor/glpk/simplex -Ivendor/cigraph/vendor/glpk/colamd -DNDEBUG -DNTIMER -DNPRINT -DIGRAPH_THREAD_LOCAL= -DPRPACK_IGRAPH_SUPPORT -DHAVE_GFORTRAN=1 -D_GNU_SOURCE=1 -I'/usr/local/lib/R/library/cpp11/include' -I/usr/local/include   -fvisibility=hidden -fpic  -g -O2  -c vendor/cigraph/src/isomorphism/vf2.c -o vendor/cigraph/src/isomorphism/vf2.o
#13 823.3 gcc -I"/usr/local/lib/R/include" -DNDEBUG -DUSING_R -I. -Ivendor -Ivendor/cigraph/src -Ivendor/cigraph/include -Ivendor/cigraph/vendor -Ivendor/io/parsers  -I/usr/include/libxml2 -DHAVE_LIBXML -Ivendor/cigraph/vendor/glpk -Ivendor/cigraph/vendor/glpk/env -Ivendor/cigraph/vendor/glpk/minisat -Ivendor/cigraph/vendor/glpk/misc -Ivendor/cigraph/vendor/glpk/draft -Ivendor/cigraph/vendor/glpk/npp -Ivendor/cigraph/vendor/glpk/api -Ivendor/cigraph/vendor/glpk/mpl -Ivendor/cigraph/vendor/glpk/bflib -Ivendor/cigraph/vendor/glpk/amd -Ivendor/cigraph/vendor/glpk/simplex -Ivendor/cigraph/vendor/glpk/colamd -DNDEBUG -DNTIMER -DNPRINT -DIGRAPH_THREAD_LOCAL= -DPRPACK_IGRAPH_SUPPORT -DHAVE_GFORTRAN=1 -D_GNU_SOURCE=1 -I'/usr/local/lib/R/library/cpp11/include' -I/usr/local/include   -fvisibility=hidden -fpic  -g -O2  -c vendor/cigraph/src/layout/circular.c -o vendor/cigraph/src/layout/circular.o
#13 823.4 gcc -I"/usr/local/lib/R/include" -DNDEBUG -DUSING_R -I. -Ivendor -Ivendor/cigraph/src -Ivendor/cigraph/include -Ivendor/cigraph/vendor -Ivendor/io/parsers  -I/usr/include/libxml2 -DHAVE_LIBXML -Ivendor/cigraph/vendor/glpk -Ivendor/cigraph/vendor/glpk/env -Ivendor/cigraph/vendor/glpk/minisat -Ivendor/cigraph/vendor/glpk/misc -Ivendor/cigraph/vendor/glpk/draft -Ivendor/cigraph/vendor/glpk/npp -Ivendor/cigraph/vendor/glpk/api -Ivendor/cigraph/vendor/glpk/mpl -Ivendor/cigraph/vendor/glpk/bflib -Ivendor/cigraph/vendor/glpk/amd -Ivendor/cigraph/vendor/glpk/simplex -Ivendor/cigraph/vendor/glpk/colamd -DNDEBUG -DNTIMER -DNPRINT -DIGRAPH_THREAD_LOCAL= -DPRPACK_IGRAPH_SUPPORT -DHAVE_GFORTRAN=1 -D_GNU_SOURCE=1 -I'/usr/local/lib/R/library/cpp11/include' -I/usr/local/include   -fvisibility=hidden -fpic  -g -O2  -c vendor/cigraph/src/layout/davidson_harel.c -o vendor/cigraph/src/layout/davidson_harel.o
#13 823.7 g++ -std=gnu++17 -I"/usr/local/lib/R/include" -DNDEBUG -DUSING_R -I. -Ivendor -Ivendor/cigraph/src -Ivendor/cigraph/include -Ivendor/cigraph/vendor -Ivendor/io/parsers  -I/usr/include/libxml2 -DHAVE_LIBXML -Ivendor/cigraph/vendor/glpk -Ivendor/cigraph/vendor/glpk/env -Ivendor/cigraph/vendor/glpk/minisat -Ivendor/cigraph/vendor/glpk/misc -Ivendor/cigraph/vendor/glpk/draft -Ivendor/cigraph/vendor/glpk/npp -Ivendor/cigraph/vendor/glpk/api -Ivendor/cigraph/vendor/glpk/mpl -Ivendor/cigraph/vendor/glpk/bflib -Ivendor/cigraph/vendor/glpk/amd -Ivendor/cigraph/vendor/glpk/simplex -Ivendor/cigraph/vendor/glpk/colamd -DNDEBUG -DNTIMER -DNPRINT -DIGRAPH_THREAD_LOCAL= -DPRPACK_IGRAPH_SUPPORT -DHAVE_GFORTRAN=1 -D_GNU_SOURCE=1 -I'/usr/local/lib/R/library/cpp11/include' -I/usr/local/include   -fvisibility=hidden -fpic  -g -O2   -c vendor/cigraph/src/layout/drl/DensityGrid.cpp -o vendor/cigraph/src/layout/drl/DensityGrid.o
#13 824.4 g++ -std=gnu++17 -I"/usr/local/lib/R/include" -DNDEBUG -DUSING_R -I. -Ivendor -Ivendor/cigraph/src -Ivendor/cigraph/include -Ivendor/cigraph/vendor -Ivendor/io/parsers  -I/usr/include/libxml2 -DHAVE_LIBXML -Ivendor/cigraph/vendor/glpk -Ivendor/cigraph/vendor/glpk/env -Ivendor/cigraph/vendor/glpk/minisat -Ivendor/cigraph/vendor/glpk/misc -Ivendor/cigraph/vendor/glpk/draft -Ivendor/cigraph/vendor/glpk/npp -Ivendor/cigraph/vendor/glpk/api -Ivendor/cigraph/vendor/glpk/mpl -Ivendor/cigraph/vendor/glpk/bflib -Ivendor/cigraph/vendor/glpk/amd -Ivendor/cigraph/vendor/glpk/simplex -Ivendor/cigraph/vendor/glpk/colamd -DNDEBUG -DNTIMER -DNPRINT -DIGRAPH_THREAD_LOCAL= -DPRPACK_IGRAPH_SUPPORT -DHAVE_GFORTRAN=1 -D_GNU_SOURCE=1 -I'/usr/local/lib/R/library/cpp11/include' -I/usr/local/include   -fvisibility=hidden -fpic  -g -O2   -c vendor/cigraph/src/layout/drl/DensityGrid_3d.cpp -o vendor/cigraph/src/layout/drl/DensityGrid_3d.o
#13 825.2 g++ -std=gnu++17 -I"/usr/local/lib/R/include" -DNDEBUG -DUSING_R -I. -Ivendor -Ivendor/cigraph/src -Ivendor/cigraph/include -Ivendor/cigraph/vendor -Ivendor/io/parsers  -I/usr/include/libxml2 -DHAVE_LIBXML -Ivendor/cigraph/vendor/glpk -Ivendor/cigraph/vendor/glpk/env -Ivendor/cigraph/vendor/glpk/minisat -Ivendor/cigraph/vendor/glpk/misc -Ivendor/cigraph/vendor/glpk/draft -Ivendor/cigraph/vendor/glpk/npp -Ivendor/cigraph/vendor/glpk/api -Ivendor/cigraph/vendor/glpk/mpl -Ivendor/cigraph/vendor/glpk/bflib -Ivendor/cigraph/vendor/glpk/amd -Ivendor/cigraph/vendor/glpk/simplex -Ivendor/cigraph/vendor/glpk/colamd -DNDEBUG -DNTIMER -DNPRINT -DIGRAPH_THREAD_LOCAL= -DPRPACK_IGRAPH_SUPPORT -DHAVE_GFORTRAN=1 -D_GNU_SOURCE=1 -I'/usr/local/lib/R/library/cpp11/include' -I/usr/local/include   -fvisibility=hidden -fpic  -g -O2   -c vendor/cigraph/src/layout/drl/drl_graph.cpp -o vendor/cigraph/src/layout/drl/drl_graph.o
#13 826.4 g++ -std=gnu++17 -I"/usr/local/lib/R/include" -DNDEBUG -DUSING_R -I. -Ivendor -Ivendor/cigraph/src -Ivendor/cigraph/include -Ivendor/cigraph/vendor -Ivendor/io/parsers  -I/usr/include/libxml2 -DHAVE_LIBXML -Ivendor/cigraph/vendor/glpk -Ivendor/cigraph/vendor/glpk/env -Ivendor/cigraph/vendor/glpk/minisat -Ivendor/cigraph/vendor/glpk/misc -Ivendor/cigraph/vendor/glpk/draft -Ivendor/cigraph/vendor/glpk/npp -Ivendor/cigraph/vendor/glpk/api -Ivendor/cigraph/vendor/glpk/mpl -Ivendor/cigraph/vendor/glpk/bflib -Ivendor/cigraph/vendor/glpk/amd -Ivendor/cigraph/vendor/glpk/simplex -Ivendor/cigraph/vendor/glpk/colamd -DNDEBUG -DNTIMER -DNPRINT -DIGRAPH_THREAD_LOCAL= -DPRPACK_IGRAPH_SUPPORT -DHAVE_GFORTRAN=1 -D_GNU_SOURCE=1 -I'/usr/local/lib/R/library/cpp11/include' -I/usr/local/include   -fvisibility=hidden -fpic  -g -O2   -c vendor/cigraph/src/layout/drl/drl_graph_3d.cpp -o vendor/cigraph/src/layout/drl/drl_graph_3d.o
#13 827.6 g++ -std=gnu++17 -I"/usr/local/lib/R/include" -DNDEBUG -DUSING_R -I. -Ivendor -Ivendor/cigraph/src -Ivendor/cigraph/include -Ivendor/cigraph/vendor -Ivendor/io/parsers  -I/usr/include/libxml2 -DHAVE_LIBXML -Ivendor/cigraph/vendor/glpk -Ivendor/cigraph/vendor/glpk/env -Ivendor/cigraph/vendor/glpk/minisat -Ivendor/cigraph/vendor/glpk/misc -Ivendor/cigraph/vendor/glpk/draft -Ivendor/cigraph/vendor/glpk/npp -Ivendor/cigraph/vendor/glpk/api -Ivendor/cigraph/vendor/glpk/mpl -Ivendor/cigraph/vendor/glpk/bflib -Ivendor/cigraph/vendor/glpk/amd -Ivendor/cigraph/vendor/glpk/simplex -Ivendor/cigraph/vendor/glpk/colamd -DNDEBUG -DNTIMER -DNPRINT -DIGRAPH_THREAD_LOCAL= -DPRPACK_IGRAPH_SUPPORT -DHAVE_GFORTRAN=1 -D_GNU_SOURCE=1 -I'/usr/local/lib/R/library/cpp11/include' -I/usr/local/include   -fvisibility=hidden -fpic  -g -O2   -c vendor/cigraph/src/layout/drl/drl_layout.cpp -o vendor/cigraph/src/layout/drl/drl_layout.o
#13 828.3 g++ -std=gnu++17 -I"/usr/local/lib/R/include" -DNDEBUG -DUSING_R -I. -Ivendor -Ivendor/cigraph/src -Ivendor/cigraph/include -Ivendor/cigraph/vendor -Ivendor/io/parsers  -I/usr/include/libxml2 -DHAVE_LIBXML -Ivendor/cigraph/vendor/glpk -Ivendor/cigraph/vendor/glpk/env -Ivendor/cigraph/vendor/glpk/minisat -Ivendor/cigraph/vendor/glpk/misc -Ivendor/cigraph/vendor/glpk/draft -Ivendor/cigraph/vendor/glpk/npp -Ivendor/cigraph/vendor/glpk/api -Ivendor/cigraph/vendor/glpk/mpl -Ivendor/cigraph/vendor/glpk/bflib -Ivendor/cigraph/vendor/glpk/amd -Ivendor/cigraph/vendor/glpk/simplex -Ivendor/cigraph/vendor/glpk/colamd -DNDEBUG -DNTIMER -DNPRINT -DIGRAPH_THREAD_LOCAL= -DPRPACK_IGRAPH_SUPPORT -DHAVE_GFORTRAN=1 -D_GNU_SOURCE=1 -I'/usr/local/lib/R/library/cpp11/include' -I/usr/local/include   -fvisibility=hidden -fpic  -g -O2   -c vendor/cigraph/src/layout/drl/drl_layout_3d.cpp -o vendor/cigraph/src/layout/drl/drl_layout_3d.o
#13 828.9 g++ -std=gnu++17 -I"/usr/local/lib/R/include" -DNDEBUG -DUSING_R -I. -Ivendor -Ivendor/cigraph/src -Ivendor/cigraph/include -Ivendor/cigraph/vendor -Ivendor/io/parsers  -I/usr/include/libxml2 -DHAVE_LIBXML -Ivendor/cigraph/vendor/glpk -Ivendor/cigraph/vendor/glpk/env -Ivendor/cigraph/vendor/glpk/minisat -Ivendor/cigraph/vendor/glpk/misc -Ivendor/cigraph/vendor/glpk/draft -Ivendor/cigraph/vendor/glpk/npp -Ivendor/cigraph/vendor/glpk/api -Ivendor/cigraph/vendor/glpk/mpl -Ivendor/cigraph/vendor/glpk/bflib -Ivendor/cigraph/vendor/glpk/amd -Ivendor/cigraph/vendor/glpk/simplex -Ivendor/cigraph/vendor/glpk/colamd -DNDEBUG -DNTIMER -DNPRINT -DIGRAPH_THREAD_LOCAL= -DPRPACK_IGRAPH_SUPPORT -DHAVE_GFORTRAN=1 -D_GNU_SOURCE=1 -I'/usr/local/lib/R/library/cpp11/include' -I/usr/local/include   -fvisibility=hidden -fpic  -g -O2   -c vendor/cigraph/src/layout/drl/drl_parse.cpp -o vendor/cigraph/src/layout/drl/drl_parse.o
#13 829.2 gcc -I"/usr/local/lib/R/include" -DNDEBUG -DUSING_R -I. -Ivendor -Ivendor/cigraph/src -Ivendor/cigraph/include -Ivendor/cigraph/vendor -Ivendor/io/parsers  -I/usr/include/libxml2 -DHAVE_LIBXML -Ivendor/cigraph/vendor/glpk -Ivendor/cigraph/vendor/glpk/env -Ivendor/cigraph/vendor/glpk/minisat -Ivendor/cigraph/vendor/glpk/misc -Ivendor/cigraph/vendor/glpk/draft -Ivendor/cigraph/vendor/glpk/npp -Ivendor/cigraph/vendor/glpk/api -Ivendor/cigraph/vendor/glpk/mpl -Ivendor/cigraph/vendor/glpk/bflib -Ivendor/cigraph/vendor/glpk/amd -Ivendor/cigraph/vendor/glpk/simplex -Ivendor/cigraph/vendor/glpk/colamd -DNDEBUG -DNTIMER -DNPRINT -DIGRAPH_THREAD_LOCAL= -DPRPACK_IGRAPH_SUPPORT -DHAVE_GFORTRAN=1 -D_GNU_SOURCE=1 -I'/usr/local/lib/R/library/cpp11/include' -I/usr/local/include   -fvisibility=hidden -fpic  -g -O2  -c vendor/cigraph/src/layout/fruchterman_reingold.c -o vendor/cigraph/src/layout/fruchterman_reingold.o
#13 829.6 gcc -I"/usr/local/lib/R/include" -DNDEBUG -DUSING_R -I. -Ivendor -Ivendor/cigraph/src -Ivendor/cigraph/include -Ivendor/cigraph/vendor -Ivendor/io/parsers  -I/usr/include/libxml2 -DHAVE_LIBXML -Ivendor/cigraph/vendor/glpk -Ivendor/cigraph/vendor/glpk/env -Ivendor/cigraph/vendor/glpk/minisat -Ivendor/cigraph/vendor/glpk/misc -Ivendor/cigraph/vendor/glpk/draft -Ivendor/cigraph/vendor/glpk/npp -Ivendor/cigraph/vendor/glpk/api -Ivendor/cigraph/vendor/glpk/mpl -Ivendor/cigraph/vendor/glpk/bflib -Ivendor/cigraph/vendor/glpk/amd -Ivendor/cigraph/vendor/glpk/simplex -Ivendor/cigraph/vendor/glpk/colamd -DNDEBUG -DNTIMER -DNPRINT -DIGRAPH_THREAD_LOCAL= -DPRPACK_IGRAPH_SUPPORT -DHAVE_GFORTRAN=1 -D_GNU_SOURCE=1 -I'/usr/local/lib/R/library/cpp11/include' -I/usr/local/include   -fvisibility=hidden -fpic  -g -O2  -c vendor/cigraph/src/layout/gem.c -o vendor/cigraph/src/layout/gem.o
#13 829.8 gcc -I"/usr/local/lib/R/include" -DNDEBUG -DUSING_R -I. -Ivendor -Ivendor/cigraph/src -Ivendor/cigraph/include -Ivendor/cigraph/vendor -Ivendor/io/parsers  -I/usr/include/libxml2 -DHAVE_LIBXML -Ivendor/cigraph/vendor/glpk -Ivendor/cigraph/vendor/glpk/env -Ivendor/cigraph/vendor/glpk/minisat -Ivendor/cigraph/vendor/glpk/misc -Ivendor/cigraph/vendor/glpk/draft -Ivendor/cigraph/vendor/glpk/npp -Ivendor/cigraph/vendor/glpk/api -Ivendor/cigraph/vendor/glpk/mpl -Ivendor/cigraph/vendor/glpk/bflib -Ivendor/cigraph/vendor/glpk/amd -Ivendor/cigraph/vendor/glpk/simplex -Ivendor/cigraph/vendor/glpk/colamd -DNDEBUG -DNTIMER -DNPRINT -DIGRAPH_THREAD_LOCAL= -DPRPACK_IGRAPH_SUPPORT -DHAVE_GFORTRAN=1 -D_GNU_SOURCE=1 -I'/usr/local/lib/R/library/cpp11/include' -I/usr/local/include   -fvisibility=hidden -fpic  -g -O2  -c vendor/cigraph/src/layout/graphopt.c -o vendor/cigraph/src/layout/graphopt.o
#13 829.9 gcc -I"/usr/local/lib/R/include" -DNDEBUG -DUSING_R -I. -Ivendor -Ivendor/cigraph/src -Ivendor/cigraph/include -Ivendor/cigraph/vendor -Ivendor/io/parsers  -I/usr/include/libxml2 -DHAVE_LIBXML -Ivendor/cigraph/vendor/glpk -Ivendor/cigraph/vendor/glpk/env -Ivendor/cigraph/vendor/glpk/minisat -Ivendor/cigraph/vendor/glpk/misc -Ivendor/cigraph/vendor/glpk/draft -Ivendor/cigraph/vendor/glpk/npp -Ivendor/cigraph/vendor/glpk/api -Ivendor/cigraph/vendor/glpk/mpl -Ivendor/cigraph/vendor/glpk/bflib -Ivendor/cigraph/vendor/glpk/amd -Ivendor/cigraph/vendor/glpk/simplex -Ivendor/cigraph/vendor/glpk/colamd -DNDEBUG -DNTIMER -DNPRINT -DIGRAPH_THREAD_LOCAL= -DPRPACK_IGRAPH_SUPPORT -DHAVE_GFORTRAN=1 -D_GNU_SOURCE=1 -I'/usr/local/lib/R/library/cpp11/include' -I/usr/local/include   -fvisibility=hidden -fpic  -g -O2  -c vendor/cigraph/src/layout/kamada_kawai.c -o vendor/cigraph/src/layout/kamada_kawai.o
#13 830.3 gcc -I"/usr/local/lib/R/include" -DNDEBUG -DUSING_R -I. -Ivendor -Ivendor/cigraph/src -Ivendor/cigraph/include -Ivendor/cigraph/vendor -Ivendor/io/parsers  -I/usr/include/libxml2 -DHAVE_LIBXML -Ivendor/cigraph/vendor/glpk -Ivendor/cigraph/vendor/glpk/env -Ivendor/cigraph/vendor/glpk/minisat -Ivendor/cigraph/vendor/glpk/misc -Ivendor/cigraph/vendor/glpk/draft -Ivendor/cigraph/vendor/glpk/npp -Ivendor/cigraph/vendor/glpk/api -Ivendor/cigraph/vendor/glpk/mpl -Ivendor/cigraph/vendor/glpk/bflib -Ivendor/cigraph/vendor/glpk/amd -Ivendor/cigraph/vendor/glpk/simplex -Ivendor/cigraph/vendor/glpk/colamd -DNDEBUG -DNTIMER -DNPRINT -DIGRAPH_THREAD_LOCAL= -DPRPACK_IGRAPH_SUPPORT -DHAVE_GFORTRAN=1 -D_GNU_SOURCE=1 -I'/usr/local/lib/R/library/cpp11/include' -I/usr/local/include   -fvisibility=hidden -fpic  -g -O2  -c vendor/cigraph/src/layout/large_graph.c -o vendor/cigraph/src/layout/large_graph.o
#13 830.6 gcc -I"/usr/local/lib/R/include" -DNDEBUG -DUSING_R -I. -Ivendor -Ivendor/cigraph/src -Ivendor/cigraph/include -Ivendor/cigraph/vendor -Ivendor/io/parsers  -I/usr/include/libxml2 -DHAVE_LIBXML -Ivendor/cigraph/vendor/glpk -Ivendor/cigraph/vendor/glpk/env -Ivendor/cigraph/vendor/glpk/minisat -Ivendor/cigraph/vendor/glpk/misc -Ivendor/cigraph/vendor/glpk/draft -Ivendor/cigraph/vendor/glpk/npp -Ivendor/cigraph/vendor/glpk/api -Ivendor/cigraph/vendor/glpk/mpl -Ivendor/cigraph/vendor/glpk/bflib -Ivendor/cigraph/vendor/glpk/amd -Ivendor/cigraph/vendor/glpk/simplex -Ivendor/cigraph/vendor/glpk/colamd -DNDEBUG -DNTIMER -DNPRINT -DIGRAPH_THREAD_LOCAL= -DPRPACK_IGRAPH_SUPPORT -DHAVE_GFORTRAN=1 -D_GNU_SOURCE=1 -I'/usr/local/lib/R/library/cpp11/include' -I/usr/local/include   -fvisibility=hidden -fpic  -g -O2  -c vendor/cigraph/src/layout/layout_bipartite.c -o vendor/cigraph/src/layout/layout_bipartite.o
#13 830.7 gcc -I"/usr/local/lib/R/include" -DNDEBUG -DUSING_R -I. -Ivendor -Ivendor/cigraph/src -Ivendor/cigraph/include -Ivendor/cigraph/vendor -Ivendor/io/parsers  -I/usr/include/libxml2 -DHAVE_LIBXML -Ivendor/cigraph/vendor/glpk -Ivendor/cigraph/vendor/glpk/env -Ivendor/cigraph/vendor/glpk/minisat -Ivendor/cigraph/vendor/glpk/misc -Ivendor/cigraph/vendor/glpk/draft -Ivendor/cigraph/vendor/glpk/npp -Ivendor/cigraph/vendor/glpk/api -Ivendor/cigraph/vendor/glpk/mpl -Ivendor/cigraph/vendor/glpk/bflib -Ivendor/cigraph/vendor/glpk/amd -Ivendor/cigraph/vendor/glpk/simplex -Ivendor/cigraph/vendor/glpk/colamd -DNDEBUG -DNTIMER -DNPRINT -DIGRAPH_THREAD_LOCAL= -DPRPACK_IGRAPH_SUPPORT -DHAVE_GFORTRAN=1 -D_GNU_SOURCE=1 -I'/usr/local/lib/R/library/cpp11/include' -I/usr/local/include   -fvisibility=hidden -fpic  -g -O2  -c vendor/cigraph/src/layout/layout_grid.c -o vendor/cigraph/src/layout/layout_grid.o
#13 830.8 gcc -I"/usr/local/lib/R/include" -DNDEBUG -DUSING_R -I. -Ivendor -Ivendor/cigraph/src -Ivendor/cigraph/include -Ivendor/cigraph/vendor -Ivendor/io/parsers  -I/usr/include/libxml2 -DHAVE_LIBXML -Ivendor/cigraph/vendor/glpk -Ivendor/cigraph/vendor/glpk/env -Ivendor/cigraph/vendor/glpk/minisat -Ivendor/cigraph/vendor/glpk/misc -Ivendor/cigraph/vendor/glpk/draft -Ivendor/cigraph/vendor/glpk/npp -Ivendor/cigraph/vendor/glpk/api -Ivendor/cigraph/vendor/glpk/mpl -Ivendor/cigraph/vendor/glpk/bflib -Ivendor/cigraph/vendor/glpk/amd -Ivendor/cigraph/vendor/glpk/simplex -Ivendor/cigraph/vendor/glpk/colamd -DNDEBUG -DNTIMER -DNPRINT -DIGRAPH_THREAD_LOCAL= -DPRPACK_IGRAPH_SUPPORT -DHAVE_GFORTRAN=1 -D_GNU_SOURCE=1 -I'/usr/local/lib/R/library/cpp11/include' -I/usr/local/include   -fvisibility=hidden -fpic  -g -O2  -c vendor/cigraph/src/layout/layout_random.c -o vendor/cigraph/src/layout/layout_random.o
#13 830.9 gcc -I"/usr/local/lib/R/include" -DNDEBUG -DUSING_R -I. -Ivendor -Ivendor/cigraph/src -Ivendor/cigraph/include -Ivendor/cigraph/vendor -Ivendor/io/parsers  -I/usr/include/libxml2 -DHAVE_LIBXML -Ivendor/cigraph/vendor/glpk -Ivendor/cigraph/vendor/glpk/env -Ivendor/cigraph/vendor/glpk/minisat -Ivendor/cigraph/vendor/glpk/misc -Ivendor/cigraph/vendor/glpk/draft -Ivendor/cigraph/vendor/glpk/npp -Ivendor/cigraph/vendor/glpk/api -Ivendor/cigraph/vendor/glpk/mpl -Ivendor/cigraph/vendor/glpk/bflib -Ivendor/cigraph/vendor/glpk/amd -Ivendor/cigraph/vendor/glpk/simplex -Ivendor/cigraph/vendor/glpk/colamd -DNDEBUG -DNTIMER -DNPRINT -DIGRAPH_THREAD_LOCAL= -DPRPACK_IGRAPH_SUPPORT -DHAVE_GFORTRAN=1 -D_GNU_SOURCE=1 -I'/usr/local/lib/R/library/cpp11/include' -I/usr/local/include   -fvisibility=hidden -fpic  -g -O2  -c vendor/cigraph/src/layout/mds.c -o vendor/cigraph/src/layout/mds.o
#13 831.1 gcc -I"/usr/local/lib/R/include" -DNDEBUG -DUSING_R -I. -Ivendor -Ivendor/cigraph/src -Ivendor/cigraph/include -Ivendor/cigraph/vendor -Ivendor/io/parsers  -I/usr/include/libxml2 -DHAVE_LIBXML -Ivendor/cigraph/vendor/glpk -Ivendor/cigraph/vendor/glpk/env -Ivendor/cigraph/vendor/glpk/minisat -Ivendor/cigraph/vendor/glpk/misc -Ivendor/cigraph/vendor/glpk/draft -Ivendor/cigraph/vendor/glpk/npp -Ivendor/cigraph/vendor/glpk/api -Ivendor/cigraph/vendor/glpk/mpl -Ivendor/cigraph/vendor/glpk/bflib -Ivendor/cigraph/vendor/glpk/amd -Ivendor/cigraph/vendor/glpk/simplex -Ivendor/cigraph/vendor/glpk/colamd -DNDEBUG -DNTIMER -DNPRINT -DIGRAPH_THREAD_LOCAL= -DPRPACK_IGRAPH_SUPPORT -DHAVE_GFORTRAN=1 -D_GNU_SOURCE=1 -I'/usr/local/lib/R/library/cpp11/include' -I/usr/local/include   -fvisibility=hidden -fpic  -g -O2  -c vendor/cigraph/src/layout/merge_dla.c -o vendor/cigraph/src/layout/merge_dla.o
#13 831.3 gcc -I"/usr/local/lib/R/include" -DNDEBUG -DUSING_R -I. -Ivendor -Ivendor/cigraph/src -Ivendor/cigraph/include -Ivendor/cigraph/vendor -Ivendor/io/parsers  -I/usr/include/libxml2 -DHAVE_LIBXML -Ivendor/cigraph/vendor/glpk -Ivendor/cigraph/vendor/glpk/env -Ivendor/cigraph/vendor/glpk/minisat -Ivendor/cigraph/vendor/glpk/misc -Ivendor/cigraph/vendor/glpk/draft -Ivendor/cigraph/vendor/glpk/npp -Ivendor/cigraph/vendor/glpk/api -Ivendor/cigraph/vendor/glpk/mpl -Ivendor/cigraph/vendor/glpk/bflib -Ivendor/cigraph/vendor/glpk/amd -Ivendor/cigraph/vendor/glpk/simplex -Ivendor/cigraph/vendor/glpk/colamd -DNDEBUG -DNTIMER -DNPRINT -DIGRAPH_THREAD_LOCAL= -DPRPACK_IGRAPH_SUPPORT -DHAVE_GFORTRAN=1 -D_GNU_SOURCE=1 -I'/usr/local/lib/R/library/cpp11/include' -I/usr/local/include   -fvisibility=hidden -fpic  -g -O2  -c vendor/cigraph/src/layout/merge_grid.c -o vendor/cigraph/src/layout/merge_grid.o
#13 831.6 gcc -I"/usr/local/lib/R/include" -DNDEBUG -DUSING_R -I. -Ivendor -Ivendor/cigraph/src -Ivendor/cigraph/include -Ivendor/cigraph/vendor -Ivendor/io/parsers  -I/usr/include/libxml2 -DHAVE_LIBXML -Ivendor/cigraph/vendor/glpk -Ivendor/cigraph/vendor/glpk/env -Ivendor/cigraph/vendor/glpk/minisat -Ivendor/cigraph/vendor/glpk/misc -Ivendor/cigraph/vendor/glpk/draft -Ivendor/cigraph/vendor/glpk/npp -Ivendor/cigraph/vendor/glpk/api -Ivendor/cigraph/vendor/glpk/mpl -Ivendor/cigraph/vendor/glpk/bflib -Ivendor/cigraph/vendor/glpk/amd -Ivendor/cigraph/vendor/glpk/simplex -Ivendor/cigraph/vendor/glpk/colamd -DNDEBUG -DNTIMER -DNPRINT -DIGRAPH_THREAD_LOCAL= -DPRPACK_IGRAPH_SUPPORT -DHAVE_GFORTRAN=1 -D_GNU_SOURCE=1 -I'/usr/local/lib/R/library/cpp11/include' -I/usr/local/include   -fvisibility=hidden -fpic  -g -O2  -c vendor/cigraph/src/layout/reingold_tilford.c -o vendor/cigraph/src/layout/reingold_tilford.o
#13 831.9 gcc -I"/usr/local/lib/R/include" -DNDEBUG -DUSING_R -I. -Ivendor -Ivendor/cigraph/src -Ivendor/cigraph/include -Ivendor/cigraph/vendor -Ivendor/io/parsers  -I/usr/include/libxml2 -DHAVE_LIBXML -Ivendor/cigraph/vendor/glpk -Ivendor/cigraph/vendor/glpk/env -Ivendor/cigraph/vendor/glpk/minisat -Ivendor/cigraph/vendor/glpk/misc -Ivendor/cigraph/vendor/glpk/draft -Ivendor/cigraph/vendor/glpk/npp -Ivendor/cigraph/vendor/glpk/api -Ivendor/cigraph/vendor/glpk/mpl -Ivendor/cigraph/vendor/glpk/bflib -Ivendor/cigraph/vendor/glpk/amd -Ivendor/cigraph/vendor/glpk/simplex -Ivendor/cigraph/vendor/glpk/colamd -DNDEBUG -DNTIMER -DNPRINT -DIGRAPH_THREAD_LOCAL= -DPRPACK_IGRAPH_SUPPORT -DHAVE_GFORTRAN=1 -D_GNU_SOURCE=1 -I'/usr/local/lib/R/library/cpp11/include' -I/usr/local/include   -fvisibility=hidden -fpic  -g -O2  -c vendor/cigraph/src/layout/sugiyama.c -o vendor/cigraph/src/layout/sugiyama.o
#13 832.6 gcc -I"/usr/local/lib/R/include" -DNDEBUG -DUSING_R -I. -Ivendor -Ivendor/cigraph/src -Ivendor/cigraph/include -Ivendor/cigraph/vendor -Ivendor/io/parsers  -I/usr/include/libxml2 -DHAVE_LIBXML -Ivendor/cigraph/vendor/glpk -Ivendor/cigraph/vendor/glpk/env -Ivendor/cigraph/vendor/glpk/minisat -Ivendor/cigraph/vendor/glpk/misc -Ivendor/cigraph/vendor/glpk/draft -Ivendor/cigraph/vendor/glpk/npp -Ivendor/cigraph/vendor/glpk/api -Ivendor/cigraph/vendor/glpk/mpl -Ivendor/cigraph/vendor/glpk/bflib -Ivendor/cigraph/vendor/glpk/amd -Ivendor/cigraph/vendor/glpk/simplex -Ivendor/cigraph/vendor/glpk/colamd -DNDEBUG -DNTIMER -DNPRINT -DIGRAPH_THREAD_LOCAL= -DPRPACK_IGRAPH_SUPPORT -DHAVE_GFORTRAN=1 -D_GNU_SOURCE=1 -I'/usr/local/lib/R/library/cpp11/include' -I/usr/local/include   -fvisibility=hidden -fpic  -g -O2  -c vendor/cigraph/src/layout/umap.c -o vendor/cigraph/src/layout/umap.o
#13 833.0 gcc -I"/usr/local/lib/R/include" -DNDEBUG -DUSING_R -I. -Ivendor -Ivendor/cigraph/src -Ivendor/cigraph/include -Ivendor/cigraph/vendor -Ivendor/io/parsers  -I/usr/include/libxml2 -DHAVE_LIBXML -Ivendor/cigraph/vendor/glpk -Ivendor/cigraph/vendor/glpk/env -Ivendor/cigraph/vendor/glpk/minisat -Ivendor/cigraph/vendor/glpk/misc -Ivendor/cigraph/vendor/glpk/draft -Ivendor/cigraph/vendor/glpk/npp -Ivendor/cigraph/vendor/glpk/api -Ivendor/cigraph/vendor/glpk/mpl -Ivendor/cigraph/vendor/glpk/bflib -Ivendor/cigraph/vendor/glpk/amd -Ivendor/cigraph/vendor/glpk/simplex -Ivendor/cigraph/vendor/glpk/colamd -DNDEBUG -DNTIMER -DNPRINT -DIGRAPH_THREAD_LOCAL= -DPRPACK_IGRAPH_SUPPORT -DHAVE_GFORTRAN=1 -D_GNU_SOURCE=1 -I'/usr/local/lib/R/library/cpp11/include' -I/usr/local/include   -fvisibility=hidden -fpic  -g -O2  -c vendor/cigraph/src/linalg/arpack.c -o vendor/cigraph/src/linalg/arpack.o
#13 833.5 gcc -I"/usr/local/lib/R/include" -DNDEBUG -DUSING_R -I. -Ivendor -Ivendor/cigraph/src -Ivendor/cigraph/include -Ivendor/cigraph/vendor -Ivendor/io/parsers  -I/usr/include/libxml2 -DHAVE_LIBXML -Ivendor/cigraph/vendor/glpk -Ivendor/cigraph/vendor/glpk/env -Ivendor/cigraph/vendor/glpk/minisat -Ivendor/cigraph/vendor/glpk/misc -Ivendor/cigraph/vendor/glpk/draft -Ivendor/cigraph/vendor/glpk/npp -Ivendor/cigraph/vendor/glpk/api -Ivendor/cigraph/vendor/glpk/mpl -Ivendor/cigraph/vendor/glpk/bflib -Ivendor/cigraph/vendor/glpk/amd -Ivendor/cigraph/vendor/glpk/simplex -Ivendor/cigraph/vendor/glpk/colamd -DNDEBUG -DNTIMER -DNPRINT -DIGRAPH_THREAD_LOCAL= -DPRPACK_IGRAPH_SUPPORT -DHAVE_GFORTRAN=1 -D_GNU_SOURCE=1 -I'/usr/local/lib/R/library/cpp11/include' -I/usr/local/include   -fvisibility=hidden -fpic  -g -O2  -c vendor/cigraph/src/linalg/blas.c -o vendor/cigraph/src/linalg/blas.o
#13 833.6 gcc -I"/usr/local/lib/R/include" -DNDEBUG -DUSING_R -I. -Ivendor -Ivendor/cigraph/src -Ivendor/cigraph/include -Ivendor/cigraph/vendor -Ivendor/io/parsers  -I/usr/include/libxml2 -DHAVE_LIBXML -Ivendor/cigraph/vendor/glpk -Ivendor/cigraph/vendor/glpk/env -Ivendor/cigraph/vendor/glpk/minisat -Ivendor/cigraph/vendor/glpk/misc -Ivendor/cigraph/vendor/glpk/draft -Ivendor/cigraph/vendor/glpk/npp -Ivendor/cigraph/vendor/glpk/api -Ivendor/cigraph/vendor/glpk/mpl -Ivendor/cigraph/vendor/glpk/bflib -Ivendor/cigraph/vendor/glpk/amd -Ivendor/cigraph/vendor/glpk/simplex -Ivendor/cigraph/vendor/glpk/colamd -DNDEBUG -DNTIMER -DNPRINT -DIGRAPH_THREAD_LOCAL= -DPRPACK_IGRAPH_SUPPORT -DHAVE_GFORTRAN=1 -D_GNU_SOURCE=1 -I'/usr/local/lib/R/library/cpp11/include' -I/usr/local/include   -fvisibility=hidden -fpic  -g -O2  -c vendor/cigraph/src/linalg/eigen.c -o vendor/cigraph/src/linalg/eigen.o
#13 834.2 gcc -I"/usr/local/lib/R/include" -DNDEBUG -DUSING_R -I. -Ivendor -Ivendor/cigraph/src -Ivendor/cigraph/include -Ivendor/cigraph/vendor -Ivendor/io/parsers  -I/usr/include/libxml2 -DHAVE_LIBXML -Ivendor/cigraph/vendor/glpk -Ivendor/cigraph/vendor/glpk/env -Ivendor/cigraph/vendor/glpk/minisat -Ivendor/cigraph/vendor/glpk/misc -Ivendor/cigraph/vendor/glpk/draft -Ivendor/cigraph/vendor/glpk/npp -Ivendor/cigraph/vendor/glpk/api -Ivendor/cigraph/vendor/glpk/mpl -Ivendor/cigraph/vendor/glpk/bflib -Ivendor/cigraph/vendor/glpk/amd -Ivendor/cigraph/vendor/glpk/simplex -Ivendor/cigraph/vendor/glpk/colamd -DNDEBUG -DNTIMER -DNPRINT -DIGRAPH_THREAD_LOCAL= -DPRPACK_IGRAPH_SUPPORT -DHAVE_GFORTRAN=1 -D_GNU_SOURCE=1 -I'/usr/local/lib/R/library/cpp11/include' -I/usr/local/include   -fvisibility=hidden -fpic  -g -O2  -c vendor/cigraph/src/linalg/lapack.c -o vendor/cigraph/src/linalg/lapack.o
#13 835.3 gcc -I"/usr/local/lib/R/include" -DNDEBUG -DUSING_R -I. -Ivendor -Ivendor/cigraph/src -Ivendor/cigraph/include -Ivendor/cigraph/vendor -Ivendor/io/parsers  -I/usr/include/libxml2 -DHAVE_LIBXML -Ivendor/cigraph/vendor/glpk -Ivendor/cigraph/vendor/glpk/env -Ivendor/cigraph/vendor/glpk/minisat -Ivendor/cigraph/vendor/glpk/misc -Ivendor/cigraph/vendor/glpk/draft -Ivendor/cigraph/vendor/glpk/npp -Ivendor/cigraph/vendor/glpk/api -Ivendor/cigraph/vendor/glpk/mpl -Ivendor/cigraph/vendor/glpk/bflib -Ivendor/cigraph/vendor/glpk/amd -Ivendor/cigraph/vendor/glpk/simplex -Ivendor/cigraph/vendor/glpk/colamd -DNDEBUG -DNTIMER -DNPRINT -DIGRAPH_THREAD_LOCAL= -DPRPACK_IGRAPH_SUPPORT -DHAVE_GFORTRAN=1 -D_GNU_SOURCE=1 -I'/usr/local/lib/R/library/cpp11/include' -I/usr/local/include   -fvisibility=hidden -fpic  -g -O2  -c vendor/cigraph/src/math/complex.c -o vendor/cigraph/src/math/complex.o
#13 835.5 gcc -I"/usr/local/lib/R/include" -DNDEBUG -DUSING_R -I. -Ivendor -Ivendor/cigraph/src -Ivendor/cigraph/include -Ivendor/cigraph/vendor -Ivendor/io/parsers  -I/usr/include/libxml2 -DHAVE_LIBXML -Ivendor/cigraph/vendor/glpk -Ivendor/cigraph/vendor/glpk/env -Ivendor/cigraph/vendor/glpk/minisat -Ivendor/cigraph/vendor/glpk/misc -Ivendor/cigraph/vendor/glpk/draft -Ivendor/cigraph/vendor/glpk/npp -Ivendor/cigraph/vendor/glpk/api -Ivendor/cigraph/vendor/glpk/mpl -Ivendor/cigraph/vendor/glpk/bflib -Ivendor/cigraph/vendor/glpk/amd -Ivendor/cigraph/vendor/glpk/simplex -Ivendor/cigraph/vendor/glpk/colamd -DNDEBUG -DNTIMER -DNPRINT -DIGRAPH_THREAD_LOCAL= -DPRPACK_IGRAPH_SUPPORT -DHAVE_GFORTRAN=1 -D_GNU_SOURCE=1 -I'/usr/local/lib/R/library/cpp11/include' -I/usr/local/include   -fvisibility=hidden -fpic  -g -O2  -c vendor/cigraph/src/math/safe_intop.c -o vendor/cigraph/src/math/safe_intop.o
#13 835.6 gcc -I"/usr/local/lib/R/include" -DNDEBUG -DUSING_R -I. -Ivendor -Ivendor/cigraph/src -Ivendor/cigraph/include -Ivendor/cigraph/vendor -Ivendor/io/parsers  -I/usr/include/libxml2 -DHAVE_LIBXML -Ivendor/cigraph/vendor/glpk -Ivendor/cigraph/vendor/glpk/env -Ivendor/cigraph/vendor/glpk/minisat -Ivendor/cigraph/vendor/glpk/misc -Ivendor/cigraph/vendor/glpk/draft -Ivendor/cigraph/vendor/glpk/npp -Ivendor/cigraph/vendor/glpk/api -Ivendor/cigraph/vendor/glpk/mpl -Ivendor/cigraph/vendor/glpk/bflib -Ivendor/cigraph/vendor/glpk/amd -Ivendor/cigraph/vendor/glpk/simplex -Ivendor/cigraph/vendor/glpk/colamd -DNDEBUG -DNTIMER -DNPRINT -DIGRAPH_THREAD_LOCAL= -DPRPACK_IGRAPH_SUPPORT -DHAVE_GFORTRAN=1 -D_GNU_SOURCE=1 -I'/usr/local/lib/R/library/cpp11/include' -I/usr/local/include   -fvisibility=hidden -fpic  -g -O2  -c vendor/cigraph/src/math/utils.c -o vendor/cigraph/src/math/utils.o
#13 835.7 gcc -I"/usr/local/lib/R/include" -DNDEBUG -DUSING_R -I. -Ivendor -Ivendor/cigraph/src -Ivendor/cigraph/include -Ivendor/cigraph/vendor -Ivendor/io/parsers  -I/usr/include/libxml2 -DHAVE_LIBXML -Ivendor/cigraph/vendor/glpk -Ivendor/cigraph/vendor/glpk/env -Ivendor/cigraph/vendor/glpk/minisat -Ivendor/cigraph/vendor/glpk/misc -Ivendor/cigraph/vendor/glpk/draft -Ivendor/cigraph/vendor/glpk/npp -Ivendor/cigraph/vendor/glpk/api -Ivendor/cigraph/vendor/glpk/mpl -Ivendor/cigraph/vendor/glpk/bflib -Ivendor/cigraph/vendor/glpk/amd -Ivendor/cigraph/vendor/glpk/simplex -Ivendor/cigraph/vendor/glpk/colamd -DNDEBUG -DNTIMER -DNPRINT -DIGRAPH_THREAD_LOCAL= -DPRPACK_IGRAPH_SUPPORT -DHAVE_GFORTRAN=1 -D_GNU_SOURCE=1 -I'/usr/local/lib/R/library/cpp11/include' -I/usr/local/include   -fvisibility=hidden -fpic  -g -O2  -c vendor/cigraph/src/misc/bipartite.c -o vendor/cigraph/src/misc/bipartite.o
#13 836.2 gcc -I"/usr/local/lib/R/include" -DNDEBUG -DUSING_R -I. -Ivendor -Ivendor/cigraph/src -Ivendor/cigraph/include -Ivendor/cigraph/vendor -Ivendor/io/parsers  -I/usr/include/libxml2 -DHAVE_LIBXML -Ivendor/cigraph/vendor/glpk -Ivendor/cigraph/vendor/glpk/env -Ivendor/cigraph/vendor/glpk/minisat -Ivendor/cigraph/vendor/glpk/misc -Ivendor/cigraph/vendor/glpk/draft -Ivendor/cigraph/vendor/glpk/npp -Ivendor/cigraph/vendor/glpk/api -Ivendor/cigraph/vendor/glpk/mpl -Ivendor/cigraph/vendor/glpk/bflib -Ivendor/cigraph/vendor/glpk/amd -Ivendor/cigraph/vendor/glpk/simplex -Ivendor/cigraph/vendor/glpk/colamd -DNDEBUG -DNTIMER -DNPRINT -DIGRAPH_THREAD_LOCAL= -DPRPACK_IGRAPH_SUPPORT -DHAVE_GFORTRAN=1 -D_GNU_SOURCE=1 -I'/usr/local/lib/R/library/cpp11/include' -I/usr/local/include   -fvisibility=hidden -fpic  -g -O2  -c vendor/cigraph/src/misc/chordality.c -o vendor/cigraph/src/misc/chordality.o
#13 836.4 gcc -I"/usr/local/lib/R/include" -DNDEBUG -DUSING_R -I. -Ivendor -Ivendor/cigraph/src -Ivendor/cigraph/include -Ivendor/cigraph/vendor -Ivendor/io/parsers  -I/usr/include/libxml2 -DHAVE_LIBXML -Ivendor/cigraph/vendor/glpk -Ivendor/cigraph/vendor/glpk/env -Ivendor/cigraph/vendor/glpk/minisat -Ivendor/cigraph/vendor/glpk/misc -Ivendor/cigraph/vendor/glpk/draft -Ivendor/cigraph/vendor/glpk/npp -Ivendor/cigraph/vendor/glpk/api -Ivendor/cigraph/vendor/glpk/mpl -Ivendor/cigraph/vendor/glpk/bflib -Ivendor/cigraph/vendor/glpk/amd -Ivendor/cigraph/vendor/glpk/simplex -Ivendor/cigraph/vendor/glpk/colamd -DNDEBUG -DNTIMER -DNPRINT -DIGRAPH_THREAD_LOCAL= -DPRPACK_IGRAPH_SUPPORT -DHAVE_GFORTRAN=1 -D_GNU_SOURCE=1 -I'/usr/local/lib/R/library/cpp11/include' -I/usr/local/include   -fvisibility=hidden -fpic  -g -O2  -c vendor/cigraph/src/misc/cocitation.c -o vendor/cigraph/src/misc/cocitation.o
#13 836.7 gcc -I"/usr/local/lib/R/include" -DNDEBUG -DUSING_R -I. -Ivendor -Ivendor/cigraph/src -Ivendor/cigraph/include -Ivendor/cigraph/vendor -Ivendor/io/parsers  -I/usr/include/libxml2 -DHAVE_LIBXML -Ivendor/cigraph/vendor/glpk -Ivendor/cigraph/vendor/glpk/env -Ivendor/cigraph/vendor/glpk/minisat -Ivendor/cigraph/vendor/glpk/misc -Ivendor/cigraph/vendor/glpk/draft -Ivendor/cigraph/vendor/glpk/npp -Ivendor/cigraph/vendor/glpk/api -Ivendor/cigraph/vendor/glpk/mpl -Ivendor/cigraph/vendor/glpk/bflib -Ivendor/cigraph/vendor/glpk/amd -Ivendor/cigraph/vendor/glpk/simplex -Ivendor/cigraph/vendor/glpk/colamd -DNDEBUG -DNTIMER -DNPRINT -DIGRAPH_THREAD_LOCAL= -DPRPACK_IGRAPH_SUPPORT -DHAVE_GFORTRAN=1 -D_GNU_SOURCE=1 -I'/usr/local/lib/R/library/cpp11/include' -I/usr/local/include   -fvisibility=hidden -fpic  -g -O2  -c vendor/cigraph/src/misc/coloring.c -o vendor/cigraph/src/misc/coloring.o
#13 836.8 gcc -I"/usr/local/lib/R/include" -DNDEBUG -DUSING_R -I. -Ivendor -Ivendor/cigraph/src -Ivendor/cigraph/include -Ivendor/cigraph/vendor -Ivendor/io/parsers  -I/usr/include/libxml2 -DHAVE_LIBXML -Ivendor/cigraph/vendor/glpk -Ivendor/cigraph/vendor/glpk/env -Ivendor/cigraph/vendor/glpk/minisat -Ivendor/cigraph/vendor/glpk/misc -Ivendor/cigraph/vendor/glpk/draft -Ivendor/cigraph/vendor/glpk/npp -Ivendor/cigraph/vendor/glpk/api -Ivendor/cigraph/vendor/glpk/mpl -Ivendor/cigraph/vendor/glpk/bflib -Ivendor/cigraph/vendor/glpk/amd -Ivendor/cigraph/vendor/glpk/simplex -Ivendor/cigraph/vendor/glpk/colamd -DNDEBUG -DNTIMER -DNPRINT -DIGRAPH_THREAD_LOCAL= -DPRPACK_IGRAPH_SUPPORT -DHAVE_GFORTRAN=1 -D_GNU_SOURCE=1 -I'/usr/local/lib/R/library/cpp11/include' -I/usr/local/include   -fvisibility=hidden -fpic  -g -O2  -c vendor/cigraph/src/misc/conversion.c -o vendor/cigraph/src/misc/conversion.o
#13 837.3 gcc -I"/usr/local/lib/R/include" -DNDEBUG -DUSING_R -I. -Ivendor -Ivendor/cigraph/src -Ivendor/cigraph/include -Ivendor/cigraph/vendor -Ivendor/io/parsers  -I/usr/include/libxml2 -DHAVE_LIBXML -Ivendor/cigraph/vendor/glpk -Ivendor/cigraph/vendor/glpk/env -Ivendor/cigraph/vendor/glpk/minisat -Ivendor/cigraph/vendor/glpk/misc -Ivendor/cigraph/vendor/glpk/draft -Ivendor/cigraph/vendor/glpk/npp -Ivendor/cigraph/vendor/glpk/api -Ivendor/cigraph/vendor/glpk/mpl -Ivendor/cigraph/vendor/glpk/bflib -Ivendor/cigraph/vendor/glpk/amd -Ivendor/cigraph/vendor/glpk/simplex -Ivendor/cigraph/vendor/glpk/colamd -DNDEBUG -DNTIMER -DNPRINT -DIGRAPH_THREAD_LOCAL= -DPRPACK_IGRAPH_SUPPORT -DHAVE_GFORTRAN=1 -D_GNU_SOURCE=1 -I'/usr/local/lib/R/library/cpp11/include' -I/usr/local/include   -fvisibility=hidden -fpic  -g -O2  -c vendor/cigraph/src/misc/cycle_bases.c -o vendor/cigraph/src/misc/cycle_bases.o
#13 837.6 g++ -std=gnu++17 -I"/usr/local/lib/R/include" -DNDEBUG -DUSING_R -I. -Ivendor -Ivendor/cigraph/src -Ivendor/cigraph/include -Ivendor/cigraph/vendor -Ivendor/io/parsers  -I/usr/include/libxml2 -DHAVE_LIBXML -Ivendor/cigraph/vendor/glpk -Ivendor/cigraph/vendor/glpk/env -Ivendor/cigraph/vendor/glpk/minisat -Ivendor/cigraph/vendor/glpk/misc -Ivendor/cigraph/vendor/glpk/draft -Ivendor/cigraph/vendor/glpk/npp -Ivendor/cigraph/vendor/glpk/api -Ivendor/cigraph/vendor/glpk/mpl -Ivendor/cigraph/vendor/glpk/bflib -Ivendor/cigraph/vendor/glpk/amd -Ivendor/cigraph/vendor/glpk/simplex -Ivendor/cigraph/vendor/glpk/colamd -DNDEBUG -DNTIMER -DNPRINT -DIGRAPH_THREAD_LOCAL= -DPRPACK_IGRAPH_SUPPORT -DHAVE_GFORTRAN=1 -D_GNU_SOURCE=1 -I'/usr/local/lib/R/library/cpp11/include' -I/usr/local/include   -fvisibility=hidden -fpic  -g -O2   -c vendor/cigraph/src/misc/degree_sequence.cpp -o vendor/cigraph/src/misc/degree_sequence.o
#13 839.5 gcc -I"/usr/local/lib/R/include" -DNDEBUG -DUSING_R -I. -Ivendor -Ivendor/cigraph/src -Ivendor/cigraph/include -Ivendor/cigraph/vendor -Ivendor/io/parsers  -I/usr/include/libxml2 -DHAVE_LIBXML -Ivendor/cigraph/vendor/glpk -Ivendor/cigraph/vendor/glpk/env -Ivendor/cigraph/vendor/glpk/minisat -Ivendor/cigraph/vendor/glpk/misc -Ivendor/cigraph/vendor/glpk/draft -Ivendor/cigraph/vendor/glpk/npp -Ivendor/cigraph/vendor/glpk/api -Ivendor/cigraph/vendor/glpk/mpl -Ivendor/cigraph/vendor/glpk/bflib -Ivendor/cigraph/vendor/glpk/amd -Ivendor/cigraph/vendor/glpk/simplex -Ivendor/cigraph/vendor/glpk/colamd -DNDEBUG -DNTIMER -DNPRINT -DIGRAPH_THREAD_LOCAL= -DPRPACK_IGRAPH_SUPPORT -DHAVE_GFORTRAN=1 -D_GNU_SOURCE=1 -I'/usr/local/lib/R/library/cpp11/include' -I/usr/local/include   -fvisibility=hidden -fpic  -g -O2  -c vendor/cigraph/src/misc/embedding.c -o vendor/cigraph/src/misc/embedding.o
#13 840.0 gcc -I"/usr/local/lib/R/include" -DNDEBUG -DUSING_R -I. -Ivendor -Ivendor/cigraph/src -Ivendor/cigraph/include -Ivendor/cigraph/vendor -Ivendor/io/parsers  -I/usr/include/libxml2 -DHAVE_LIBXML -Ivendor/cigraph/vendor/glpk -Ivendor/cigraph/vendor/glpk/env -Ivendor/cigraph/vendor/glpk/minisat -Ivendor/cigraph/vendor/glpk/misc -Ivendor/cigraph/vendor/glpk/draft -Ivendor/cigraph/vendor/glpk/npp -Ivendor/cigraph/vendor/glpk/api -Ivendor/cigraph/vendor/glpk/mpl -Ivendor/cigraph/vendor/glpk/bflib -Ivendor/cigraph/vendor/glpk/amd -Ivendor/cigraph/vendor/glpk/simplex -Ivendor/cigraph/vendor/glpk/colamd -DNDEBUG -DNTIMER -DNPRINT -DIGRAPH_THREAD_LOCAL= -DPRPACK_IGRAPH_SUPPORT -DHAVE_GFORTRAN=1 -D_GNU_SOURCE=1 -I'/usr/local/lib/R/library/cpp11/include' -I/usr/local/include   -fvisibility=hidden -fpic  -g -O2  -c vendor/cigraph/src/misc/feedback_arc_set.c -o vendor/cigraph/src/misc/feedback_arc_set.o
#13 840.6 gcc -I"/usr/local/lib/R/include" -DNDEBUG -DUSING_R -I. -Ivendor -Ivendor/cigraph/src -Ivendor/cigraph/include -Ivendor/cigraph/vendor -Ivendor/io/parsers  -I/usr/include/libxml2 -DHAVE_LIBXML -Ivendor/cigraph/vendor/glpk -Ivendor/cigraph/vendor/glpk/env -Ivendor/cigraph/vendor/glpk/minisat -Ivendor/cigraph/vendor/glpk/misc -Ivendor/cigraph/vendor/glpk/draft -Ivendor/cigraph/vendor/glpk/npp -Ivendor/cigraph/vendor/glpk/api -Ivendor/cigraph/vendor/glpk/mpl -Ivendor/cigraph/vendor/glpk/bflib -Ivendor/cigraph/vendor/glpk/amd -Ivendor/cigraph/vendor/glpk/simplex -Ivendor/cigraph/vendor/glpk/colamd -DNDEBUG -DNTIMER -DNPRINT -DIGRAPH_THREAD_LOCAL= -DPRPACK_IGRAPH_SUPPORT -DHAVE_GFORTRAN=1 -D_GNU_SOURCE=1 -I'/usr/local/lib/R/library/cpp11/include' -I/usr/local/include   -fvisibility=hidden -fpic  -g -O2  -c vendor/cigraph/src/misc/graphicality.c -o vendor/cigraph/src/misc/graphicality.o
#13 840.9 gcc -I"/usr/local/lib/R/include" -DNDEBUG -DUSING_R -I. -Ivendor -Ivendor/cigraph/src -Ivendor/cigraph/include -Ivendor/cigraph/vendor -Ivendor/io/parsers  -I/usr/include/libxml2 -DHAVE_LIBXML -Ivendor/cigraph/vendor/glpk -Ivendor/cigraph/vendor/glpk/env -Ivendor/cigraph/vendor/glpk/minisat -Ivendor/cigraph/vendor/glpk/misc -Ivendor/cigraph/vendor/glpk/draft -Ivendor/cigraph/vendor/glpk/npp -Ivendor/cigraph/vendor/glpk/api -Ivendor/cigraph/vendor/glpk/mpl -Ivendor/cigraph/vendor/glpk/bflib -Ivendor/cigraph/vendor/glpk/amd -Ivendor/cigraph/vendor/glpk/simplex -Ivendor/cigraph/vendor/glpk/colamd -DNDEBUG -DNTIMER -DNPRINT -DIGRAPH_THREAD_LOCAL= -DPRPACK_IGRAPH_SUPPORT -DHAVE_GFORTRAN=1 -D_GNU_SOURCE=1 -I'/usr/local/lib/R/library/cpp11/include' -I/usr/local/include   -fvisibility=hidden -fpic  -g -O2  -c vendor/cigraph/src/misc/matching.c -o vendor/cigraph/src/misc/matching.o
#13 841.3 gcc -I"/usr/local/lib/R/include" -DNDEBUG -DUSING_R -I. -Ivendor -Ivendor/cigraph/src -Ivendor/cigraph/include -Ivendor/cigraph/vendor -Ivendor/io/parsers  -I/usr/include/libxml2 -DHAVE_LIBXML -Ivendor/cigraph/vendor/glpk -Ivendor/cigraph/vendor/glpk/env -Ivendor/cigraph/vendor/glpk/minisat -Ivendor/cigraph/vendor/glpk/misc -Ivendor/cigraph/vendor/glpk/draft -Ivendor/cigraph/vendor/glpk/npp -Ivendor/cigraph/vendor/glpk/api -Ivendor/cigraph/vendor/glpk/mpl -Ivendor/cigraph/vendor/glpk/bflib -Ivendor/cigraph/vendor/glpk/amd -Ivendor/cigraph/vendor/glpk/simplex -Ivendor/cigraph/vendor/glpk/colamd -DNDEBUG -DNTIMER -DNPRINT -DIGRAPH_THREAD_LOCAL= -DPRPACK_IGRAPH_SUPPORT -DHAVE_GFORTRAN=1 -D_GNU_SOURCE=1 -I'/usr/local/lib/R/library/cpp11/include' -I/usr/local/include   -fvisibility=hidden -fpic  -g -O2  -c vendor/cigraph/src/misc/microscopic_update.c -o vendor/cigraph/src/misc/microscopic_update.o
#13 841.6 gcc -I"/usr/local/lib/R/include" -DNDEBUG -DUSING_R -I. -Ivendor -Ivendor/cigraph/src -Ivendor/cigraph/include -Ivendor/cigraph/vendor -Ivendor/io/parsers  -I/usr/include/libxml2 -DHAVE_LIBXML -Ivendor/cigraph/vendor/glpk -Ivendor/cigraph/vendor/glpk/env -Ivendor/cigraph/vendor/glpk/minisat -Ivendor/cigraph/vendor/glpk/misc -Ivendor/cigraph/vendor/glpk/draft -Ivendor/cigraph/vendor/glpk/npp -Ivendor/cigraph/vendor/glpk/api -Ivendor/cigraph/vendor/glpk/mpl -Ivendor/cigraph/vendor/glpk/bflib -Ivendor/cigraph/vendor/glpk/amd -Ivendor/cigraph/vendor/glpk/simplex -Ivendor/cigraph/vendor/glpk/colamd -DNDEBUG -DNTIMER -DNPRINT -DIGRAPH_THREAD_LOCAL= -DPRPACK_IGRAPH_SUPPORT -DHAVE_GFORTRAN=1 -D_GNU_SOURCE=1 -I'/usr/local/lib/R/library/cpp11/include' -I/usr/local/include   -fvisibility=hidden -fpic  -g -O2  -c vendor/cigraph/src/misc/mixing.c -o vendor/cigraph/src/misc/mixing.o
#13 841.8 gcc -I"/usr/local/lib/R/include" -DNDEBUG -DUSING_R -I. -Ivendor -Ivendor/cigraph/src -Ivendor/cigraph/include -Ivendor/cigraph/vendor -Ivendor/io/parsers  -I/usr/include/libxml2 -DHAVE_LIBXML -Ivendor/cigraph/vendor/glpk -Ivendor/cigraph/vendor/glpk/env -Ivendor/cigraph/vendor/glpk/minisat -Ivendor/cigraph/vendor/glpk/misc -Ivendor/cigraph/vendor/glpk/draft -Ivendor/cigraph/vendor/glpk/npp -Ivendor/cigraph/vendor/glpk/api -Ivendor/cigraph/vendor/glpk/mpl -Ivendor/cigraph/vendor/glpk/bflib -Ivendor/cigraph/vendor/glpk/amd -Ivendor/cigraph/vendor/glpk/simplex -Ivendor/cigraph/vendor/glpk/colamd -DNDEBUG -DNTIMER -DNPRINT -DIGRAPH_THREAD_LOCAL= -DPRPACK_IGRAPH_SUPPORT -DHAVE_GFORTRAN=1 -D_GNU_SOURCE=1 -I'/usr/local/lib/R/library/cpp11/include' -I/usr/local/include   -fvisibility=hidden -fpic  -g -O2  -c vendor/cigraph/src/misc/motifs.c -o vendor/cigraph/src/misc/motifs.o
#13 842.4 g++ -std=gnu++17 -I"/usr/local/lib/R/include" -DNDEBUG -DUSING_R -I. -Ivendor -Ivendor/cigraph/src -Ivendor/cigraph/include -Ivendor/cigraph/vendor -Ivendor/io/parsers  -I/usr/include/libxml2 -DHAVE_LIBXML -Ivendor/cigraph/vendor/glpk -Ivendor/cigraph/vendor/glpk/env -Ivendor/cigraph/vendor/glpk/minisat -Ivendor/cigraph/vendor/glpk/misc -Ivendor/cigraph/vendor/glpk/draft -Ivendor/cigraph/vendor/glpk/npp -Ivendor/cigraph/vendor/glpk/api -Ivendor/cigraph/vendor/glpk/mpl -Ivendor/cigraph/vendor/glpk/bflib -Ivendor/cigraph/vendor/glpk/amd -Ivendor/cigraph/vendor/glpk/simplex -Ivendor/cigraph/vendor/glpk/colamd -DNDEBUG -DNTIMER -DNPRINT -DIGRAPH_THREAD_LOCAL= -DPRPACK_IGRAPH_SUPPORT -DHAVE_GFORTRAN=1 -D_GNU_SOURCE=1 -I'/usr/local/lib/R/library/cpp11/include' -I/usr/local/include   -fvisibility=hidden -fpic  -g -O2   -c vendor/cigraph/src/misc/order_cycle.cpp -o vendor/cigraph/src/misc/order_cycle.o
#13 843.0 gcc -I"/usr/local/lib/R/include" -DNDEBUG -DUSING_R -I. -Ivendor -Ivendor/cigraph/src -Ivendor/cigraph/include -Ivendor/cigraph/vendor -Ivendor/io/parsers  -I/usr/include/libxml2 -DHAVE_LIBXML -Ivendor/cigraph/vendor/glpk -Ivendor/cigraph/vendor/glpk/env -Ivendor/cigraph/vendor/glpk/minisat -Ivendor/cigraph/vendor/glpk/misc -Ivendor/cigraph/vendor/glpk/draft -Ivendor/cigraph/vendor/glpk/npp -Ivendor/cigraph/vendor/glpk/api -Ivendor/cigraph/vendor/glpk/mpl -Ivendor/cigraph/vendor/glpk/bflib -Ivendor/cigraph/vendor/glpk/amd -Ivendor/cigraph/vendor/glpk/simplex -Ivendor/cigraph/vendor/glpk/colamd -DNDEBUG -DNTIMER -DNPRINT -DIGRAPH_THREAD_LOCAL= -DPRPACK_IGRAPH_SUPPORT -DHAVE_GFORTRAN=1 -D_GNU_SOURCE=1 -I'/usr/local/lib/R/library/cpp11/include' -I/usr/local/include   -fvisibility=hidden -fpic  -g -O2  -c vendor/cigraph/src/misc/other.c -o vendor/cigraph/src/misc/other.o
#13 843.2 gcc -I"/usr/local/lib/R/include" -DNDEBUG -DUSING_R -I. -Ivendor -Ivendor/cigraph/src -Ivendor/cigraph/include -Ivendor/cigraph/vendor -Ivendor/io/parsers  -I/usr/include/libxml2 -DHAVE_LIBXML -Ivendor/cigraph/vendor/glpk -Ivendor/cigraph/vendor/glpk/env -Ivendor/cigraph/vendor/glpk/minisat -Ivendor/cigraph/vendor/glpk/misc -Ivendor/cigraph/vendor/glpk/draft -Ivendor/cigraph/vendor/glpk/npp -Ivendor/cigraph/vendor/glpk/api -Ivendor/cigraph/vendor/glpk/mpl -Ivendor/cigraph/vendor/glpk/bflib -Ivendor/cigraph/vendor/glpk/amd -Ivendor/cigraph/vendor/glpk/simplex -Ivendor/cigraph/vendor/glpk/colamd -DNDEBUG -DNTIMER -DNPRINT -DIGRAPH_THREAD_LOCAL= -DPRPACK_IGRAPH_SUPPORT -DHAVE_GFORTRAN=1 -D_GNU_SOURCE=1 -I'/usr/local/lib/R/library/cpp11/include' -I/usr/local/include   -fvisibility=hidden -fpic  -g -O2  -c vendor/cigraph/src/misc/power_law_fit.c -o vendor/cigraph/src/misc/power_law_fit.o
#13 843.3 gcc -I"/usr/local/lib/R/include" -DNDEBUG -DUSING_R -I. -Ivendor -Ivendor/cigraph/src -Ivendor/cigraph/include -Ivendor/cigraph/vendor -Ivendor/io/parsers  -I/usr/include/libxml2 -DHAVE_LIBXML -Ivendor/cigraph/vendor/glpk -Ivendor/cigraph/vendor/glpk/env -Ivendor/cigraph/vendor/glpk/minisat -Ivendor/cigraph/vendor/glpk/misc -Ivendor/cigraph/vendor/glpk/draft -Ivendor/cigraph/vendor/glpk/npp -Ivendor/cigraph/vendor/glpk/api -Ivendor/cigraph/vendor/glpk/mpl -Ivendor/cigraph/vendor/glpk/bflib -Ivendor/cigraph/vendor/glpk/amd -Ivendor/cigraph/vendor/glpk/simplex -Ivendor/cigraph/vendor/glpk/colamd -DNDEBUG -DNTIMER -DNPRINT -DIGRAPH_THREAD_LOCAL= -DPRPACK_IGRAPH_SUPPORT -DHAVE_GFORTRAN=1 -D_GNU_SOURCE=1 -I'/usr/local/lib/R/library/cpp11/include' -I/usr/local/include   -fvisibility=hidden -fpic  -g -O2  -c vendor/cigraph/src/misc/scan.c -o vendor/cigraph/src/misc/scan.o
#13 843.7 gcc -I"/usr/local/lib/R/include" -DNDEBUG -DUSING_R -I. -Ivendor -Ivendor/cigraph/src -Ivendor/cigraph/include -Ivendor/cigraph/vendor -Ivendor/io/parsers  -I/usr/include/libxml2 -DHAVE_LIBXML -Ivendor/cigraph/vendor/glpk -Ivendor/cigraph/vendor/glpk/env -Ivendor/cigraph/vendor/glpk/minisat -Ivendor/cigraph/vendor/glpk/misc -Ivendor/cigraph/vendor/glpk/draft -Ivendor/cigraph/vendor/glpk/npp -Ivendor/cigraph/vendor/glpk/api -Ivendor/cigraph/vendor/glpk/mpl -Ivendor/cigraph/vendor/glpk/bflib -Ivendor/cigraph/vendor/glpk/amd -Ivendor/cigraph/vendor/glpk/simplex -Ivendor/cigraph/vendor/glpk/colamd -DNDEBUG -DNTIMER -DNPRINT -DIGRAPH_THREAD_LOCAL= -DPRPACK_IGRAPH_SUPPORT -DHAVE_GFORTRAN=1 -D_GNU_SOURCE=1 -I'/usr/local/lib/R/library/cpp11/include' -I/usr/local/include   -fvisibility=hidden -fpic  -g -O2  -c vendor/cigraph/src/misc/sir.c -o vendor/cigraph/src/misc/sir.o
#13 843.9 gcc -I"/usr/local/lib/R/include" -DNDEBUG -DUSING_R -I. -Ivendor -Ivendor/cigraph/src -Ivendor/cigraph/include -Ivendor/cigraph/vendor -Ivendor/io/parsers  -I/usr/include/libxml2 -DHAVE_LIBXML -Ivendor/cigraph/vendor/glpk -Ivendor/cigraph/vendor/glpk/env -Ivendor/cigraph/vendor/glpk/minisat -Ivendor/cigraph/vendor/glpk/misc -Ivendor/cigraph/vendor/glpk/draft -Ivendor/cigraph/vendor/glpk/npp -Ivendor/cigraph/vendor/glpk/api -Ivendor/cigraph/vendor/glpk/mpl -Ivendor/cigraph/vendor/glpk/bflib -Ivendor/cigraph/vendor/glpk/amd -Ivendor/cigraph/vendor/glpk/simplex -Ivendor/cigraph/vendor/glpk/colamd -DNDEBUG -DNTIMER -DNPRINT -DIGRAPH_THREAD_LOCAL= -DPRPACK_IGRAPH_SUPPORT -DHAVE_GFORTRAN=1 -D_GNU_SOURCE=1 -I'/usr/local/lib/R/library/cpp11/include' -I/usr/local/include   -fvisibility=hidden -fpic  -g -O2  -c vendor/cigraph/src/misc/spanning_trees.c -o vendor/cigraph/src/misc/spanning_trees.o
#13 844.1 gcc -I"/usr/local/lib/R/include" -DNDEBUG -DUSING_R -I. -Ivendor -Ivendor/cigraph/src -Ivendor/cigraph/include -Ivendor/cigraph/vendor -Ivendor/io/parsers  -I/usr/include/libxml2 -DHAVE_LIBXML -Ivendor/cigraph/vendor/glpk -Ivendor/cigraph/vendor/glpk/env -Ivendor/cigraph/vendor/glpk/minisat -Ivendor/cigraph/vendor/glpk/misc -Ivendor/cigraph/vendor/glpk/draft -Ivendor/cigraph/vendor/glpk/npp -Ivendor/cigraph/vendor/glpk/api -Ivendor/cigraph/vendor/glpk/mpl -Ivendor/cigraph/vendor/glpk/bflib -Ivendor/cigraph/vendor/glpk/amd -Ivendor/cigraph/vendor/glpk/simplex -Ivendor/cigraph/vendor/glpk/colamd -DNDEBUG -DNTIMER -DNPRINT -DIGRAPH_THREAD_LOCAL= -DPRPACK_IGRAPH_SUPPORT -DHAVE_GFORTRAN=1 -D_GNU_SOURCE=1 -I'/usr/local/lib/R/library/cpp11/include' -I/usr/local/include   -fvisibility=hidden -fpic  -g -O2  -c vendor/cigraph/src/operators/add_edge.c -o vendor/cigraph/src/operators/add_edge.o
#13 844.2 gcc -I"/usr/local/lib/R/include" -DNDEBUG -DUSING_R -I. -Ivendor -Ivendor/cigraph/src -Ivendor/cigraph/include -Ivendor/cigraph/vendor -Ivendor/io/parsers  -I/usr/include/libxml2 -DHAVE_LIBXML -Ivendor/cigraph/vendor/glpk -Ivendor/cigraph/vendor/glpk/env -Ivendor/cigraph/vendor/glpk/minisat -Ivendor/cigraph/vendor/glpk/misc -Ivendor/cigraph/vendor/glpk/draft -Ivendor/cigraph/vendor/glpk/npp -Ivendor/cigraph/vendor/glpk/api -Ivendor/cigraph/vendor/glpk/mpl -Ivendor/cigraph/vendor/glpk/bflib -Ivendor/cigraph/vendor/glpk/amd -Ivendor/cigraph/vendor/glpk/simplex -Ivendor/cigraph/vendor/glpk/colamd -DNDEBUG -DNTIMER -DNPRINT -DIGRAPH_THREAD_LOCAL= -DPRPACK_IGRAPH_SUPPORT -DHAVE_GFORTRAN=1 -D_GNU_SOURCE=1 -I'/usr/local/lib/R/library/cpp11/include' -I/usr/local/include   -fvisibility=hidden -fpic  -g -O2  -c vendor/cigraph/src/operators/complementer.c -o vendor/cigraph/src/operators/complementer.o
#13 844.3 gcc -I"/usr/local/lib/R/include" -DNDEBUG -DUSING_R -I. -Ivendor -Ivendor/cigraph/src -Ivendor/cigraph/include -Ivendor/cigraph/vendor -Ivendor/io/parsers  -I/usr/include/libxml2 -DHAVE_LIBXML -Ivendor/cigraph/vendor/glpk -Ivendor/cigraph/vendor/glpk/env -Ivendor/cigraph/vendor/glpk/minisat -Ivendor/cigraph/vendor/glpk/misc -Ivendor/cigraph/vendor/glpk/draft -Ivendor/cigraph/vendor/glpk/npp -Ivendor/cigraph/vendor/glpk/api -Ivendor/cigraph/vendor/glpk/mpl -Ivendor/cigraph/vendor/glpk/bflib -Ivendor/cigraph/vendor/glpk/amd -Ivendor/cigraph/vendor/glpk/simplex -Ivendor/cigraph/vendor/glpk/colamd -DNDEBUG -DNTIMER -DNPRINT -DIGRAPH_THREAD_LOCAL= -DPRPACK_IGRAPH_SUPPORT -DHAVE_GFORTRAN=1 -D_GNU_SOURCE=1 -I'/usr/local/lib/R/library/cpp11/include' -I/usr/local/include   -fvisibility=hidden -fpic  -g -O2  -c vendor/cigraph/src/operators/compose.c -o vendor/cigraph/src/operators/compose.o
#13 844.5 gcc -I"/usr/local/lib/R/include" -DNDEBUG -DUSING_R -I. -Ivendor -Ivendor/cigraph/src -Ivendor/cigraph/include -Ivendor/cigraph/vendor -Ivendor/io/parsers  -I/usr/include/libxml2 -DHAVE_LIBXML -Ivendor/cigraph/vendor/glpk -Ivendor/cigraph/vendor/glpk/env -Ivendor/cigraph/vendor/glpk/minisat -Ivendor/cigraph/vendor/glpk/misc -Ivendor/cigraph/vendor/glpk/draft -Ivendor/cigraph/vendor/glpk/npp -Ivendor/cigraph/vendor/glpk/api -Ivendor/cigraph/vendor/glpk/mpl -Ivendor/cigraph/vendor/glpk/bflib -Ivendor/cigraph/vendor/glpk/amd -Ivendor/cigraph/vendor/glpk/simplex -Ivendor/cigraph/vendor/glpk/colamd -DNDEBUG -DNTIMER -DNPRINT -DIGRAPH_THREAD_LOCAL= -DPRPACK_IGRAPH_SUPPORT -DHAVE_GFORTRAN=1 -D_GNU_SOURCE=1 -I'/usr/local/lib/R/library/cpp11/include' -I/usr/local/include   -fvisibility=hidden -fpic  -g -O2  -c vendor/cigraph/src/operators/connect_neighborhood.c -o vendor/cigraph/src/operators/connect_neighborhood.o
#13 844.7 gcc -I"/usr/local/lib/R/include" -DNDEBUG -DUSING_R -I. -Ivendor -Ivendor/cigraph/src -Ivendor/cigraph/include -Ivendor/cigraph/vendor -Ivendor/io/parsers  -I/usr/include/libxml2 -DHAVE_LIBXML -Ivendor/cigraph/vendor/glpk -Ivendor/cigraph/vendor/glpk/env -Ivendor/cigraph/vendor/glpk/minisat -Ivendor/cigraph/vendor/glpk/misc -Ivendor/cigraph/vendor/glpk/draft -Ivendor/cigraph/vendor/glpk/npp -Ivendor/cigraph/vendor/glpk/api -Ivendor/cigraph/vendor/glpk/mpl -Ivendor/cigraph/vendor/glpk/bflib -Ivendor/cigraph/vendor/glpk/amd -Ivendor/cigraph/vendor/glpk/simplex -Ivendor/cigraph/vendor/glpk/colamd -DNDEBUG -DNTIMER -DNPRINT -DIGRAPH_THREAD_LOCAL= -DPRPACK_IGRAPH_SUPPORT -DHAVE_GFORTRAN=1 -D_GNU_SOURCE=1 -I'/usr/local/lib/R/library/cpp11/include' -I/usr/local/include   -fvisibility=hidden -fpic  -g -O2  -c vendor/cigraph/src/operators/contract.c -o vendor/cigraph/src/operators/contract.o
#13 844.8 gcc -I"/usr/local/lib/R/include" -DNDEBUG -DUSING_R -I. -Ivendor -Ivendor/cigraph/src -Ivendor/cigraph/include -Ivendor/cigraph/vendor -Ivendor/io/parsers  -I/usr/include/libxml2 -DHAVE_LIBXML -Ivendor/cigraph/vendor/glpk -Ivendor/cigraph/vendor/glpk/env -Ivendor/cigraph/vendor/glpk/minisat -Ivendor/cigraph/vendor/glpk/misc -Ivendor/cigraph/vendor/glpk/draft -Ivendor/cigraph/vendor/glpk/npp -Ivendor/cigraph/vendor/glpk/api -Ivendor/cigraph/vendor/glpk/mpl -Ivendor/cigraph/vendor/glpk/bflib -Ivendor/cigraph/vendor/glpk/amd -Ivendor/cigraph/vendor/glpk/simplex -Ivendor/cigraph/vendor/glpk/colamd -DNDEBUG -DNTIMER -DNPRINT -DIGRAPH_THREAD_LOCAL= -DPRPACK_IGRAPH_SUPPORT -DHAVE_GFORTRAN=1 -D_GNU_SOURCE=1 -I'/usr/local/lib/R/library/cpp11/include' -I/usr/local/include   -fvisibility=hidden -fpic  -g -O2  -c vendor/cigraph/src/operators/difference.c -o vendor/cigraph/src/operators/difference.o
#13 844.9 gcc -I"/usr/local/lib/R/include" -DNDEBUG -DUSING_R -I. -Ivendor -Ivendor/cigraph/src -Ivendor/cigraph/include -Ivendor/cigraph/vendor -Ivendor/io/parsers  -I/usr/include/libxml2 -DHAVE_LIBXML -Ivendor/cigraph/vendor/glpk -Ivendor/cigraph/vendor/glpk/env -Ivendor/cigraph/vendor/glpk/minisat -Ivendor/cigraph/vendor/glpk/misc -Ivendor/cigraph/vendor/glpk/draft -Ivendor/cigraph/vendor/glpk/npp -Ivendor/cigraph/vendor/glpk/api -Ivendor/cigraph/vendor/glpk/mpl -Ivendor/cigraph/vendor/glpk/bflib -Ivendor/cigraph/vendor/glpk/amd -Ivendor/cigraph/vendor/glpk/simplex -Ivendor/cigraph/vendor/glpk/colamd -DNDEBUG -DNTIMER -DNPRINT -DIGRAPH_THREAD_LOCAL= -DPRPACK_IGRAPH_SUPPORT -DHAVE_GFORTRAN=1 -D_GNU_SOURCE=1 -I'/usr/local/lib/R/library/cpp11/include' -I/usr/local/include   -fvisibility=hidden -fpic  -g -O2  -c vendor/cigraph/src/operators/disjoint_union.c -o vendor/cigraph/src/operators/disjoint_union.o
#13 845.1 gcc -I"/usr/local/lib/R/include" -DNDEBUG -DUSING_R -I. -Ivendor -Ivendor/cigraph/src -Ivendor/cigraph/include -Ivendor/cigraph/vendor -Ivendor/io/parsers  -I/usr/include/libxml2 -DHAVE_LIBXML -Ivendor/cigraph/vendor/glpk -Ivendor/cigraph/vendor/glpk/env -Ivendor/cigraph/vendor/glpk/minisat -Ivendor/cigraph/vendor/glpk/misc -Ivendor/cigraph/vendor/glpk/draft -Ivendor/cigraph/vendor/glpk/npp -Ivendor/cigraph/vendor/glpk/api -Ivendor/cigraph/vendor/glpk/mpl -Ivendor/cigraph/vendor/glpk/bflib -Ivendor/cigraph/vendor/glpk/amd -Ivendor/cigraph/vendor/glpk/simplex -Ivendor/cigraph/vendor/glpk/colamd -DNDEBUG -DNTIMER -DNPRINT -DIGRAPH_THREAD_LOCAL= -DPRPACK_IGRAPH_SUPPORT -DHAVE_GFORTRAN=1 -D_GNU_SOURCE=1 -I'/usr/local/lib/R/library/cpp11/include' -I/usr/local/include   -fvisibility=hidden -fpic  -g -O2  -c vendor/cigraph/src/operators/intersection.c -o vendor/cigraph/src/operators/intersection.o
#13 845.2 gcc -I"/usr/local/lib/R/include" -DNDEBUG -DUSING_R -I. -Ivendor -Ivendor/cigraph/src -Ivendor/cigraph/include -Ivendor/cigraph/vendor -Ivendor/io/parsers  -I/usr/include/libxml2 -DHAVE_LIBXML -Ivendor/cigraph/vendor/glpk -Ivendor/cigraph/vendor/glpk/env -Ivendor/cigraph/vendor/glpk/minisat -Ivendor/cigraph/vendor/glpk/misc -Ivendor/cigraph/vendor/glpk/draft -Ivendor/cigraph/vendor/glpk/npp -Ivendor/cigraph/vendor/glpk/api -Ivendor/cigraph/vendor/glpk/mpl -Ivendor/cigraph/vendor/glpk/bflib -Ivendor/cigraph/vendor/glpk/amd -Ivendor/cigraph/vendor/glpk/simplex -Ivendor/cigraph/vendor/glpk/colamd -DNDEBUG -DNTIMER -DNPRINT -DIGRAPH_THREAD_LOCAL= -DPRPACK_IGRAPH_SUPPORT -DHAVE_GFORTRAN=1 -D_GNU_SOURCE=1 -I'/usr/local/lib/R/library/cpp11/include' -I/usr/local/include   -fvisibility=hidden -fpic  -g -O2  -c vendor/cigraph/src/operators/join.c -o vendor/cigraph/src/operators/join.o
#13 845.3 gcc -I"/usr/local/lib/R/include" -DNDEBUG -DUSING_R -I. -Ivendor -Ivendor/cigraph/src -Ivendor/cigraph/include -Ivendor/cigraph/vendor -Ivendor/io/parsers  -I/usr/include/libxml2 -DHAVE_LIBXML -Ivendor/cigraph/vendor/glpk -Ivendor/cigraph/vendor/glpk/env -Ivendor/cigraph/vendor/glpk/minisat -Ivendor/cigraph/vendor/glpk/misc -Ivendor/cigraph/vendor/glpk/draft -Ivendor/cigraph/vendor/glpk/npp -Ivendor/cigraph/vendor/glpk/api -Ivendor/cigraph/vendor/glpk/mpl -Ivendor/cigraph/vendor/glpk/bflib -Ivendor/cigraph/vendor/glpk/amd -Ivendor/cigraph/vendor/glpk/simplex -Ivendor/cigraph/vendor/glpk/colamd -DNDEBUG -DNTIMER -DNPRINT -DIGRAPH_THREAD_LOCAL= -DPRPACK_IGRAPH_SUPPORT -DHAVE_GFORTRAN=1 -D_GNU_SOURCE=1 -I'/usr/local/lib/R/library/cpp11/include' -I/usr/local/include   -fvisibility=hidden -fpic  -g -O2  -c vendor/cigraph/src/operators/misc_internal.c -o vendor/cigraph/src/operators/misc_internal.o
#13 845.5 gcc -I"/usr/local/lib/R/include" -DNDEBUG -DUSING_R -I. -Ivendor -Ivendor/cigraph/src -Ivendor/cigraph/include -Ivendor/cigraph/vendor -Ivendor/io/parsers  -I/usr/include/libxml2 -DHAVE_LIBXML -Ivendor/cigraph/vendor/glpk -Ivendor/cigraph/vendor/glpk/env -Ivendor/cigraph/vendor/glpk/minisat -Ivendor/cigraph/vendor/glpk/misc -Ivendor/cigraph/vendor/glpk/draft -Ivendor/cigraph/vendor/glpk/npp -Ivendor/cigraph/vendor/glpk/api -Ivendor/cigraph/vendor/glpk/mpl -Ivendor/cigraph/vendor/glpk/bflib -Ivendor/cigraph/vendor/glpk/amd -Ivendor/cigraph/vendor/glpk/simplex -Ivendor/cigraph/vendor/glpk/colamd -DNDEBUG -DNTIMER -DNPRINT -DIGRAPH_THREAD_LOCAL= -DPRPACK_IGRAPH_SUPPORT -DHAVE_GFORTRAN=1 -D_GNU_SOURCE=1 -I'/usr/local/lib/R/library/cpp11/include' -I/usr/local/include   -fvisibility=hidden -fpic  -g -O2  -c vendor/cigraph/src/operators/permute.c -o vendor/cigraph/src/operators/permute.o
#13 845.6 gcc -I"/usr/local/lib/R/include" -DNDEBUG -DUSING_R -I. -Ivendor -Ivendor/cigraph/src -Ivendor/cigraph/include -Ivendor/cigraph/vendor -Ivendor/io/parsers  -I/usr/include/libxml2 -DHAVE_LIBXML -Ivendor/cigraph/vendor/glpk -Ivendor/cigraph/vendor/glpk/env -Ivendor/cigraph/vendor/glpk/minisat -Ivendor/cigraph/vendor/glpk/misc -Ivendor/cigraph/vendor/glpk/draft -Ivendor/cigraph/vendor/glpk/npp -Ivendor/cigraph/vendor/glpk/api -Ivendor/cigraph/vendor/glpk/mpl -Ivendor/cigraph/vendor/glpk/bflib -Ivendor/cigraph/vendor/glpk/amd -Ivendor/cigraph/vendor/glpk/simplex -Ivendor/cigraph/vendor/glpk/colamd -DNDEBUG -DNTIMER -DNPRINT -DIGRAPH_THREAD_LOCAL= -DPRPACK_IGRAPH_SUPPORT -DHAVE_GFORTRAN=1 -D_GNU_SOURCE=1 -I'/usr/local/lib/R/library/cpp11/include' -I/usr/local/include   -fvisibility=hidden -fpic  -g -O2  -c vendor/cigraph/src/operators/reverse.c -o vendor/cigraph/src/operators/reverse.o
#13 845.7 gcc -I"/usr/local/lib/R/include" -DNDEBUG -DUSING_R -I. -Ivendor -Ivendor/cigraph/src -Ivendor/cigraph/include -Ivendor/cigraph/vendor -Ivendor/io/parsers  -I/usr/include/libxml2 -DHAVE_LIBXML -Ivendor/cigraph/vendor/glpk -Ivendor/cigraph/vendor/glpk/env -Ivendor/cigraph/vendor/glpk/minisat -Ivendor/cigraph/vendor/glpk/misc -Ivendor/cigraph/vendor/glpk/draft -Ivendor/cigraph/vendor/glpk/npp -Ivendor/cigraph/vendor/glpk/api -Ivendor/cigraph/vendor/glpk/mpl -Ivendor/cigraph/vendor/glpk/bflib -Ivendor/cigraph/vendor/glpk/amd -Ivendor/cigraph/vendor/glpk/simplex -Ivendor/cigraph/vendor/glpk/colamd -DNDEBUG -DNTIMER -DNPRINT -DIGRAPH_THREAD_LOCAL= -DPRPACK_IGRAPH_SUPPORT -DHAVE_GFORTRAN=1 -D_GNU_SOURCE=1 -I'/usr/local/lib/R/library/cpp11/include' -I/usr/local/include   -fvisibility=hidden -fpic  -g -O2  -c vendor/cigraph/src/operators/rewire.c -o vendor/cigraph/src/operators/rewire.o
#13 845.9 gcc -I"/usr/local/lib/R/include" -DNDEBUG -DUSING_R -I. -Ivendor -Ivendor/cigraph/src -Ivendor/cigraph/include -Ivendor/cigraph/vendor -Ivendor/io/parsers  -I/usr/include/libxml2 -DHAVE_LIBXML -Ivendor/cigraph/vendor/glpk -Ivendor/cigraph/vendor/glpk/env -Ivendor/cigraph/vendor/glpk/minisat -Ivendor/cigraph/vendor/glpk/misc -Ivendor/cigraph/vendor/glpk/draft -Ivendor/cigraph/vendor/glpk/npp -Ivendor/cigraph/vendor/glpk/api -Ivendor/cigraph/vendor/glpk/mpl -Ivendor/cigraph/vendor/glpk/bflib -Ivendor/cigraph/vendor/glpk/amd -Ivendor/cigraph/vendor/glpk/simplex -Ivendor/cigraph/vendor/glpk/colamd -DNDEBUG -DNTIMER -DNPRINT -DIGRAPH_THREAD_LOCAL= -DPRPACK_IGRAPH_SUPPORT -DHAVE_GFORTRAN=1 -D_GNU_SOURCE=1 -I'/usr/local/lib/R/library/cpp11/include' -I/usr/local/include   -fvisibility=hidden -fpic  -g -O2  -c vendor/cigraph/src/operators/rewire_edges.c -o vendor/cigraph/src/operators/rewire_edges.o
#13 846.1 gcc -I"/usr/local/lib/R/include" -DNDEBUG -DUSING_R -I. -Ivendor -Ivendor/cigraph/src -Ivendor/cigraph/include -Ivendor/cigraph/vendor -Ivendor/io/parsers  -I/usr/include/libxml2 -DHAVE_LIBXML -Ivendor/cigraph/vendor/glpk -Ivendor/cigraph/vendor/glpk/env -Ivendor/cigraph/vendor/glpk/minisat -Ivendor/cigraph/vendor/glpk/misc -Ivendor/cigraph/vendor/glpk/draft -Ivendor/cigraph/vendor/glpk/npp -Ivendor/cigraph/vendor/glpk/api -Ivendor/cigraph/vendor/glpk/mpl -Ivendor/cigraph/vendor/glpk/bflib -Ivendor/cigraph/vendor/glpk/amd -Ivendor/cigraph/vendor/glpk/simplex -Ivendor/cigraph/vendor/glpk/colamd -DNDEBUG -DNTIMER -DNPRINT -DIGRAPH_THREAD_LOCAL= -DPRPACK_IGRAPH_SUPPORT -DHAVE_GFORTRAN=1 -D_GNU_SOURCE=1 -I'/usr/local/lib/R/library/cpp11/include' -I/usr/local/include   -fvisibility=hidden -fpic  -g -O2  -c vendor/cigraph/src/operators/simplify.c -o vendor/cigraph/src/operators/simplify.o
#13 846.3 gcc -I"/usr/local/lib/R/include" -DNDEBUG -DUSING_R -I. -Ivendor -Ivendor/cigraph/src -Ivendor/cigraph/include -Ivendor/cigraph/vendor -Ivendor/io/parsers  -I/usr/include/libxml2 -DHAVE_LIBXML -Ivendor/cigraph/vendor/glpk -Ivendor/cigraph/vendor/glpk/env -Ivendor/cigraph/vendor/glpk/minisat -Ivendor/cigraph/vendor/glpk/misc -Ivendor/cigraph/vendor/glpk/draft -Ivendor/cigraph/vendor/glpk/npp -Ivendor/cigraph/vendor/glpk/api -Ivendor/cigraph/vendor/glpk/mpl -Ivendor/cigraph/vendor/glpk/bflib -Ivendor/cigraph/vendor/glpk/amd -Ivendor/cigraph/vendor/glpk/simplex -Ivendor/cigraph/vendor/glpk/colamd -DNDEBUG -DNTIMER -DNPRINT -DIGRAPH_THREAD_LOCAL= -DPRPACK_IGRAPH_SUPPORT -DHAVE_GFORTRAN=1 -D_GNU_SOURCE=1 -I'/usr/local/lib/R/library/cpp11/include' -I/usr/local/include   -fvisibility=hidden -fpic  -g -O2  -c vendor/cigraph/src/operators/subgraph.c -o vendor/cigraph/src/operators/subgraph.o
#13 846.5 gcc -I"/usr/local/lib/R/include" -DNDEBUG -DUSING_R -I. -Ivendor -Ivendor/cigraph/src -Ivendor/cigraph/include -Ivendor/cigraph/vendor -Ivendor/io/parsers  -I/usr/include/libxml2 -DHAVE_LIBXML -Ivendor/cigraph/vendor/glpk -Ivendor/cigraph/vendor/glpk/env -Ivendor/cigraph/vendor/glpk/minisat -Ivendor/cigraph/vendor/glpk/misc -Ivendor/cigraph/vendor/glpk/draft -Ivendor/cigraph/vendor/glpk/npp -Ivendor/cigraph/vendor/glpk/api -Ivendor/cigraph/vendor/glpk/mpl -Ivendor/cigraph/vendor/glpk/bflib -Ivendor/cigraph/vendor/glpk/amd -Ivendor/cigraph/vendor/glpk/simplex -Ivendor/cigraph/vendor/glpk/colamd -DNDEBUG -DNTIMER -DNPRINT -DIGRAPH_THREAD_LOCAL= -DPRPACK_IGRAPH_SUPPORT -DHAVE_GFORTRAN=1 -D_GNU_SOURCE=1 -I'/usr/local/lib/R/library/cpp11/include' -I/usr/local/include   -fvisibility=hidden -fpic  -g -O2  -c vendor/cigraph/src/operators/union.c -o vendor/cigraph/src/operators/union.o
#13 846.7 gcc -I"/usr/local/lib/R/include" -DNDEBUG -DUSING_R -I. -Ivendor -Ivendor/cigraph/src -Ivendor/cigraph/include -Ivendor/cigraph/vendor -Ivendor/io/parsers  -I/usr/include/libxml2 -DHAVE_LIBXML -Ivendor/cigraph/vendor/glpk -Ivendor/cigraph/vendor/glpk/env -Ivendor/cigraph/vendor/glpk/minisat -Ivendor/cigraph/vendor/glpk/misc -Ivendor/cigraph/vendor/glpk/draft -Ivendor/cigraph/vendor/glpk/npp -Ivendor/cigraph/vendor/glpk/api -Ivendor/cigraph/vendor/glpk/mpl -Ivendor/cigraph/vendor/glpk/bflib -Ivendor/cigraph/vendor/glpk/amd -Ivendor/cigraph/vendor/glpk/simplex -Ivendor/cigraph/vendor/glpk/colamd -DNDEBUG -DNTIMER -DNPRINT -DIGRAPH_THREAD_LOCAL= -DPRPACK_IGRAPH_SUPPORT -DHAVE_GFORTRAN=1 -D_GNU_SOURCE=1 -I'/usr/local/lib/R/library/cpp11/include' -I/usr/local/include   -fvisibility=hidden -fpic  -g -O2  -c vendor/cigraph/src/paths/all_shortest_paths.c -o vendor/cigraph/src/paths/all_shortest_paths.o
#13 846.9 gcc -I"/usr/local/lib/R/include" -DNDEBUG -DUSING_R -I. -Ivendor -Ivendor/cigraph/src -Ivendor/cigraph/include -Ivendor/cigraph/vendor -Ivendor/io/parsers  -I/usr/include/libxml2 -DHAVE_LIBXML -Ivendor/cigraph/vendor/glpk -Ivendor/cigraph/vendor/glpk/env -Ivendor/cigraph/vendor/glpk/minisat -Ivendor/cigraph/vendor/glpk/misc -Ivendor/cigraph/vendor/glpk/draft -Ivendor/cigraph/vendor/glpk/npp -Ivendor/cigraph/vendor/glpk/api -Ivendor/cigraph/vendor/glpk/mpl -Ivendor/cigraph/vendor/glpk/bflib -Ivendor/cigraph/vendor/glpk/amd -Ivendor/cigraph/vendor/glpk/simplex -Ivendor/cigraph/vendor/glpk/colamd -DNDEBUG -DNTIMER -DNPRINT -DIGRAPH_THREAD_LOCAL= -DPRPACK_IGRAPH_SUPPORT -DHAVE_GFORTRAN=1 -D_GNU_SOURCE=1 -I'/usr/local/lib/R/library/cpp11/include' -I/usr/local/include   -fvisibility=hidden -fpic  -g -O2  -c vendor/cigraph/src/paths/astar.c -o vendor/cigraph/src/paths/astar.o
#13 847.0 gcc -I"/usr/local/lib/R/include" -DNDEBUG -DUSING_R -I. -Ivendor -Ivendor/cigraph/src -Ivendor/cigraph/include -Ivendor/cigraph/vendor -Ivendor/io/parsers  -I/usr/include/libxml2 -DHAVE_LIBXML -Ivendor/cigraph/vendor/glpk -Ivendor/cigraph/vendor/glpk/env -Ivendor/cigraph/vendor/glpk/minisat -Ivendor/cigraph/vendor/glpk/misc -Ivendor/cigraph/vendor/glpk/draft -Ivendor/cigraph/vendor/glpk/npp -Ivendor/cigraph/vendor/glpk/api -Ivendor/cigraph/vendor/glpk/mpl -Ivendor/cigraph/vendor/glpk/bflib -Ivendor/cigraph/vendor/glpk/amd -Ivendor/cigraph/vendor/glpk/simplex -Ivendor/cigraph/vendor/glpk/colamd -DNDEBUG -DNTIMER -DNPRINT -DIGRAPH_THREAD_LOCAL= -DPRPACK_IGRAPH_SUPPORT -DHAVE_GFORTRAN=1 -D_GNU_SOURCE=1 -I'/usr/local/lib/R/library/cpp11/include' -I/usr/local/include   -fvisibility=hidden -fpic  -g -O2  -c vendor/cigraph/src/paths/bellman_ford.c -o vendor/cigraph/src/paths/bellman_ford.o
#13 847.3 gcc -I"/usr/local/lib/R/include" -DNDEBUG -DUSING_R -I. -Ivendor -Ivendor/cigraph/src -Ivendor/cigraph/include -Ivendor/cigraph/vendor -Ivendor/io/parsers  -I/usr/include/libxml2 -DHAVE_LIBXML -Ivendor/cigraph/vendor/glpk -Ivendor/cigraph/vendor/glpk/env -Ivendor/cigraph/vendor/glpk/minisat -Ivendor/cigraph/vendor/glpk/misc -Ivendor/cigraph/vendor/glpk/draft -Ivendor/cigraph/vendor/glpk/npp -Ivendor/cigraph/vendor/glpk/api -Ivendor/cigraph/vendor/glpk/mpl -Ivendor/cigraph/vendor/glpk/bflib -Ivendor/cigraph/vendor/glpk/amd -Ivendor/cigraph/vendor/glpk/simplex -Ivendor/cigraph/vendor/glpk/colamd -DNDEBUG -DNTIMER -DNPRINT -DIGRAPH_THREAD_LOCAL= -DPRPACK_IGRAPH_SUPPORT -DHAVE_GFORTRAN=1 -D_GNU_SOURCE=1 -I'/usr/local/lib/R/library/cpp11/include' -I/usr/local/include   -fvisibility=hidden -fpic  -g -O2  -c vendor/cigraph/src/paths/dijkstra.c -o vendor/cigraph/src/paths/dijkstra.o
#13 847.8 gcc -I"/usr/local/lib/R/include" -DNDEBUG -DUSING_R -I. -Ivendor -Ivendor/cigraph/src -Ivendor/cigraph/include -Ivendor/cigraph/vendor -Ivendor/io/parsers  -I/usr/include/libxml2 -DHAVE_LIBXML -Ivendor/cigraph/vendor/glpk -Ivendor/cigraph/vendor/glpk/env -Ivendor/cigraph/vendor/glpk/minisat -Ivendor/cigraph/vendor/glpk/misc -Ivendor/cigraph/vendor/glpk/draft -Ivendor/cigraph/vendor/glpk/npp -Ivendor/cigraph/vendor/glpk/api -Ivendor/cigraph/vendor/glpk/mpl -Ivendor/cigraph/vendor/glpk/bflib -Ivendor/cigraph/vendor/glpk/amd -Ivendor/cigraph/vendor/glpk/simplex -Ivendor/cigraph/vendor/glpk/colamd -DNDEBUG -DNTIMER -DNPRINT -DIGRAPH_THREAD_LOCAL= -DPRPACK_IGRAPH_SUPPORT -DHAVE_GFORTRAN=1 -D_GNU_SOURCE=1 -I'/usr/local/lib/R/library/cpp11/include' -I/usr/local/include   -fvisibility=hidden -fpic  -g -O2  -c vendor/cigraph/src/paths/distances.c -o vendor/cigraph/src/paths/distances.o
#13 848.1 gcc -I"/usr/local/lib/R/include" -DNDEBUG -DUSING_R -I. -Ivendor -Ivendor/cigraph/src -Ivendor/cigraph/include -Ivendor/cigraph/vendor -Ivendor/io/parsers  -I/usr/include/libxml2 -DHAVE_LIBXML -Ivendor/cigraph/vendor/glpk -Ivendor/cigraph/vendor/glpk/env -Ivendor/cigraph/vendor/glpk/minisat -Ivendor/cigraph/vendor/glpk/misc -Ivendor/cigraph/vendor/glpk/draft -Ivendor/cigraph/vendor/glpk/npp -Ivendor/cigraph/vendor/glpk/api -Ivendor/cigraph/vendor/glpk/mpl -Ivendor/cigraph/vendor/glpk/bflib -Ivendor/cigraph/vendor/glpk/amd -Ivendor/cigraph/vendor/glpk/simplex -Ivendor/cigraph/vendor/glpk/colamd -DNDEBUG -DNTIMER -DNPRINT -DIGRAPH_THREAD_LOCAL= -DPRPACK_IGRAPH_SUPPORT -DHAVE_GFORTRAN=1 -D_GNU_SOURCE=1 -I'/usr/local/lib/R/library/cpp11/include' -I/usr/local/include   -fvisibility=hidden -fpic  -g -O2  -c vendor/cigraph/src/paths/eulerian.c -o vendor/cigraph/src/paths/eulerian.o
#13 848.4 gcc -I"/usr/local/lib/R/include" -DNDEBUG -DUSING_R -I. -Ivendor -Ivendor/cigraph/src -Ivendor/cigraph/include -Ivendor/cigraph/vendor -Ivendor/io/parsers  -I/usr/include/libxml2 -DHAVE_LIBXML -Ivendor/cigraph/vendor/glpk -Ivendor/cigraph/vendor/glpk/env -Ivendor/cigraph/vendor/glpk/minisat -Ivendor/cigraph/vendor/glpk/misc -Ivendor/cigraph/vendor/glpk/draft -Ivendor/cigraph/vendor/glpk/npp -Ivendor/cigraph/vendor/glpk/api -Ivendor/cigraph/vendor/glpk/mpl -Ivendor/cigraph/vendor/glpk/bflib -Ivendor/cigraph/vendor/glpk/amd -Ivendor/cigraph/vendor/glpk/simplex -Ivendor/cigraph/vendor/glpk/colamd -DNDEBUG -DNTIMER -DNPRINT -DIGRAPH_THREAD_LOCAL= -DPRPACK_IGRAPH_SUPPORT -DHAVE_GFORTRAN=1 -D_GNU_SOURCE=1 -I'/usr/local/lib/R/library/cpp11/include' -I/usr/local/include   -fvisibility=hidden -fpic  -g -O2  -c vendor/cigraph/src/paths/floyd_warshall.c -o vendor/cigraph/src/paths/floyd_warshall.o
#13 848.6 gcc -I"/usr/local/lib/R/include" -DNDEBUG -DUSING_R -I. -Ivendor -Ivendor/cigraph/src -Ivendor/cigraph/include -Ivendor/cigraph/vendor -Ivendor/io/parsers  -I/usr/include/libxml2 -DHAVE_LIBXML -Ivendor/cigraph/vendor/glpk -Ivendor/cigraph/vendor/glpk/env -Ivendor/cigraph/vendor/glpk/minisat -Ivendor/cigraph/vendor/glpk/misc -Ivendor/cigraph/vendor/glpk/draft -Ivendor/cigraph/vendor/glpk/npp -Ivendor/cigraph/vendor/glpk/api -Ivendor/cigraph/vendor/glpk/mpl -Ivendor/cigraph/vendor/glpk/bflib -Ivendor/cigraph/vendor/glpk/amd -Ivendor/cigraph/vendor/glpk/simplex -Ivendor/cigraph/vendor/glpk/colamd -DNDEBUG -DNTIMER -DNPRINT -DIGRAPH_THREAD_LOCAL= -DPRPACK_IGRAPH_SUPPORT -DHAVE_GFORTRAN=1 -D_GNU_SOURCE=1 -I'/usr/local/lib/R/library/cpp11/include' -I/usr/local/include   -fvisibility=hidden -fpic  -g -O2  -c vendor/cigraph/src/paths/histogram.c -o vendor/cigraph/src/paths/histogram.o
#13 848.7 gcc -I"/usr/local/lib/R/include" -DNDEBUG -DUSING_R -I. -Ivendor -Ivendor/cigraph/src -Ivendor/cigraph/include -Ivendor/cigraph/vendor -Ivendor/io/parsers  -I/usr/include/libxml2 -DHAVE_LIBXML -Ivendor/cigraph/vendor/glpk -Ivendor/cigraph/vendor/glpk/env -Ivendor/cigraph/vendor/glpk/minisat -Ivendor/cigraph/vendor/glpk/misc -Ivendor/cigraph/vendor/glpk/draft -Ivendor/cigraph/vendor/glpk/npp -Ivendor/cigraph/vendor/glpk/api -Ivendor/cigraph/vendor/glpk/mpl -Ivendor/cigraph/vendor/glpk/bflib -Ivendor/cigraph/vendor/glpk/amd -Ivendor/cigraph/vendor/glpk/simplex -Ivendor/cigraph/vendor/glpk/colamd -DNDEBUG -DNTIMER -DNPRINT -DIGRAPH_THREAD_LOCAL= -DPRPACK_IGRAPH_SUPPORT -DHAVE_GFORTRAN=1 -D_GNU_SOURCE=1 -I'/usr/local/lib/R/library/cpp11/include' -I/usr/local/include   -fvisibility=hidden -fpic  -g -O2  -c vendor/cigraph/src/paths/johnson.c -o vendor/cigraph/src/paths/johnson.o
#13 848.9 gcc -I"/usr/local/lib/R/include" -DNDEBUG -DUSING_R -I. -Ivendor -Ivendor/cigraph/src -Ivendor/cigraph/include -Ivendor/cigraph/vendor -Ivendor/io/parsers  -I/usr/include/libxml2 -DHAVE_LIBXML -Ivendor/cigraph/vendor/glpk -Ivendor/cigraph/vendor/glpk/env -Ivendor/cigraph/vendor/glpk/minisat -Ivendor/cigraph/vendor/glpk/misc -Ivendor/cigraph/vendor/glpk/draft -Ivendor/cigraph/vendor/glpk/npp -Ivendor/cigraph/vendor/glpk/api -Ivendor/cigraph/vendor/glpk/mpl -Ivendor/cigraph/vendor/glpk/bflib -Ivendor/cigraph/vendor/glpk/amd -Ivendor/cigraph/vendor/glpk/simplex -Ivendor/cigraph/vendor/glpk/colamd -DNDEBUG -DNTIMER -DNPRINT -DIGRAPH_THREAD_LOCAL= -DPRPACK_IGRAPH_SUPPORT -DHAVE_GFORTRAN=1 -D_GNU_SOURCE=1 -I'/usr/local/lib/R/library/cpp11/include' -I/usr/local/include   -fvisibility=hidden -fpic  -g -O2  -c vendor/cigraph/src/paths/random_walk.c -o vendor/cigraph/src/paths/random_walk.o
#13 849.0 gcc -I"/usr/local/lib/R/include" -DNDEBUG -DUSING_R -I. -Ivendor -Ivendor/cigraph/src -Ivendor/cigraph/include -Ivendor/cigraph/vendor -Ivendor/io/parsers  -I/usr/include/libxml2 -DHAVE_LIBXML -Ivendor/cigraph/vendor/glpk -Ivendor/cigraph/vendor/glpk/env -Ivendor/cigraph/vendor/glpk/minisat -Ivendor/cigraph/vendor/glpk/misc -Ivendor/cigraph/vendor/glpk/draft -Ivendor/cigraph/vendor/glpk/npp -Ivendor/cigraph/vendor/glpk/api -Ivendor/cigraph/vendor/glpk/mpl -Ivendor/cigraph/vendor/glpk/bflib -Ivendor/cigraph/vendor/glpk/amd -Ivendor/cigraph/vendor/glpk/simplex -Ivendor/cigraph/vendor/glpk/colamd -DNDEBUG -DNTIMER -DNPRINT -DIGRAPH_THREAD_LOCAL= -DPRPACK_IGRAPH_SUPPORT -DHAVE_GFORTRAN=1 -D_GNU_SOURCE=1 -I'/usr/local/lib/R/library/cpp11/include' -I/usr/local/include   -fvisibility=hidden -fpic  -g -O2  -c vendor/cigraph/src/paths/shortest_paths.c -o vendor/cigraph/src/paths/shortest_paths.o
#13 849.6 gcc -I"/usr/local/lib/R/include" -DNDEBUG -DUSING_R -I. -Ivendor -Ivendor/cigraph/src -Ivendor/cigraph/include -Ivendor/cigraph/vendor -Ivendor/io/parsers  -I/usr/include/libxml2 -DHAVE_LIBXML -Ivendor/cigraph/vendor/glpk -Ivendor/cigraph/vendor/glpk/env -Ivendor/cigraph/vendor/glpk/minisat -Ivendor/cigraph/vendor/glpk/misc -Ivendor/cigraph/vendor/glpk/draft -Ivendor/cigraph/vendor/glpk/npp -Ivendor/cigraph/vendor/glpk/api -Ivendor/cigraph/vendor/glpk/mpl -Ivendor/cigraph/vendor/glpk/bflib -Ivendor/cigraph/vendor/glpk/amd -Ivendor/cigraph/vendor/glpk/simplex -Ivendor/cigraph/vendor/glpk/colamd -DNDEBUG -DNTIMER -DNPRINT -DIGRAPH_THREAD_LOCAL= -DPRPACK_IGRAPH_SUPPORT -DHAVE_GFORTRAN=1 -D_GNU_SOURCE=1 -I'/usr/local/lib/R/library/cpp11/include' -I/usr/local/include   -fvisibility=hidden -fpic  -g -O2  -c vendor/cigraph/src/paths/simple_paths.c -o vendor/cigraph/src/paths/simple_paths.o
#13 849.7 gcc -I"/usr/local/lib/R/include" -DNDEBUG -DUSING_R -I. -Ivendor -Ivendor/cigraph/src -Ivendor/cigraph/include -Ivendor/cigraph/vendor -Ivendor/io/parsers  -I/usr/include/libxml2 -DHAVE_LIBXML -Ivendor/cigraph/vendor/glpk -Ivendor/cigraph/vendor/glpk/env -Ivendor/cigraph/vendor/glpk/minisat -Ivendor/cigraph/vendor/glpk/misc -Ivendor/cigraph/vendor/glpk/draft -Ivendor/cigraph/vendor/glpk/npp -Ivendor/cigraph/vendor/glpk/api -Ivendor/cigraph/vendor/glpk/mpl -Ivendor/cigraph/vendor/glpk/bflib -Ivendor/cigraph/vendor/glpk/amd -Ivendor/cigraph/vendor/glpk/simplex -Ivendor/cigraph/vendor/glpk/colamd -DNDEBUG -DNTIMER -DNPRINT -DIGRAPH_THREAD_LOCAL= -DPRPACK_IGRAPH_SUPPORT -DHAVE_GFORTRAN=1 -D_GNU_SOURCE=1 -I'/usr/local/lib/R/library/cpp11/include' -I/usr/local/include   -fvisibility=hidden -fpic  -g -O2  -c vendor/cigraph/src/paths/sparsifier.c -o vendor/cigraph/src/paths/sparsifier.o
#13 850.0 gcc -I"/usr/local/lib/R/include" -DNDEBUG -DUSING_R -I. -Ivendor -Ivendor/cigraph/src -Ivendor/cigraph/include -Ivendor/cigraph/vendor -Ivendor/io/parsers  -I/usr/include/libxml2 -DHAVE_LIBXML -Ivendor/cigraph/vendor/glpk -Ivendor/cigraph/vendor/glpk/env -Ivendor/cigraph/vendor/glpk/minisat -Ivendor/cigraph/vendor/glpk/misc -Ivendor/cigraph/vendor/glpk/draft -Ivendor/cigraph/vendor/glpk/npp -Ivendor/cigraph/vendor/glpk/api -Ivendor/cigraph/vendor/glpk/mpl -Ivendor/cigraph/vendor/glpk/bflib -Ivendor/cigraph/vendor/glpk/amd -Ivendor/cigraph/vendor/glpk/simplex -Ivendor/cigraph/vendor/glpk/colamd -DNDEBUG -DNTIMER -DNPRINT -DIGRAPH_THREAD_LOCAL= -DPRPACK_IGRAPH_SUPPORT -DHAVE_GFORTRAN=1 -D_GNU_SOURCE=1 -I'/usr/local/lib/R/library/cpp11/include' -I/usr/local/include   -fvisibility=hidden -fpic  -g -O2  -c vendor/cigraph/src/paths/unweighted.c -o vendor/cigraph/src/paths/unweighted.o
#13 850.2 gcc -I"/usr/local/lib/R/include" -DNDEBUG -DUSING_R -I. -Ivendor -Ivendor/cigraph/src -Ivendor/cigraph/include -Ivendor/cigraph/vendor -Ivendor/io/parsers  -I/usr/include/libxml2 -DHAVE_LIBXML -Ivendor/cigraph/vendor/glpk -Ivendor/cigraph/vendor/glpk/env -Ivendor/cigraph/vendor/glpk/minisat -Ivendor/cigraph/vendor/glpk/misc -Ivendor/cigraph/vendor/glpk/draft -Ivendor/cigraph/vendor/glpk/npp -Ivendor/cigraph/vendor/glpk/api -Ivendor/cigraph/vendor/glpk/mpl -Ivendor/cigraph/vendor/glpk/bflib -Ivendor/cigraph/vendor/glpk/amd -Ivendor/cigraph/vendor/glpk/simplex -Ivendor/cigraph/vendor/glpk/colamd -DNDEBUG -DNTIMER -DNPRINT -DIGRAPH_THREAD_LOCAL= -DPRPACK_IGRAPH_SUPPORT -DHAVE_GFORTRAN=1 -D_GNU_SOURCE=1 -I'/usr/local/lib/R/library/cpp11/include' -I/usr/local/include   -fvisibility=hidden -fpic  -g -O2  -c vendor/cigraph/src/paths/voronoi.c -o vendor/cigraph/src/paths/voronoi.o
#13 850.4 gcc -I"/usr/local/lib/R/include" -DNDEBUG -DUSING_R -I. -Ivendor -Ivendor/cigraph/src -Ivendor/cigraph/include -Ivendor/cigraph/vendor -Ivendor/io/parsers  -I/usr/include/libxml2 -DHAVE_LIBXML -Ivendor/cigraph/vendor/glpk -Ivendor/cigraph/vendor/glpk/env -Ivendor/cigraph/vendor/glpk/minisat -Ivendor/cigraph/vendor/glpk/misc -Ivendor/cigraph/vendor/glpk/draft -Ivendor/cigraph/vendor/glpk/npp -Ivendor/cigraph/vendor/glpk/api -Ivendor/cigraph/vendor/glpk/mpl -Ivendor/cigraph/vendor/glpk/bflib -Ivendor/cigraph/vendor/glpk/amd -Ivendor/cigraph/vendor/glpk/simplex -Ivendor/cigraph/vendor/glpk/colamd -DNDEBUG -DNTIMER -DNPRINT -DIGRAPH_THREAD_LOCAL= -DPRPACK_IGRAPH_SUPPORT -DHAVE_GFORTRAN=1 -D_GNU_SOURCE=1 -I'/usr/local/lib/R/library/cpp11/include' -I/usr/local/include   -fvisibility=hidden -fpic  -g -O2  -c vendor/cigraph/src/paths/widest_paths.c -o vendor/cigraph/src/paths/widest_paths.o
#13 850.7 gcc -I"/usr/local/lib/R/include" -DNDEBUG -DUSING_R -I. -Ivendor -Ivendor/cigraph/src -Ivendor/cigraph/include -Ivendor/cigraph/vendor -Ivendor/io/parsers  -I/usr/include/libxml2 -DHAVE_LIBXML -Ivendor/cigraph/vendor/glpk -Ivendor/cigraph/vendor/glpk/env -Ivendor/cigraph/vendor/glpk/minisat -Ivendor/cigraph/vendor/glpk/misc -Ivendor/cigraph/vendor/glpk/draft -Ivendor/cigraph/vendor/glpk/npp -Ivendor/cigraph/vendor/glpk/api -Ivendor/cigraph/vendor/glpk/mpl -Ivendor/cigraph/vendor/glpk/bflib -Ivendor/cigraph/vendor/glpk/amd -Ivendor/cigraph/vendor/glpk/simplex -Ivendor/cigraph/vendor/glpk/colamd -DNDEBUG -DNTIMER -DNPRINT -DIGRAPH_THREAD_LOCAL= -DPRPACK_IGRAPH_SUPPORT -DHAVE_GFORTRAN=1 -D_GNU_SOURCE=1 -I'/usr/local/lib/R/library/cpp11/include' -I/usr/local/include   -fvisibility=hidden -fpic  -g -O2  -c vendor/cigraph/src/properties/basic_properties.c -o vendor/cigraph/src/properties/basic_properties.o
#13 850.9 gcc -I"/usr/local/lib/R/include" -DNDEBUG -DUSING_R -I. -Ivendor -Ivendor/cigraph/src -Ivendor/cigraph/include -Ivendor/cigraph/vendor -Ivendor/io/parsers  -I/usr/include/libxml2 -DHAVE_LIBXML -Ivendor/cigraph/vendor/glpk -Ivendor/cigraph/vendor/glpk/env -Ivendor/cigraph/vendor/glpk/minisat -Ivendor/cigraph/vendor/glpk/misc -Ivendor/cigraph/vendor/glpk/draft -Ivendor/cigraph/vendor/glpk/npp -Ivendor/cigraph/vendor/glpk/api -Ivendor/cigraph/vendor/glpk/mpl -Ivendor/cigraph/vendor/glpk/bflib -Ivendor/cigraph/vendor/glpk/amd -Ivendor/cigraph/vendor/glpk/simplex -Ivendor/cigraph/vendor/glpk/colamd -DNDEBUG -DNTIMER -DNPRINT -DIGRAPH_THREAD_LOCAL= -DPRPACK_IGRAPH_SUPPORT -DHAVE_GFORTRAN=1 -D_GNU_SOURCE=1 -I'/usr/local/lib/R/library/cpp11/include' -I/usr/local/include   -fvisibility=hidden -fpic  -g -O2  -c vendor/cigraph/src/properties/complete.c -o vendor/cigraph/src/properties/complete.o
#13 851.0 gcc -I"/usr/local/lib/R/include" -DNDEBUG -DUSING_R -I. -Ivendor -Ivendor/cigraph/src -Ivendor/cigraph/include -Ivendor/cigraph/vendor -Ivendor/io/parsers  -I/usr/include/libxml2 -DHAVE_LIBXML -Ivendor/cigraph/vendor/glpk -Ivendor/cigraph/vendor/glpk/env -Ivendor/cigraph/vendor/glpk/minisat -Ivendor/cigraph/vendor/glpk/misc -Ivendor/cigraph/vendor/glpk/draft -Ivendor/cigraph/vendor/glpk/npp -Ivendor/cigraph/vendor/glpk/api -Ivendor/cigraph/vendor/glpk/mpl -Ivendor/cigraph/vendor/glpk/bflib -Ivendor/cigraph/vendor/glpk/amd -Ivendor/cigraph/vendor/glpk/simplex -Ivendor/cigraph/vendor/glpk/colamd -DNDEBUG -DNTIMER -DNPRINT -DIGRAPH_THREAD_LOCAL= -DPRPACK_IGRAPH_SUPPORT -DHAVE_GFORTRAN=1 -D_GNU_SOURCE=1 -I'/usr/local/lib/R/library/cpp11/include' -I/usr/local/include   -fvisibility=hidden -fpic  -g -O2  -c vendor/cigraph/src/properties/constraint.c -o vendor/cigraph/src/properties/constraint.o
#13 851.2 gcc -I"/usr/local/lib/R/include" -DNDEBUG -DUSING_R -I. -Ivendor -Ivendor/cigraph/src -Ivendor/cigraph/include -Ivendor/cigraph/vendor -Ivendor/io/parsers  -I/usr/include/libxml2 -DHAVE_LIBXML -Ivendor/cigraph/vendor/glpk -Ivendor/cigraph/vendor/glpk/env -Ivendor/cigraph/vendor/glpk/minisat -Ivendor/cigraph/vendor/glpk/misc -Ivendor/cigraph/vendor/glpk/draft -Ivendor/cigraph/vendor/glpk/npp -Ivendor/cigraph/vendor/glpk/api -Ivendor/cigraph/vendor/glpk/mpl -Ivendor/cigraph/vendor/glpk/bflib -Ivendor/cigraph/vendor/glpk/amd -Ivendor/cigraph/vendor/glpk/simplex -Ivendor/cigraph/vendor/glpk/colamd -DNDEBUG -DNTIMER -DNPRINT -DIGRAPH_THREAD_LOCAL= -DPRPACK_IGRAPH_SUPPORT -DHAVE_GFORTRAN=1 -D_GNU_SOURCE=1 -I'/usr/local/lib/R/library/cpp11/include' -I/usr/local/include   -fvisibility=hidden -fpic  -g -O2  -c vendor/cigraph/src/properties/convergence_degree.c -o vendor/cigraph/src/properties/convergence_degree.o
#13 851.4 gcc -I"/usr/local/lib/R/include" -DNDEBUG -DUSING_R -I. -Ivendor -Ivendor/cigraph/src -Ivendor/cigraph/include -Ivendor/cigraph/vendor -Ivendor/io/parsers  -I/usr/include/libxml2 -DHAVE_LIBXML -Ivendor/cigraph/vendor/glpk -Ivendor/cigraph/vendor/glpk/env -Ivendor/cigraph/vendor/glpk/minisat -Ivendor/cigraph/vendor/glpk/misc -Ivendor/cigraph/vendor/glpk/draft -Ivendor/cigraph/vendor/glpk/npp -Ivendor/cigraph/vendor/glpk/api -Ivendor/cigraph/vendor/glpk/mpl -Ivendor/cigraph/vendor/glpk/bflib -Ivendor/cigraph/vendor/glpk/amd -Ivendor/cigraph/vendor/glpk/simplex -Ivendor/cigraph/vendor/glpk/colamd -DNDEBUG -DNTIMER -DNPRINT -DIGRAPH_THREAD_LOCAL= -DPRPACK_IGRAPH_SUPPORT -DHAVE_GFORTRAN=1 -D_GNU_SOURCE=1 -I'/usr/local/lib/R/library/cpp11/include' -I/usr/local/include   -fvisibility=hidden -fpic  -g -O2  -c vendor/cigraph/src/properties/dag.c -o vendor/cigraph/src/properties/dag.o
#13 851.5 gcc -I"/usr/local/lib/R/include" -DNDEBUG -DUSING_R -I. -Ivendor -Ivendor/cigraph/src -Ivendor/cigraph/include -Ivendor/cigraph/vendor -Ivendor/io/parsers  -I/usr/include/libxml2 -DHAVE_LIBXML -Ivendor/cigraph/vendor/glpk -Ivendor/cigraph/vendor/glpk/env -Ivendor/cigraph/vendor/glpk/minisat -Ivendor/cigraph/vendor/glpk/misc -Ivendor/cigraph/vendor/glpk/draft -Ivendor/cigraph/vendor/glpk/npp -Ivendor/cigraph/vendor/glpk/api -Ivendor/cigraph/vendor/glpk/mpl -Ivendor/cigraph/vendor/glpk/bflib -Ivendor/cigraph/vendor/glpk/amd -Ivendor/cigraph/vendor/glpk/simplex -Ivendor/cigraph/vendor/glpk/colamd -DNDEBUG -DNTIMER -DNPRINT -DIGRAPH_THREAD_LOCAL= -DPRPACK_IGRAPH_SUPPORT -DHAVE_GFORTRAN=1 -D_GNU_SOURCE=1 -I'/usr/local/lib/R/library/cpp11/include' -I/usr/local/include   -fvisibility=hidden -fpic  -g -O2  -c vendor/cigraph/src/properties/degrees.c -o vendor/cigraph/src/properties/degrees.o
#13 851.9 gcc -I"/usr/local/lib/R/include" -DNDEBUG -DUSING_R -I. -Ivendor -Ivendor/cigraph/src -Ivendor/cigraph/include -Ivendor/cigraph/vendor -Ivendor/io/parsers  -I/usr/include/libxml2 -DHAVE_LIBXML -Ivendor/cigraph/vendor/glpk -Ivendor/cigraph/vendor/glpk/env -Ivendor/cigraph/vendor/glpk/minisat -Ivendor/cigraph/vendor/glpk/misc -Ivendor/cigraph/vendor/glpk/draft -Ivendor/cigraph/vendor/glpk/npp -Ivendor/cigraph/vendor/glpk/api -Ivendor/cigraph/vendor/glpk/mpl -Ivendor/cigraph/vendor/glpk/bflib -Ivendor/cigraph/vendor/glpk/amd -Ivendor/cigraph/vendor/glpk/simplex -Ivendor/cigraph/vendor/glpk/colamd -DNDEBUG -DNTIMER -DNPRINT -DIGRAPH_THREAD_LOCAL= -DPRPACK_IGRAPH_SUPPORT -DHAVE_GFORTRAN=1 -D_GNU_SOURCE=1 -I'/usr/local/lib/R/library/cpp11/include' -I/usr/local/include   -fvisibility=hidden -fpic  -g -O2  -c vendor/cigraph/src/properties/ecc.c -o vendor/cigraph/src/properties/ecc.o
#13 852.1 gcc -I"/usr/local/lib/R/include" -DNDEBUG -DUSING_R -I. -Ivendor -Ivendor/cigraph/src -Ivendor/cigraph/include -Ivendor/cigraph/vendor -Ivendor/io/parsers  -I/usr/include/libxml2 -DHAVE_LIBXML -Ivendor/cigraph/vendor/glpk -Ivendor/cigraph/vendor/glpk/env -Ivendor/cigraph/vendor/glpk/minisat -Ivendor/cigraph/vendor/glpk/misc -Ivendor/cigraph/vendor/glpk/draft -Ivendor/cigraph/vendor/glpk/npp -Ivendor/cigraph/vendor/glpk/api -Ivendor/cigraph/vendor/glpk/mpl -Ivendor/cigraph/vendor/glpk/bflib -Ivendor/cigraph/vendor/glpk/amd -Ivendor/cigraph/vendor/glpk/simplex -Ivendor/cigraph/vendor/glpk/colamd -DNDEBUG -DNTIMER -DNPRINT -DIGRAPH_THREAD_LOCAL= -DPRPACK_IGRAPH_SUPPORT -DHAVE_GFORTRAN=1 -D_GNU_SOURCE=1 -I'/usr/local/lib/R/library/cpp11/include' -I/usr/local/include   -fvisibility=hidden -fpic  -g -O2  -c vendor/cigraph/src/properties/girth.c -o vendor/cigraph/src/properties/girth.o
#13 852.2 gcc -I"/usr/local/lib/R/include" -DNDEBUG -DUSING_R -I. -Ivendor -Ivendor/cigraph/src -Ivendor/cigraph/include -Ivendor/cigraph/vendor -Ivendor/io/parsers  -I/usr/include/libxml2 -DHAVE_LIBXML -Ivendor/cigraph/vendor/glpk -Ivendor/cigraph/vendor/glpk/env -Ivendor/cigraph/vendor/glpk/minisat -Ivendor/cigraph/vendor/glpk/misc -Ivendor/cigraph/vendor/glpk/draft -Ivendor/cigraph/vendor/glpk/npp -Ivendor/cigraph/vendor/glpk/api -Ivendor/cigraph/vendor/glpk/mpl -Ivendor/cigraph/vendor/glpk/bflib -Ivendor/cigraph/vendor/glpk/amd -Ivendor/cigraph/vendor/glpk/simplex -Ivendor/cigraph/vendor/glpk/colamd -DNDEBUG -DNTIMER -DNPRINT -DIGRAPH_THREAD_LOCAL= -DPRPACK_IGRAPH_SUPPORT -DHAVE_GFORTRAN=1 -D_GNU_SOURCE=1 -I'/usr/local/lib/R/library/cpp11/include' -I/usr/local/include   -fvisibility=hidden -fpic  -g -O2  -c vendor/cigraph/src/properties/loops.c -o vendor/cigraph/src/properties/loops.o
#13 852.3 gcc -I"/usr/local/lib/R/include" -DNDEBUG -DUSING_R -I. -Ivendor -Ivendor/cigraph/src -Ivendor/cigraph/include -Ivendor/cigraph/vendor -Ivendor/io/parsers  -I/usr/include/libxml2 -DHAVE_LIBXML -Ivendor/cigraph/vendor/glpk -Ivendor/cigraph/vendor/glpk/env -Ivendor/cigraph/vendor/glpk/minisat -Ivendor/cigraph/vendor/glpk/misc -Ivendor/cigraph/vendor/glpk/draft -Ivendor/cigraph/vendor/glpk/npp -Ivendor/cigraph/vendor/glpk/api -Ivendor/cigraph/vendor/glpk/mpl -Ivendor/cigraph/vendor/glpk/bflib -Ivendor/cigraph/vendor/glpk/amd -Ivendor/cigraph/vendor/glpk/simplex -Ivendor/cigraph/vendor/glpk/colamd -DNDEBUG -DNTIMER -DNPRINT -DIGRAPH_THREAD_LOCAL= -DPRPACK_IGRAPH_SUPPORT -DHAVE_GFORTRAN=1 -D_GNU_SOURCE=1 -I'/usr/local/lib/R/library/cpp11/include' -I/usr/local/include   -fvisibility=hidden -fpic  -g -O2  -c vendor/cigraph/src/properties/multiplicity.c -o vendor/cigraph/src/properties/multiplicity.o
#13 852.5 gcc -I"/usr/local/lib/R/include" -DNDEBUG -DUSING_R -I. -Ivendor -Ivendor/cigraph/src -Ivendor/cigraph/include -Ivendor/cigraph/vendor -Ivendor/io/parsers  -I/usr/include/libxml2 -DHAVE_LIBXML -Ivendor/cigraph/vendor/glpk -Ivendor/cigraph/vendor/glpk/env -Ivendor/cigraph/vendor/glpk/minisat -Ivendor/cigraph/vendor/glpk/misc -Ivendor/cigraph/vendor/glpk/draft -Ivendor/cigraph/vendor/glpk/npp -Ivendor/cigraph/vendor/glpk/api -Ivendor/cigraph/vendor/glpk/mpl -Ivendor/cigraph/vendor/glpk/bflib -Ivendor/cigraph/vendor/glpk/amd -Ivendor/cigraph/vendor/glpk/simplex -Ivendor/cigraph/vendor/glpk/colamd -DNDEBUG -DNTIMER -DNPRINT -DIGRAPH_THREAD_LOCAL= -DPRPACK_IGRAPH_SUPPORT -DHAVE_GFORTRAN=1 -D_GNU_SOURCE=1 -I'/usr/local/lib/R/library/cpp11/include' -I/usr/local/include   -fvisibility=hidden -fpic  -g -O2  -c vendor/cigraph/src/properties/neighborhood.c -o vendor/cigraph/src/properties/neighborhood.o
#13 852.8 gcc -I"/usr/local/lib/R/include" -DNDEBUG -DUSING_R -I. -Ivendor -Ivendor/cigraph/src -Ivendor/cigraph/include -Ivendor/cigraph/vendor -Ivendor/io/parsers  -I/usr/include/libxml2 -DHAVE_LIBXML -Ivendor/cigraph/vendor/glpk -Ivendor/cigraph/vendor/glpk/env -Ivendor/cigraph/vendor/glpk/minisat -Ivendor/cigraph/vendor/glpk/misc -Ivendor/cigraph/vendor/glpk/draft -Ivendor/cigraph/vendor/glpk/npp -Ivendor/cigraph/vendor/glpk/api -Ivendor/cigraph/vendor/glpk/mpl -Ivendor/cigraph/vendor/glpk/bflib -Ivendor/cigraph/vendor/glpk/amd -Ivendor/cigraph/vendor/glpk/simplex -Ivendor/cigraph/vendor/glpk/colamd -DNDEBUG -DNTIMER -DNPRINT -DIGRAPH_THREAD_LOCAL= -DPRPACK_IGRAPH_SUPPORT -DHAVE_GFORTRAN=1 -D_GNU_SOURCE=1 -I'/usr/local/lib/R/library/cpp11/include' -I/usr/local/include   -fvisibility=hidden -fpic  -g -O2  -c vendor/cigraph/src/properties/perfect.c -o vendor/cigraph/src/properties/perfect.o
#13 852.9 gcc -I"/usr/local/lib/R/include" -DNDEBUG -DUSING_R -I. -Ivendor -Ivendor/cigraph/src -Ivendor/cigraph/include -Ivendor/cigraph/vendor -Ivendor/io/parsers  -I/usr/include/libxml2 -DHAVE_LIBXML -Ivendor/cigraph/vendor/glpk -Ivendor/cigraph/vendor/glpk/env -Ivendor/cigraph/vendor/glpk/minisat -Ivendor/cigraph/vendor/glpk/misc -Ivendor/cigraph/vendor/glpk/draft -Ivendor/cigraph/vendor/glpk/npp -Ivendor/cigraph/vendor/glpk/api -Ivendor/cigraph/vendor/glpk/mpl -Ivendor/cigraph/vendor/glpk/bflib -Ivendor/cigraph/vendor/glpk/amd -Ivendor/cigraph/vendor/glpk/simplex -Ivendor/cigraph/vendor/glpk/colamd -DNDEBUG -DNTIMER -DNPRINT -DIGRAPH_THREAD_LOCAL= -DPRPACK_IGRAPH_SUPPORT -DHAVE_GFORTRAN=1 -D_GNU_SOURCE=1 -I'/usr/local/lib/R/library/cpp11/include' -I/usr/local/include   -fvisibility=hidden -fpic  -g -O2  -c vendor/cigraph/src/properties/spectral.c -o vendor/cigraph/src/properties/spectral.o
#13 853.1 gcc -I"/usr/local/lib/R/include" -DNDEBUG -DUSING_R -I. -Ivendor -Ivendor/cigraph/src -Ivendor/cigraph/include -Ivendor/cigraph/vendor -Ivendor/io/parsers  -I/usr/include/libxml2 -DHAVE_LIBXML -Ivendor/cigraph/vendor/glpk -Ivendor/cigraph/vendor/glpk/env -Ivendor/cigraph/vendor/glpk/minisat -Ivendor/cigraph/vendor/glpk/misc -Ivendor/cigraph/vendor/glpk/draft -Ivendor/cigraph/vendor/glpk/npp -Ivendor/cigraph/vendor/glpk/api -Ivendor/cigraph/vendor/glpk/mpl -Ivendor/cigraph/vendor/glpk/bflib -Ivendor/cigraph/vendor/glpk/amd -Ivendor/cigraph/vendor/glpk/simplex -Ivendor/cigraph/vendor/glpk/colamd -DNDEBUG -DNTIMER -DNPRINT -DIGRAPH_THREAD_LOCAL= -DPRPACK_IGRAPH_SUPPORT -DHAVE_GFORTRAN=1 -D_GNU_SOURCE=1 -I'/usr/local/lib/R/library/cpp11/include' -I/usr/local/include   -fvisibility=hidden -fpic  -g -O2  -c vendor/cigraph/src/properties/trees.c -o vendor/cigraph/src/properties/trees.o
#13 853.4 gcc -I"/usr/local/lib/R/include" -DNDEBUG -DUSING_R -I. -Ivendor -Ivendor/cigraph/src -Ivendor/cigraph/include -Ivendor/cigraph/vendor -Ivendor/io/parsers  -I/usr/include/libxml2 -DHAVE_LIBXML -Ivendor/cigraph/vendor/glpk -Ivendor/cigraph/vendor/glpk/env -Ivendor/cigraph/vendor/glpk/minisat -Ivendor/cigraph/vendor/glpk/misc -Ivendor/cigraph/vendor/glpk/draft -Ivendor/cigraph/vendor/glpk/npp -Ivendor/cigraph/vendor/glpk/api -Ivendor/cigraph/vendor/glpk/mpl -Ivendor/cigraph/vendor/glpk/bflib -Ivendor/cigraph/vendor/glpk/amd -Ivendor/cigraph/vendor/glpk/simplex -Ivendor/cigraph/vendor/glpk/colamd -DNDEBUG -DNTIMER -DNPRINT -DIGRAPH_THREAD_LOCAL= -DPRPACK_IGRAPH_SUPPORT -DHAVE_GFORTRAN=1 -D_GNU_SOURCE=1 -I'/usr/local/lib/R/library/cpp11/include' -I/usr/local/include   -fvisibility=hidden -fpic  -g -O2  -c vendor/cigraph/src/properties/triangles.c -o vendor/cigraph/src/properties/triangles.o
#13 854.0 gcc -I"/usr/local/lib/R/include" -DNDEBUG -DUSING_R -I. -Ivendor -Ivendor/cigraph/src -Ivendor/cigraph/include -Ivendor/cigraph/vendor -Ivendor/io/parsers  -I/usr/include/libxml2 -DHAVE_LIBXML -Ivendor/cigraph/vendor/glpk -Ivendor/cigraph/vendor/glpk/env -Ivendor/cigraph/vendor/glpk/minisat -Ivendor/cigraph/vendor/glpk/misc -Ivendor/cigraph/vendor/glpk/draft -Ivendor/cigraph/vendor/glpk/npp -Ivendor/cigraph/vendor/glpk/api -Ivendor/cigraph/vendor/glpk/mpl -Ivendor/cigraph/vendor/glpk/bflib -Ivendor/cigraph/vendor/glpk/amd -Ivendor/cigraph/vendor/glpk/simplex -Ivendor/cigraph/vendor/glpk/colamd -DNDEBUG -DNTIMER -DNPRINT -DIGRAPH_THREAD_LOCAL= -DPRPACK_IGRAPH_SUPPORT -DHAVE_GFORTRAN=1 -D_GNU_SOURCE=1 -I'/usr/local/lib/R/library/cpp11/include' -I/usr/local/include   -fvisibility=hidden -fpic  -g -O2  -c vendor/cigraph/src/random/random.c -o vendor/cigraph/src/random/random.o
#13 854.5 gcc -I"/usr/local/lib/R/include" -DNDEBUG -DUSING_R -I. -Ivendor -Ivendor/cigraph/src -Ivendor/cigraph/include -Ivendor/cigraph/vendor -Ivendor/io/parsers  -I/usr/include/libxml2 -DHAVE_LIBXML -Ivendor/cigraph/vendor/glpk -Ivendor/cigraph/vendor/glpk/env -Ivendor/cigraph/vendor/glpk/minisat -Ivendor/cigraph/vendor/glpk/misc -Ivendor/cigraph/vendor/glpk/draft -Ivendor/cigraph/vendor/glpk/npp -Ivendor/cigraph/vendor/glpk/api -Ivendor/cigraph/vendor/glpk/mpl -Ivendor/cigraph/vendor/glpk/bflib -Ivendor/cigraph/vendor/glpk/amd -Ivendor/cigraph/vendor/glpk/simplex -Ivendor/cigraph/vendor/glpk/colamd -DNDEBUG -DNTIMER -DNPRINT -DIGRAPH_THREAD_LOCAL= -DPRPACK_IGRAPH_SUPPORT -DHAVE_GFORTRAN=1 -D_GNU_SOURCE=1 -I'/usr/local/lib/R/library/cpp11/include' -I/usr/local/include   -fvisibility=hidden -fpic  -g -O2  -c vendor/cigraph/src/random/rng_glibc2.c -o vendor/cigraph/src/random/rng_glibc2.o
#13 854.6 gcc -I"/usr/local/lib/R/include" -DNDEBUG -DUSING_R -I. -Ivendor -Ivendor/cigraph/src -Ivendor/cigraph/include -Ivendor/cigraph/vendor -Ivendor/io/parsers  -I/usr/include/libxml2 -DHAVE_LIBXML -Ivendor/cigraph/vendor/glpk -Ivendor/cigraph/vendor/glpk/env -Ivendor/cigraph/vendor/glpk/minisat -Ivendor/cigraph/vendor/glpk/misc -Ivendor/cigraph/vendor/glpk/draft -Ivendor/cigraph/vendor/glpk/npp -Ivendor/cigraph/vendor/glpk/api -Ivendor/cigraph/vendor/glpk/mpl -Ivendor/cigraph/vendor/glpk/bflib -Ivendor/cigraph/vendor/glpk/amd -Ivendor/cigraph/vendor/glpk/simplex -Ivendor/cigraph/vendor/glpk/colamd -DNDEBUG -DNTIMER -DNPRINT -DIGRAPH_THREAD_LOCAL= -DPRPACK_IGRAPH_SUPPORT -DHAVE_GFORTRAN=1 -D_GNU_SOURCE=1 -I'/usr/local/lib/R/library/cpp11/include' -I/usr/local/include   -fvisibility=hidden -fpic  -g -O2  -c vendor/cigraph/src/random/rng_mt19937.c -o vendor/cigraph/src/random/rng_mt19937.o
#13 854.8 gcc -I"/usr/local/lib/R/include" -DNDEBUG -DUSING_R -I. -Ivendor -Ivendor/cigraph/src -Ivendor/cigraph/include -Ivendor/cigraph/vendor -Ivendor/io/parsers  -I/usr/include/libxml2 -DHAVE_LIBXML -Ivendor/cigraph/vendor/glpk -Ivendor/cigraph/vendor/glpk/env -Ivendor/cigraph/vendor/glpk/minisat -Ivendor/cigraph/vendor/glpk/misc -Ivendor/cigraph/vendor/glpk/draft -Ivendor/cigraph/vendor/glpk/npp -Ivendor/cigraph/vendor/glpk/api -Ivendor/cigraph/vendor/glpk/mpl -Ivendor/cigraph/vendor/glpk/bflib -Ivendor/cigraph/vendor/glpk/amd -Ivendor/cigraph/vendor/glpk/simplex -Ivendor/cigraph/vendor/glpk/colamd -DNDEBUG -DNTIMER -DNPRINT -DIGRAPH_THREAD_LOCAL= -DPRPACK_IGRAPH_SUPPORT -DHAVE_GFORTRAN=1 -D_GNU_SOURCE=1 -I'/usr/local/lib/R/library/cpp11/include' -I/usr/local/include   -fvisibility=hidden -fpic  -g -O2  -c vendor/cigraph/src/random/rng_pcg32.c -o vendor/cigraph/src/random/rng_pcg32.o
#13 854.9 gcc -I"/usr/local/lib/R/include" -DNDEBUG -DUSING_R -I. -Ivendor -Ivendor/cigraph/src -Ivendor/cigraph/include -Ivendor/cigraph/vendor -Ivendor/io/parsers  -I/usr/include/libxml2 -DHAVE_LIBXML -Ivendor/cigraph/vendor/glpk -Ivendor/cigraph/vendor/glpk/env -Ivendor/cigraph/vendor/glpk/minisat -Ivendor/cigraph/vendor/glpk/misc -Ivendor/cigraph/vendor/glpk/draft -Ivendor/cigraph/vendor/glpk/npp -Ivendor/cigraph/vendor/glpk/api -Ivendor/cigraph/vendor/glpk/mpl -Ivendor/cigraph/vendor/glpk/bflib -Ivendor/cigraph/vendor/glpk/amd -Ivendor/cigraph/vendor/glpk/simplex -Ivendor/cigraph/vendor/glpk/colamd -DNDEBUG -DNTIMER -DNPRINT -DIGRAPH_THREAD_LOCAL= -DPRPACK_IGRAPH_SUPPORT -DHAVE_GFORTRAN=1 -D_GNU_SOURCE=1 -I'/usr/local/lib/R/library/cpp11/include' -I/usr/local/include   -fvisibility=hidden -fpic  -g -O2  -c vendor/cigraph/src/random/rng_pcg64.c -o vendor/cigraph/src/random/rng_pcg64.o
#13 855.0 gcc -I"/usr/local/lib/R/include" -DNDEBUG -DUSING_R -I. -Ivendor -Ivendor/cigraph/src -Ivendor/cigraph/include -Ivendor/cigraph/vendor -Ivendor/io/parsers  -I/usr/include/libxml2 -DHAVE_LIBXML -Ivendor/cigraph/vendor/glpk -Ivendor/cigraph/vendor/glpk/env -Ivendor/cigraph/vendor/glpk/minisat -Ivendor/cigraph/vendor/glpk/misc -Ivendor/cigraph/vendor/glpk/draft -Ivendor/cigraph/vendor/glpk/npp -Ivendor/cigraph/vendor/glpk/api -Ivendor/cigraph/vendor/glpk/mpl -Ivendor/cigraph/vendor/glpk/bflib -Ivendor/cigraph/vendor/glpk/amd -Ivendor/cigraph/vendor/glpk/simplex -Ivendor/cigraph/vendor/glpk/colamd -DNDEBUG -DNTIMER -DNPRINT -DIGRAPH_THREAD_LOCAL= -DPRPACK_IGRAPH_SUPPORT -DHAVE_GFORTRAN=1 -D_GNU_SOURCE=1 -I'/usr/local/lib/R/library/cpp11/include' -I/usr/local/include   -fvisibility=hidden -fpic  -g -O2  -c vendor/cigraph/src/version.c -o vendor/cigraph/src/version.o
#13 855.0 gcc -I"/usr/local/lib/R/include" -DNDEBUG -DUSING_R -I. -Ivendor -Ivendor/cigraph/src -Ivendor/cigraph/include -Ivendor/cigraph/vendor -Ivendor/io/parsers  -I/usr/include/libxml2 -DHAVE_LIBXML -Ivendor/cigraph/vendor/glpk -Ivendor/cigraph/vendor/glpk/env -Ivendor/cigraph/vendor/glpk/minisat -Ivendor/cigraph/vendor/glpk/misc -Ivendor/cigraph/vendor/glpk/draft -Ivendor/cigraph/vendor/glpk/npp -Ivendor/cigraph/vendor/glpk/api -Ivendor/cigraph/vendor/glpk/mpl -Ivendor/cigraph/vendor/glpk/bflib -Ivendor/cigraph/vendor/glpk/amd -Ivendor/cigraph/vendor/glpk/simplex -Ivendor/cigraph/vendor/glpk/colamd -DNDEBUG -DNTIMER -DNPRINT -DIGRAPH_THREAD_LOCAL= -DPRPACK_IGRAPH_SUPPORT -DHAVE_GFORTRAN=1 -D_GNU_SOURCE=1 -I'/usr/local/lib/R/library/cpp11/include' -I/usr/local/include   -fvisibility=hidden -fpic  -g -O2  -c vendor/cigraph/vendor/cs/cs_add.c -o vendor/cigraph/vendor/cs/cs_add.o
#13 855.1 gcc -I"/usr/local/lib/R/include" -DNDEBUG -DUSING_R -I. -Ivendor -Ivendor/cigraph/src -Ivendor/cigraph/include -Ivendor/cigraph/vendor -Ivendor/io/parsers  -I/usr/include/libxml2 -DHAVE_LIBXML -Ivendor/cigraph/vendor/glpk -Ivendor/cigraph/vendor/glpk/env -Ivendor/cigraph/vendor/glpk/minisat -Ivendor/cigraph/vendor/glpk/misc -Ivendor/cigraph/vendor/glpk/draft -Ivendor/cigraph/vendor/glpk/npp -Ivendor/cigraph/vendor/glpk/api -Ivendor/cigraph/vendor/glpk/mpl -Ivendor/cigraph/vendor/glpk/bflib -Ivendor/cigraph/vendor/glpk/amd -Ivendor/cigraph/vendor/glpk/simplex -Ivendor/cigraph/vendor/glpk/colamd -DNDEBUG -DNTIMER -DNPRINT -DIGRAPH_THREAD_LOCAL= -DPRPACK_IGRAPH_SUPPORT -DHAVE_GFORTRAN=1 -D_GNU_SOURCE=1 -I'/usr/local/lib/R/library/cpp11/include' -I/usr/local/include   -fvisibility=hidden -fpic  -g -O2  -c vendor/cigraph/vendor/cs/cs_amd.c -o vendor/cigraph/vendor/cs/cs_amd.o
#13 855.4 gcc -I"/usr/local/lib/R/include" -DNDEBUG -DUSING_R -I. -Ivendor -Ivendor/cigraph/src -Ivendor/cigraph/include -Ivendor/cigraph/vendor -Ivendor/io/parsers  -I/usr/include/libxml2 -DHAVE_LIBXML -Ivendor/cigraph/vendor/glpk -Ivendor/cigraph/vendor/glpk/env -Ivendor/cigraph/vendor/glpk/minisat -Ivendor/cigraph/vendor/glpk/misc -Ivendor/cigraph/vendor/glpk/draft -Ivendor/cigraph/vendor/glpk/npp -Ivendor/cigraph/vendor/glpk/api -Ivendor/cigraph/vendor/glpk/mpl -Ivendor/cigraph/vendor/glpk/bflib -Ivendor/cigraph/vendor/glpk/amd -Ivendor/cigraph/vendor/glpk/simplex -Ivendor/cigraph/vendor/glpk/colamd -DNDEBUG -DNTIMER -DNPRINT -DIGRAPH_THREAD_LOCAL= -DPRPACK_IGRAPH_SUPPORT -DHAVE_GFORTRAN=1 -D_GNU_SOURCE=1 -I'/usr/local/lib/R/library/cpp11/include' -I/usr/local/include   -fvisibility=hidden -fpic  -g -O2  -c vendor/cigraph/vendor/cs/cs_chol.c -o vendor/cigraph/vendor/cs/cs_chol.o
#13 855.5 gcc -I"/usr/local/lib/R/include" -DNDEBUG -DUSING_R -I. -Ivendor -Ivendor/cigraph/src -Ivendor/cigraph/include -Ivendor/cigraph/vendor -Ivendor/io/parsers  -I/usr/include/libxml2 -DHAVE_LIBXML -Ivendor/cigraph/vendor/glpk -Ivendor/cigraph/vendor/glpk/env -Ivendor/cigraph/vendor/glpk/minisat -Ivendor/cigraph/vendor/glpk/misc -Ivendor/cigraph/vendor/glpk/draft -Ivendor/cigraph/vendor/glpk/npp -Ivendor/cigraph/vendor/glpk/api -Ivendor/cigraph/vendor/glpk/mpl -Ivendor/cigraph/vendor/glpk/bflib -Ivendor/cigraph/vendor/glpk/amd -Ivendor/cigraph/vendor/glpk/simplex -Ivendor/cigraph/vendor/glpk/colamd -DNDEBUG -DNTIMER -DNPRINT -DIGRAPH_THREAD_LOCAL= -DPRPACK_IGRAPH_SUPPORT -DHAVE_GFORTRAN=1 -D_GNU_SOURCE=1 -I'/usr/local/lib/R/library/cpp11/include' -I/usr/local/include   -fvisibility=hidden -fpic  -g -O2  -c vendor/cigraph/vendor/cs/cs_cholsol.c -o vendor/cigraph/vendor/cs/cs_cholsol.o
#13 855.6 gcc -I"/usr/local/lib/R/include" -DNDEBUG -DUSING_R -I. -Ivendor -Ivendor/cigraph/src -Ivendor/cigraph/include -Ivendor/cigraph/vendor -Ivendor/io/parsers  -I/usr/include/libxml2 -DHAVE_LIBXML -Ivendor/cigraph/vendor/glpk -Ivendor/cigraph/vendor/glpk/env -Ivendor/cigraph/vendor/glpk/minisat -Ivendor/cigraph/vendor/glpk/misc -Ivendor/cigraph/vendor/glpk/draft -Ivendor/cigraph/vendor/glpk/npp -Ivendor/cigraph/vendor/glpk/api -Ivendor/cigraph/vendor/glpk/mpl -Ivendor/cigraph/vendor/glpk/bflib -Ivendor/cigraph/vendor/glpk/amd -Ivendor/cigraph/vendor/glpk/simplex -Ivendor/cigraph/vendor/glpk/colamd -DNDEBUG -DNTIMER -DNPRINT -DIGRAPH_THREAD_LOCAL= -DPRPACK_IGRAPH_SUPPORT -DHAVE_GFORTRAN=1 -D_GNU_SOURCE=1 -I'/usr/local/lib/R/library/cpp11/include' -I/usr/local/include   -fvisibility=hidden -fpic  -g -O2  -c vendor/cigraph/vendor/cs/cs_compress.c -o vendor/cigraph/vendor/cs/cs_compress.o
#13 855.7 gcc -I"/usr/local/lib/R/include" -DNDEBUG -DUSING_R -I. -Ivendor -Ivendor/cigraph/src -Ivendor/cigraph/include -Ivendor/cigraph/vendor -Ivendor/io/parsers  -I/usr/include/libxml2 -DHAVE_LIBXML -Ivendor/cigraph/vendor/glpk -Ivendor/cigraph/vendor/glpk/env -Ivendor/cigraph/vendor/glpk/minisat -Ivendor/cigraph/vendor/glpk/misc -Ivendor/cigraph/vendor/glpk/draft -Ivendor/cigraph/vendor/glpk/npp -Ivendor/cigraph/vendor/glpk/api -Ivendor/cigraph/vendor/glpk/mpl -Ivendor/cigraph/vendor/glpk/bflib -Ivendor/cigraph/vendor/glpk/amd -Ivendor/cigraph/vendor/glpk/simplex -Ivendor/cigraph/vendor/glpk/colamd -DNDEBUG -DNTIMER -DNPRINT -DIGRAPH_THREAD_LOCAL= -DPRPACK_IGRAPH_SUPPORT -DHAVE_GFORTRAN=1 -D_GNU_SOURCE=1 -I'/usr/local/lib/R/library/cpp11/include' -I/usr/local/include   -fvisibility=hidden -fpic  -g -O2  -c vendor/cigraph/vendor/cs/cs_counts.c -o vendor/cigraph/vendor/cs/cs_counts.o
#13 855.8 gcc -I"/usr/local/lib/R/include" -DNDEBUG -DUSING_R -I. -Ivendor -Ivendor/cigraph/src -Ivendor/cigraph/include -Ivendor/cigraph/vendor -Ivendor/io/parsers  -I/usr/include/libxml2 -DHAVE_LIBXML -Ivendor/cigraph/vendor/glpk -Ivendor/cigraph/vendor/glpk/env -Ivendor/cigraph/vendor/glpk/minisat -Ivendor/cigraph/vendor/glpk/misc -Ivendor/cigraph/vendor/glpk/draft -Ivendor/cigraph/vendor/glpk/npp -Ivendor/cigraph/vendor/glpk/api -Ivendor/cigraph/vendor/glpk/mpl -Ivendor/cigraph/vendor/glpk/bflib -Ivendor/cigraph/vendor/glpk/amd -Ivendor/cigraph/vendor/glpk/simplex -Ivendor/cigraph/vendor/glpk/colamd -DNDEBUG -DNTIMER -DNPRINT -DIGRAPH_THREAD_LOCAL= -DPRPACK_IGRAPH_SUPPORT -DHAVE_GFORTRAN=1 -D_GNU_SOURCE=1 -I'/usr/local/lib/R/library/cpp11/include' -I/usr/local/include   -fvisibility=hidden -fpic  -g -O2  -c vendor/cigraph/vendor/cs/cs_cumsum.c -o vendor/cigraph/vendor/cs/cs_cumsum.o
#13 855.9 gcc -I"/usr/local/lib/R/include" -DNDEBUG -DUSING_R -I. -Ivendor -Ivendor/cigraph/src -Ivendor/cigraph/include -Ivendor/cigraph/vendor -Ivendor/io/parsers  -I/usr/include/libxml2 -DHAVE_LIBXML -Ivendor/cigraph/vendor/glpk -Ivendor/cigraph/vendor/glpk/env -Ivendor/cigraph/vendor/glpk/minisat -Ivendor/cigraph/vendor/glpk/misc -Ivendor/cigraph/vendor/glpk/draft -Ivendor/cigraph/vendor/glpk/npp -Ivendor/cigraph/vendor/glpk/api -Ivendor/cigraph/vendor/glpk/mpl -Ivendor/cigraph/vendor/glpk/bflib -Ivendor/cigraph/vendor/glpk/amd -Ivendor/cigraph/vendor/glpk/simplex -Ivendor/cigraph/vendor/glpk/colamd -DNDEBUG -DNTIMER -DNPRINT -DIGRAPH_THREAD_LOCAL= -DPRPACK_IGRAPH_SUPPORT -DHAVE_GFORTRAN=1 -D_GNU_SOURCE=1 -I'/usr/local/lib/R/library/cpp11/include' -I/usr/local/include   -fvisibility=hidden -fpic  -g -O2  -c vendor/cigraph/vendor/cs/cs_dfs.c -o vendor/cigraph/vendor/cs/cs_dfs.o
#13 856.0 gcc -I"/usr/local/lib/R/include" -DNDEBUG -DUSING_R -I. -Ivendor -Ivendor/cigraph/src -Ivendor/cigraph/include -Ivendor/cigraph/vendor -Ivendor/io/parsers  -I/usr/include/libxml2 -DHAVE_LIBXML -Ivendor/cigraph/vendor/glpk -Ivendor/cigraph/vendor/glpk/env -Ivendor/cigraph/vendor/glpk/minisat -Ivendor/cigraph/vendor/glpk/misc -Ivendor/cigraph/vendor/glpk/draft -Ivendor/cigraph/vendor/glpk/npp -Ivendor/cigraph/vendor/glpk/api -Ivendor/cigraph/vendor/glpk/mpl -Ivendor/cigraph/vendor/glpk/bflib -Ivendor/cigraph/vendor/glpk/amd -Ivendor/cigraph/vendor/glpk/simplex -Ivendor/cigraph/vendor/glpk/colamd -DNDEBUG -DNTIMER -DNPRINT -DIGRAPH_THREAD_LOCAL= -DPRPACK_IGRAPH_SUPPORT -DHAVE_GFORTRAN=1 -D_GNU_SOURCE=1 -I'/usr/local/lib/R/library/cpp11/include' -I/usr/local/include   -fvisibility=hidden -fpic  -g -O2  -c vendor/cigraph/vendor/cs/cs_dmperm.c -o vendor/cigraph/vendor/cs/cs_dmperm.o
#13 856.2 gcc -I"/usr/local/lib/R/include" -DNDEBUG -DUSING_R -I. -Ivendor -Ivendor/cigraph/src -Ivendor/cigraph/include -Ivendor/cigraph/vendor -Ivendor/io/parsers  -I/usr/include/libxml2 -DHAVE_LIBXML -Ivendor/cigraph/vendor/glpk -Ivendor/cigraph/vendor/glpk/env -Ivendor/cigraph/vendor/glpk/minisat -Ivendor/cigraph/vendor/glpk/misc -Ivendor/cigraph/vendor/glpk/draft -Ivendor/cigraph/vendor/glpk/npp -Ivendor/cigraph/vendor/glpk/api -Ivendor/cigraph/vendor/glpk/mpl -Ivendor/cigraph/vendor/glpk/bflib -Ivendor/cigraph/vendor/glpk/amd -Ivendor/cigraph/vendor/glpk/simplex -Ivendor/cigraph/vendor/glpk/colamd -DNDEBUG -DNTIMER -DNPRINT -DIGRAPH_THREAD_LOCAL= -DPRPACK_IGRAPH_SUPPORT -DHAVE_GFORTRAN=1 -D_GNU_SOURCE=1 -I'/usr/local/lib/R/library/cpp11/include' -I/usr/local/include   -fvisibility=hidden -fpic  -g -O2  -c vendor/cigraph/vendor/cs/cs_droptol.c -o vendor/cigraph/vendor/cs/cs_droptol.o
#13 856.3 gcc -I"/usr/local/lib/R/include" -DNDEBUG -DUSING_R -I. -Ivendor -Ivendor/cigraph/src -Ivendor/cigraph/include -Ivendor/cigraph/vendor -Ivendor/io/parsers  -I/usr/include/libxml2 -DHAVE_LIBXML -Ivendor/cigraph/vendor/glpk -Ivendor/cigraph/vendor/glpk/env -Ivendor/cigraph/vendor/glpk/minisat -Ivendor/cigraph/vendor/glpk/misc -Ivendor/cigraph/vendor/glpk/draft -Ivendor/cigraph/vendor/glpk/npp -Ivendor/cigraph/vendor/glpk/api -Ivendor/cigraph/vendor/glpk/mpl -Ivendor/cigraph/vendor/glpk/bflib -Ivendor/cigraph/vendor/glpk/amd -Ivendor/cigraph/vendor/glpk/simplex -Ivendor/cigraph/vendor/glpk/colamd -DNDEBUG -DNTIMER -DNPRINT -DIGRAPH_THREAD_LOCAL= -DPRPACK_IGRAPH_SUPPORT -DHAVE_GFORTRAN=1 -D_GNU_SOURCE=1 -I'/usr/local/lib/R/library/cpp11/include' -I/usr/local/include   -fvisibility=hidden -fpic  -g -O2  -c vendor/cigraph/vendor/cs/cs_dropzeros.c -o vendor/cigraph/vendor/cs/cs_dropzeros.o
#13 856.3 gcc -I"/usr/local/lib/R/include" -DNDEBUG -DUSING_R -I. -Ivendor -Ivendor/cigraph/src -Ivendor/cigraph/include -Ivendor/cigraph/vendor -Ivendor/io/parsers  -I/usr/include/libxml2 -DHAVE_LIBXML -Ivendor/cigraph/vendor/glpk -Ivendor/cigraph/vendor/glpk/env -Ivendor/cigraph/vendor/glpk/minisat -Ivendor/cigraph/vendor/glpk/misc -Ivendor/cigraph/vendor/glpk/draft -Ivendor/cigraph/vendor/glpk/npp -Ivendor/cigraph/vendor/glpk/api -Ivendor/cigraph/vendor/glpk/mpl -Ivendor/cigraph/vendor/glpk/bflib -Ivendor/cigraph/vendor/glpk/amd -Ivendor/cigraph/vendor/glpk/simplex -Ivendor/cigraph/vendor/glpk/colamd -DNDEBUG -DNTIMER -DNPRINT -DIGRAPH_THREAD_LOCAL= -DPRPACK_IGRAPH_SUPPORT -DHAVE_GFORTRAN=1 -D_GNU_SOURCE=1 -I'/usr/local/lib/R/library/cpp11/include' -I/usr/local/include   -fvisibility=hidden -fpic  -g -O2  -c vendor/cigraph/vendor/cs/cs_dupl.c -o vendor/cigraph/vendor/cs/cs_dupl.o
#13 856.4 gcc -I"/usr/local/lib/R/include" -DNDEBUG -DUSING_R -I. -Ivendor -Ivendor/cigraph/src -Ivendor/cigraph/include -Ivendor/cigraph/vendor -Ivendor/io/parsers  -I/usr/include/libxml2 -DHAVE_LIBXML -Ivendor/cigraph/vendor/glpk -Ivendor/cigraph/vendor/glpk/env -Ivendor/cigraph/vendor/glpk/minisat -Ivendor/cigraph/vendor/glpk/misc -Ivendor/cigraph/vendor/glpk/draft -Ivendor/cigraph/vendor/glpk/npp -Ivendor/cigraph/vendor/glpk/api -Ivendor/cigraph/vendor/glpk/mpl -Ivendor/cigraph/vendor/glpk/bflib -Ivendor/cigraph/vendor/glpk/amd -Ivendor/cigraph/vendor/glpk/simplex -Ivendor/cigraph/vendor/glpk/colamd -DNDEBUG -DNTIMER -DNPRINT -DIGRAPH_THREAD_LOCAL= -DPRPACK_IGRAPH_SUPPORT -DHAVE_GFORTRAN=1 -D_GNU_SOURCE=1 -I'/usr/local/lib/R/library/cpp11/include' -I/usr/local/include   -fvisibility=hidden -fpic  -g -O2  -c vendor/cigraph/vendor/cs/cs_entry.c -o vendor/cigraph/vendor/cs/cs_entry.o
#13 856.5 gcc -I"/usr/local/lib/R/include" -DNDEBUG -DUSING_R -I. -Ivendor -Ivendor/cigraph/src -Ivendor/cigraph/include -Ivendor/cigraph/vendor -Ivendor/io/parsers  -I/usr/include/libxml2 -DHAVE_LIBXML -Ivendor/cigraph/vendor/glpk -Ivendor/cigraph/vendor/glpk/env -Ivendor/cigraph/vendor/glpk/minisat -Ivendor/cigraph/vendor/glpk/misc -Ivendor/cigraph/vendor/glpk/draft -Ivendor/cigraph/vendor/glpk/npp -Ivendor/cigraph/vendor/glpk/api -Ivendor/cigraph/vendor/glpk/mpl -Ivendor/cigraph/vendor/glpk/bflib -Ivendor/cigraph/vendor/glpk/amd -Ivendor/cigraph/vendor/glpk/simplex -Ivendor/cigraph/vendor/glpk/colamd -DNDEBUG -DNTIMER -DNPRINT -DIGRAPH_THREAD_LOCAL= -DPRPACK_IGRAPH_SUPPORT -DHAVE_GFORTRAN=1 -D_GNU_SOURCE=1 -I'/usr/local/lib/R/library/cpp11/include' -I/usr/local/include   -fvisibility=hidden -fpic  -g -O2  -c vendor/cigraph/vendor/cs/cs_ereach.c -o vendor/cigraph/vendor/cs/cs_ereach.o
#13 856.6 gcc -I"/usr/local/lib/R/include" -DNDEBUG -DUSING_R -I. -Ivendor -Ivendor/cigraph/src -Ivendor/cigraph/include -Ivendor/cigraph/vendor -Ivendor/io/parsers  -I/usr/include/libxml2 -DHAVE_LIBXML -Ivendor/cigraph/vendor/glpk -Ivendor/cigraph/vendor/glpk/env -Ivendor/cigraph/vendor/glpk/minisat -Ivendor/cigraph/vendor/glpk/misc -Ivendor/cigraph/vendor/glpk/draft -Ivendor/cigraph/vendor/glpk/npp -Ivendor/cigraph/vendor/glpk/api -Ivendor/cigraph/vendor/glpk/mpl -Ivendor/cigraph/vendor/glpk/bflib -Ivendor/cigraph/vendor/glpk/amd -Ivendor/cigraph/vendor/glpk/simplex -Ivendor/cigraph/vendor/glpk/colamd -DNDEBUG -DNTIMER -DNPRINT -DIGRAPH_THREAD_LOCAL= -DPRPACK_IGRAPH_SUPPORT -DHAVE_GFORTRAN=1 -D_GNU_SOURCE=1 -I'/usr/local/lib/R/library/cpp11/include' -I/usr/local/include   -fvisibility=hidden -fpic  -g -O2  -c vendor/cigraph/vendor/cs/cs_etree.c -o vendor/cigraph/vendor/cs/cs_etree.o
#13 856.7 gcc -I"/usr/local/lib/R/include" -DNDEBUG -DUSING_R -I. -Ivendor -Ivendor/cigraph/src -Ivendor/cigraph/include -Ivendor/cigraph/vendor -Ivendor/io/parsers  -I/usr/include/libxml2 -DHAVE_LIBXML -Ivendor/cigraph/vendor/glpk -Ivendor/cigraph/vendor/glpk/env -Ivendor/cigraph/vendor/glpk/minisat -Ivendor/cigraph/vendor/glpk/misc -Ivendor/cigraph/vendor/glpk/draft -Ivendor/cigraph/vendor/glpk/npp -Ivendor/cigraph/vendor/glpk/api -Ivendor/cigraph/vendor/glpk/mpl -Ivendor/cigraph/vendor/glpk/bflib -Ivendor/cigraph/vendor/glpk/amd -Ivendor/cigraph/vendor/glpk/simplex -Ivendor/cigraph/vendor/glpk/colamd -DNDEBUG -DNTIMER -DNPRINT -DIGRAPH_THREAD_LOCAL= -DPRPACK_IGRAPH_SUPPORT -DHAVE_GFORTRAN=1 -D_GNU_SOURCE=1 -I'/usr/local/lib/R/library/cpp11/include' -I/usr/local/include   -fvisibility=hidden -fpic  -g -O2  -c vendor/cigraph/vendor/cs/cs_fkeep.c -o vendor/cigraph/vendor/cs/cs_fkeep.o
#13 856.8 gcc -I"/usr/local/lib/R/include" -DNDEBUG -DUSING_R -I. -Ivendor -Ivendor/cigraph/src -Ivendor/cigraph/include -Ivendor/cigraph/vendor -Ivendor/io/parsers  -I/usr/include/libxml2 -DHAVE_LIBXML -Ivendor/cigraph/vendor/glpk -Ivendor/cigraph/vendor/glpk/env -Ivendor/cigraph/vendor/glpk/minisat -Ivendor/cigraph/vendor/glpk/misc -Ivendor/cigraph/vendor/glpk/draft -Ivendor/cigraph/vendor/glpk/npp -Ivendor/cigraph/vendor/glpk/api -Ivendor/cigraph/vendor/glpk/mpl -Ivendor/cigraph/vendor/glpk/bflib -Ivendor/cigraph/vendor/glpk/amd -Ivendor/cigraph/vendor/glpk/simplex -Ivendor/cigraph/vendor/glpk/colamd -DNDEBUG -DNTIMER -DNPRINT -DIGRAPH_THREAD_LOCAL= -DPRPACK_IGRAPH_SUPPORT -DHAVE_GFORTRAN=1 -D_GNU_SOURCE=1 -I'/usr/local/lib/R/library/cpp11/include' -I/usr/local/include   -fvisibility=hidden -fpic  -g -O2  -c vendor/cigraph/vendor/cs/cs_gaxpy.c -o vendor/cigraph/vendor/cs/cs_gaxpy.o
#13 856.9 gcc -I"/usr/local/lib/R/include" -DNDEBUG -DUSING_R -I. -Ivendor -Ivendor/cigraph/src -Ivendor/cigraph/include -Ivendor/cigraph/vendor -Ivendor/io/parsers  -I/usr/include/libxml2 -DHAVE_LIBXML -Ivendor/cigraph/vendor/glpk -Ivendor/cigraph/vendor/glpk/env -Ivendor/cigraph/vendor/glpk/minisat -Ivendor/cigraph/vendor/glpk/misc -Ivendor/cigraph/vendor/glpk/draft -Ivendor/cigraph/vendor/glpk/npp -Ivendor/cigraph/vendor/glpk/api -Ivendor/cigraph/vendor/glpk/mpl -Ivendor/cigraph/vendor/glpk/bflib -Ivendor/cigraph/vendor/glpk/amd -Ivendor/cigraph/vendor/glpk/simplex -Ivendor/cigraph/vendor/glpk/colamd -DNDEBUG -DNTIMER -DNPRINT -DIGRAPH_THREAD_LOCAL= -DPRPACK_IGRAPH_SUPPORT -DHAVE_GFORTRAN=1 -D_GNU_SOURCE=1 -I'/usr/local/lib/R/library/cpp11/include' -I/usr/local/include   -fvisibility=hidden -fpic  -g -O2  -c vendor/cigraph/vendor/cs/cs_happly.c -o vendor/cigraph/vendor/cs/cs_happly.o
#13 857.0 gcc -I"/usr/local/lib/R/include" -DNDEBUG -DUSING_R -I. -Ivendor -Ivendor/cigraph/src -Ivendor/cigraph/include -Ivendor/cigraph/vendor -Ivendor/io/parsers  -I/usr/include/libxml2 -DHAVE_LIBXML -Ivendor/cigraph/vendor/glpk -Ivendor/cigraph/vendor/glpk/env -Ivendor/cigraph/vendor/glpk/minisat -Ivendor/cigraph/vendor/glpk/misc -Ivendor/cigraph/vendor/glpk/draft -Ivendor/cigraph/vendor/glpk/npp -Ivendor/cigraph/vendor/glpk/api -Ivendor/cigraph/vendor/glpk/mpl -Ivendor/cigraph/vendor/glpk/bflib -Ivendor/cigraph/vendor/glpk/amd -Ivendor/cigraph/vendor/glpk/simplex -Ivendor/cigraph/vendor/glpk/colamd -DNDEBUG -DNTIMER -DNPRINT -DIGRAPH_THREAD_LOCAL= -DPRPACK_IGRAPH_SUPPORT -DHAVE_GFORTRAN=1 -D_GNU_SOURCE=1 -I'/usr/local/lib/R/library/cpp11/include' -I/usr/local/include   -fvisibility=hidden -fpic  -g -O2  -c vendor/cigraph/vendor/cs/cs_house.c -o vendor/cigraph/vendor/cs/cs_house.o
#13 857.1 gcc -I"/usr/local/lib/R/include" -DNDEBUG -DUSING_R -I. -Ivendor -Ivendor/cigraph/src -Ivendor/cigraph/include -Ivendor/cigraph/vendor -Ivendor/io/parsers  -I/usr/include/libxml2 -DHAVE_LIBXML -Ivendor/cigraph/vendor/glpk -Ivendor/cigraph/vendor/glpk/env -Ivendor/cigraph/vendor/glpk/minisat -Ivendor/cigraph/vendor/glpk/misc -Ivendor/cigraph/vendor/glpk/draft -Ivendor/cigraph/vendor/glpk/npp -Ivendor/cigraph/vendor/glpk/api -Ivendor/cigraph/vendor/glpk/mpl -Ivendor/cigraph/vendor/glpk/bflib -Ivendor/cigraph/vendor/glpk/amd -Ivendor/cigraph/vendor/glpk/simplex -Ivendor/cigraph/vendor/glpk/colamd -DNDEBUG -DNTIMER -DNPRINT -DIGRAPH_THREAD_LOCAL= -DPRPACK_IGRAPH_SUPPORT -DHAVE_GFORTRAN=1 -D_GNU_SOURCE=1 -I'/usr/local/lib/R/library/cpp11/include' -I/usr/local/include   -fvisibility=hidden -fpic  -g -O2  -c vendor/cigraph/vendor/cs/cs_ipvec.c -o vendor/cigraph/vendor/cs/cs_ipvec.o
#13 857.2 gcc -I"/usr/local/lib/R/include" -DNDEBUG -DUSING_R -I. -Ivendor -Ivendor/cigraph/src -Ivendor/cigraph/include -Ivendor/cigraph/vendor -Ivendor/io/parsers  -I/usr/include/libxml2 -DHAVE_LIBXML -Ivendor/cigraph/vendor/glpk -Ivendor/cigraph/vendor/glpk/env -Ivendor/cigraph/vendor/glpk/minisat -Ivendor/cigraph/vendor/glpk/misc -Ivendor/cigraph/vendor/glpk/draft -Ivendor/cigraph/vendor/glpk/npp -Ivendor/cigraph/vendor/glpk/api -Ivendor/cigraph/vendor/glpk/mpl -Ivendor/cigraph/vendor/glpk/bflib -Ivendor/cigraph/vendor/glpk/amd -Ivendor/cigraph/vendor/glpk/simplex -Ivendor/cigraph/vendor/glpk/colamd -DNDEBUG -DNTIMER -DNPRINT -DIGRAPH_THREAD_LOCAL= -DPRPACK_IGRAPH_SUPPORT -DHAVE_GFORTRAN=1 -D_GNU_SOURCE=1 -I'/usr/local/lib/R/library/cpp11/include' -I/usr/local/include   -fvisibility=hidden -fpic  -g -O2  -c vendor/cigraph/vendor/cs/cs_leaf.c -o vendor/cigraph/vendor/cs/cs_leaf.o
#13 857.3 gcc -I"/usr/local/lib/R/include" -DNDEBUG -DUSING_R -I. -Ivendor -Ivendor/cigraph/src -Ivendor/cigraph/include -Ivendor/cigraph/vendor -Ivendor/io/parsers  -I/usr/include/libxml2 -DHAVE_LIBXML -Ivendor/cigraph/vendor/glpk -Ivendor/cigraph/vendor/glpk/env -Ivendor/cigraph/vendor/glpk/minisat -Ivendor/cigraph/vendor/glpk/misc -Ivendor/cigraph/vendor/glpk/draft -Ivendor/cigraph/vendor/glpk/npp -Ivendor/cigraph/vendor/glpk/api -Ivendor/cigraph/vendor/glpk/mpl -Ivendor/cigraph/vendor/glpk/bflib -Ivendor/cigraph/vendor/glpk/amd -Ivendor/cigraph/vendor/glpk/simplex -Ivendor/cigraph/vendor/glpk/colamd -DNDEBUG -DNTIMER -DNPRINT -DIGRAPH_THREAD_LOCAL= -DPRPACK_IGRAPH_SUPPORT -DHAVE_GFORTRAN=1 -D_GNU_SOURCE=1 -I'/usr/local/lib/R/library/cpp11/include' -I/usr/local/include   -fvisibility=hidden -fpic  -g -O2  -c vendor/cigraph/vendor/cs/cs_load.c -o vendor/cigraph/vendor/cs/cs_load.o
#13 857.3 gcc -I"/usr/local/lib/R/include" -DNDEBUG -DUSING_R -I. -Ivendor -Ivendor/cigraph/src -Ivendor/cigraph/include -Ivendor/cigraph/vendor -Ivendor/io/parsers  -I/usr/include/libxml2 -DHAVE_LIBXML -Ivendor/cigraph/vendor/glpk -Ivendor/cigraph/vendor/glpk/env -Ivendor/cigraph/vendor/glpk/minisat -Ivendor/cigraph/vendor/glpk/misc -Ivendor/cigraph/vendor/glpk/draft -Ivendor/cigraph/vendor/glpk/npp -Ivendor/cigraph/vendor/glpk/api -Ivendor/cigraph/vendor/glpk/mpl -Ivendor/cigraph/vendor/glpk/bflib -Ivendor/cigraph/vendor/glpk/amd -Ivendor/cigraph/vendor/glpk/simplex -Ivendor/cigraph/vendor/glpk/colamd -DNDEBUG -DNTIMER -DNPRINT -DIGRAPH_THREAD_LOCAL= -DPRPACK_IGRAPH_SUPPORT -DHAVE_GFORTRAN=1 -D_GNU_SOURCE=1 -I'/usr/local/lib/R/library/cpp11/include' -I/usr/local/include   -fvisibility=hidden -fpic  -g -O2  -c vendor/cigraph/vendor/cs/cs_lsolve.c -o vendor/cigraph/vendor/cs/cs_lsolve.o
#13 857.4 gcc -I"/usr/local/lib/R/include" -DNDEBUG -DUSING_R -I. -Ivendor -Ivendor/cigraph/src -Ivendor/cigraph/include -Ivendor/cigraph/vendor -Ivendor/io/parsers  -I/usr/include/libxml2 -DHAVE_LIBXML -Ivendor/cigraph/vendor/glpk -Ivendor/cigraph/vendor/glpk/env -Ivendor/cigraph/vendor/glpk/minisat -Ivendor/cigraph/vendor/glpk/misc -Ivendor/cigraph/vendor/glpk/draft -Ivendor/cigraph/vendor/glpk/npp -Ivendor/cigraph/vendor/glpk/api -Ivendor/cigraph/vendor/glpk/mpl -Ivendor/cigraph/vendor/glpk/bflib -Ivendor/cigraph/vendor/glpk/amd -Ivendor/cigraph/vendor/glpk/simplex -Ivendor/cigraph/vendor/glpk/colamd -DNDEBUG -DNTIMER -DNPRINT -DIGRAPH_THREAD_LOCAL= -DPRPACK_IGRAPH_SUPPORT -DHAVE_GFORTRAN=1 -D_GNU_SOURCE=1 -I'/usr/local/lib/R/library/cpp11/include' -I/usr/local/include   -fvisibility=hidden -fpic  -g -O2  -c vendor/cigraph/vendor/cs/cs_ltsolve.c -o vendor/cigraph/vendor/cs/cs_ltsolve.o
#13 857.5 gcc -I"/usr/local/lib/R/include" -DNDEBUG -DUSING_R -I. -Ivendor -Ivendor/cigraph/src -Ivendor/cigraph/include -Ivendor/cigraph/vendor -Ivendor/io/parsers  -I/usr/include/libxml2 -DHAVE_LIBXML -Ivendor/cigraph/vendor/glpk -Ivendor/cigraph/vendor/glpk/env -Ivendor/cigraph/vendor/glpk/minisat -Ivendor/cigraph/vendor/glpk/misc -Ivendor/cigraph/vendor/glpk/draft -Ivendor/cigraph/vendor/glpk/npp -Ivendor/cigraph/vendor/glpk/api -Ivendor/cigraph/vendor/glpk/mpl -Ivendor/cigraph/vendor/glpk/bflib -Ivendor/cigraph/vendor/glpk/amd -Ivendor/cigraph/vendor/glpk/simplex -Ivendor/cigraph/vendor/glpk/colamd -DNDEBUG -DNTIMER -DNPRINT -DIGRAPH_THREAD_LOCAL= -DPRPACK_IGRAPH_SUPPORT -DHAVE_GFORTRAN=1 -D_GNU_SOURCE=1 -I'/usr/local/lib/R/library/cpp11/include' -I/usr/local/include   -fvisibility=hidden -fpic  -g -O2  -c vendor/cigraph/vendor/cs/cs_lu.c -o vendor/cigraph/vendor/cs/cs_lu.o
#13 857.6 gcc -I"/usr/local/lib/R/include" -DNDEBUG -DUSING_R -I. -Ivendor -Ivendor/cigraph/src -Ivendor/cigraph/include -Ivendor/cigraph/vendor -Ivendor/io/parsers  -I/usr/include/libxml2 -DHAVE_LIBXML -Ivendor/cigraph/vendor/glpk -Ivendor/cigraph/vendor/glpk/env -Ivendor/cigraph/vendor/glpk/minisat -Ivendor/cigraph/vendor/glpk/misc -Ivendor/cigraph/vendor/glpk/draft -Ivendor/cigraph/vendor/glpk/npp -Ivendor/cigraph/vendor/glpk/api -Ivendor/cigraph/vendor/glpk/mpl -Ivendor/cigraph/vendor/glpk/bflib -Ivendor/cigraph/vendor/glpk/amd -Ivendor/cigraph/vendor/glpk/simplex -Ivendor/cigraph/vendor/glpk/colamd -DNDEBUG -DNTIMER -DNPRINT -DIGRAPH_THREAD_LOCAL= -DPRPACK_IGRAPH_SUPPORT -DHAVE_GFORTRAN=1 -D_GNU_SOURCE=1 -I'/usr/local/lib/R/library/cpp11/include' -I/usr/local/include   -fvisibility=hidden -fpic  -g -O2  -c vendor/cigraph/vendor/cs/cs_lusol.c -o vendor/cigraph/vendor/cs/cs_lusol.o
#13 857.7 gcc -I"/usr/local/lib/R/include" -DNDEBUG -DUSING_R -I. -Ivendor -Ivendor/cigraph/src -Ivendor/cigraph/include -Ivendor/cigraph/vendor -Ivendor/io/parsers  -I/usr/include/libxml2 -DHAVE_LIBXML -Ivendor/cigraph/vendor/glpk -Ivendor/cigraph/vendor/glpk/env -Ivendor/cigraph/vendor/glpk/minisat -Ivendor/cigraph/vendor/glpk/misc -Ivendor/cigraph/vendor/glpk/draft -Ivendor/cigraph/vendor/glpk/npp -Ivendor/cigraph/vendor/glpk/api -Ivendor/cigraph/vendor/glpk/mpl -Ivendor/cigraph/vendor/glpk/bflib -Ivendor/cigraph/vendor/glpk/amd -Ivendor/cigraph/vendor/glpk/simplex -Ivendor/cigraph/vendor/glpk/colamd -DNDEBUG -DNTIMER -DNPRINT -DIGRAPH_THREAD_LOCAL= -DPRPACK_IGRAPH_SUPPORT -DHAVE_GFORTRAN=1 -D_GNU_SOURCE=1 -I'/usr/local/lib/R/library/cpp11/include' -I/usr/local/include   -fvisibility=hidden -fpic  -g -O2  -c vendor/cigraph/vendor/cs/cs_malloc.c -o vendor/cigraph/vendor/cs/cs_malloc.o
#13 857.8 gcc -I"/usr/local/lib/R/include" -DNDEBUG -DUSING_R -I. -Ivendor -Ivendor/cigraph/src -Ivendor/cigraph/include -Ivendor/cigraph/vendor -Ivendor/io/parsers  -I/usr/include/libxml2 -DHAVE_LIBXML -Ivendor/cigraph/vendor/glpk -Ivendor/cigraph/vendor/glpk/env -Ivendor/cigraph/vendor/glpk/minisat -Ivendor/cigraph/vendor/glpk/misc -Ivendor/cigraph/vendor/glpk/draft -Ivendor/cigraph/vendor/glpk/npp -Ivendor/cigraph/vendor/glpk/api -Ivendor/cigraph/vendor/glpk/mpl -Ivendor/cigraph/vendor/glpk/bflib -Ivendor/cigraph/vendor/glpk/amd -Ivendor/cigraph/vendor/glpk/simplex -Ivendor/cigraph/vendor/glpk/colamd -DNDEBUG -DNTIMER -DNPRINT -DIGRAPH_THREAD_LOCAL= -DPRPACK_IGRAPH_SUPPORT -DHAVE_GFORTRAN=1 -D_GNU_SOURCE=1 -I'/usr/local/lib/R/library/cpp11/include' -I/usr/local/include   -fvisibility=hidden -fpic  -g -O2  -c vendor/cigraph/vendor/cs/cs_maxtrans.c -o vendor/cigraph/vendor/cs/cs_maxtrans.o
#13 858.0 gcc -I"/usr/local/lib/R/include" -DNDEBUG -DUSING_R -I. -Ivendor -Ivendor/cigraph/src -Ivendor/cigraph/include -Ivendor/cigraph/vendor -Ivendor/io/parsers  -I/usr/include/libxml2 -DHAVE_LIBXML -Ivendor/cigraph/vendor/glpk -Ivendor/cigraph/vendor/glpk/env -Ivendor/cigraph/vendor/glpk/minisat -Ivendor/cigraph/vendor/glpk/misc -Ivendor/cigraph/vendor/glpk/draft -Ivendor/cigraph/vendor/glpk/npp -Ivendor/cigraph/vendor/glpk/api -Ivendor/cigraph/vendor/glpk/mpl -Ivendor/cigraph/vendor/glpk/bflib -Ivendor/cigraph/vendor/glpk/amd -Ivendor/cigraph/vendor/glpk/simplex -Ivendor/cigraph/vendor/glpk/colamd -DNDEBUG -DNTIMER -DNPRINT -DIGRAPH_THREAD_LOCAL= -DPRPACK_IGRAPH_SUPPORT -DHAVE_GFORTRAN=1 -D_GNU_SOURCE=1 -I'/usr/local/lib/R/library/cpp11/include' -I/usr/local/include   -fvisibility=hidden -fpic  -g -O2  -c vendor/cigraph/vendor/cs/cs_multiply.c -o vendor/cigraph/vendor/cs/cs_multiply.o
#13 858.1 gcc -I"/usr/local/lib/R/include" -DNDEBUG -DUSING_R -I. -Ivendor -Ivendor/cigraph/src -Ivendor/cigraph/include -Ivendor/cigraph/vendor -Ivendor/io/parsers  -I/usr/include/libxml2 -DHAVE_LIBXML -Ivendor/cigraph/vendor/glpk -Ivendor/cigraph/vendor/glpk/env -Ivendor/cigraph/vendor/glpk/minisat -Ivendor/cigraph/vendor/glpk/misc -Ivendor/cigraph/vendor/glpk/draft -Ivendor/cigraph/vendor/glpk/npp -Ivendor/cigraph/vendor/glpk/api -Ivendor/cigraph/vendor/glpk/mpl -Ivendor/cigraph/vendor/glpk/bflib -Ivendor/cigraph/vendor/glpk/amd -Ivendor/cigraph/vendor/glpk/simplex -Ivendor/cigraph/vendor/glpk/colamd -DNDEBUG -DNTIMER -DNPRINT -DIGRAPH_THREAD_LOCAL= -DPRPACK_IGRAPH_SUPPORT -DHAVE_GFORTRAN=1 -D_GNU_SOURCE=1 -I'/usr/local/lib/R/library/cpp11/include' -I/usr/local/include   -fvisibility=hidden -fpic  -g -O2  -c vendor/cigraph/vendor/cs/cs_norm.c -o vendor/cigraph/vendor/cs/cs_norm.o
#13 858.1 gcc -I"/usr/local/lib/R/include" -DNDEBUG -DUSING_R -I. -Ivendor -Ivendor/cigraph/src -Ivendor/cigraph/include -Ivendor/cigraph/vendor -Ivendor/io/parsers  -I/usr/include/libxml2 -DHAVE_LIBXML -Ivendor/cigraph/vendor/glpk -Ivendor/cigraph/vendor/glpk/env -Ivendor/cigraph/vendor/glpk/minisat -Ivendor/cigraph/vendor/glpk/misc -Ivendor/cigraph/vendor/glpk/draft -Ivendor/cigraph/vendor/glpk/npp -Ivendor/cigraph/vendor/glpk/api -Ivendor/cigraph/vendor/glpk/mpl -Ivendor/cigraph/vendor/glpk/bflib -Ivendor/cigraph/vendor/glpk/amd -Ivendor/cigraph/vendor/glpk/simplex -Ivendor/cigraph/vendor/glpk/colamd -DNDEBUG -DNTIMER -DNPRINT -DIGRAPH_THREAD_LOCAL= -DPRPACK_IGRAPH_SUPPORT -DHAVE_GFORTRAN=1 -D_GNU_SOURCE=1 -I'/usr/local/lib/R/library/cpp11/include' -I/usr/local/include   -fvisibility=hidden -fpic  -g -O2  -c vendor/cigraph/vendor/cs/cs_permute.c -o vendor/cigraph/vendor/cs/cs_permute.o
#13 858.2 gcc -I"/usr/local/lib/R/include" -DNDEBUG -DUSING_R -I. -Ivendor -Ivendor/cigraph/src -Ivendor/cigraph/include -Ivendor/cigraph/vendor -Ivendor/io/parsers  -I/usr/include/libxml2 -DHAVE_LIBXML -Ivendor/cigraph/vendor/glpk -Ivendor/cigraph/vendor/glpk/env -Ivendor/cigraph/vendor/glpk/minisat -Ivendor/cigraph/vendor/glpk/misc -Ivendor/cigraph/vendor/glpk/draft -Ivendor/cigraph/vendor/glpk/npp -Ivendor/cigraph/vendor/glpk/api -Ivendor/cigraph/vendor/glpk/mpl -Ivendor/cigraph/vendor/glpk/bflib -Ivendor/cigraph/vendor/glpk/amd -Ivendor/cigraph/vendor/glpk/simplex -Ivendor/cigraph/vendor/glpk/colamd -DNDEBUG -DNTIMER -DNPRINT -DIGRAPH_THREAD_LOCAL= -DPRPACK_IGRAPH_SUPPORT -DHAVE_GFORTRAN=1 -D_GNU_SOURCE=1 -I'/usr/local/lib/R/library/cpp11/include' -I/usr/local/include   -fvisibility=hidden -fpic  -g -O2  -c vendor/cigraph/vendor/cs/cs_pinv.c -o vendor/cigraph/vendor/cs/cs_pinv.o
#13 858.3 gcc -I"/usr/local/lib/R/include" -DNDEBUG -DUSING_R -I. -Ivendor -Ivendor/cigraph/src -Ivendor/cigraph/include -Ivendor/cigraph/vendor -Ivendor/io/parsers  -I/usr/include/libxml2 -DHAVE_LIBXML -Ivendor/cigraph/vendor/glpk -Ivendor/cigraph/vendor/glpk/env -Ivendor/cigraph/vendor/glpk/minisat -Ivendor/cigraph/vendor/glpk/misc -Ivendor/cigraph/vendor/glpk/draft -Ivendor/cigraph/vendor/glpk/npp -Ivendor/cigraph/vendor/glpk/api -Ivendor/cigraph/vendor/glpk/mpl -Ivendor/cigraph/vendor/glpk/bflib -Ivendor/cigraph/vendor/glpk/amd -Ivendor/cigraph/vendor/glpk/simplex -Ivendor/cigraph/vendor/glpk/colamd -DNDEBUG -DNTIMER -DNPRINT -DIGRAPH_THREAD_LOCAL= -DPRPACK_IGRAPH_SUPPORT -DHAVE_GFORTRAN=1 -D_GNU_SOURCE=1 -I'/usr/local/lib/R/library/cpp11/include' -I/usr/local/include   -fvisibility=hidden -fpic  -g -O2  -c vendor/cigraph/vendor/cs/cs_post.c -o vendor/cigraph/vendor/cs/cs_post.o
#13 858.4 gcc -I"/usr/local/lib/R/include" -DNDEBUG -DUSING_R -I. -Ivendor -Ivendor/cigraph/src -Ivendor/cigraph/include -Ivendor/cigraph/vendor -Ivendor/io/parsers  -I/usr/include/libxml2 -DHAVE_LIBXML -Ivendor/cigraph/vendor/glpk -Ivendor/cigraph/vendor/glpk/env -Ivendor/cigraph/vendor/glpk/minisat -Ivendor/cigraph/vendor/glpk/misc -Ivendor/cigraph/vendor/glpk/draft -Ivendor/cigraph/vendor/glpk/npp -Ivendor/cigraph/vendor/glpk/api -Ivendor/cigraph/vendor/glpk/mpl -Ivendor/cigraph/vendor/glpk/bflib -Ivendor/cigraph/vendor/glpk/amd -Ivendor/cigraph/vendor/glpk/simplex -Ivendor/cigraph/vendor/glpk/colamd -DNDEBUG -DNTIMER -DNPRINT -DIGRAPH_THREAD_LOCAL= -DPRPACK_IGRAPH_SUPPORT -DHAVE_GFORTRAN=1 -D_GNU_SOURCE=1 -I'/usr/local/lib/R/library/cpp11/include' -I/usr/local/include   -fvisibility=hidden -fpic  -g -O2  -c vendor/cigraph/vendor/cs/cs_print.c -o vendor/cigraph/vendor/cs/cs_print.o
#13 858.5 gcc -I"/usr/local/lib/R/include" -DNDEBUG -DUSING_R -I. -Ivendor -Ivendor/cigraph/src -Ivendor/cigraph/include -Ivendor/cigraph/vendor -Ivendor/io/parsers  -I/usr/include/libxml2 -DHAVE_LIBXML -Ivendor/cigraph/vendor/glpk -Ivendor/cigraph/vendor/glpk/env -Ivendor/cigraph/vendor/glpk/minisat -Ivendor/cigraph/vendor/glpk/misc -Ivendor/cigraph/vendor/glpk/draft -Ivendor/cigraph/vendor/glpk/npp -Ivendor/cigraph/vendor/glpk/api -Ivendor/cigraph/vendor/glpk/mpl -Ivendor/cigraph/vendor/glpk/bflib -Ivendor/cigraph/vendor/glpk/amd -Ivendor/cigraph/vendor/glpk/simplex -Ivendor/cigraph/vendor/glpk/colamd -DNDEBUG -DNTIMER -DNPRINT -DIGRAPH_THREAD_LOCAL= -DPRPACK_IGRAPH_SUPPORT -DHAVE_GFORTRAN=1 -D_GNU_SOURCE=1 -I'/usr/local/lib/R/library/cpp11/include' -I/usr/local/include   -fvisibility=hidden -fpic  -g -O2  -c vendor/cigraph/vendor/cs/cs_pvec.c -o vendor/cigraph/vendor/cs/cs_pvec.o
#13 858.6 gcc -I"/usr/local/lib/R/include" -DNDEBUG -DUSING_R -I. -Ivendor -Ivendor/cigraph/src -Ivendor/cigraph/include -Ivendor/cigraph/vendor -Ivendor/io/parsers  -I/usr/include/libxml2 -DHAVE_LIBXML -Ivendor/cigraph/vendor/glpk -Ivendor/cigraph/vendor/glpk/env -Ivendor/cigraph/vendor/glpk/minisat -Ivendor/cigraph/vendor/glpk/misc -Ivendor/cigraph/vendor/glpk/draft -Ivendor/cigraph/vendor/glpk/npp -Ivendor/cigraph/vendor/glpk/api -Ivendor/cigraph/vendor/glpk/mpl -Ivendor/cigraph/vendor/glpk/bflib -Ivendor/cigraph/vendor/glpk/amd -Ivendor/cigraph/vendor/glpk/simplex -Ivendor/cigraph/vendor/glpk/colamd -DNDEBUG -DNTIMER -DNPRINT -DIGRAPH_THREAD_LOCAL= -DPRPACK_IGRAPH_SUPPORT -DHAVE_GFORTRAN=1 -D_GNU_SOURCE=1 -I'/usr/local/lib/R/library/cpp11/include' -I/usr/local/include   -fvisibility=hidden -fpic  -g -O2  -c vendor/cigraph/vendor/cs/cs_qr.c -o vendor/cigraph/vendor/cs/cs_qr.o
#13 858.7 gcc -I"/usr/local/lib/R/include" -DNDEBUG -DUSING_R -I. -Ivendor -Ivendor/cigraph/src -Ivendor/cigraph/include -Ivendor/cigraph/vendor -Ivendor/io/parsers  -I/usr/include/libxml2 -DHAVE_LIBXML -Ivendor/cigraph/vendor/glpk -Ivendor/cigraph/vendor/glpk/env -Ivendor/cigraph/vendor/glpk/minisat -Ivendor/cigraph/vendor/glpk/misc -Ivendor/cigraph/vendor/glpk/draft -Ivendor/cigraph/vendor/glpk/npp -Ivendor/cigraph/vendor/glpk/api -Ivendor/cigraph/vendor/glpk/mpl -Ivendor/cigraph/vendor/glpk/bflib -Ivendor/cigraph/vendor/glpk/amd -Ivendor/cigraph/vendor/glpk/simplex -Ivendor/cigraph/vendor/glpk/colamd -DNDEBUG -DNTIMER -DNPRINT -DIGRAPH_THREAD_LOCAL= -DPRPACK_IGRAPH_SUPPORT -DHAVE_GFORTRAN=1 -D_GNU_SOURCE=1 -I'/usr/local/lib/R/library/cpp11/include' -I/usr/local/include   -fvisibility=hidden -fpic  -g -O2  -c vendor/cigraph/vendor/cs/cs_qrsol.c -o vendor/cigraph/vendor/cs/cs_qrsol.o
#13 858.8 gcc -I"/usr/local/lib/R/include" -DNDEBUG -DUSING_R -I. -Ivendor -Ivendor/cigraph/src -Ivendor/cigraph/include -Ivendor/cigraph/vendor -Ivendor/io/parsers  -I/usr/include/libxml2 -DHAVE_LIBXML -Ivendor/cigraph/vendor/glpk -Ivendor/cigraph/vendor/glpk/env -Ivendor/cigraph/vendor/glpk/minisat -Ivendor/cigraph/vendor/glpk/misc -Ivendor/cigraph/vendor/glpk/draft -Ivendor/cigraph/vendor/glpk/npp -Ivendor/cigraph/vendor/glpk/api -Ivendor/cigraph/vendor/glpk/mpl -Ivendor/cigraph/vendor/glpk/bflib -Ivendor/cigraph/vendor/glpk/amd -Ivendor/cigraph/vendor/glpk/simplex -Ivendor/cigraph/vendor/glpk/colamd -DNDEBUG -DNTIMER -DNPRINT -DIGRAPH_THREAD_LOCAL= -DPRPACK_IGRAPH_SUPPORT -DHAVE_GFORTRAN=1 -D_GNU_SOURCE=1 -I'/usr/local/lib/R/library/cpp11/include' -I/usr/local/include   -fvisibility=hidden -fpic  -g -O2  -c vendor/cigraph/vendor/cs/cs_randperm.c -o vendor/cigraph/vendor/cs/cs_randperm.o
#13 858.9 gcc -I"/usr/local/lib/R/include" -DNDEBUG -DUSING_R -I. -Ivendor -Ivendor/cigraph/src -Ivendor/cigraph/include -Ivendor/cigraph/vendor -Ivendor/io/parsers  -I/usr/include/libxml2 -DHAVE_LIBXML -Ivendor/cigraph/vendor/glpk -Ivendor/cigraph/vendor/glpk/env -Ivendor/cigraph/vendor/glpk/minisat -Ivendor/cigraph/vendor/glpk/misc -Ivendor/cigraph/vendor/glpk/draft -Ivendor/cigraph/vendor/glpk/npp -Ivendor/cigraph/vendor/glpk/api -Ivendor/cigraph/vendor/glpk/mpl -Ivendor/cigraph/vendor/glpk/bflib -Ivendor/cigraph/vendor/glpk/amd -Ivendor/cigraph/vendor/glpk/simplex -Ivendor/cigraph/vendor/glpk/colamd -DNDEBUG -DNTIMER -DNPRINT -DIGRAPH_THREAD_LOCAL= -DPRPACK_IGRAPH_SUPPORT -DHAVE_GFORTRAN=1 -D_GNU_SOURCE=1 -I'/usr/local/lib/R/library/cpp11/include' -I/usr/local/include   -fvisibility=hidden -fpic  -g -O2  -c vendor/cigraph/vendor/cs/cs_reach.c -o vendor/cigraph/vendor/cs/cs_reach.o
#13 859.0 gcc -I"/usr/local/lib/R/include" -DNDEBUG -DUSING_R -I. -Ivendor -Ivendor/cigraph/src -Ivendor/cigraph/include -Ivendor/cigraph/vendor -Ivendor/io/parsers  -I/usr/include/libxml2 -DHAVE_LIBXML -Ivendor/cigraph/vendor/glpk -Ivendor/cigraph/vendor/glpk/env -Ivendor/cigraph/vendor/glpk/minisat -Ivendor/cigraph/vendor/glpk/misc -Ivendor/cigraph/vendor/glpk/draft -Ivendor/cigraph/vendor/glpk/npp -Ivendor/cigraph/vendor/glpk/api -Ivendor/cigraph/vendor/glpk/mpl -Ivendor/cigraph/vendor/glpk/bflib -Ivendor/cigraph/vendor/glpk/amd -Ivendor/cigraph/vendor/glpk/simplex -Ivendor/cigraph/vendor/glpk/colamd -DNDEBUG -DNTIMER -DNPRINT -DIGRAPH_THREAD_LOCAL= -DPRPACK_IGRAPH_SUPPORT -DHAVE_GFORTRAN=1 -D_GNU_SOURCE=1 -I'/usr/local/lib/R/library/cpp11/include' -I/usr/local/include   -fvisibility=hidden -fpic  -g -O2  -c vendor/cigraph/vendor/cs/cs_scatter.c -o vendor/cigraph/vendor/cs/cs_scatter.o
#13 859.0 gcc -I"/usr/local/lib/R/include" -DNDEBUG -DUSING_R -I. -Ivendor -Ivendor/cigraph/src -Ivendor/cigraph/include -Ivendor/cigraph/vendor -Ivendor/io/parsers  -I/usr/include/libxml2 -DHAVE_LIBXML -Ivendor/cigraph/vendor/glpk -Ivendor/cigraph/vendor/glpk/env -Ivendor/cigraph/vendor/glpk/minisat -Ivendor/cigraph/vendor/glpk/misc -Ivendor/cigraph/vendor/glpk/draft -Ivendor/cigraph/vendor/glpk/npp -Ivendor/cigraph/vendor/glpk/api -Ivendor/cigraph/vendor/glpk/mpl -Ivendor/cigraph/vendor/glpk/bflib -Ivendor/cigraph/vendor/glpk/amd -Ivendor/cigraph/vendor/glpk/simplex -Ivendor/cigraph/vendor/glpk/colamd -DNDEBUG -DNTIMER -DNPRINT -DIGRAPH_THREAD_LOCAL= -DPRPACK_IGRAPH_SUPPORT -DHAVE_GFORTRAN=1 -D_GNU_SOURCE=1 -I'/usr/local/lib/R/library/cpp11/include' -I/usr/local/include   -fvisibility=hidden -fpic  -g -O2  -c vendor/cigraph/vendor/cs/cs_scc.c -o vendor/cigraph/vendor/cs/cs_scc.o
#13 859.2 gcc -I"/usr/local/lib/R/include" -DNDEBUG -DUSING_R -I. -Ivendor -Ivendor/cigraph/src -Ivendor/cigraph/include -Ivendor/cigraph/vendor -Ivendor/io/parsers  -I/usr/include/libxml2 -DHAVE_LIBXML -Ivendor/cigraph/vendor/glpk -Ivendor/cigraph/vendor/glpk/env -Ivendor/cigraph/vendor/glpk/minisat -Ivendor/cigraph/vendor/glpk/misc -Ivendor/cigraph/vendor/glpk/draft -Ivendor/cigraph/vendor/glpk/npp -Ivendor/cigraph/vendor/glpk/api -Ivendor/cigraph/vendor/glpk/mpl -Ivendor/cigraph/vendor/glpk/bflib -Ivendor/cigraph/vendor/glpk/amd -Ivendor/cigraph/vendor/glpk/simplex -Ivendor/cigraph/vendor/glpk/colamd -DNDEBUG -DNTIMER -DNPRINT -DIGRAPH_THREAD_LOCAL= -DPRPACK_IGRAPH_SUPPORT -DHAVE_GFORTRAN=1 -D_GNU_SOURCE=1 -I'/usr/local/lib/R/library/cpp11/include' -I/usr/local/include   -fvisibility=hidden -fpic  -g -O2  -c vendor/cigraph/vendor/cs/cs_schol.c -o vendor/cigraph/vendor/cs/cs_schol.o
#13 859.2 gcc -I"/usr/local/lib/R/include" -DNDEBUG -DUSING_R -I. -Ivendor -Ivendor/cigraph/src -Ivendor/cigraph/include -Ivendor/cigraph/vendor -Ivendor/io/parsers  -I/usr/include/libxml2 -DHAVE_LIBXML -Ivendor/cigraph/vendor/glpk -Ivendor/cigraph/vendor/glpk/env -Ivendor/cigraph/vendor/glpk/minisat -Ivendor/cigraph/vendor/glpk/misc -Ivendor/cigraph/vendor/glpk/draft -Ivendor/cigraph/vendor/glpk/npp -Ivendor/cigraph/vendor/glpk/api -Ivendor/cigraph/vendor/glpk/mpl -Ivendor/cigraph/vendor/glpk/bflib -Ivendor/cigraph/vendor/glpk/amd -Ivendor/cigraph/vendor/glpk/simplex -Ivendor/cigraph/vendor/glpk/colamd -DNDEBUG -DNTIMER -DNPRINT -DIGRAPH_THREAD_LOCAL= -DPRPACK_IGRAPH_SUPPORT -DHAVE_GFORTRAN=1 -D_GNU_SOURCE=1 -I'/usr/local/lib/R/library/cpp11/include' -I/usr/local/include   -fvisibility=hidden -fpic  -g -O2  -c vendor/cigraph/vendor/cs/cs_spsolve.c -o vendor/cigraph/vendor/cs/cs_spsolve.o
#13 859.3 gcc -I"/usr/local/lib/R/include" -DNDEBUG -DUSING_R -I. -Ivendor -Ivendor/cigraph/src -Ivendor/cigraph/include -Ivendor/cigraph/vendor -Ivendor/io/parsers  -I/usr/include/libxml2 -DHAVE_LIBXML -Ivendor/cigraph/vendor/glpk -Ivendor/cigraph/vendor/glpk/env -Ivendor/cigraph/vendor/glpk/minisat -Ivendor/cigraph/vendor/glpk/misc -Ivendor/cigraph/vendor/glpk/draft -Ivendor/cigraph/vendor/glpk/npp -Ivendor/cigraph/vendor/glpk/api -Ivendor/cigraph/vendor/glpk/mpl -Ivendor/cigraph/vendor/glpk/bflib -Ivendor/cigraph/vendor/glpk/amd -Ivendor/cigraph/vendor/glpk/simplex -Ivendor/cigraph/vendor/glpk/colamd -DNDEBUG -DNTIMER -DNPRINT -DIGRAPH_THREAD_LOCAL= -DPRPACK_IGRAPH_SUPPORT -DHAVE_GFORTRAN=1 -D_GNU_SOURCE=1 -I'/usr/local/lib/R/library/cpp11/include' -I/usr/local/include   -fvisibility=hidden -fpic  -g -O2  -c vendor/cigraph/vendor/cs/cs_sqr.c -o vendor/cigraph/vendor/cs/cs_sqr.o
#13 859.5 gcc -I"/usr/local/lib/R/include" -DNDEBUG -DUSING_R -I. -Ivendor -Ivendor/cigraph/src -Ivendor/cigraph/include -Ivendor/cigraph/vendor -Ivendor/io/parsers  -I/usr/include/libxml2 -DHAVE_LIBXML -Ivendor/cigraph/vendor/glpk -Ivendor/cigraph/vendor/glpk/env -Ivendor/cigraph/vendor/glpk/minisat -Ivendor/cigraph/vendor/glpk/misc -Ivendor/cigraph/vendor/glpk/draft -Ivendor/cigraph/vendor/glpk/npp -Ivendor/cigraph/vendor/glpk/api -Ivendor/cigraph/vendor/glpk/mpl -Ivendor/cigraph/vendor/glpk/bflib -Ivendor/cigraph/vendor/glpk/amd -Ivendor/cigraph/vendor/glpk/simplex -Ivendor/cigraph/vendor/glpk/colamd -DNDEBUG -DNTIMER -DNPRINT -DIGRAPH_THREAD_LOCAL= -DPRPACK_IGRAPH_SUPPORT -DHAVE_GFORTRAN=1 -D_GNU_SOURCE=1 -I'/usr/local/lib/R/library/cpp11/include' -I/usr/local/include   -fvisibility=hidden -fpic  -g -O2  -c vendor/cigraph/vendor/cs/cs_symperm.c -o vendor/cigraph/vendor/cs/cs_symperm.o
#13 859.6 gcc -I"/usr/local/lib/R/include" -DNDEBUG -DUSING_R -I. -Ivendor -Ivendor/cigraph/src -Ivendor/cigraph/include -Ivendor/cigraph/vendor -Ivendor/io/parsers  -I/usr/include/libxml2 -DHAVE_LIBXML -Ivendor/cigraph/vendor/glpk -Ivendor/cigraph/vendor/glpk/env -Ivendor/cigraph/vendor/glpk/minisat -Ivendor/cigraph/vendor/glpk/misc -Ivendor/cigraph/vendor/glpk/draft -Ivendor/cigraph/vendor/glpk/npp -Ivendor/cigraph/vendor/glpk/api -Ivendor/cigraph/vendor/glpk/mpl -Ivendor/cigraph/vendor/glpk/bflib -Ivendor/cigraph/vendor/glpk/amd -Ivendor/cigraph/vendor/glpk/simplex -Ivendor/cigraph/vendor/glpk/colamd -DNDEBUG -DNTIMER -DNPRINT -DIGRAPH_THREAD_LOCAL= -DPRPACK_IGRAPH_SUPPORT -DHAVE_GFORTRAN=1 -D_GNU_SOURCE=1 -I'/usr/local/lib/R/library/cpp11/include' -I/usr/local/include   -fvisibility=hidden -fpic  -g -O2  -c vendor/cigraph/vendor/cs/cs_tdfs.c -o vendor/cigraph/vendor/cs/cs_tdfs.o
#13 859.7 gcc -I"/usr/local/lib/R/include" -DNDEBUG -DUSING_R -I. -Ivendor -Ivendor/cigraph/src -Ivendor/cigraph/include -Ivendor/cigraph/vendor -Ivendor/io/parsers  -I/usr/include/libxml2 -DHAVE_LIBXML -Ivendor/cigraph/vendor/glpk -Ivendor/cigraph/vendor/glpk/env -Ivendor/cigraph/vendor/glpk/minisat -Ivendor/cigraph/vendor/glpk/misc -Ivendor/cigraph/vendor/glpk/draft -Ivendor/cigraph/vendor/glpk/npp -Ivendor/cigraph/vendor/glpk/api -Ivendor/cigraph/vendor/glpk/mpl -Ivendor/cigraph/vendor/glpk/bflib -Ivendor/cigraph/vendor/glpk/amd -Ivendor/cigraph/vendor/glpk/simplex -Ivendor/cigraph/vendor/glpk/colamd -DNDEBUG -DNTIMER -DNPRINT -DIGRAPH_THREAD_LOCAL= -DPRPACK_IGRAPH_SUPPORT -DHAVE_GFORTRAN=1 -D_GNU_SOURCE=1 -I'/usr/local/lib/R/library/cpp11/include' -I/usr/local/include   -fvisibility=hidden -fpic  -g -O2  -c vendor/cigraph/vendor/cs/cs_transpose.c -o vendor/cigraph/vendor/cs/cs_transpose.o
#13 859.8 gcc -I"/usr/local/lib/R/include" -DNDEBUG -DUSING_R -I. -Ivendor -Ivendor/cigraph/src -Ivendor/cigraph/include -Ivendor/cigraph/vendor -Ivendor/io/parsers  -I/usr/include/libxml2 -DHAVE_LIBXML -Ivendor/cigraph/vendor/glpk -Ivendor/cigraph/vendor/glpk/env -Ivendor/cigraph/vendor/glpk/minisat -Ivendor/cigraph/vendor/glpk/misc -Ivendor/cigraph/vendor/glpk/draft -Ivendor/cigraph/vendor/glpk/npp -Ivendor/cigraph/vendor/glpk/api -Ivendor/cigraph/vendor/glpk/mpl -Ivendor/cigraph/vendor/glpk/bflib -Ivendor/cigraph/vendor/glpk/amd -Ivendor/cigraph/vendor/glpk/simplex -Ivendor/cigraph/vendor/glpk/colamd -DNDEBUG -DNTIMER -DNPRINT -DIGRAPH_THREAD_LOCAL= -DPRPACK_IGRAPH_SUPPORT -DHAVE_GFORTRAN=1 -D_GNU_SOURCE=1 -I'/usr/local/lib/R/library/cpp11/include' -I/usr/local/include   -fvisibility=hidden -fpic  -g -O2  -c vendor/cigraph/vendor/cs/cs_updown.c -o vendor/cigraph/vendor/cs/cs_updown.o
#13 859.9 gcc -I"/usr/local/lib/R/include" -DNDEBUG -DUSING_R -I. -Ivendor -Ivendor/cigraph/src -Ivendor/cigraph/include -Ivendor/cigraph/vendor -Ivendor/io/parsers  -I/usr/include/libxml2 -DHAVE_LIBXML -Ivendor/cigraph/vendor/glpk -Ivendor/cigraph/vendor/glpk/env -Ivendor/cigraph/vendor/glpk/minisat -Ivendor/cigraph/vendor/glpk/misc -Ivendor/cigraph/vendor/glpk/draft -Ivendor/cigraph/vendor/glpk/npp -Ivendor/cigraph/vendor/glpk/api -Ivendor/cigraph/vendor/glpk/mpl -Ivendor/cigraph/vendor/glpk/bflib -Ivendor/cigraph/vendor/glpk/amd -Ivendor/cigraph/vendor/glpk/simplex -Ivendor/cigraph/vendor/glpk/colamd -DNDEBUG -DNTIMER -DNPRINT -DIGRAPH_THREAD_LOCAL= -DPRPACK_IGRAPH_SUPPORT -DHAVE_GFORTRAN=1 -D_GNU_SOURCE=1 -I'/usr/local/lib/R/library/cpp11/include' -I/usr/local/include   -fvisibility=hidden -fpic  -g -O2  -c vendor/cigraph/vendor/cs/cs_usolve.c -o vendor/cigraph/vendor/cs/cs_usolve.o
#13 859.9 gcc -I"/usr/local/lib/R/include" -DNDEBUG -DUSING_R -I. -Ivendor -Ivendor/cigraph/src -Ivendor/cigraph/include -Ivendor/cigraph/vendor -Ivendor/io/parsers  -I/usr/include/libxml2 -DHAVE_LIBXML -Ivendor/cigraph/vendor/glpk -Ivendor/cigraph/vendor/glpk/env -Ivendor/cigraph/vendor/glpk/minisat -Ivendor/cigraph/vendor/glpk/misc -Ivendor/cigraph/vendor/glpk/draft -Ivendor/cigraph/vendor/glpk/npp -Ivendor/cigraph/vendor/glpk/api -Ivendor/cigraph/vendor/glpk/mpl -Ivendor/cigraph/vendor/glpk/bflib -Ivendor/cigraph/vendor/glpk/amd -Ivendor/cigraph/vendor/glpk/simplex -Ivendor/cigraph/vendor/glpk/colamd -DNDEBUG -DNTIMER -DNPRINT -DIGRAPH_THREAD_LOCAL= -DPRPACK_IGRAPH_SUPPORT -DHAVE_GFORTRAN=1 -D_GNU_SOURCE=1 -I'/usr/local/lib/R/library/cpp11/include' -I/usr/local/include   -fvisibility=hidden -fpic  -g -O2  -c vendor/cigraph/vendor/cs/cs_util.c -o vendor/cigraph/vendor/cs/cs_util.o
#13 860.1 gcc -I"/usr/local/lib/R/include" -DNDEBUG -DUSING_R -I. -Ivendor -Ivendor/cigraph/src -Ivendor/cigraph/include -Ivendor/cigraph/vendor -Ivendor/io/parsers  -I/usr/include/libxml2 -DHAVE_LIBXML -Ivendor/cigraph/vendor/glpk -Ivendor/cigraph/vendor/glpk/env -Ivendor/cigraph/vendor/glpk/minisat -Ivendor/cigraph/vendor/glpk/misc -Ivendor/cigraph/vendor/glpk/draft -Ivendor/cigraph/vendor/glpk/npp -Ivendor/cigraph/vendor/glpk/api -Ivendor/cigraph/vendor/glpk/mpl -Ivendor/cigraph/vendor/glpk/bflib -Ivendor/cigraph/vendor/glpk/amd -Ivendor/cigraph/vendor/glpk/simplex -Ivendor/cigraph/vendor/glpk/colamd -DNDEBUG -DNTIMER -DNPRINT -DIGRAPH_THREAD_LOCAL= -DPRPACK_IGRAPH_SUPPORT -DHAVE_GFORTRAN=1 -D_GNU_SOURCE=1 -I'/usr/local/lib/R/library/cpp11/include' -I/usr/local/include   -fvisibility=hidden -fpic  -g -O2  -c vendor/cigraph/vendor/cs/cs_utsolve.c -o vendor/cigraph/vendor/cs/cs_utsolve.o
#13 860.2 gcc -I"/usr/local/lib/R/include" -DNDEBUG -DUSING_R -I. -Ivendor -Ivendor/cigraph/src -Ivendor/cigraph/include -Ivendor/cigraph/vendor -Ivendor/io/parsers  -I/usr/include/libxml2 -DHAVE_LIBXML -Ivendor/cigraph/vendor/glpk -Ivendor/cigraph/vendor/glpk/env -Ivendor/cigraph/vendor/glpk/minisat -Ivendor/cigraph/vendor/glpk/misc -Ivendor/cigraph/vendor/glpk/draft -Ivendor/cigraph/vendor/glpk/npp -Ivendor/cigraph/vendor/glpk/api -Ivendor/cigraph/vendor/glpk/mpl -Ivendor/cigraph/vendor/glpk/bflib -Ivendor/cigraph/vendor/glpk/amd -Ivendor/cigraph/vendor/glpk/simplex -Ivendor/cigraph/vendor/glpk/colamd -DNDEBUG -DNTIMER -DNPRINT -DIGRAPH_THREAD_LOCAL= -DPRPACK_IGRAPH_SUPPORT -DHAVE_GFORTRAN=1 -D_GNU_SOURCE=1 -I'/usr/local/lib/R/library/cpp11/include' -I/usr/local/include   -fvisibility=hidden -fpic  -g -O2  -c vendor/cigraph/vendor/pcg/pcg-advance-128.c -o vendor/cigraph/vendor/pcg/pcg-advance-128.o
#13 860.2 gcc -I"/usr/local/lib/R/include" -DNDEBUG -DUSING_R -I. -Ivendor -Ivendor/cigraph/src -Ivendor/cigraph/include -Ivendor/cigraph/vendor -Ivendor/io/parsers  -I/usr/include/libxml2 -DHAVE_LIBXML -Ivendor/cigraph/vendor/glpk -Ivendor/cigraph/vendor/glpk/env -Ivendor/cigraph/vendor/glpk/minisat -Ivendor/cigraph/vendor/glpk/misc -Ivendor/cigraph/vendor/glpk/draft -Ivendor/cigraph/vendor/glpk/npp -Ivendor/cigraph/vendor/glpk/api -Ivendor/cigraph/vendor/glpk/mpl -Ivendor/cigraph/vendor/glpk/bflib -Ivendor/cigraph/vendor/glpk/amd -Ivendor/cigraph/vendor/glpk/simplex -Ivendor/cigraph/vendor/glpk/colamd -DNDEBUG -DNTIMER -DNPRINT -DIGRAPH_THREAD_LOCAL= -DPRPACK_IGRAPH_SUPPORT -DHAVE_GFORTRAN=1 -D_GNU_SOURCE=1 -I'/usr/local/lib/R/library/cpp11/include' -I/usr/local/include   -fvisibility=hidden -fpic  -g -O2  -c vendor/cigraph/vendor/pcg/pcg-advance-64.c -o vendor/cigraph/vendor/pcg/pcg-advance-64.o
#13 860.2 gcc -I"/usr/local/lib/R/include" -DNDEBUG -DUSING_R -I. -Ivendor -Ivendor/cigraph/src -Ivendor/cigraph/include -Ivendor/cigraph/vendor -Ivendor/io/parsers  -I/usr/include/libxml2 -DHAVE_LIBXML -Ivendor/cigraph/vendor/glpk -Ivendor/cigraph/vendor/glpk/env -Ivendor/cigraph/vendor/glpk/minisat -Ivendor/cigraph/vendor/glpk/misc -Ivendor/cigraph/vendor/glpk/draft -Ivendor/cigraph/vendor/glpk/npp -Ivendor/cigraph/vendor/glpk/api -Ivendor/cigraph/vendor/glpk/mpl -Ivendor/cigraph/vendor/glpk/bflib -Ivendor/cigraph/vendor/glpk/amd -Ivendor/cigraph/vendor/glpk/simplex -Ivendor/cigraph/vendor/glpk/colamd -DNDEBUG -DNTIMER -DNPRINT -DIGRAPH_THREAD_LOCAL= -DPRPACK_IGRAPH_SUPPORT -DHAVE_GFORTRAN=1 -D_GNU_SOURCE=1 -I'/usr/local/lib/R/library/cpp11/include' -I/usr/local/include   -fvisibility=hidden -fpic  -g -O2  -c vendor/cigraph/vendor/pcg/pcg-output-128.c -o vendor/cigraph/vendor/pcg/pcg-output-128.o
#13 860.3 gcc -I"/usr/local/lib/R/include" -DNDEBUG -DUSING_R -I. -Ivendor -Ivendor/cigraph/src -Ivendor/cigraph/include -Ivendor/cigraph/vendor -Ivendor/io/parsers  -I/usr/include/libxml2 -DHAVE_LIBXML -Ivendor/cigraph/vendor/glpk -Ivendor/cigraph/vendor/glpk/env -Ivendor/cigraph/vendor/glpk/minisat -Ivendor/cigraph/vendor/glpk/misc -Ivendor/cigraph/vendor/glpk/draft -Ivendor/cigraph/vendor/glpk/npp -Ivendor/cigraph/vendor/glpk/api -Ivendor/cigraph/vendor/glpk/mpl -Ivendor/cigraph/vendor/glpk/bflib -Ivendor/cigraph/vendor/glpk/amd -Ivendor/cigraph/vendor/glpk/simplex -Ivendor/cigraph/vendor/glpk/colamd -DNDEBUG -DNTIMER -DNPRINT -DIGRAPH_THREAD_LOCAL= -DPRPACK_IGRAPH_SUPPORT -DHAVE_GFORTRAN=1 -D_GNU_SOURCE=1 -I'/usr/local/lib/R/library/cpp11/include' -I/usr/local/include   -fvisibility=hidden -fpic  -g -O2  -c vendor/cigraph/vendor/pcg/pcg-output-32.c -o vendor/cigraph/vendor/pcg/pcg-output-32.o
#13 860.3 gcc -I"/usr/local/lib/R/include" -DNDEBUG -DUSING_R -I. -Ivendor -Ivendor/cigraph/src -Ivendor/cigraph/include -Ivendor/cigraph/vendor -Ivendor/io/parsers  -I/usr/include/libxml2 -DHAVE_LIBXML -Ivendor/cigraph/vendor/glpk -Ivendor/cigraph/vendor/glpk/env -Ivendor/cigraph/vendor/glpk/minisat -Ivendor/cigraph/vendor/glpk/misc -Ivendor/cigraph/vendor/glpk/draft -Ivendor/cigraph/vendor/glpk/npp -Ivendor/cigraph/vendor/glpk/api -Ivendor/cigraph/vendor/glpk/mpl -Ivendor/cigraph/vendor/glpk/bflib -Ivendor/cigraph/vendor/glpk/amd -Ivendor/cigraph/vendor/glpk/simplex -Ivendor/cigraph/vendor/glpk/colamd -DNDEBUG -DNTIMER -DNPRINT -DIGRAPH_THREAD_LOCAL= -DPRPACK_IGRAPH_SUPPORT -DHAVE_GFORTRAN=1 -D_GNU_SOURCE=1 -I'/usr/local/lib/R/library/cpp11/include' -I/usr/local/include   -fvisibility=hidden -fpic  -g -O2  -c vendor/cigraph/vendor/pcg/pcg-output-64.c -o vendor/cigraph/vendor/pcg/pcg-output-64.o
#13 860.4 gcc -I"/usr/local/lib/R/include" -DNDEBUG -DUSING_R -I. -Ivendor -Ivendor/cigraph/src -Ivendor/cigraph/include -Ivendor/cigraph/vendor -Ivendor/io/parsers  -I/usr/include/libxml2 -DHAVE_LIBXML -Ivendor/cigraph/vendor/glpk -Ivendor/cigraph/vendor/glpk/env -Ivendor/cigraph/vendor/glpk/minisat -Ivendor/cigraph/vendor/glpk/misc -Ivendor/cigraph/vendor/glpk/draft -Ivendor/cigraph/vendor/glpk/npp -Ivendor/cigraph/vendor/glpk/api -Ivendor/cigraph/vendor/glpk/mpl -Ivendor/cigraph/vendor/glpk/bflib -Ivendor/cigraph/vendor/glpk/amd -Ivendor/cigraph/vendor/glpk/simplex -Ivendor/cigraph/vendor/glpk/colamd -DNDEBUG -DNTIMER -DNPRINT -DIGRAPH_THREAD_LOCAL= -DPRPACK_IGRAPH_SUPPORT -DHAVE_GFORTRAN=1 -D_GNU_SOURCE=1 -I'/usr/local/lib/R/library/cpp11/include' -I/usr/local/include   -fvisibility=hidden -fpic  -g -O2  -c vendor/cigraph/vendor/pcg/pcg-rngs-128.c -o vendor/cigraph/vendor/pcg/pcg-rngs-128.o
#13 860.7 gcc -I"/usr/local/lib/R/include" -DNDEBUG -DUSING_R -I. -Ivendor -Ivendor/cigraph/src -Ivendor/cigraph/include -Ivendor/cigraph/vendor -Ivendor/io/parsers  -I/usr/include/libxml2 -DHAVE_LIBXML -Ivendor/cigraph/vendor/glpk -Ivendor/cigraph/vendor/glpk/env -Ivendor/cigraph/vendor/glpk/minisat -Ivendor/cigraph/vendor/glpk/misc -Ivendor/cigraph/vendor/glpk/draft -Ivendor/cigraph/vendor/glpk/npp -Ivendor/cigraph/vendor/glpk/api -Ivendor/cigraph/vendor/glpk/mpl -Ivendor/cigraph/vendor/glpk/bflib -Ivendor/cigraph/vendor/glpk/amd -Ivendor/cigraph/vendor/glpk/simplex -Ivendor/cigraph/vendor/glpk/colamd -DNDEBUG -DNTIMER -DNPRINT -DIGRAPH_THREAD_LOCAL= -DPRPACK_IGRAPH_SUPPORT -DHAVE_GFORTRAN=1 -D_GNU_SOURCE=1 -I'/usr/local/lib/R/library/cpp11/include' -I/usr/local/include   -fvisibility=hidden -fpic  -g -O2  -c vendor/cigraph/vendor/pcg/pcg-rngs-64.c -o vendor/cigraph/vendor/pcg/pcg-rngs-64.o
#13 861.4 gcc -I"/usr/local/lib/R/include" -DNDEBUG -DUSING_R -I. -Ivendor -Ivendor/cigraph/src -Ivendor/cigraph/include -Ivendor/cigraph/vendor -Ivendor/io/parsers  -I/usr/include/libxml2 -DHAVE_LIBXML -Ivendor/cigraph/vendor/glpk -Ivendor/cigraph/vendor/glpk/env -Ivendor/cigraph/vendor/glpk/minisat -Ivendor/cigraph/vendor/glpk/misc -Ivendor/cigraph/vendor/glpk/draft -Ivendor/cigraph/vendor/glpk/npp -Ivendor/cigraph/vendor/glpk/api -Ivendor/cigraph/vendor/glpk/mpl -Ivendor/cigraph/vendor/glpk/bflib -Ivendor/cigraph/vendor/glpk/amd -Ivendor/cigraph/vendor/glpk/simplex -Ivendor/cigraph/vendor/glpk/colamd -DNDEBUG -DNTIMER -DNPRINT -DIGRAPH_THREAD_LOCAL= -DPRPACK_IGRAPH_SUPPORT -DHAVE_GFORTRAN=1 -D_GNU_SOURCE=1 -I'/usr/local/lib/R/library/cpp11/include' -I/usr/local/include   -fvisibility=hidden -fpic  -g -O2  -c vendor/cigraph/vendor/plfit/gss.c -o vendor/cigraph/vendor/plfit/gss.o
#13 861.5 gcc -I"/usr/local/lib/R/include" -DNDEBUG -DUSING_R -I. -Ivendor -Ivendor/cigraph/src -Ivendor/cigraph/include -Ivendor/cigraph/vendor -Ivendor/io/parsers  -I/usr/include/libxml2 -DHAVE_LIBXML -Ivendor/cigraph/vendor/glpk -Ivendor/cigraph/vendor/glpk/env -Ivendor/cigraph/vendor/glpk/minisat -Ivendor/cigraph/vendor/glpk/misc -Ivendor/cigraph/vendor/glpk/draft -Ivendor/cigraph/vendor/glpk/npp -Ivendor/cigraph/vendor/glpk/api -Ivendor/cigraph/vendor/glpk/mpl -Ivendor/cigraph/vendor/glpk/bflib -Ivendor/cigraph/vendor/glpk/amd -Ivendor/cigraph/vendor/glpk/simplex -Ivendor/cigraph/vendor/glpk/colamd -DNDEBUG -DNTIMER -DNPRINT -DIGRAPH_THREAD_LOCAL= -DPRPACK_IGRAPH_SUPPORT -DHAVE_GFORTRAN=1 -D_GNU_SOURCE=1 -I'/usr/local/lib/R/library/cpp11/include' -I/usr/local/include   -fvisibility=hidden -fpic  -g -O2  -c vendor/cigraph/vendor/plfit/hzeta.c -o vendor/cigraph/vendor/plfit/hzeta.o
#13 861.8 gcc -I"/usr/local/lib/R/include" -DNDEBUG -DUSING_R -I. -Ivendor -Ivendor/cigraph/src -Ivendor/cigraph/include -Ivendor/cigraph/vendor -Ivendor/io/parsers  -I/usr/include/libxml2 -DHAVE_LIBXML -Ivendor/cigraph/vendor/glpk -Ivendor/cigraph/vendor/glpk/env -Ivendor/cigraph/vendor/glpk/minisat -Ivendor/cigraph/vendor/glpk/misc -Ivendor/cigraph/vendor/glpk/draft -Ivendor/cigraph/vendor/glpk/npp -Ivendor/cigraph/vendor/glpk/api -Ivendor/cigraph/vendor/glpk/mpl -Ivendor/cigraph/vendor/glpk/bflib -Ivendor/cigraph/vendor/glpk/amd -Ivendor/cigraph/vendor/glpk/simplex -Ivendor/cigraph/vendor/glpk/colamd -DNDEBUG -DNTIMER -DNPRINT -DIGRAPH_THREAD_LOCAL= -DPRPACK_IGRAPH_SUPPORT -DHAVE_GFORTRAN=1 -D_GNU_SOURCE=1 -I'/usr/local/lib/R/library/cpp11/include' -I/usr/local/include   -fvisibility=hidden -fpic  -g -O2  -c vendor/cigraph/vendor/plfit/kolmogorov.c -o vendor/cigraph/vendor/plfit/kolmogorov.o
#13 861.9 gcc -I"/usr/local/lib/R/include" -DNDEBUG -DUSING_R -I. -Ivendor -Ivendor/cigraph/src -Ivendor/cigraph/include -Ivendor/cigraph/vendor -Ivendor/io/parsers  -I/usr/include/libxml2 -DHAVE_LIBXML -Ivendor/cigraph/vendor/glpk -Ivendor/cigraph/vendor/glpk/env -Ivendor/cigraph/vendor/glpk/minisat -Ivendor/cigraph/vendor/glpk/misc -Ivendor/cigraph/vendor/glpk/draft -Ivendor/cigraph/vendor/glpk/npp -Ivendor/cigraph/vendor/glpk/api -Ivendor/cigraph/vendor/glpk/mpl -Ivendor/cigraph/vendor/glpk/bflib -Ivendor/cigraph/vendor/glpk/amd -Ivendor/cigraph/vendor/glpk/simplex -Ivendor/cigraph/vendor/glpk/colamd -DNDEBUG -DNTIMER -DNPRINT -DIGRAPH_THREAD_LOCAL= -DPRPACK_IGRAPH_SUPPORT -DHAVE_GFORTRAN=1 -D_GNU_SOURCE=1 -I'/usr/local/lib/R/library/cpp11/include' -I/usr/local/include   -fvisibility=hidden -fpic  -g -O2  -c vendor/cigraph/vendor/plfit/lbfgs.c -o vendor/cigraph/vendor/plfit/lbfgs.o
#13 862.3 gcc -I"/usr/local/lib/R/include" -DNDEBUG -DUSING_R -I. -Ivendor -Ivendor/cigraph/src -Ivendor/cigraph/include -Ivendor/cigraph/vendor -Ivendor/io/parsers  -I/usr/include/libxml2 -DHAVE_LIBXML -Ivendor/cigraph/vendor/glpk -Ivendor/cigraph/vendor/glpk/env -Ivendor/cigraph/vendor/glpk/minisat -Ivendor/cigraph/vendor/glpk/misc -Ivendor/cigraph/vendor/glpk/draft -Ivendor/cigraph/vendor/glpk/npp -Ivendor/cigraph/vendor/glpk/api -Ivendor/cigraph/vendor/glpk/mpl -Ivendor/cigraph/vendor/glpk/bflib -Ivendor/cigraph/vendor/glpk/amd -Ivendor/cigraph/vendor/glpk/simplex -Ivendor/cigraph/vendor/glpk/colamd -DNDEBUG -DNTIMER -DNPRINT -DIGRAPH_THREAD_LOCAL= -DPRPACK_IGRAPH_SUPPORT -DHAVE_GFORTRAN=1 -D_GNU_SOURCE=1 -I'/usr/local/lib/R/library/cpp11/include' -I/usr/local/include   -fvisibility=hidden -fpic  -g -O2  -c vendor/cigraph/vendor/plfit/mt.c -o vendor/cigraph/vendor/plfit/mt.o
#13 862.4 gcc -I"/usr/local/lib/R/include" -DNDEBUG -DUSING_R -I. -Ivendor -Ivendor/cigraph/src -Ivendor/cigraph/include -Ivendor/cigraph/vendor -Ivendor/io/parsers  -I/usr/include/libxml2 -DHAVE_LIBXML -Ivendor/cigraph/vendor/glpk -Ivendor/cigraph/vendor/glpk/env -Ivendor/cigraph/vendor/glpk/minisat -Ivendor/cigraph/vendor/glpk/misc -Ivendor/cigraph/vendor/glpk/draft -Ivendor/cigraph/vendor/glpk/npp -Ivendor/cigraph/vendor/glpk/api -Ivendor/cigraph/vendor/glpk/mpl -Ivendor/cigraph/vendor/glpk/bflib -Ivendor/cigraph/vendor/glpk/amd -Ivendor/cigraph/vendor/glpk/simplex -Ivendor/cigraph/vendor/glpk/colamd -DNDEBUG -DNTIMER -DNPRINT -DIGRAPH_THREAD_LOCAL= -DPRPACK_IGRAPH_SUPPORT -DHAVE_GFORTRAN=1 -D_GNU_SOURCE=1 -I'/usr/local/lib/R/library/cpp11/include' -I/usr/local/include   -fvisibility=hidden -fpic  -g -O2  -c vendor/cigraph/vendor/plfit/options.c -o vendor/cigraph/vendor/plfit/options.o
#13 862.5 gcc -I"/usr/local/lib/R/include" -DNDEBUG -DUSING_R -I. -Ivendor -Ivendor/cigraph/src -Ivendor/cigraph/include -Ivendor/cigraph/vendor -Ivendor/io/parsers  -I/usr/include/libxml2 -DHAVE_LIBXML -Ivendor/cigraph/vendor/glpk -Ivendor/cigraph/vendor/glpk/env -Ivendor/cigraph/vendor/glpk/minisat -Ivendor/cigraph/vendor/glpk/misc -Ivendor/cigraph/vendor/glpk/draft -Ivendor/cigraph/vendor/glpk/npp -Ivendor/cigraph/vendor/glpk/api -Ivendor/cigraph/vendor/glpk/mpl -Ivendor/cigraph/vendor/glpk/bflib -Ivendor/cigraph/vendor/glpk/amd -Ivendor/cigraph/vendor/glpk/simplex -Ivendor/cigraph/vendor/glpk/colamd -DNDEBUG -DNTIMER -DNPRINT -DIGRAPH_THREAD_LOCAL= -DPRPACK_IGRAPH_SUPPORT -DHAVE_GFORTRAN=1 -D_GNU_SOURCE=1 -I'/usr/local/lib/R/library/cpp11/include' -I/usr/local/include   -fvisibility=hidden -fpic  -g -O2  -c vendor/cigraph/vendor/plfit/platform.c -o vendor/cigraph/vendor/plfit/platform.o
#13 862.5 gcc -I"/usr/local/lib/R/include" -DNDEBUG -DUSING_R -I. -Ivendor -Ivendor/cigraph/src -Ivendor/cigraph/include -Ivendor/cigraph/vendor -Ivendor/io/parsers  -I/usr/include/libxml2 -DHAVE_LIBXML -Ivendor/cigraph/vendor/glpk -Ivendor/cigraph/vendor/glpk/env -Ivendor/cigraph/vendor/glpk/minisat -Ivendor/cigraph/vendor/glpk/misc -Ivendor/cigraph/vendor/glpk/draft -Ivendor/cigraph/vendor/glpk/npp -Ivendor/cigraph/vendor/glpk/api -Ivendor/cigraph/vendor/glpk/mpl -Ivendor/cigraph/vendor/glpk/bflib -Ivendor/cigraph/vendor/glpk/amd -Ivendor/cigraph/vendor/glpk/simplex -Ivendor/cigraph/vendor/glpk/colamd -DNDEBUG -DNTIMER -DNPRINT -DIGRAPH_THREAD_LOCAL= -DPRPACK_IGRAPH_SUPPORT -DHAVE_GFORTRAN=1 -D_GNU_SOURCE=1 -I'/usr/local/lib/R/library/cpp11/include' -I/usr/local/include   -fvisibility=hidden -fpic  -g -O2  -c vendor/cigraph/vendor/plfit/plfit.c -o vendor/cigraph/vendor/plfit/plfit.o
#13 862.9 gcc -I"/usr/local/lib/R/include" -DNDEBUG -DUSING_R -I. -Ivendor -Ivendor/cigraph/src -Ivendor/cigraph/include -Ivendor/cigraph/vendor -Ivendor/io/parsers  -I/usr/include/libxml2 -DHAVE_LIBXML -Ivendor/cigraph/vendor/glpk -Ivendor/cigraph/vendor/glpk/env -Ivendor/cigraph/vendor/glpk/minisat -Ivendor/cigraph/vendor/glpk/misc -Ivendor/cigraph/vendor/glpk/draft -Ivendor/cigraph/vendor/glpk/npp -Ivendor/cigraph/vendor/glpk/api -Ivendor/cigraph/vendor/glpk/mpl -Ivendor/cigraph/vendor/glpk/bflib -Ivendor/cigraph/vendor/glpk/amd -Ivendor/cigraph/vendor/glpk/simplex -Ivendor/cigraph/vendor/glpk/colamd -DNDEBUG -DNTIMER -DNPRINT -DIGRAPH_THREAD_LOCAL= -DPRPACK_IGRAPH_SUPPORT -DHAVE_GFORTRAN=1 -D_GNU_SOURCE=1 -I'/usr/local/lib/R/library/cpp11/include' -I/usr/local/include   -fvisibility=hidden -fpic  -g -O2  -c vendor/cigraph/vendor/plfit/plfit_error.c -o vendor/cigraph/vendor/plfit/plfit_error.o
#13 862.9 gcc -I"/usr/local/lib/R/include" -DNDEBUG -DUSING_R -I. -Ivendor -Ivendor/cigraph/src -Ivendor/cigraph/include -Ivendor/cigraph/vendor -Ivendor/io/parsers  -I/usr/include/libxml2 -DHAVE_LIBXML -Ivendor/cigraph/vendor/glpk -Ivendor/cigraph/vendor/glpk/env -Ivendor/cigraph/vendor/glpk/minisat -Ivendor/cigraph/vendor/glpk/misc -Ivendor/cigraph/vendor/glpk/draft -Ivendor/cigraph/vendor/glpk/npp -Ivendor/cigraph/vendor/glpk/api -Ivendor/cigraph/vendor/glpk/mpl -Ivendor/cigraph/vendor/glpk/bflib -Ivendor/cigraph/vendor/glpk/amd -Ivendor/cigraph/vendor/glpk/simplex -Ivendor/cigraph/vendor/glpk/colamd -DNDEBUG -DNTIMER -DNPRINT -DIGRAPH_THREAD_LOCAL= -DPRPACK_IGRAPH_SUPPORT -DHAVE_GFORTRAN=1 -D_GNU_SOURCE=1 -I'/usr/local/lib/R/library/cpp11/include' -I/usr/local/include   -fvisibility=hidden -fpic  -g -O2  -c vendor/cigraph/vendor/plfit/rbinom.c -o vendor/cigraph/vendor/plfit/rbinom.o
#13 863.1 gcc -I"/usr/local/lib/R/include" -DNDEBUG -DUSING_R -I. -Ivendor -Ivendor/cigraph/src -Ivendor/cigraph/include -Ivendor/cigraph/vendor -Ivendor/io/parsers  -I/usr/include/libxml2 -DHAVE_LIBXML -Ivendor/cigraph/vendor/glpk -Ivendor/cigraph/vendor/glpk/env -Ivendor/cigraph/vendor/glpk/minisat -Ivendor/cigraph/vendor/glpk/misc -Ivendor/cigraph/vendor/glpk/draft -Ivendor/cigraph/vendor/glpk/npp -Ivendor/cigraph/vendor/glpk/api -Ivendor/cigraph/vendor/glpk/mpl -Ivendor/cigraph/vendor/glpk/bflib -Ivendor/cigraph/vendor/glpk/amd -Ivendor/cigraph/vendor/glpk/simplex -Ivendor/cigraph/vendor/glpk/colamd -DNDEBUG -DNTIMER -DNPRINT -DIGRAPH_THREAD_LOCAL= -DPRPACK_IGRAPH_SUPPORT -DHAVE_GFORTRAN=1 -D_GNU_SOURCE=1 -I'/usr/local/lib/R/library/cpp11/include' -I/usr/local/include   -fvisibility=hidden -fpic  -g -O2  -c vendor/cigraph/vendor/plfit/sampling.c -o vendor/cigraph/vendor/plfit/sampling.o
#13 863.3 gcc -I"/usr/local/lib/R/include" -DNDEBUG -DUSING_R -I. -Ivendor -Ivendor/cigraph/src -Ivendor/cigraph/include -Ivendor/cigraph/vendor -Ivendor/io/parsers  -I/usr/include/libxml2 -DHAVE_LIBXML -Ivendor/cigraph/vendor/glpk -Ivendor/cigraph/vendor/glpk/env -Ivendor/cigraph/vendor/glpk/minisat -Ivendor/cigraph/vendor/glpk/misc -Ivendor/cigraph/vendor/glpk/draft -Ivendor/cigraph/vendor/glpk/npp -Ivendor/cigraph/vendor/glpk/api -Ivendor/cigraph/vendor/glpk/mpl -Ivendor/cigraph/vendor/glpk/bflib -Ivendor/cigraph/vendor/glpk/amd -Ivendor/cigraph/vendor/glpk/simplex -Ivendor/cigraph/vendor/glpk/colamd -DNDEBUG -DNTIMER -DNPRINT -DIGRAPH_THREAD_LOCAL= -DPRPACK_IGRAPH_SUPPORT -DHAVE_GFORTRAN=1 -D_GNU_SOURCE=1 -I'/usr/local/lib/R/library/cpp11/include' -I/usr/local/include   -fvisibility=hidden -fpic  -g -O2  -c vendor/io/dl-lexer.c -o vendor/io/dl-lexer.o
#13 863.7 gcc -I"/usr/local/lib/R/include" -DNDEBUG -DUSING_R -I. -Ivendor -Ivendor/cigraph/src -Ivendor/cigraph/include -Ivendor/cigraph/vendor -Ivendor/io/parsers  -I/usr/include/libxml2 -DHAVE_LIBXML -Ivendor/cigraph/vendor/glpk -Ivendor/cigraph/vendor/glpk/env -Ivendor/cigraph/vendor/glpk/minisat -Ivendor/cigraph/vendor/glpk/misc -Ivendor/cigraph/vendor/glpk/draft -Ivendor/cigraph/vendor/glpk/npp -Ivendor/cigraph/vendor/glpk/api -Ivendor/cigraph/vendor/glpk/mpl -Ivendor/cigraph/vendor/glpk/bflib -Ivendor/cigraph/vendor/glpk/amd -Ivendor/cigraph/vendor/glpk/simplex -Ivendor/cigraph/vendor/glpk/colamd -DNDEBUG -DNTIMER -DNPRINT -DIGRAPH_THREAD_LOCAL= -DPRPACK_IGRAPH_SUPPORT -DHAVE_GFORTRAN=1 -D_GNU_SOURCE=1 -I'/usr/local/lib/R/library/cpp11/include' -I/usr/local/include   -fvisibility=hidden -fpic  -g -O2  -c vendor/io/dl-parser.c -o vendor/io/dl-parser.o
#13 864.0 gcc -I"/usr/local/lib/R/include" -DNDEBUG -DUSING_R -I. -Ivendor -Ivendor/cigraph/src -Ivendor/cigraph/include -Ivendor/cigraph/vendor -Ivendor/io/parsers  -I/usr/include/libxml2 -DHAVE_LIBXML -Ivendor/cigraph/vendor/glpk -Ivendor/cigraph/vendor/glpk/env -Ivendor/cigraph/vendor/glpk/minisat -Ivendor/cigraph/vendor/glpk/misc -Ivendor/cigraph/vendor/glpk/draft -Ivendor/cigraph/vendor/glpk/npp -Ivendor/cigraph/vendor/glpk/api -Ivendor/cigraph/vendor/glpk/mpl -Ivendor/cigraph/vendor/glpk/bflib -Ivendor/cigraph/vendor/glpk/amd -Ivendor/cigraph/vendor/glpk/simplex -Ivendor/cigraph/vendor/glpk/colamd -DNDEBUG -DNTIMER -DNPRINT -DIGRAPH_THREAD_LOCAL= -DPRPACK_IGRAPH_SUPPORT -DHAVE_GFORTRAN=1 -D_GNU_SOURCE=1 -I'/usr/local/lib/R/library/cpp11/include' -I/usr/local/include   -fvisibility=hidden -fpic  -g -O2  -c vendor/io/gml-lexer.c -o vendor/io/gml-lexer.o
#13 864.4 gcc -I"/usr/local/lib/R/include" -DNDEBUG -DUSING_R -I. -Ivendor -Ivendor/cigraph/src -Ivendor/cigraph/include -Ivendor/cigraph/vendor -Ivendor/io/parsers  -I/usr/include/libxml2 -DHAVE_LIBXML -Ivendor/cigraph/vendor/glpk -Ivendor/cigraph/vendor/glpk/env -Ivendor/cigraph/vendor/glpk/minisat -Ivendor/cigraph/vendor/glpk/misc -Ivendor/cigraph/vendor/glpk/draft -Ivendor/cigraph/vendor/glpk/npp -Ivendor/cigraph/vendor/glpk/api -Ivendor/cigraph/vendor/glpk/mpl -Ivendor/cigraph/vendor/glpk/bflib -Ivendor/cigraph/vendor/glpk/amd -Ivendor/cigraph/vendor/glpk/simplex -Ivendor/cigraph/vendor/glpk/colamd -DNDEBUG -DNTIMER -DNPRINT -DIGRAPH_THREAD_LOCAL= -DPRPACK_IGRAPH_SUPPORT -DHAVE_GFORTRAN=1 -D_GNU_SOURCE=1 -I'/usr/local/lib/R/library/cpp11/include' -I/usr/local/include   -fvisibility=hidden -fpic  -g -O2  -c vendor/io/gml-parser.c -o vendor/io/gml-parser.o
#13 864.7 gcc -I"/usr/local/lib/R/include" -DNDEBUG -DUSING_R -I. -Ivendor -Ivendor/cigraph/src -Ivendor/cigraph/include -Ivendor/cigraph/vendor -Ivendor/io/parsers  -I/usr/include/libxml2 -DHAVE_LIBXML -Ivendor/cigraph/vendor/glpk -Ivendor/cigraph/vendor/glpk/env -Ivendor/cigraph/vendor/glpk/minisat -Ivendor/cigraph/vendor/glpk/misc -Ivendor/cigraph/vendor/glpk/draft -Ivendor/cigraph/vendor/glpk/npp -Ivendor/cigraph/vendor/glpk/api -Ivendor/cigraph/vendor/glpk/mpl -Ivendor/cigraph/vendor/glpk/bflib -Ivendor/cigraph/vendor/glpk/amd -Ivendor/cigraph/vendor/glpk/simplex -Ivendor/cigraph/vendor/glpk/colamd -DNDEBUG -DNTIMER -DNPRINT -DIGRAPH_THREAD_LOCAL= -DPRPACK_IGRAPH_SUPPORT -DHAVE_GFORTRAN=1 -D_GNU_SOURCE=1 -I'/usr/local/lib/R/library/cpp11/include' -I/usr/local/include   -fvisibility=hidden -fpic  -g -O2  -c vendor/io/lgl-lexer.c -o vendor/io/lgl-lexer.o
#13 865.0 gcc -I"/usr/local/lib/R/include" -DNDEBUG -DUSING_R -I. -Ivendor -Ivendor/cigraph/src -Ivendor/cigraph/include -Ivendor/cigraph/vendor -Ivendor/io/parsers  -I/usr/include/libxml2 -DHAVE_LIBXML -Ivendor/cigraph/vendor/glpk -Ivendor/cigraph/vendor/glpk/env -Ivendor/cigraph/vendor/glpk/minisat -Ivendor/cigraph/vendor/glpk/misc -Ivendor/cigraph/vendor/glpk/draft -Ivendor/cigraph/vendor/glpk/npp -Ivendor/cigraph/vendor/glpk/api -Ivendor/cigraph/vendor/glpk/mpl -Ivendor/cigraph/vendor/glpk/bflib -Ivendor/cigraph/vendor/glpk/amd -Ivendor/cigraph/vendor/glpk/simplex -Ivendor/cigraph/vendor/glpk/colamd -DNDEBUG -DNTIMER -DNPRINT -DIGRAPH_THREAD_LOCAL= -DPRPACK_IGRAPH_SUPPORT -DHAVE_GFORTRAN=1 -D_GNU_SOURCE=1 -I'/usr/local/lib/R/library/cpp11/include' -I/usr/local/include   -fvisibility=hidden -fpic  -g -O2  -c vendor/io/lgl-parser.c -o vendor/io/lgl-parser.o
#13 865.3 gcc -I"/usr/local/lib/R/include" -DNDEBUG -DUSING_R -I. -Ivendor -Ivendor/cigraph/src -Ivendor/cigraph/include -Ivendor/cigraph/vendor -Ivendor/io/parsers  -I/usr/include/libxml2 -DHAVE_LIBXML -Ivendor/cigraph/vendor/glpk -Ivendor/cigraph/vendor/glpk/env -Ivendor/cigraph/vendor/glpk/minisat -Ivendor/cigraph/vendor/glpk/misc -Ivendor/cigraph/vendor/glpk/draft -Ivendor/cigraph/vendor/glpk/npp -Ivendor/cigraph/vendor/glpk/api -Ivendor/cigraph/vendor/glpk/mpl -Ivendor/cigraph/vendor/glpk/bflib -Ivendor/cigraph/vendor/glpk/amd -Ivendor/cigraph/vendor/glpk/simplex -Ivendor/cigraph/vendor/glpk/colamd -DNDEBUG -DNTIMER -DNPRINT -DIGRAPH_THREAD_LOCAL= -DPRPACK_IGRAPH_SUPPORT -DHAVE_GFORTRAN=1 -D_GNU_SOURCE=1 -I'/usr/local/lib/R/library/cpp11/include' -I/usr/local/include   -fvisibility=hidden -fpic  -g -O2  -c vendor/io/ncol-lexer.c -o vendor/io/ncol-lexer.o
#13 865.6 gcc -I"/usr/local/lib/R/include" -DNDEBUG -DUSING_R -I. -Ivendor -Ivendor/cigraph/src -Ivendor/cigraph/include -Ivendor/cigraph/vendor -Ivendor/io/parsers  -I/usr/include/libxml2 -DHAVE_LIBXML -Ivendor/cigraph/vendor/glpk -Ivendor/cigraph/vendor/glpk/env -Ivendor/cigraph/vendor/glpk/minisat -Ivendor/cigraph/vendor/glpk/misc -Ivendor/cigraph/vendor/glpk/draft -Ivendor/cigraph/vendor/glpk/npp -Ivendor/cigraph/vendor/glpk/api -Ivendor/cigraph/vendor/glpk/mpl -Ivendor/cigraph/vendor/glpk/bflib -Ivendor/cigraph/vendor/glpk/amd -Ivendor/cigraph/vendor/glpk/simplex -Ivendor/cigraph/vendor/glpk/colamd -DNDEBUG -DNTIMER -DNPRINT -DIGRAPH_THREAD_LOCAL= -DPRPACK_IGRAPH_SUPPORT -DHAVE_GFORTRAN=1 -D_GNU_SOURCE=1 -I'/usr/local/lib/R/library/cpp11/include' -I/usr/local/include   -fvisibility=hidden -fpic  -g -O2  -c vendor/io/ncol-parser.c -o vendor/io/ncol-parser.o
#13 865.8 gcc -I"/usr/local/lib/R/include" -DNDEBUG -DUSING_R -I. -Ivendor -Ivendor/cigraph/src -Ivendor/cigraph/include -Ivendor/cigraph/vendor -Ivendor/io/parsers  -I/usr/include/libxml2 -DHAVE_LIBXML -Ivendor/cigraph/vendor/glpk -Ivendor/cigraph/vendor/glpk/env -Ivendor/cigraph/vendor/glpk/minisat -Ivendor/cigraph/vendor/glpk/misc -Ivendor/cigraph/vendor/glpk/draft -Ivendor/cigraph/vendor/glpk/npp -Ivendor/cigraph/vendor/glpk/api -Ivendor/cigraph/vendor/glpk/mpl -Ivendor/cigraph/vendor/glpk/bflib -Ivendor/cigraph/vendor/glpk/amd -Ivendor/cigraph/vendor/glpk/simplex -Ivendor/cigraph/vendor/glpk/colamd -DNDEBUG -DNTIMER -DNPRINT -DIGRAPH_THREAD_LOCAL= -DPRPACK_IGRAPH_SUPPORT -DHAVE_GFORTRAN=1 -D_GNU_SOURCE=1 -I'/usr/local/lib/R/library/cpp11/include' -I/usr/local/include   -fvisibility=hidden -fpic  -g -O2  -c vendor/io/pajek-lexer.c -o vendor/io/pajek-lexer.o
#13 866.3 gcc -I"/usr/local/lib/R/include" -DNDEBUG -DUSING_R -I. -Ivendor -Ivendor/cigraph/src -Ivendor/cigraph/include -Ivendor/cigraph/vendor -Ivendor/io/parsers  -I/usr/include/libxml2 -DHAVE_LIBXML -Ivendor/cigraph/vendor/glpk -Ivendor/cigraph/vendor/glpk/env -Ivendor/cigraph/vendor/glpk/minisat -Ivendor/cigraph/vendor/glpk/misc -Ivendor/cigraph/vendor/glpk/draft -Ivendor/cigraph/vendor/glpk/npp -Ivendor/cigraph/vendor/glpk/api -Ivendor/cigraph/vendor/glpk/mpl -Ivendor/cigraph/vendor/glpk/bflib -Ivendor/cigraph/vendor/glpk/amd -Ivendor/cigraph/vendor/glpk/simplex -Ivendor/cigraph/vendor/glpk/colamd -DNDEBUG -DNTIMER -DNPRINT -DIGRAPH_THREAD_LOCAL= -DPRPACK_IGRAPH_SUPPORT -DHAVE_GFORTRAN=1 -D_GNU_SOURCE=1 -I'/usr/local/lib/R/library/cpp11/include' -I/usr/local/include   -fvisibility=hidden -fpic  -g -O2  -c vendor/io/pajek-parser.c -o vendor/io/pajek-parser.o
#13 867.0 g++ -std=gnu++17 -I"/usr/local/lib/R/include" -DNDEBUG -DUSING_R -I. -Ivendor -Ivendor/cigraph/src -Ivendor/cigraph/include -Ivendor/cigraph/vendor -Ivendor/io/parsers  -I/usr/include/libxml2 -DHAVE_LIBXML -Ivendor/cigraph/vendor/glpk -Ivendor/cigraph/vendor/glpk/env -Ivendor/cigraph/vendor/glpk/minisat -Ivendor/cigraph/vendor/glpk/misc -Ivendor/cigraph/vendor/glpk/draft -Ivendor/cigraph/vendor/glpk/npp -Ivendor/cigraph/vendor/glpk/api -Ivendor/cigraph/vendor/glpk/mpl -Ivendor/cigraph/vendor/glpk/bflib -Ivendor/cigraph/vendor/glpk/amd -Ivendor/cigraph/vendor/glpk/simplex -Ivendor/cigraph/vendor/glpk/colamd -DNDEBUG -DNTIMER -DNPRINT -DIGRAPH_THREAD_LOCAL= -DPRPACK_IGRAPH_SUPPORT -DHAVE_GFORTRAN=1 -D_GNU_SOURCE=1 -I'/usr/local/lib/R/library/cpp11/include' -I/usr/local/include   -fvisibility=hidden -fpic  -g -O2   -c vendor/simpleraytracer/Color.cpp -o vendor/simpleraytracer/Color.o
#13 867.0 g++ -std=gnu++17 -I"/usr/local/lib/R/include" -DNDEBUG -DUSING_R -I. -Ivendor -Ivendor/cigraph/src -Ivendor/cigraph/include -Ivendor/cigraph/vendor -Ivendor/io/parsers  -I/usr/include/libxml2 -DHAVE_LIBXML -Ivendor/cigraph/vendor/glpk -Ivendor/cigraph/vendor/glpk/env -Ivendor/cigraph/vendor/glpk/minisat -Ivendor/cigraph/vendor/glpk/misc -Ivendor/cigraph/vendor/glpk/draft -Ivendor/cigraph/vendor/glpk/npp -Ivendor/cigraph/vendor/glpk/api -Ivendor/cigraph/vendor/glpk/mpl -Ivendor/cigraph/vendor/glpk/bflib -Ivendor/cigraph/vendor/glpk/amd -Ivendor/cigraph/vendor/glpk/simplex -Ivendor/cigraph/vendor/glpk/colamd -DNDEBUG -DNTIMER -DNPRINT -DIGRAPH_THREAD_LOCAL= -DPRPACK_IGRAPH_SUPPORT -DHAVE_GFORTRAN=1 -D_GNU_SOURCE=1 -I'/usr/local/lib/R/library/cpp11/include' -I/usr/local/include   -fvisibility=hidden -fpic  -g -O2   -c vendor/simpleraytracer/Light.cpp -o vendor/simpleraytracer/Light.o
#13 867.1 g++ -std=gnu++17 -I"/usr/local/lib/R/include" -DNDEBUG -DUSING_R -I. -Ivendor -Ivendor/cigraph/src -Ivendor/cigraph/include -Ivendor/cigraph/vendor -Ivendor/io/parsers  -I/usr/include/libxml2 -DHAVE_LIBXML -Ivendor/cigraph/vendor/glpk -Ivendor/cigraph/vendor/glpk/env -Ivendor/cigraph/vendor/glpk/minisat -Ivendor/cigraph/vendor/glpk/misc -Ivendor/cigraph/vendor/glpk/draft -Ivendor/cigraph/vendor/glpk/npp -Ivendor/cigraph/vendor/glpk/api -Ivendor/cigraph/vendor/glpk/mpl -Ivendor/cigraph/vendor/glpk/bflib -Ivendor/cigraph/vendor/glpk/amd -Ivendor/cigraph/vendor/glpk/simplex -Ivendor/cigraph/vendor/glpk/colamd -DNDEBUG -DNTIMER -DNPRINT -DIGRAPH_THREAD_LOCAL= -DPRPACK_IGRAPH_SUPPORT -DHAVE_GFORTRAN=1 -D_GNU_SOURCE=1 -I'/usr/local/lib/R/library/cpp11/include' -I/usr/local/include   -fvisibility=hidden -fpic  -g -O2   -c vendor/simpleraytracer/Point.cpp -o vendor/simpleraytracer/Point.o
#13 867.4 g++ -std=gnu++17 -I"/usr/local/lib/R/include" -DNDEBUG -DUSING_R -I. -Ivendor -Ivendor/cigraph/src -Ivendor/cigraph/include -Ivendor/cigraph/vendor -Ivendor/io/parsers  -I/usr/include/libxml2 -DHAVE_LIBXML -Ivendor/cigraph/vendor/glpk -Ivendor/cigraph/vendor/glpk/env -Ivendor/cigraph/vendor/glpk/minisat -Ivendor/cigraph/vendor/glpk/misc -Ivendor/cigraph/vendor/glpk/draft -Ivendor/cigraph/vendor/glpk/npp -Ivendor/cigraph/vendor/glpk/api -Ivendor/cigraph/vendor/glpk/mpl -Ivendor/cigraph/vendor/glpk/bflib -Ivendor/cigraph/vendor/glpk/amd -Ivendor/cigraph/vendor/glpk/simplex -Ivendor/cigraph/vendor/glpk/colamd -DNDEBUG -DNTIMER -DNPRINT -DIGRAPH_THREAD_LOCAL= -DPRPACK_IGRAPH_SUPPORT -DHAVE_GFORTRAN=1 -D_GNU_SOURCE=1 -I'/usr/local/lib/R/library/cpp11/include' -I/usr/local/include   -fvisibility=hidden -fpic  -g -O2   -c vendor/simpleraytracer/Ray.cpp -o vendor/simpleraytracer/Ray.o
#13 867.5 g++ -std=gnu++17 -I"/usr/local/lib/R/include" -DNDEBUG -DUSING_R -I. -Ivendor -Ivendor/cigraph/src -Ivendor/cigraph/include -Ivendor/cigraph/vendor -Ivendor/io/parsers  -I/usr/include/libxml2 -DHAVE_LIBXML -Ivendor/cigraph/vendor/glpk -Ivendor/cigraph/vendor/glpk/env -Ivendor/cigraph/vendor/glpk/minisat -Ivendor/cigraph/vendor/glpk/misc -Ivendor/cigraph/vendor/glpk/draft -Ivendor/cigraph/vendor/glpk/npp -Ivendor/cigraph/vendor/glpk/api -Ivendor/cigraph/vendor/glpk/mpl -Ivendor/cigraph/vendor/glpk/bflib -Ivendor/cigraph/vendor/glpk/amd -Ivendor/cigraph/vendor/glpk/simplex -Ivendor/cigraph/vendor/glpk/colamd -DNDEBUG -DNTIMER -DNPRINT -DIGRAPH_THREAD_LOCAL= -DPRPACK_IGRAPH_SUPPORT -DHAVE_GFORTRAN=1 -D_GNU_SOURCE=1 -I'/usr/local/lib/R/library/cpp11/include' -I/usr/local/include   -fvisibility=hidden -fpic  -g -O2   -c vendor/simpleraytracer/RayTracer.cpp -o vendor/simpleraytracer/RayTracer.o
#13 868.1 g++ -std=gnu++17 -I"/usr/local/lib/R/include" -DNDEBUG -DUSING_R -I. -Ivendor -Ivendor/cigraph/src -Ivendor/cigraph/include -Ivendor/cigraph/vendor -Ivendor/io/parsers  -I/usr/include/libxml2 -DHAVE_LIBXML -Ivendor/cigraph/vendor/glpk -Ivendor/cigraph/vendor/glpk/env -Ivendor/cigraph/vendor/glpk/minisat -Ivendor/cigraph/vendor/glpk/misc -Ivendor/cigraph/vendor/glpk/draft -Ivendor/cigraph/vendor/glpk/npp -Ivendor/cigraph/vendor/glpk/api -Ivendor/cigraph/vendor/glpk/mpl -Ivendor/cigraph/vendor/glpk/bflib -Ivendor/cigraph/vendor/glpk/amd -Ivendor/cigraph/vendor/glpk/simplex -Ivendor/cigraph/vendor/glpk/colamd -DNDEBUG -DNTIMER -DNPRINT -DIGRAPH_THREAD_LOCAL= -DPRPACK_IGRAPH_SUPPORT -DHAVE_GFORTRAN=1 -D_GNU_SOURCE=1 -I'/usr/local/lib/R/library/cpp11/include' -I/usr/local/include   -fvisibility=hidden -fpic  -g -O2   -c vendor/simpleraytracer/RayVector.cpp -o vendor/simpleraytracer/RayVector.o
#13 868.4 g++ -std=gnu++17 -I"/usr/local/lib/R/include" -DNDEBUG -DUSING_R -I. -Ivendor -Ivendor/cigraph/src -Ivendor/cigraph/include -Ivendor/cigraph/vendor -Ivendor/io/parsers  -I/usr/include/libxml2 -DHAVE_LIBXML -Ivendor/cigraph/vendor/glpk -Ivendor/cigraph/vendor/glpk/env -Ivendor/cigraph/vendor/glpk/minisat -Ivendor/cigraph/vendor/glpk/misc -Ivendor/cigraph/vendor/glpk/draft -Ivendor/cigraph/vendor/glpk/npp -Ivendor/cigraph/vendor/glpk/api -Ivendor/cigraph/vendor/glpk/mpl -Ivendor/cigraph/vendor/glpk/bflib -Ivendor/cigraph/vendor/glpk/amd -Ivendor/cigraph/vendor/glpk/simplex -Ivendor/cigraph/vendor/glpk/colamd -DNDEBUG -DNTIMER -DNPRINT -DIGRAPH_THREAD_LOCAL= -DPRPACK_IGRAPH_SUPPORT -DHAVE_GFORTRAN=1 -D_GNU_SOURCE=1 -I'/usr/local/lib/R/library/cpp11/include' -I/usr/local/include   -fvisibility=hidden -fpic  -g -O2   -c vendor/simpleraytracer/Shape.cpp -o vendor/simpleraytracer/Shape.o
#13 868.7 g++ -std=gnu++17 -I"/usr/local/lib/R/include" -DNDEBUG -DUSING_R -I. -Ivendor -Ivendor/cigraph/src -Ivendor/cigraph/include -Ivendor/cigraph/vendor -Ivendor/io/parsers  -I/usr/include/libxml2 -DHAVE_LIBXML -Ivendor/cigraph/vendor/glpk -Ivendor/cigraph/vendor/glpk/env -Ivendor/cigraph/vendor/glpk/minisat -Ivendor/cigraph/vendor/glpk/misc -Ivendor/cigraph/vendor/glpk/draft -Ivendor/cigraph/vendor/glpk/npp -Ivendor/cigraph/vendor/glpk/api -Ivendor/cigraph/vendor/glpk/mpl -Ivendor/cigraph/vendor/glpk/bflib -Ivendor/cigraph/vendor/glpk/amd -Ivendor/cigraph/vendor/glpk/simplex -Ivendor/cigraph/vendor/glpk/colamd -DNDEBUG -DNTIMER -DNPRINT -DIGRAPH_THREAD_LOCAL= -DPRPACK_IGRAPH_SUPPORT -DHAVE_GFORTRAN=1 -D_GNU_SOURCE=1 -I'/usr/local/lib/R/library/cpp11/include' -I/usr/local/include   -fvisibility=hidden -fpic  -g -O2   -c vendor/simpleraytracer/Sphere.cpp -o vendor/simpleraytracer/Sphere.o
#13 869.2 g++ -std=gnu++17 -I"/usr/local/lib/R/include" -DNDEBUG -DUSING_R -I. -Ivendor -Ivendor/cigraph/src -Ivendor/cigraph/include -Ivendor/cigraph/vendor -Ivendor/io/parsers  -I/usr/include/libxml2 -DHAVE_LIBXML -Ivendor/cigraph/vendor/glpk -Ivendor/cigraph/vendor/glpk/env -Ivendor/cigraph/vendor/glpk/minisat -Ivendor/cigraph/vendor/glpk/misc -Ivendor/cigraph/vendor/glpk/draft -Ivendor/cigraph/vendor/glpk/npp -Ivendor/cigraph/vendor/glpk/api -Ivendor/cigraph/vendor/glpk/mpl -Ivendor/cigraph/vendor/glpk/bflib -Ivendor/cigraph/vendor/glpk/amd -Ivendor/cigraph/vendor/glpk/simplex -Ivendor/cigraph/vendor/glpk/colamd -DNDEBUG -DNTIMER -DNPRINT -DIGRAPH_THREAD_LOCAL= -DPRPACK_IGRAPH_SUPPORT -DHAVE_GFORTRAN=1 -D_GNU_SOURCE=1 -I'/usr/local/lib/R/library/cpp11/include' -I/usr/local/include   -fvisibility=hidden -fpic  -g -O2   -c vendor/simpleraytracer/Triangle.cpp -o vendor/simpleraytracer/Triangle.o
#13 869.7 g++ -std=gnu++17 -I"/usr/local/lib/R/include" -DNDEBUG -DUSING_R -I. -Ivendor -Ivendor/cigraph/src -Ivendor/cigraph/include -Ivendor/cigraph/vendor -Ivendor/io/parsers  -I/usr/include/libxml2 -DHAVE_LIBXML -Ivendor/cigraph/vendor/glpk -Ivendor/cigraph/vendor/glpk/env -Ivendor/cigraph/vendor/glpk/minisat -Ivendor/cigraph/vendor/glpk/misc -Ivendor/cigraph/vendor/glpk/draft -Ivendor/cigraph/vendor/glpk/npp -Ivendor/cigraph/vendor/glpk/api -Ivendor/cigraph/vendor/glpk/mpl -Ivendor/cigraph/vendor/glpk/bflib -Ivendor/cigraph/vendor/glpk/amd -Ivendor/cigraph/vendor/glpk/simplex -Ivendor/cigraph/vendor/glpk/colamd -DNDEBUG -DNTIMER -DNPRINT -DIGRAPH_THREAD_LOCAL= -DPRPACK_IGRAPH_SUPPORT -DHAVE_GFORTRAN=1 -D_GNU_SOURCE=1 -I'/usr/local/lib/R/library/cpp11/include' -I/usr/local/include   -fvisibility=hidden -fpic  -g -O2   -c vendor/simpleraytracer/unit_limiter.cpp -o vendor/simpleraytracer/unit_limiter.o
#13 869.8 gcc -I"/usr/local/lib/R/include" -DNDEBUG -DUSING_R -I. -Ivendor -Ivendor/cigraph/src -Ivendor/cigraph/include -Ivendor/cigraph/vendor -Ivendor/io/parsers  -I/usr/include/libxml2 -DHAVE_LIBXML -Ivendor/cigraph/vendor/glpk -Ivendor/cigraph/vendor/glpk/env -Ivendor/cigraph/vendor/glpk/minisat -Ivendor/cigraph/vendor/glpk/misc -Ivendor/cigraph/vendor/glpk/draft -Ivendor/cigraph/vendor/glpk/npp -Ivendor/cigraph/vendor/glpk/api -Ivendor/cigraph/vendor/glpk/mpl -Ivendor/cigraph/vendor/glpk/bflib -Ivendor/cigraph/vendor/glpk/amd -Ivendor/cigraph/vendor/glpk/simplex -Ivendor/cigraph/vendor/glpk/colamd -DNDEBUG -DNTIMER -DNPRINT -DIGRAPH_THREAD_LOCAL= -DPRPACK_IGRAPH_SUPPORT -DHAVE_GFORTRAN=1 -D_GNU_SOURCE=1 -I'/usr/local/lib/R/library/cpp11/include' -I/usr/local/include   -fvisibility=hidden -fpic  -g -O2  -c vendor/uuid/R.c -o vendor/uuid/R.o
#13 869.9 gcc -I"/usr/local/lib/R/include" -DNDEBUG -DUSING_R -I. -Ivendor -Ivendor/cigraph/src -Ivendor/cigraph/include -Ivendor/cigraph/vendor -Ivendor/io/parsers  -I/usr/include/libxml2 -DHAVE_LIBXML -Ivendor/cigraph/vendor/glpk -Ivendor/cigraph/vendor/glpk/env -Ivendor/cigraph/vendor/glpk/minisat -Ivendor/cigraph/vendor/glpk/misc -Ivendor/cigraph/vendor/glpk/draft -Ivendor/cigraph/vendor/glpk/npp -Ivendor/cigraph/vendor/glpk/api -Ivendor/cigraph/vendor/glpk/mpl -Ivendor/cigraph/vendor/glpk/bflib -Ivendor/cigraph/vendor/glpk/amd -Ivendor/cigraph/vendor/glpk/simplex -Ivendor/cigraph/vendor/glpk/colamd -DNDEBUG -DNTIMER -DNPRINT -DIGRAPH_THREAD_LOCAL= -DPRPACK_IGRAPH_SUPPORT -DHAVE_GFORTRAN=1 -D_GNU_SOURCE=1 -I'/usr/local/lib/R/library/cpp11/include' -I/usr/local/include   -fvisibility=hidden -fpic  -g -O2  -c vendor/uuid/clear.c -o vendor/uuid/clear.o
#13 869.9 gcc -I"/usr/local/lib/R/include" -DNDEBUG -DUSING_R -I. -Ivendor -Ivendor/cigraph/src -Ivendor/cigraph/include -Ivendor/cigraph/vendor -Ivendor/io/parsers  -I/usr/include/libxml2 -DHAVE_LIBXML -Ivendor/cigraph/vendor/glpk -Ivendor/cigraph/vendor/glpk/env -Ivendor/cigraph/vendor/glpk/minisat -Ivendor/cigraph/vendor/glpk/misc -Ivendor/cigraph/vendor/glpk/draft -Ivendor/cigraph/vendor/glpk/npp -Ivendor/cigraph/vendor/glpk/api -Ivendor/cigraph/vendor/glpk/mpl -Ivendor/cigraph/vendor/glpk/bflib -Ivendor/cigraph/vendor/glpk/amd -Ivendor/cigraph/vendor/glpk/simplex -Ivendor/cigraph/vendor/glpk/colamd -DNDEBUG -DNTIMER -DNPRINT -DIGRAPH_THREAD_LOCAL= -DPRPACK_IGRAPH_SUPPORT -DHAVE_GFORTRAN=1 -D_GNU_SOURCE=1 -I'/usr/local/lib/R/library/cpp11/include' -I/usr/local/include   -fvisibility=hidden -fpic  -g -O2  -c vendor/uuid/compare.c -o vendor/uuid/compare.o
#13 869.9 gcc -I"/usr/local/lib/R/include" -DNDEBUG -DUSING_R -I. -Ivendor -Ivendor/cigraph/src -Ivendor/cigraph/include -Ivendor/cigraph/vendor -Ivendor/io/parsers  -I/usr/include/libxml2 -DHAVE_LIBXML -Ivendor/cigraph/vendor/glpk -Ivendor/cigraph/vendor/glpk/env -Ivendor/cigraph/vendor/glpk/minisat -Ivendor/cigraph/vendor/glpk/misc -Ivendor/cigraph/vendor/glpk/draft -Ivendor/cigraph/vendor/glpk/npp -Ivendor/cigraph/vendor/glpk/api -Ivendor/cigraph/vendor/glpk/mpl -Ivendor/cigraph/vendor/glpk/bflib -Ivendor/cigraph/vendor/glpk/amd -Ivendor/cigraph/vendor/glpk/simplex -Ivendor/cigraph/vendor/glpk/colamd -DNDEBUG -DNTIMER -DNPRINT -DIGRAPH_THREAD_LOCAL= -DPRPACK_IGRAPH_SUPPORT -DHAVE_GFORTRAN=1 -D_GNU_SOURCE=1 -I'/usr/local/lib/R/library/cpp11/include' -I/usr/local/include   -fvisibility=hidden -fpic  -g -O2  -c vendor/uuid/copy.c -o vendor/uuid/copy.o
#13 870.0 gcc -I"/usr/local/lib/R/include" -DNDEBUG -DUSING_R -I. -Ivendor -Ivendor/cigraph/src -Ivendor/cigraph/include -Ivendor/cigraph/vendor -Ivendor/io/parsers  -I/usr/include/libxml2 -DHAVE_LIBXML -Ivendor/cigraph/vendor/glpk -Ivendor/cigraph/vendor/glpk/env -Ivendor/cigraph/vendor/glpk/minisat -Ivendor/cigraph/vendor/glpk/misc -Ivendor/cigraph/vendor/glpk/draft -Ivendor/cigraph/vendor/glpk/npp -Ivendor/cigraph/vendor/glpk/api -Ivendor/cigraph/vendor/glpk/mpl -Ivendor/cigraph/vendor/glpk/bflib -Ivendor/cigraph/vendor/glpk/amd -Ivendor/cigraph/vendor/glpk/simplex -Ivendor/cigraph/vendor/glpk/colamd -DNDEBUG -DNTIMER -DNPRINT -DIGRAPH_THREAD_LOCAL= -DPRPACK_IGRAPH_SUPPORT -DHAVE_GFORTRAN=1 -D_GNU_SOURCE=1 -I'/usr/local/lib/R/library/cpp11/include' -I/usr/local/include   -fvisibility=hidden -fpic  -g -O2  -c vendor/uuid/gen_uuid.c -o vendor/uuid/gen_uuid.o
#13 870.1 gcc -I"/usr/local/lib/R/include" -DNDEBUG -DUSING_R -I. -Ivendor -Ivendor/cigraph/src -Ivendor/cigraph/include -Ivendor/cigraph/vendor -Ivendor/io/parsers  -I/usr/include/libxml2 -DHAVE_LIBXML -Ivendor/cigraph/vendor/glpk -Ivendor/cigraph/vendor/glpk/env -Ivendor/cigraph/vendor/glpk/minisat -Ivendor/cigraph/vendor/glpk/misc -Ivendor/cigraph/vendor/glpk/draft -Ivendor/cigraph/vendor/glpk/npp -Ivendor/cigraph/vendor/glpk/api -Ivendor/cigraph/vendor/glpk/mpl -Ivendor/cigraph/vendor/glpk/bflib -Ivendor/cigraph/vendor/glpk/amd -Ivendor/cigraph/vendor/glpk/simplex -Ivendor/cigraph/vendor/glpk/colamd -DNDEBUG -DNTIMER -DNPRINT -DIGRAPH_THREAD_LOCAL= -DPRPACK_IGRAPH_SUPPORT -DHAVE_GFORTRAN=1 -D_GNU_SOURCE=1 -I'/usr/local/lib/R/library/cpp11/include' -I/usr/local/include   -fvisibility=hidden -fpic  -g -O2  -c vendor/uuid/isnull.c -o vendor/uuid/isnull.o
#13 870.2 gcc -I"/usr/local/lib/R/include" -DNDEBUG -DUSING_R -I. -Ivendor -Ivendor/cigraph/src -Ivendor/cigraph/include -Ivendor/cigraph/vendor -Ivendor/io/parsers  -I/usr/include/libxml2 -DHAVE_LIBXML -Ivendor/cigraph/vendor/glpk -Ivendor/cigraph/vendor/glpk/env -Ivendor/cigraph/vendor/glpk/minisat -Ivendor/cigraph/vendor/glpk/misc -Ivendor/cigraph/vendor/glpk/draft -Ivendor/cigraph/vendor/glpk/npp -Ivendor/cigraph/vendor/glpk/api -Ivendor/cigraph/vendor/glpk/mpl -Ivendor/cigraph/vendor/glpk/bflib -Ivendor/cigraph/vendor/glpk/amd -Ivendor/cigraph/vendor/glpk/simplex -Ivendor/cigraph/vendor/glpk/colamd -DNDEBUG -DNTIMER -DNPRINT -DIGRAPH_THREAD_LOCAL= -DPRPACK_IGRAPH_SUPPORT -DHAVE_GFORTRAN=1 -D_GNU_SOURCE=1 -I'/usr/local/lib/R/library/cpp11/include' -I/usr/local/include   -fvisibility=hidden -fpic  -g -O2  -c vendor/uuid/pack.c -o vendor/uuid/pack.o
#13 870.2 gcc -I"/usr/local/lib/R/include" -DNDEBUG -DUSING_R -I. -Ivendor -Ivendor/cigraph/src -Ivendor/cigraph/include -Ivendor/cigraph/vendor -Ivendor/io/parsers  -I/usr/include/libxml2 -DHAVE_LIBXML -Ivendor/cigraph/vendor/glpk -Ivendor/cigraph/vendor/glpk/env -Ivendor/cigraph/vendor/glpk/minisat -Ivendor/cigraph/vendor/glpk/misc -Ivendor/cigraph/vendor/glpk/draft -Ivendor/cigraph/vendor/glpk/npp -Ivendor/cigraph/vendor/glpk/api -Ivendor/cigraph/vendor/glpk/mpl -Ivendor/cigraph/vendor/glpk/bflib -Ivendor/cigraph/vendor/glpk/amd -Ivendor/cigraph/vendor/glpk/simplex -Ivendor/cigraph/vendor/glpk/colamd -DNDEBUG -DNTIMER -DNPRINT -DIGRAPH_THREAD_LOCAL= -DPRPACK_IGRAPH_SUPPORT -DHAVE_GFORTRAN=1 -D_GNU_SOURCE=1 -I'/usr/local/lib/R/library/cpp11/include' -I/usr/local/include   -fvisibility=hidden -fpic  -g -O2  -c vendor/uuid/parse.c -o vendor/uuid/parse.o
#13 870.3 gcc -I"/usr/local/lib/R/include" -DNDEBUG -DUSING_R -I. -Ivendor -Ivendor/cigraph/src -Ivendor/cigraph/include -Ivendor/cigraph/vendor -Ivendor/io/parsers  -I/usr/include/libxml2 -DHAVE_LIBXML -Ivendor/cigraph/vendor/glpk -Ivendor/cigraph/vendor/glpk/env -Ivendor/cigraph/vendor/glpk/minisat -Ivendor/cigraph/vendor/glpk/misc -Ivendor/cigraph/vendor/glpk/draft -Ivendor/cigraph/vendor/glpk/npp -Ivendor/cigraph/vendor/glpk/api -Ivendor/cigraph/vendor/glpk/mpl -Ivendor/cigraph/vendor/glpk/bflib -Ivendor/cigraph/vendor/glpk/amd -Ivendor/cigraph/vendor/glpk/simplex -Ivendor/cigraph/vendor/glpk/colamd -DNDEBUG -DNTIMER -DNPRINT -DIGRAPH_THREAD_LOCAL= -DPRPACK_IGRAPH_SUPPORT -DHAVE_GFORTRAN=1 -D_GNU_SOURCE=1 -I'/usr/local/lib/R/library/cpp11/include' -I/usr/local/include   -fvisibility=hidden -fpic  -g -O2  -c vendor/uuid/unpack.c -o vendor/uuid/unpack.o
#13 870.3 gcc -I"/usr/local/lib/R/include" -DNDEBUG -DUSING_R -I. -Ivendor -Ivendor/cigraph/src -Ivendor/cigraph/include -Ivendor/cigraph/vendor -Ivendor/io/parsers  -I/usr/include/libxml2 -DHAVE_LIBXML -Ivendor/cigraph/vendor/glpk -Ivendor/cigraph/vendor/glpk/env -Ivendor/cigraph/vendor/glpk/minisat -Ivendor/cigraph/vendor/glpk/misc -Ivendor/cigraph/vendor/glpk/draft -Ivendor/cigraph/vendor/glpk/npp -Ivendor/cigraph/vendor/glpk/api -Ivendor/cigraph/vendor/glpk/mpl -Ivendor/cigraph/vendor/glpk/bflib -Ivendor/cigraph/vendor/glpk/amd -Ivendor/cigraph/vendor/glpk/simplex -Ivendor/cigraph/vendor/glpk/colamd -DNDEBUG -DNTIMER -DNPRINT -DIGRAPH_THREAD_LOCAL= -DPRPACK_IGRAPH_SUPPORT -DHAVE_GFORTRAN=1 -D_GNU_SOURCE=1 -I'/usr/local/lib/R/library/cpp11/include' -I/usr/local/include   -fvisibility=hidden -fpic  -g -O2  -c vendor/uuid/unparse.c -o vendor/uuid/unparse.o
#13 870.3 gcc -I"/usr/local/lib/R/include" -DNDEBUG -DUSING_R -I. -Ivendor -Ivendor/cigraph/src -Ivendor/cigraph/include -Ivendor/cigraph/vendor -Ivendor/io/parsers  -I/usr/include/libxml2 -DHAVE_LIBXML -Ivendor/cigraph/vendor/glpk -Ivendor/cigraph/vendor/glpk/env -Ivendor/cigraph/vendor/glpk/minisat -Ivendor/cigraph/vendor/glpk/misc -Ivendor/cigraph/vendor/glpk/draft -Ivendor/cigraph/vendor/glpk/npp -Ivendor/cigraph/vendor/glpk/api -Ivendor/cigraph/vendor/glpk/mpl -Ivendor/cigraph/vendor/glpk/bflib -Ivendor/cigraph/vendor/glpk/amd -Ivendor/cigraph/vendor/glpk/simplex -Ivendor/cigraph/vendor/glpk/colamd -DNDEBUG -DNTIMER -DNPRINT -DIGRAPH_THREAD_LOCAL= -DPRPACK_IGRAPH_SUPPORT -DHAVE_GFORTRAN=1 -D_GNU_SOURCE=1 -I'/usr/local/lib/R/library/cpp11/include' -I/usr/local/include   -fvisibility=hidden -fpic  -g -O2  -c vendor/cigraph/vendor/mini-gmp/mini-gmp.c -o vendor/cigraph/vendor/mini-gmp/mini-gmp.o
#13 872.2 gcc -I"/usr/local/lib/R/include" -DNDEBUG -DUSING_R -I. -Ivendor -Ivendor/cigraph/src -Ivendor/cigraph/include -Ivendor/cigraph/vendor -Ivendor/io/parsers  -I/usr/include/libxml2 -DHAVE_LIBXML -Ivendor/cigraph/vendor/glpk -Ivendor/cigraph/vendor/glpk/env -Ivendor/cigraph/vendor/glpk/minisat -Ivendor/cigraph/vendor/glpk/misc -Ivendor/cigraph/vendor/glpk/draft -Ivendor/cigraph/vendor/glpk/npp -Ivendor/cigraph/vendor/glpk/api -Ivendor/cigraph/vendor/glpk/mpl -Ivendor/cigraph/vendor/glpk/bflib -Ivendor/cigraph/vendor/glpk/amd -Ivendor/cigraph/vendor/glpk/simplex -Ivendor/cigraph/vendor/glpk/colamd -DNDEBUG -DNTIMER -DNPRINT -DIGRAPH_THREAD_LOCAL= -DPRPACK_IGRAPH_SUPPORT -DHAVE_GFORTRAN=1 -D_GNU_SOURCE=1 -I'/usr/local/lib/R/library/cpp11/include' -I/usr/local/include   -fvisibility=hidden -fpic  -g -O2  -c vendor/cigraph/vendor/glpk/amd/amd_1.c -o vendor/cigraph/vendor/glpk/amd/amd_1.o
#13 872.3 gcc -I"/usr/local/lib/R/include" -DNDEBUG -DUSING_R -I. -Ivendor -Ivendor/cigraph/src -Ivendor/cigraph/include -Ivendor/cigraph/vendor -Ivendor/io/parsers  -I/usr/include/libxml2 -DHAVE_LIBXML -Ivendor/cigraph/vendor/glpk -Ivendor/cigraph/vendor/glpk/env -Ivendor/cigraph/vendor/glpk/minisat -Ivendor/cigraph/vendor/glpk/misc -Ivendor/cigraph/vendor/glpk/draft -Ivendor/cigraph/vendor/glpk/npp -Ivendor/cigraph/vendor/glpk/api -Ivendor/cigraph/vendor/glpk/mpl -Ivendor/cigraph/vendor/glpk/bflib -Ivendor/cigraph/vendor/glpk/amd -Ivendor/cigraph/vendor/glpk/simplex -Ivendor/cigraph/vendor/glpk/colamd -DNDEBUG -DNTIMER -DNPRINT -DIGRAPH_THREAD_LOCAL= -DPRPACK_IGRAPH_SUPPORT -DHAVE_GFORTRAN=1 -D_GNU_SOURCE=1 -I'/usr/local/lib/R/library/cpp11/include' -I/usr/local/include   -fvisibility=hidden -fpic  -g -O2  -c vendor/cigraph/vendor/glpk/amd/amd_2.c -o vendor/cigraph/vendor/glpk/amd/amd_2.o
#13 872.7 gcc -I"/usr/local/lib/R/include" -DNDEBUG -DUSING_R -I. -Ivendor -Ivendor/cigraph/src -Ivendor/cigraph/include -Ivendor/cigraph/vendor -Ivendor/io/parsers  -I/usr/include/libxml2 -DHAVE_LIBXML -Ivendor/cigraph/vendor/glpk -Ivendor/cigraph/vendor/glpk/env -Ivendor/cigraph/vendor/glpk/minisat -Ivendor/cigraph/vendor/glpk/misc -Ivendor/cigraph/vendor/glpk/draft -Ivendor/cigraph/vendor/glpk/npp -Ivendor/cigraph/vendor/glpk/api -Ivendor/cigraph/vendor/glpk/mpl -Ivendor/cigraph/vendor/glpk/bflib -Ivendor/cigraph/vendor/glpk/amd -Ivendor/cigraph/vendor/glpk/simplex -Ivendor/cigraph/vendor/glpk/colamd -DNDEBUG -DNTIMER -DNPRINT -DIGRAPH_THREAD_LOCAL= -DPRPACK_IGRAPH_SUPPORT -DHAVE_GFORTRAN=1 -D_GNU_SOURCE=1 -I'/usr/local/lib/R/library/cpp11/include' -I/usr/local/include   -fvisibility=hidden -fpic  -g -O2  -c vendor/cigraph/vendor/glpk/amd/amd_aat.c -o vendor/cigraph/vendor/glpk/amd/amd_aat.o
#13 872.8 gcc -I"/usr/local/lib/R/include" -DNDEBUG -DUSING_R -I. -Ivendor -Ivendor/cigraph/src -Ivendor/cigraph/include -Ivendor/cigraph/vendor -Ivendor/io/parsers  -I/usr/include/libxml2 -DHAVE_LIBXML -Ivendor/cigraph/vendor/glpk -Ivendor/cigraph/vendor/glpk/env -Ivendor/cigraph/vendor/glpk/minisat -Ivendor/cigraph/vendor/glpk/misc -Ivendor/cigraph/vendor/glpk/draft -Ivendor/cigraph/vendor/glpk/npp -Ivendor/cigraph/vendor/glpk/api -Ivendor/cigraph/vendor/glpk/mpl -Ivendor/cigraph/vendor/glpk/bflib -Ivendor/cigraph/vendor/glpk/amd -Ivendor/cigraph/vendor/glpk/simplex -Ivendor/cigraph/vendor/glpk/colamd -DNDEBUG -DNTIMER -DNPRINT -DIGRAPH_THREAD_LOCAL= -DPRPACK_IGRAPH_SUPPORT -DHAVE_GFORTRAN=1 -D_GNU_SOURCE=1 -I'/usr/local/lib/R/library/cpp11/include' -I/usr/local/include   -fvisibility=hidden -fpic  -g -O2  -c vendor/cigraph/vendor/glpk/amd/amd_control.c -o vendor/cigraph/vendor/glpk/amd/amd_control.o
#13 872.9 gcc -I"/usr/local/lib/R/include" -DNDEBUG -DUSING_R -I. -Ivendor -Ivendor/cigraph/src -Ivendor/cigraph/include -Ivendor/cigraph/vendor -Ivendor/io/parsers  -I/usr/include/libxml2 -DHAVE_LIBXML -Ivendor/cigraph/vendor/glpk -Ivendor/cigraph/vendor/glpk/env -Ivendor/cigraph/vendor/glpk/minisat -Ivendor/cigraph/vendor/glpk/misc -Ivendor/cigraph/vendor/glpk/draft -Ivendor/cigraph/vendor/glpk/npp -Ivendor/cigraph/vendor/glpk/api -Ivendor/cigraph/vendor/glpk/mpl -Ivendor/cigraph/vendor/glpk/bflib -Ivendor/cigraph/vendor/glpk/amd -Ivendor/cigraph/vendor/glpk/simplex -Ivendor/cigraph/vendor/glpk/colamd -DNDEBUG -DNTIMER -DNPRINT -DIGRAPH_THREAD_LOCAL= -DPRPACK_IGRAPH_SUPPORT -DHAVE_GFORTRAN=1 -D_GNU_SOURCE=1 -I'/usr/local/lib/R/library/cpp11/include' -I/usr/local/include   -fvisibility=hidden -fpic  -g -O2  -c vendor/cigraph/vendor/glpk/amd/amd_defaults.c -o vendor/cigraph/vendor/glpk/amd/amd_defaults.o
#13 873.0 gcc -I"/usr/local/lib/R/include" -DNDEBUG -DUSING_R -I. -Ivendor -Ivendor/cigraph/src -Ivendor/cigraph/include -Ivendor/cigraph/vendor -Ivendor/io/parsers  -I/usr/include/libxml2 -DHAVE_LIBXML -Ivendor/cigraph/vendor/glpk -Ivendor/cigraph/vendor/glpk/env -Ivendor/cigraph/vendor/glpk/minisat -Ivendor/cigraph/vendor/glpk/misc -Ivendor/cigraph/vendor/glpk/draft -Ivendor/cigraph/vendor/glpk/npp -Ivendor/cigraph/vendor/glpk/api -Ivendor/cigraph/vendor/glpk/mpl -Ivendor/cigraph/vendor/glpk/bflib -Ivendor/cigraph/vendor/glpk/amd -Ivendor/cigraph/vendor/glpk/simplex -Ivendor/cigraph/vendor/glpk/colamd -DNDEBUG -DNTIMER -DNPRINT -DIGRAPH_THREAD_LOCAL= -DPRPACK_IGRAPH_SUPPORT -DHAVE_GFORTRAN=1 -D_GNU_SOURCE=1 -I'/usr/local/lib/R/library/cpp11/include' -I/usr/local/include   -fvisibility=hidden -fpic  -g -O2  -c vendor/cigraph/vendor/glpk/amd/amd_dump.c -o vendor/cigraph/vendor/glpk/amd/amd_dump.o
#13 873.1 gcc -I"/usr/local/lib/R/include" -DNDEBUG -DUSING_R -I. -Ivendor -Ivendor/cigraph/src -Ivendor/cigraph/include -Ivendor/cigraph/vendor -Ivendor/io/parsers  -I/usr/include/libxml2 -DHAVE_LIBXML -Ivendor/cigraph/vendor/glpk -Ivendor/cigraph/vendor/glpk/env -Ivendor/cigraph/vendor/glpk/minisat -Ivendor/cigraph/vendor/glpk/misc -Ivendor/cigraph/vendor/glpk/draft -Ivendor/cigraph/vendor/glpk/npp -Ivendor/cigraph/vendor/glpk/api -Ivendor/cigraph/vendor/glpk/mpl -Ivendor/cigraph/vendor/glpk/bflib -Ivendor/cigraph/vendor/glpk/amd -Ivendor/cigraph/vendor/glpk/simplex -Ivendor/cigraph/vendor/glpk/colamd -DNDEBUG -DNTIMER -DNPRINT -DIGRAPH_THREAD_LOCAL= -DPRPACK_IGRAPH_SUPPORT -DHAVE_GFORTRAN=1 -D_GNU_SOURCE=1 -I'/usr/local/lib/R/library/cpp11/include' -I/usr/local/include   -fvisibility=hidden -fpic  -g -O2  -c vendor/cigraph/vendor/glpk/amd/amd_info.c -o vendor/cigraph/vendor/glpk/amd/amd_info.o
#13 873.1 gcc -I"/usr/local/lib/R/include" -DNDEBUG -DUSING_R -I. -Ivendor -Ivendor/cigraph/src -Ivendor/cigraph/include -Ivendor/cigraph/vendor -Ivendor/io/parsers  -I/usr/include/libxml2 -DHAVE_LIBXML -Ivendor/cigraph/vendor/glpk -Ivendor/cigraph/vendor/glpk/env -Ivendor/cigraph/vendor/glpk/minisat -Ivendor/cigraph/vendor/glpk/misc -Ivendor/cigraph/vendor/glpk/draft -Ivendor/cigraph/vendor/glpk/npp -Ivendor/cigraph/vendor/glpk/api -Ivendor/cigraph/vendor/glpk/mpl -Ivendor/cigraph/vendor/glpk/bflib -Ivendor/cigraph/vendor/glpk/amd -Ivendor/cigraph/vendor/glpk/simplex -Ivendor/cigraph/vendor/glpk/colamd -DNDEBUG -DNTIMER -DNPRINT -DIGRAPH_THREAD_LOCAL= -DPRPACK_IGRAPH_SUPPORT -DHAVE_GFORTRAN=1 -D_GNU_SOURCE=1 -I'/usr/local/lib/R/library/cpp11/include' -I/usr/local/include   -fvisibility=hidden -fpic  -g -O2  -c vendor/cigraph/vendor/glpk/amd/amd_order.c -o vendor/cigraph/vendor/glpk/amd/amd_order.o
#13 873.3 gcc -I"/usr/local/lib/R/include" -DNDEBUG -DUSING_R -I. -Ivendor -Ivendor/cigraph/src -Ivendor/cigraph/include -Ivendor/cigraph/vendor -Ivendor/io/parsers  -I/usr/include/libxml2 -DHAVE_LIBXML -Ivendor/cigraph/vendor/glpk -Ivendor/cigraph/vendor/glpk/env -Ivendor/cigraph/vendor/glpk/minisat -Ivendor/cigraph/vendor/glpk/misc -Ivendor/cigraph/vendor/glpk/draft -Ivendor/cigraph/vendor/glpk/npp -Ivendor/cigraph/vendor/glpk/api -Ivendor/cigraph/vendor/glpk/mpl -Ivendor/cigraph/vendor/glpk/bflib -Ivendor/cigraph/vendor/glpk/amd -Ivendor/cigraph/vendor/glpk/simplex -Ivendor/cigraph/vendor/glpk/colamd -DNDEBUG -DNTIMER -DNPRINT -DIGRAPH_THREAD_LOCAL= -DPRPACK_IGRAPH_SUPPORT -DHAVE_GFORTRAN=1 -D_GNU_SOURCE=1 -I'/usr/local/lib/R/library/cpp11/include' -I/usr/local/include   -fvisibility=hidden -fpic  -g -O2  -c vendor/cigraph/vendor/glpk/amd/amd_post_tree.c -o vendor/cigraph/vendor/glpk/amd/amd_post_tree.o
#13 873.3 gcc -I"/usr/local/lib/R/include" -DNDEBUG -DUSING_R -I. -Ivendor -Ivendor/cigraph/src -Ivendor/cigraph/include -Ivendor/cigraph/vendor -Ivendor/io/parsers  -I/usr/include/libxml2 -DHAVE_LIBXML -Ivendor/cigraph/vendor/glpk -Ivendor/cigraph/vendor/glpk/env -Ivendor/cigraph/vendor/glpk/minisat -Ivendor/cigraph/vendor/glpk/misc -Ivendor/cigraph/vendor/glpk/draft -Ivendor/cigraph/vendor/glpk/npp -Ivendor/cigraph/vendor/glpk/api -Ivendor/cigraph/vendor/glpk/mpl -Ivendor/cigraph/vendor/glpk/bflib -Ivendor/cigraph/vendor/glpk/amd -Ivendor/cigraph/vendor/glpk/simplex -Ivendor/cigraph/vendor/glpk/colamd -DNDEBUG -DNTIMER -DNPRINT -DIGRAPH_THREAD_LOCAL= -DPRPACK_IGRAPH_SUPPORT -DHAVE_GFORTRAN=1 -D_GNU_SOURCE=1 -I'/usr/local/lib/R/library/cpp11/include' -I/usr/local/include   -fvisibility=hidden -fpic  -g -O2  -c vendor/cigraph/vendor/glpk/amd/amd_postorder.c -o vendor/cigraph/vendor/glpk/amd/amd_postorder.o
#13 873.4 gcc -I"/usr/local/lib/R/include" -DNDEBUG -DUSING_R -I. -Ivendor -Ivendor/cigraph/src -Ivendor/cigraph/include -Ivendor/cigraph/vendor -Ivendor/io/parsers  -I/usr/include/libxml2 -DHAVE_LIBXML -Ivendor/cigraph/vendor/glpk -Ivendor/cigraph/vendor/glpk/env -Ivendor/cigraph/vendor/glpk/minisat -Ivendor/cigraph/vendor/glpk/misc -Ivendor/cigraph/vendor/glpk/draft -Ivendor/cigraph/vendor/glpk/npp -Ivendor/cigraph/vendor/glpk/api -Ivendor/cigraph/vendor/glpk/mpl -Ivendor/cigraph/vendor/glpk/bflib -Ivendor/cigraph/vendor/glpk/amd -Ivendor/cigraph/vendor/glpk/simplex -Ivendor/cigraph/vendor/glpk/colamd -DNDEBUG -DNTIMER -DNPRINT -DIGRAPH_THREAD_LOCAL= -DPRPACK_IGRAPH_SUPPORT -DHAVE_GFORTRAN=1 -D_GNU_SOURCE=1 -I'/usr/local/lib/R/library/cpp11/include' -I/usr/local/include   -fvisibility=hidden -fpic  -g -O2  -c vendor/cigraph/vendor/glpk/amd/amd_preprocess.c -o vendor/cigraph/vendor/glpk/amd/amd_preprocess.o
#13 873.5 gcc -I"/usr/local/lib/R/include" -DNDEBUG -DUSING_R -I. -Ivendor -Ivendor/cigraph/src -Ivendor/cigraph/include -Ivendor/cigraph/vendor -Ivendor/io/parsers  -I/usr/include/libxml2 -DHAVE_LIBXML -Ivendor/cigraph/vendor/glpk -Ivendor/cigraph/vendor/glpk/env -Ivendor/cigraph/vendor/glpk/minisat -Ivendor/cigraph/vendor/glpk/misc -Ivendor/cigraph/vendor/glpk/draft -Ivendor/cigraph/vendor/glpk/npp -Ivendor/cigraph/vendor/glpk/api -Ivendor/cigraph/vendor/glpk/mpl -Ivendor/cigraph/vendor/glpk/bflib -Ivendor/cigraph/vendor/glpk/amd -Ivendor/cigraph/vendor/glpk/simplex -Ivendor/cigraph/vendor/glpk/colamd -DNDEBUG -DNTIMER -DNPRINT -DIGRAPH_THREAD_LOCAL= -DPRPACK_IGRAPH_SUPPORT -DHAVE_GFORTRAN=1 -D_GNU_SOURCE=1 -I'/usr/local/lib/R/library/cpp11/include' -I/usr/local/include   -fvisibility=hidden -fpic  -g -O2  -c vendor/cigraph/vendor/glpk/amd/amd_valid.c -o vendor/cigraph/vendor/glpk/amd/amd_valid.o
#13 873.6 gcc -I"/usr/local/lib/R/include" -DNDEBUG -DUSING_R -I. -Ivendor -Ivendor/cigraph/src -Ivendor/cigraph/include -Ivendor/cigraph/vendor -Ivendor/io/parsers  -I/usr/include/libxml2 -DHAVE_LIBXML -Ivendor/cigraph/vendor/glpk -Ivendor/cigraph/vendor/glpk/env -Ivendor/cigraph/vendor/glpk/minisat -Ivendor/cigraph/vendor/glpk/misc -Ivendor/cigraph/vendor/glpk/draft -Ivendor/cigraph/vendor/glpk/npp -Ivendor/cigraph/vendor/glpk/api -Ivendor/cigraph/vendor/glpk/mpl -Ivendor/cigraph/vendor/glpk/bflib -Ivendor/cigraph/vendor/glpk/amd -Ivendor/cigraph/vendor/glpk/simplex -Ivendor/cigraph/vendor/glpk/colamd -DNDEBUG -DNTIMER -DNPRINT -DIGRAPH_THREAD_LOCAL= -DPRPACK_IGRAPH_SUPPORT -DHAVE_GFORTRAN=1 -D_GNU_SOURCE=1 -I'/usr/local/lib/R/library/cpp11/include' -I/usr/local/include   -fvisibility=hidden -fpic  -g -O2  -c vendor/cigraph/vendor/glpk/api/advbas.c -o vendor/cigraph/vendor/glpk/api/advbas.o
#13 873.7 gcc -I"/usr/local/lib/R/include" -DNDEBUG -DUSING_R -I. -Ivendor -Ivendor/cigraph/src -Ivendor/cigraph/include -Ivendor/cigraph/vendor -Ivendor/io/parsers  -I/usr/include/libxml2 -DHAVE_LIBXML -Ivendor/cigraph/vendor/glpk -Ivendor/cigraph/vendor/glpk/env -Ivendor/cigraph/vendor/glpk/minisat -Ivendor/cigraph/vendor/glpk/misc -Ivendor/cigraph/vendor/glpk/draft -Ivendor/cigraph/vendor/glpk/npp -Ivendor/cigraph/vendor/glpk/api -Ivendor/cigraph/vendor/glpk/mpl -Ivendor/cigraph/vendor/glpk/bflib -Ivendor/cigraph/vendor/glpk/amd -Ivendor/cigraph/vendor/glpk/simplex -Ivendor/cigraph/vendor/glpk/colamd -DNDEBUG -DNTIMER -DNPRINT -DIGRAPH_THREAD_LOCAL= -DPRPACK_IGRAPH_SUPPORT -DHAVE_GFORTRAN=1 -D_GNU_SOURCE=1 -I'/usr/local/lib/R/library/cpp11/include' -I/usr/local/include   -fvisibility=hidden -fpic  -g -O2  -c vendor/cigraph/vendor/glpk/api/asnhall.c -o vendor/cigraph/vendor/glpk/api/asnhall.o
#13 873.9 gcc -I"/usr/local/lib/R/include" -DNDEBUG -DUSING_R -I. -Ivendor -Ivendor/cigraph/src -Ivendor/cigraph/include -Ivendor/cigraph/vendor -Ivendor/io/parsers  -I/usr/include/libxml2 -DHAVE_LIBXML -Ivendor/cigraph/vendor/glpk -Ivendor/cigraph/vendor/glpk/env -Ivendor/cigraph/vendor/glpk/minisat -Ivendor/cigraph/vendor/glpk/misc -Ivendor/cigraph/vendor/glpk/draft -Ivendor/cigraph/vendor/glpk/npp -Ivendor/cigraph/vendor/glpk/api -Ivendor/cigraph/vendor/glpk/mpl -Ivendor/cigraph/vendor/glpk/bflib -Ivendor/cigraph/vendor/glpk/amd -Ivendor/cigraph/vendor/glpk/simplex -Ivendor/cigraph/vendor/glpk/colamd -DNDEBUG -DNTIMER -DNPRINT -DIGRAPH_THREAD_LOCAL= -DPRPACK_IGRAPH_SUPPORT -DHAVE_GFORTRAN=1 -D_GNU_SOURCE=1 -I'/usr/local/lib/R/library/cpp11/include' -I/usr/local/include   -fvisibility=hidden -fpic  -g -O2  -c vendor/cigraph/vendor/glpk/api/asnlp.c -o vendor/cigraph/vendor/glpk/api/asnlp.o
#13 874.0 gcc -I"/usr/local/lib/R/include" -DNDEBUG -DUSING_R -I. -Ivendor -Ivendor/cigraph/src -Ivendor/cigraph/include -Ivendor/cigraph/vendor -Ivendor/io/parsers  -I/usr/include/libxml2 -DHAVE_LIBXML -Ivendor/cigraph/vendor/glpk -Ivendor/cigraph/vendor/glpk/env -Ivendor/cigraph/vendor/glpk/minisat -Ivendor/cigraph/vendor/glpk/misc -Ivendor/cigraph/vendor/glpk/draft -Ivendor/cigraph/vendor/glpk/npp -Ivendor/cigraph/vendor/glpk/api -Ivendor/cigraph/vendor/glpk/mpl -Ivendor/cigraph/vendor/glpk/bflib -Ivendor/cigraph/vendor/glpk/amd -Ivendor/cigraph/vendor/glpk/simplex -Ivendor/cigraph/vendor/glpk/colamd -DNDEBUG -DNTIMER -DNPRINT -DIGRAPH_THREAD_LOCAL= -DPRPACK_IGRAPH_SUPPORT -DHAVE_GFORTRAN=1 -D_GNU_SOURCE=1 -I'/usr/local/lib/R/library/cpp11/include' -I/usr/local/include   -fvisibility=hidden -fpic  -g -O2  -c vendor/cigraph/vendor/glpk/api/asnokalg.c -o vendor/cigraph/vendor/glpk/api/asnokalg.o
#13 874.1 gcc -I"/usr/local/lib/R/include" -DNDEBUG -DUSING_R -I. -Ivendor -Ivendor/cigraph/src -Ivendor/cigraph/include -Ivendor/cigraph/vendor -Ivendor/io/parsers  -I/usr/include/libxml2 -DHAVE_LIBXML -Ivendor/cigraph/vendor/glpk -Ivendor/cigraph/vendor/glpk/env -Ivendor/cigraph/vendor/glpk/minisat -Ivendor/cigraph/vendor/glpk/misc -Ivendor/cigraph/vendor/glpk/draft -Ivendor/cigraph/vendor/glpk/npp -Ivendor/cigraph/vendor/glpk/api -Ivendor/cigraph/vendor/glpk/mpl -Ivendor/cigraph/vendor/glpk/bflib -Ivendor/cigraph/vendor/glpk/amd -Ivendor/cigraph/vendor/glpk/simplex -Ivendor/cigraph/vendor/glpk/colamd -DNDEBUG -DNTIMER -DNPRINT -DIGRAPH_THREAD_LOCAL= -DPRPACK_IGRAPH_SUPPORT -DHAVE_GFORTRAN=1 -D_GNU_SOURCE=1 -I'/usr/local/lib/R/library/cpp11/include' -I/usr/local/include   -fvisibility=hidden -fpic  -g -O2  -c vendor/cigraph/vendor/glpk/api/ckasn.c -o vendor/cigraph/vendor/glpk/api/ckasn.o
#13 874.2 gcc -I"/usr/local/lib/R/include" -DNDEBUG -DUSING_R -I. -Ivendor -Ivendor/cigraph/src -Ivendor/cigraph/include -Ivendor/cigraph/vendor -Ivendor/io/parsers  -I/usr/include/libxml2 -DHAVE_LIBXML -Ivendor/cigraph/vendor/glpk -Ivendor/cigraph/vendor/glpk/env -Ivendor/cigraph/vendor/glpk/minisat -Ivendor/cigraph/vendor/glpk/misc -Ivendor/cigraph/vendor/glpk/draft -Ivendor/cigraph/vendor/glpk/npp -Ivendor/cigraph/vendor/glpk/api -Ivendor/cigraph/vendor/glpk/mpl -Ivendor/cigraph/vendor/glpk/bflib -Ivendor/cigraph/vendor/glpk/amd -Ivendor/cigraph/vendor/glpk/simplex -Ivendor/cigraph/vendor/glpk/colamd -DNDEBUG -DNTIMER -DNPRINT -DIGRAPH_THREAD_LOCAL= -DPRPACK_IGRAPH_SUPPORT -DHAVE_GFORTRAN=1 -D_GNU_SOURCE=1 -I'/usr/local/lib/R/library/cpp11/include' -I/usr/local/include   -fvisibility=hidden -fpic  -g -O2  -c vendor/cigraph/vendor/glpk/api/ckcnf.c -o vendor/cigraph/vendor/glpk/api/ckcnf.o
#13 874.3 gcc -I"/usr/local/lib/R/include" -DNDEBUG -DUSING_R -I. -Ivendor -Ivendor/cigraph/src -Ivendor/cigraph/include -Ivendor/cigraph/vendor -Ivendor/io/parsers  -I/usr/include/libxml2 -DHAVE_LIBXML -Ivendor/cigraph/vendor/glpk -Ivendor/cigraph/vendor/glpk/env -Ivendor/cigraph/vendor/glpk/minisat -Ivendor/cigraph/vendor/glpk/misc -Ivendor/cigraph/vendor/glpk/draft -Ivendor/cigraph/vendor/glpk/npp -Ivendor/cigraph/vendor/glpk/api -Ivendor/cigraph/vendor/glpk/mpl -Ivendor/cigraph/vendor/glpk/bflib -Ivendor/cigraph/vendor/glpk/amd -Ivendor/cigraph/vendor/glpk/simplex -Ivendor/cigraph/vendor/glpk/colamd -DNDEBUG -DNTIMER -DNPRINT -DIGRAPH_THREAD_LOCAL= -DPRPACK_IGRAPH_SUPPORT -DHAVE_GFORTRAN=1 -D_GNU_SOURCE=1 -I'/usr/local/lib/R/library/cpp11/include' -I/usr/local/include   -fvisibility=hidden -fpic  -g -O2  -c vendor/cigraph/vendor/glpk/api/cplex.c -o vendor/cigraph/vendor/glpk/api/cplex.o
#13 874.8 gcc -I"/usr/local/lib/R/include" -DNDEBUG -DUSING_R -I. -Ivendor -Ivendor/cigraph/src -Ivendor/cigraph/include -Ivendor/cigraph/vendor -Ivendor/io/parsers  -I/usr/include/libxml2 -DHAVE_LIBXML -Ivendor/cigraph/vendor/glpk -Ivendor/cigraph/vendor/glpk/env -Ivendor/cigraph/vendor/glpk/minisat -Ivendor/cigraph/vendor/glpk/misc -Ivendor/cigraph/vendor/glpk/draft -Ivendor/cigraph/vendor/glpk/npp -Ivendor/cigraph/vendor/glpk/api -Ivendor/cigraph/vendor/glpk/mpl -Ivendor/cigraph/vendor/glpk/bflib -Ivendor/cigraph/vendor/glpk/amd -Ivendor/cigraph/vendor/glpk/simplex -Ivendor/cigraph/vendor/glpk/colamd -DNDEBUG -DNTIMER -DNPRINT -DIGRAPH_THREAD_LOCAL= -DPRPACK_IGRAPH_SUPPORT -DHAVE_GFORTRAN=1 -D_GNU_SOURCE=1 -I'/usr/local/lib/R/library/cpp11/include' -I/usr/local/include   -fvisibility=hidden -fpic  -g -O2  -c vendor/cigraph/vendor/glpk/api/cpp.c -o vendor/cigraph/vendor/glpk/api/cpp.o
#13 874.9 gcc -I"/usr/local/lib/R/include" -DNDEBUG -DUSING_R -I. -Ivendor -Ivendor/cigraph/src -Ivendor/cigraph/include -Ivendor/cigraph/vendor -Ivendor/io/parsers  -I/usr/include/libxml2 -DHAVE_LIBXML -Ivendor/cigraph/vendor/glpk -Ivendor/cigraph/vendor/glpk/env -Ivendor/cigraph/vendor/glpk/minisat -Ivendor/cigraph/vendor/glpk/misc -Ivendor/cigraph/vendor/glpk/draft -Ivendor/cigraph/vendor/glpk/npp -Ivendor/cigraph/vendor/glpk/api -Ivendor/cigraph/vendor/glpk/mpl -Ivendor/cigraph/vendor/glpk/bflib -Ivendor/cigraph/vendor/glpk/amd -Ivendor/cigraph/vendor/glpk/simplex -Ivendor/cigraph/vendor/glpk/colamd -DNDEBUG -DNTIMER -DNPRINT -DIGRAPH_THREAD_LOCAL= -DPRPACK_IGRAPH_SUPPORT -DHAVE_GFORTRAN=1 -D_GNU_SOURCE=1 -I'/usr/local/lib/R/library/cpp11/include' -I/usr/local/include   -fvisibility=hidden -fpic  -g -O2  -c vendor/cigraph/vendor/glpk/api/cpxbas.c -o vendor/cigraph/vendor/glpk/api/cpxbas.o
#13 875.1 gcc -I"/usr/local/lib/R/include" -DNDEBUG -DUSING_R -I. -Ivendor -Ivendor/cigraph/src -Ivendor/cigraph/include -Ivendor/cigraph/vendor -Ivendor/io/parsers  -I/usr/include/libxml2 -DHAVE_LIBXML -Ivendor/cigraph/vendor/glpk -Ivendor/cigraph/vendor/glpk/env -Ivendor/cigraph/vendor/glpk/minisat -Ivendor/cigraph/vendor/glpk/misc -Ivendor/cigraph/vendor/glpk/draft -Ivendor/cigraph/vendor/glpk/npp -Ivendor/cigraph/vendor/glpk/api -Ivendor/cigraph/vendor/glpk/mpl -Ivendor/cigraph/vendor/glpk/bflib -Ivendor/cigraph/vendor/glpk/amd -Ivendor/cigraph/vendor/glpk/simplex -Ivendor/cigraph/vendor/glpk/colamd -DNDEBUG -DNTIMER -DNPRINT -DIGRAPH_THREAD_LOCAL= -DPRPACK_IGRAPH_SUPPORT -DHAVE_GFORTRAN=1 -D_GNU_SOURCE=1 -I'/usr/local/lib/R/library/cpp11/include' -I/usr/local/include   -fvisibility=hidden -fpic  -g -O2  -c vendor/cigraph/vendor/glpk/api/graph.c -o vendor/cigraph/vendor/glpk/api/graph.o
#13 875.3 gcc -I"/usr/local/lib/R/include" -DNDEBUG -DUSING_R -I. -Ivendor -Ivendor/cigraph/src -Ivendor/cigraph/include -Ivendor/cigraph/vendor -Ivendor/io/parsers  -I/usr/include/libxml2 -DHAVE_LIBXML -Ivendor/cigraph/vendor/glpk -Ivendor/cigraph/vendor/glpk/env -Ivendor/cigraph/vendor/glpk/minisat -Ivendor/cigraph/vendor/glpk/misc -Ivendor/cigraph/vendor/glpk/draft -Ivendor/cigraph/vendor/glpk/npp -Ivendor/cigraph/vendor/glpk/api -Ivendor/cigraph/vendor/glpk/mpl -Ivendor/cigraph/vendor/glpk/bflib -Ivendor/cigraph/vendor/glpk/amd -Ivendor/cigraph/vendor/glpk/simplex -Ivendor/cigraph/vendor/glpk/colamd -DNDEBUG -DNTIMER -DNPRINT -DIGRAPH_THREAD_LOCAL= -DPRPACK_IGRAPH_SUPPORT -DHAVE_GFORTRAN=1 -D_GNU_SOURCE=1 -I'/usr/local/lib/R/library/cpp11/include' -I/usr/local/include   -fvisibility=hidden -fpic  -g -O2  -c vendor/cigraph/vendor/glpk/api/gridgen.c -o vendor/cigraph/vendor/glpk/api/gridgen.o
#13 875.4 gcc -I"/usr/local/lib/R/include" -DNDEBUG -DUSING_R -I. -Ivendor -Ivendor/cigraph/src -Ivendor/cigraph/include -Ivendor/cigraph/vendor -Ivendor/io/parsers  -I/usr/include/libxml2 -DHAVE_LIBXML -Ivendor/cigraph/vendor/glpk -Ivendor/cigraph/vendor/glpk/env -Ivendor/cigraph/vendor/glpk/minisat -Ivendor/cigraph/vendor/glpk/misc -Ivendor/cigraph/vendor/glpk/draft -Ivendor/cigraph/vendor/glpk/npp -Ivendor/cigraph/vendor/glpk/api -Ivendor/cigraph/vendor/glpk/mpl -Ivendor/cigraph/vendor/glpk/bflib -Ivendor/cigraph/vendor/glpk/amd -Ivendor/cigraph/vendor/glpk/simplex -Ivendor/cigraph/vendor/glpk/colamd -DNDEBUG -DNTIMER -DNPRINT -DIGRAPH_THREAD_LOCAL= -DPRPACK_IGRAPH_SUPPORT -DHAVE_GFORTRAN=1 -D_GNU_SOURCE=1 -I'/usr/local/lib/R/library/cpp11/include' -I/usr/local/include   -fvisibility=hidden -fpic  -g -O2  -c vendor/cigraph/vendor/glpk/api/intfeas1.c -o vendor/cigraph/vendor/glpk/api/intfeas1.o
#13 875.6 gcc -I"/usr/local/lib/R/include" -DNDEBUG -DUSING_R -I. -Ivendor -Ivendor/cigraph/src -Ivendor/cigraph/include -Ivendor/cigraph/vendor -Ivendor/io/parsers  -I/usr/include/libxml2 -DHAVE_LIBXML -Ivendor/cigraph/vendor/glpk -Ivendor/cigraph/vendor/glpk/env -Ivendor/cigraph/vendor/glpk/minisat -Ivendor/cigraph/vendor/glpk/misc -Ivendor/cigraph/vendor/glpk/draft -Ivendor/cigraph/vendor/glpk/npp -Ivendor/cigraph/vendor/glpk/api -Ivendor/cigraph/vendor/glpk/mpl -Ivendor/cigraph/vendor/glpk/bflib -Ivendor/cigraph/vendor/glpk/amd -Ivendor/cigraph/vendor/glpk/simplex -Ivendor/cigraph/vendor/glpk/colamd -DNDEBUG -DNTIMER -DNPRINT -DIGRAPH_THREAD_LOCAL= -DPRPACK_IGRAPH_SUPPORT -DHAVE_GFORTRAN=1 -D_GNU_SOURCE=1 -I'/usr/local/lib/R/library/cpp11/include' -I/usr/local/include   -fvisibility=hidden -fpic  -g -O2  -c vendor/cigraph/vendor/glpk/api/maxffalg.c -o vendor/cigraph/vendor/glpk/api/maxffalg.o
#13 875.7 gcc -I"/usr/local/lib/R/include" -DNDEBUG -DUSING_R -I. -Ivendor -Ivendor/cigraph/src -Ivendor/cigraph/include -Ivendor/cigraph/vendor -Ivendor/io/parsers  -I/usr/include/libxml2 -DHAVE_LIBXML -Ivendor/cigraph/vendor/glpk -Ivendor/cigraph/vendor/glpk/env -Ivendor/cigraph/vendor/glpk/minisat -Ivendor/cigraph/vendor/glpk/misc -Ivendor/cigraph/vendor/glpk/draft -Ivendor/cigraph/vendor/glpk/npp -Ivendor/cigraph/vendor/glpk/api -Ivendor/cigraph/vendor/glpk/mpl -Ivendor/cigraph/vendor/glpk/bflib -Ivendor/cigraph/vendor/glpk/amd -Ivendor/cigraph/vendor/glpk/simplex -Ivendor/cigraph/vendor/glpk/colamd -DNDEBUG -DNTIMER -DNPRINT -DIGRAPH_THREAD_LOCAL= -DPRPACK_IGRAPH_SUPPORT -DHAVE_GFORTRAN=1 -D_GNU_SOURCE=1 -I'/usr/local/lib/R/library/cpp11/include' -I/usr/local/include   -fvisibility=hidden -fpic  -g -O2  -c vendor/cigraph/vendor/glpk/api/maxflp.c -o vendor/cigraph/vendor/glpk/api/maxflp.o
#13 875.8 gcc -I"/usr/local/lib/R/include" -DNDEBUG -DUSING_R -I. -Ivendor -Ivendor/cigraph/src -Ivendor/cigraph/include -Ivendor/cigraph/vendor -Ivendor/io/parsers  -I/usr/include/libxml2 -DHAVE_LIBXML -Ivendor/cigraph/vendor/glpk -Ivendor/cigraph/vendor/glpk/env -Ivendor/cigraph/vendor/glpk/minisat -Ivendor/cigraph/vendor/glpk/misc -Ivendor/cigraph/vendor/glpk/draft -Ivendor/cigraph/vendor/glpk/npp -Ivendor/cigraph/vendor/glpk/api -Ivendor/cigraph/vendor/glpk/mpl -Ivendor/cigraph/vendor/glpk/bflib -Ivendor/cigraph/vendor/glpk/amd -Ivendor/cigraph/vendor/glpk/simplex -Ivendor/cigraph/vendor/glpk/colamd -DNDEBUG -DNTIMER -DNPRINT -DIGRAPH_THREAD_LOCAL= -DPRPACK_IGRAPH_SUPPORT -DHAVE_GFORTRAN=1 -D_GNU_SOURCE=1 -I'/usr/local/lib/R/library/cpp11/include' -I/usr/local/include   -fvisibility=hidden -fpic  -g -O2  -c vendor/cigraph/vendor/glpk/api/mcflp.c -o vendor/cigraph/vendor/glpk/api/mcflp.o
#13 875.9 gcc -I"/usr/local/lib/R/include" -DNDEBUG -DUSING_R -I. -Ivendor -Ivendor/cigraph/src -Ivendor/cigraph/include -Ivendor/cigraph/vendor -Ivendor/io/parsers  -I/usr/include/libxml2 -DHAVE_LIBXML -Ivendor/cigraph/vendor/glpk -Ivendor/cigraph/vendor/glpk/env -Ivendor/cigraph/vendor/glpk/minisat -Ivendor/cigraph/vendor/glpk/misc -Ivendor/cigraph/vendor/glpk/draft -Ivendor/cigraph/vendor/glpk/npp -Ivendor/cigraph/vendor/glpk/api -Ivendor/cigraph/vendor/glpk/mpl -Ivendor/cigraph/vendor/glpk/bflib -Ivendor/cigraph/vendor/glpk/amd -Ivendor/cigraph/vendor/glpk/simplex -Ivendor/cigraph/vendor/glpk/colamd -DNDEBUG -DNTIMER -DNPRINT -DIGRAPH_THREAD_LOCAL= -DPRPACK_IGRAPH_SUPPORT -DHAVE_GFORTRAN=1 -D_GNU_SOURCE=1 -I'/usr/local/lib/R/library/cpp11/include' -I/usr/local/include   -fvisibility=hidden -fpic  -g -O2  -c vendor/cigraph/vendor/glpk/api/mcfokalg.c -o vendor/cigraph/vendor/glpk/api/mcfokalg.o
#13 876.1 gcc -I"/usr/local/lib/R/include" -DNDEBUG -DUSING_R -I. -Ivendor -Ivendor/cigraph/src -Ivendor/cigraph/include -Ivendor/cigraph/vendor -Ivendor/io/parsers  -I/usr/include/libxml2 -DHAVE_LIBXML -Ivendor/cigraph/vendor/glpk -Ivendor/cigraph/vendor/glpk/env -Ivendor/cigraph/vendor/glpk/minisat -Ivendor/cigraph/vendor/glpk/misc -Ivendor/cigraph/vendor/glpk/draft -Ivendor/cigraph/vendor/glpk/npp -Ivendor/cigraph/vendor/glpk/api -Ivendor/cigraph/vendor/glpk/mpl -Ivendor/cigraph/vendor/glpk/bflib -Ivendor/cigraph/vendor/glpk/amd -Ivendor/cigraph/vendor/glpk/simplex -Ivendor/cigraph/vendor/glpk/colamd -DNDEBUG -DNTIMER -DNPRINT -DIGRAPH_THREAD_LOCAL= -DPRPACK_IGRAPH_SUPPORT -DHAVE_GFORTRAN=1 -D_GNU_SOURCE=1 -I'/usr/local/lib/R/library/cpp11/include' -I/usr/local/include   -fvisibility=hidden -fpic  -g -O2  -c vendor/cigraph/vendor/glpk/api/mcfrelax.c -o vendor/cigraph/vendor/glpk/api/mcfrelax.o
#13 876.2 gcc -I"/usr/local/lib/R/include" -DNDEBUG -DUSING_R -I. -Ivendor -Ivendor/cigraph/src -Ivendor/cigraph/include -Ivendor/cigraph/vendor -Ivendor/io/parsers  -I/usr/include/libxml2 -DHAVE_LIBXML -Ivendor/cigraph/vendor/glpk -Ivendor/cigraph/vendor/glpk/env -Ivendor/cigraph/vendor/glpk/minisat -Ivendor/cigraph/vendor/glpk/misc -Ivendor/cigraph/vendor/glpk/draft -Ivendor/cigraph/vendor/glpk/npp -Ivendor/cigraph/vendor/glpk/api -Ivendor/cigraph/vendor/glpk/mpl -Ivendor/cigraph/vendor/glpk/bflib -Ivendor/cigraph/vendor/glpk/amd -Ivendor/cigraph/vendor/glpk/simplex -Ivendor/cigraph/vendor/glpk/colamd -DNDEBUG -DNTIMER -DNPRINT -DIGRAPH_THREAD_LOCAL= -DPRPACK_IGRAPH_SUPPORT -DHAVE_GFORTRAN=1 -D_GNU_SOURCE=1 -I'/usr/local/lib/R/library/cpp11/include' -I/usr/local/include   -fvisibility=hidden -fpic  -g -O2  -c vendor/cigraph/vendor/glpk/api/minisat1.c -o vendor/cigraph/vendor/glpk/api/minisat1.o
#13 876.3 gcc -I"/usr/local/lib/R/include" -DNDEBUG -DUSING_R -I. -Ivendor -Ivendor/cigraph/src -Ivendor/cigraph/include -Ivendor/cigraph/vendor -Ivendor/io/parsers  -I/usr/include/libxml2 -DHAVE_LIBXML -Ivendor/cigraph/vendor/glpk -Ivendor/cigraph/vendor/glpk/env -Ivendor/cigraph/vendor/glpk/minisat -Ivendor/cigraph/vendor/glpk/misc -Ivendor/cigraph/vendor/glpk/draft -Ivendor/cigraph/vendor/glpk/npp -Ivendor/cigraph/vendor/glpk/api -Ivendor/cigraph/vendor/glpk/mpl -Ivendor/cigraph/vendor/glpk/bflib -Ivendor/cigraph/vendor/glpk/amd -Ivendor/cigraph/vendor/glpk/simplex -Ivendor/cigraph/vendor/glpk/colamd -DNDEBUG -DNTIMER -DNPRINT -DIGRAPH_THREAD_LOCAL= -DPRPACK_IGRAPH_SUPPORT -DHAVE_GFORTRAN=1 -D_GNU_SOURCE=1 -I'/usr/local/lib/R/library/cpp11/include' -I/usr/local/include   -fvisibility=hidden -fpic  -g -O2  -c vendor/cigraph/vendor/glpk/api/mpl.c -o vendor/cigraph/vendor/glpk/api/mpl.o
#13 876.5 gcc -I"/usr/local/lib/R/include" -DNDEBUG -DUSING_R -I. -Ivendor -Ivendor/cigraph/src -Ivendor/cigraph/include -Ivendor/cigraph/vendor -Ivendor/io/parsers  -I/usr/include/libxml2 -DHAVE_LIBXML -Ivendor/cigraph/vendor/glpk -Ivendor/cigraph/vendor/glpk/env -Ivendor/cigraph/vendor/glpk/minisat -Ivendor/cigraph/vendor/glpk/misc -Ivendor/cigraph/vendor/glpk/draft -Ivendor/cigraph/vendor/glpk/npp -Ivendor/cigraph/vendor/glpk/api -Ivendor/cigraph/vendor/glpk/mpl -Ivendor/cigraph/vendor/glpk/bflib -Ivendor/cigraph/vendor/glpk/amd -Ivendor/cigraph/vendor/glpk/simplex -Ivendor/cigraph/vendor/glpk/colamd -DNDEBUG -DNTIMER -DNPRINT -DIGRAPH_THREAD_LOCAL= -DPRPACK_IGRAPH_SUPPORT -DHAVE_GFORTRAN=1 -D_GNU_SOURCE=1 -I'/usr/local/lib/R/library/cpp11/include' -I/usr/local/include   -fvisibility=hidden -fpic  -g -O2  -c vendor/cigraph/vendor/glpk/api/mps.c -o vendor/cigraph/vendor/glpk/api/mps.o
#13 877.1 gcc -I"/usr/local/lib/R/include" -DNDEBUG -DUSING_R -I. -Ivendor -Ivendor/cigraph/src -Ivendor/cigraph/include -Ivendor/cigraph/vendor -Ivendor/io/parsers  -I/usr/include/libxml2 -DHAVE_LIBXML -Ivendor/cigraph/vendor/glpk -Ivendor/cigraph/vendor/glpk/env -Ivendor/cigraph/vendor/glpk/minisat -Ivendor/cigraph/vendor/glpk/misc -Ivendor/cigraph/vendor/glpk/draft -Ivendor/cigraph/vendor/glpk/npp -Ivendor/cigraph/vendor/glpk/api -Ivendor/cigraph/vendor/glpk/mpl -Ivendor/cigraph/vendor/glpk/bflib -Ivendor/cigraph/vendor/glpk/amd -Ivendor/cigraph/vendor/glpk/simplex -Ivendor/cigraph/vendor/glpk/colamd -DNDEBUG -DNTIMER -DNPRINT -DIGRAPH_THREAD_LOCAL= -DPRPACK_IGRAPH_SUPPORT -DHAVE_GFORTRAN=1 -D_GNU_SOURCE=1 -I'/usr/local/lib/R/library/cpp11/include' -I/usr/local/include   -fvisibility=hidden -fpic  -g -O2  -c vendor/cigraph/vendor/glpk/api/netgen.c -o vendor/cigraph/vendor/glpk/api/netgen.o
#13 877.2 gcc -I"/usr/local/lib/R/include" -DNDEBUG -DUSING_R -I. -Ivendor -Ivendor/cigraph/src -Ivendor/cigraph/include -Ivendor/cigraph/vendor -Ivendor/io/parsers  -I/usr/include/libxml2 -DHAVE_LIBXML -Ivendor/cigraph/vendor/glpk -Ivendor/cigraph/vendor/glpk/env -Ivendor/cigraph/vendor/glpk/minisat -Ivendor/cigraph/vendor/glpk/misc -Ivendor/cigraph/vendor/glpk/draft -Ivendor/cigraph/vendor/glpk/npp -Ivendor/cigraph/vendor/glpk/api -Ivendor/cigraph/vendor/glpk/mpl -Ivendor/cigraph/vendor/glpk/bflib -Ivendor/cigraph/vendor/glpk/amd -Ivendor/cigraph/vendor/glpk/simplex -Ivendor/cigraph/vendor/glpk/colamd -DNDEBUG -DNTIMER -DNPRINT -DIGRAPH_THREAD_LOCAL= -DPRPACK_IGRAPH_SUPPORT -DHAVE_GFORTRAN=1 -D_GNU_SOURCE=1 -I'/usr/local/lib/R/library/cpp11/include' -I/usr/local/include   -fvisibility=hidden -fpic  -g -O2  -c vendor/cigraph/vendor/glpk/api/npp.c -o vendor/cigraph/vendor/glpk/api/npp.o
#13 877.3 gcc -I"/usr/local/lib/R/include" -DNDEBUG -DUSING_R -I. -Ivendor -Ivendor/cigraph/src -Ivendor/cigraph/include -Ivendor/cigraph/vendor -Ivendor/io/parsers  -I/usr/include/libxml2 -DHAVE_LIBXML -Ivendor/cigraph/vendor/glpk -Ivendor/cigraph/vendor/glpk/env -Ivendor/cigraph/vendor/glpk/minisat -Ivendor/cigraph/vendor/glpk/misc -Ivendor/cigraph/vendor/glpk/draft -Ivendor/cigraph/vendor/glpk/npp -Ivendor/cigraph/vendor/glpk/api -Ivendor/cigraph/vendor/glpk/mpl -Ivendor/cigraph/vendor/glpk/bflib -Ivendor/cigraph/vendor/glpk/amd -Ivendor/cigraph/vendor/glpk/simplex -Ivendor/cigraph/vendor/glpk/colamd -DNDEBUG -DNTIMER -DNPRINT -DIGRAPH_THREAD_LOCAL= -DPRPACK_IGRAPH_SUPPORT -DHAVE_GFORTRAN=1 -D_GNU_SOURCE=1 -I'/usr/local/lib/R/library/cpp11/include' -I/usr/local/include   -fvisibility=hidden -fpic  -g -O2  -c vendor/cigraph/vendor/glpk/api/pript.c -o vendor/cigraph/vendor/glpk/api/pript.o
#13 877.4 gcc -I"/usr/local/lib/R/include" -DNDEBUG -DUSING_R -I. -Ivendor -Ivendor/cigraph/src -Ivendor/cigraph/include -Ivendor/cigraph/vendor -Ivendor/io/parsers  -I/usr/include/libxml2 -DHAVE_LIBXML -Ivendor/cigraph/vendor/glpk -Ivendor/cigraph/vendor/glpk/env -Ivendor/cigraph/vendor/glpk/minisat -Ivendor/cigraph/vendor/glpk/misc -Ivendor/cigraph/vendor/glpk/draft -Ivendor/cigraph/vendor/glpk/npp -Ivendor/cigraph/vendor/glpk/api -Ivendor/cigraph/vendor/glpk/mpl -Ivendor/cigraph/vendor/glpk/bflib -Ivendor/cigraph/vendor/glpk/amd -Ivendor/cigraph/vendor/glpk/simplex -Ivendor/cigraph/vendor/glpk/colamd -DNDEBUG -DNTIMER -DNPRINT -DIGRAPH_THREAD_LOCAL= -DPRPACK_IGRAPH_SUPPORT -DHAVE_GFORTRAN=1 -D_GNU_SOURCE=1 -I'/usr/local/lib/R/library/cpp11/include' -I/usr/local/include   -fvisibility=hidden -fpic  -g -O2  -c vendor/cigraph/vendor/glpk/api/prmip.c -o vendor/cigraph/vendor/glpk/api/prmip.o
#13 877.6 gcc -I"/usr/local/lib/R/include" -DNDEBUG -DUSING_R -I. -Ivendor -Ivendor/cigraph/src -Ivendor/cigraph/include -Ivendor/cigraph/vendor -Ivendor/io/parsers  -I/usr/include/libxml2 -DHAVE_LIBXML -Ivendor/cigraph/vendor/glpk -Ivendor/cigraph/vendor/glpk/env -Ivendor/cigraph/vendor/glpk/minisat -Ivendor/cigraph/vendor/glpk/misc -Ivendor/cigraph/vendor/glpk/draft -Ivendor/cigraph/vendor/glpk/npp -Ivendor/cigraph/vendor/glpk/api -Ivendor/cigraph/vendor/glpk/mpl -Ivendor/cigraph/vendor/glpk/bflib -Ivendor/cigraph/vendor/glpk/amd -Ivendor/cigraph/vendor/glpk/simplex -Ivendor/cigraph/vendor/glpk/colamd -DNDEBUG -DNTIMER -DNPRINT -DIGRAPH_THREAD_LOCAL= -DPRPACK_IGRAPH_SUPPORT -DHAVE_GFORTRAN=1 -D_GNU_SOURCE=1 -I'/usr/local/lib/R/library/cpp11/include' -I/usr/local/include   -fvisibility=hidden -fpic  -g -O2  -c vendor/cigraph/vendor/glpk/api/prob1.c -o vendor/cigraph/vendor/glpk/api/prob1.o
#13 878.0 gcc -I"/usr/local/lib/R/include" -DNDEBUG -DUSING_R -I. -Ivendor -Ivendor/cigraph/src -Ivendor/cigraph/include -Ivendor/cigraph/vendor -Ivendor/io/parsers  -I/usr/include/libxml2 -DHAVE_LIBXML -Ivendor/cigraph/vendor/glpk -Ivendor/cigraph/vendor/glpk/env -Ivendor/cigraph/vendor/glpk/minisat -Ivendor/cigraph/vendor/glpk/misc -Ivendor/cigraph/vendor/glpk/draft -Ivendor/cigraph/vendor/glpk/npp -Ivendor/cigraph/vendor/glpk/api -Ivendor/cigraph/vendor/glpk/mpl -Ivendor/cigraph/vendor/glpk/bflib -Ivendor/cigraph/vendor/glpk/amd -Ivendor/cigraph/vendor/glpk/simplex -Ivendor/cigraph/vendor/glpk/colamd -DNDEBUG -DNTIMER -DNPRINT -DIGRAPH_THREAD_LOCAL= -DPRPACK_IGRAPH_SUPPORT -DHAVE_GFORTRAN=1 -D_GNU_SOURCE=1 -I'/usr/local/lib/R/library/cpp11/include' -I/usr/local/include   -fvisibility=hidden -fpic  -g -O2  -c vendor/cigraph/vendor/glpk/api/prob2.c -o vendor/cigraph/vendor/glpk/api/prob2.o
#13 878.2 gcc -I"/usr/local/lib/R/include" -DNDEBUG -DUSING_R -I. -Ivendor -Ivendor/cigraph/src -Ivendor/cigraph/include -Ivendor/cigraph/vendor -Ivendor/io/parsers  -I/usr/include/libxml2 -DHAVE_LIBXML -Ivendor/cigraph/vendor/glpk -Ivendor/cigraph/vendor/glpk/env -Ivendor/cigraph/vendor/glpk/minisat -Ivendor/cigraph/vendor/glpk/misc -Ivendor/cigraph/vendor/glpk/draft -Ivendor/cigraph/vendor/glpk/npp -Ivendor/cigraph/vendor/glpk/api -Ivendor/cigraph/vendor/glpk/mpl -Ivendor/cigraph/vendor/glpk/bflib -Ivendor/cigraph/vendor/glpk/amd -Ivendor/cigraph/vendor/glpk/simplex -Ivendor/cigraph/vendor/glpk/colamd -DNDEBUG -DNTIMER -DNPRINT -DIGRAPH_THREAD_LOCAL= -DPRPACK_IGRAPH_SUPPORT -DHAVE_GFORTRAN=1 -D_GNU_SOURCE=1 -I'/usr/local/lib/R/library/cpp11/include' -I/usr/local/include   -fvisibility=hidden -fpic  -g -O2  -c vendor/cigraph/vendor/glpk/api/prob3.c -o vendor/cigraph/vendor/glpk/api/prob3.o
#13 878.3 gcc -I"/usr/local/lib/R/include" -DNDEBUG -DUSING_R -I. -Ivendor -Ivendor/cigraph/src -Ivendor/cigraph/include -Ivendor/cigraph/vendor -Ivendor/io/parsers  -I/usr/include/libxml2 -DHAVE_LIBXML -Ivendor/cigraph/vendor/glpk -Ivendor/cigraph/vendor/glpk/env -Ivendor/cigraph/vendor/glpk/minisat -Ivendor/cigraph/vendor/glpk/misc -Ivendor/cigraph/vendor/glpk/draft -Ivendor/cigraph/vendor/glpk/npp -Ivendor/cigraph/vendor/glpk/api -Ivendor/cigraph/vendor/glpk/mpl -Ivendor/cigraph/vendor/glpk/bflib -Ivendor/cigraph/vendor/glpk/amd -Ivendor/cigraph/vendor/glpk/simplex -Ivendor/cigraph/vendor/glpk/colamd -DNDEBUG -DNTIMER -DNPRINT -DIGRAPH_THREAD_LOCAL= -DPRPACK_IGRAPH_SUPPORT -DHAVE_GFORTRAN=1 -D_GNU_SOURCE=1 -I'/usr/local/lib/R/library/cpp11/include' -I/usr/local/include   -fvisibility=hidden -fpic  -g -O2  -c vendor/cigraph/vendor/glpk/api/prob4.c -o vendor/cigraph/vendor/glpk/api/prob4.o
#13 878.4 gcc -I"/usr/local/lib/R/include" -DNDEBUG -DUSING_R -I. -Ivendor -Ivendor/cigraph/src -Ivendor/cigraph/include -Ivendor/cigraph/vendor -Ivendor/io/parsers  -I/usr/include/libxml2 -DHAVE_LIBXML -Ivendor/cigraph/vendor/glpk -Ivendor/cigraph/vendor/glpk/env -Ivendor/cigraph/vendor/glpk/minisat -Ivendor/cigraph/vendor/glpk/misc -Ivendor/cigraph/vendor/glpk/draft -Ivendor/cigraph/vendor/glpk/npp -Ivendor/cigraph/vendor/glpk/api -Ivendor/cigraph/vendor/glpk/mpl -Ivendor/cigraph/vendor/glpk/bflib -Ivendor/cigraph/vendor/glpk/amd -Ivendor/cigraph/vendor/glpk/simplex -Ivendor/cigraph/vendor/glpk/colamd -DNDEBUG -DNTIMER -DNPRINT -DIGRAPH_THREAD_LOCAL= -DPRPACK_IGRAPH_SUPPORT -DHAVE_GFORTRAN=1 -D_GNU_SOURCE=1 -I'/usr/local/lib/R/library/cpp11/include' -I/usr/local/include   -fvisibility=hidden -fpic  -g -O2  -c vendor/cigraph/vendor/glpk/api/prob5.c -o vendor/cigraph/vendor/glpk/api/prob5.o
#13 878.5 gcc -I"/usr/local/lib/R/include" -DNDEBUG -DUSING_R -I. -Ivendor -Ivendor/cigraph/src -Ivendor/cigraph/include -Ivendor/cigraph/vendor -Ivendor/io/parsers  -I/usr/include/libxml2 -DHAVE_LIBXML -Ivendor/cigraph/vendor/glpk -Ivendor/cigraph/vendor/glpk/env -Ivendor/cigraph/vendor/glpk/minisat -Ivendor/cigraph/vendor/glpk/misc -Ivendor/cigraph/vendor/glpk/draft -Ivendor/cigraph/vendor/glpk/npp -Ivendor/cigraph/vendor/glpk/api -Ivendor/cigraph/vendor/glpk/mpl -Ivendor/cigraph/vendor/glpk/bflib -Ivendor/cigraph/vendor/glpk/amd -Ivendor/cigraph/vendor/glpk/simplex -Ivendor/cigraph/vendor/glpk/colamd -DNDEBUG -DNTIMER -DNPRINT -DIGRAPH_THREAD_LOCAL= -DPRPACK_IGRAPH_SUPPORT -DHAVE_GFORTRAN=1 -D_GNU_SOURCE=1 -I'/usr/local/lib/R/library/cpp11/include' -I/usr/local/include   -fvisibility=hidden -fpic  -g -O2  -c vendor/cigraph/vendor/glpk/api/prrngs.c -o vendor/cigraph/vendor/glpk/api/prrngs.o
#13 878.7 gcc -I"/usr/local/lib/R/include" -DNDEBUG -DUSING_R -I. -Ivendor -Ivendor/cigraph/src -Ivendor/cigraph/include -Ivendor/cigraph/vendor -Ivendor/io/parsers  -I/usr/include/libxml2 -DHAVE_LIBXML -Ivendor/cigraph/vendor/glpk -Ivendor/cigraph/vendor/glpk/env -Ivendor/cigraph/vendor/glpk/minisat -Ivendor/cigraph/vendor/glpk/misc -Ivendor/cigraph/vendor/glpk/draft -Ivendor/cigraph/vendor/glpk/npp -Ivendor/cigraph/vendor/glpk/api -Ivendor/cigraph/vendor/glpk/mpl -Ivendor/cigraph/vendor/glpk/bflib -Ivendor/cigraph/vendor/glpk/amd -Ivendor/cigraph/vendor/glpk/simplex -Ivendor/cigraph/vendor/glpk/colamd -DNDEBUG -DNTIMER -DNPRINT -DIGRAPH_THREAD_LOCAL= -DPRPACK_IGRAPH_SUPPORT -DHAVE_GFORTRAN=1 -D_GNU_SOURCE=1 -I'/usr/local/lib/R/library/cpp11/include' -I/usr/local/include   -fvisibility=hidden -fpic  -g -O2  -c vendor/cigraph/vendor/glpk/api/prsol.c -o vendor/cigraph/vendor/glpk/api/prsol.o
#13 878.8 gcc -I"/usr/local/lib/R/include" -DNDEBUG -DUSING_R -I. -Ivendor -Ivendor/cigraph/src -Ivendor/cigraph/include -Ivendor/cigraph/vendor -Ivendor/io/parsers  -I/usr/include/libxml2 -DHAVE_LIBXML -Ivendor/cigraph/vendor/glpk -Ivendor/cigraph/vendor/glpk/env -Ivendor/cigraph/vendor/glpk/minisat -Ivendor/cigraph/vendor/glpk/misc -Ivendor/cigraph/vendor/glpk/draft -Ivendor/cigraph/vendor/glpk/npp -Ivendor/cigraph/vendor/glpk/api -Ivendor/cigraph/vendor/glpk/mpl -Ivendor/cigraph/vendor/glpk/bflib -Ivendor/cigraph/vendor/glpk/amd -Ivendor/cigraph/vendor/glpk/simplex -Ivendor/cigraph/vendor/glpk/colamd -DNDEBUG -DNTIMER -DNPRINT -DIGRAPH_THREAD_LOCAL= -DPRPACK_IGRAPH_SUPPORT -DHAVE_GFORTRAN=1 -D_GNU_SOURCE=1 -I'/usr/local/lib/R/library/cpp11/include' -I/usr/local/include   -fvisibility=hidden -fpic  -g -O2  -c vendor/cigraph/vendor/glpk/api/rdasn.c -o vendor/cigraph/vendor/glpk/api/rdasn.o
#13 879.0 gcc -I"/usr/local/lib/R/include" -DNDEBUG -DUSING_R -I. -Ivendor -Ivendor/cigraph/src -Ivendor/cigraph/include -Ivendor/cigraph/vendor -Ivendor/io/parsers  -I/usr/include/libxml2 -DHAVE_LIBXML -Ivendor/cigraph/vendor/glpk -Ivendor/cigraph/vendor/glpk/env -Ivendor/cigraph/vendor/glpk/minisat -Ivendor/cigraph/vendor/glpk/misc -Ivendor/cigraph/vendor/glpk/draft -Ivendor/cigraph/vendor/glpk/npp -Ivendor/cigraph/vendor/glpk/api -Ivendor/cigraph/vendor/glpk/mpl -Ivendor/cigraph/vendor/glpk/bflib -Ivendor/cigraph/vendor/glpk/amd -Ivendor/cigraph/vendor/glpk/simplex -Ivendor/cigraph/vendor/glpk/colamd -DNDEBUG -DNTIMER -DNPRINT -DIGRAPH_THREAD_LOCAL= -DPRPACK_IGRAPH_SUPPORT -DHAVE_GFORTRAN=1 -D_GNU_SOURCE=1 -I'/usr/local/lib/R/library/cpp11/include' -I/usr/local/include   -fvisibility=hidden -fpic  -g -O2  -c vendor/cigraph/vendor/glpk/api/rdcc.c -o vendor/cigraph/vendor/glpk/api/rdcc.o
#13 879.1 gcc -I"/usr/local/lib/R/include" -DNDEBUG -DUSING_R -I. -Ivendor -Ivendor/cigraph/src -Ivendor/cigraph/include -Ivendor/cigraph/vendor -Ivendor/io/parsers  -I/usr/include/libxml2 -DHAVE_LIBXML -Ivendor/cigraph/vendor/glpk -Ivendor/cigraph/vendor/glpk/env -Ivendor/cigraph/vendor/glpk/minisat -Ivendor/cigraph/vendor/glpk/misc -Ivendor/cigraph/vendor/glpk/draft -Ivendor/cigraph/vendor/glpk/npp -Ivendor/cigraph/vendor/glpk/api -Ivendor/cigraph/vendor/glpk/mpl -Ivendor/cigraph/vendor/glpk/bflib -Ivendor/cigraph/vendor/glpk/amd -Ivendor/cigraph/vendor/glpk/simplex -Ivendor/cigraph/vendor/glpk/colamd -DNDEBUG -DNTIMER -DNPRINT -DIGRAPH_THREAD_LOCAL= -DPRPACK_IGRAPH_SUPPORT -DHAVE_GFORTRAN=1 -D_GNU_SOURCE=1 -I'/usr/local/lib/R/library/cpp11/include' -I/usr/local/include   -fvisibility=hidden -fpic  -g -O2  -c vendor/cigraph/vendor/glpk/api/rdcnf.c -o vendor/cigraph/vendor/glpk/api/rdcnf.o
#13 879.2 gcc -I"/usr/local/lib/R/include" -DNDEBUG -DUSING_R -I. -Ivendor -Ivendor/cigraph/src -Ivendor/cigraph/include -Ivendor/cigraph/vendor -Ivendor/io/parsers  -I/usr/include/libxml2 -DHAVE_LIBXML -Ivendor/cigraph/vendor/glpk -Ivendor/cigraph/vendor/glpk/env -Ivendor/cigraph/vendor/glpk/minisat -Ivendor/cigraph/vendor/glpk/misc -Ivendor/cigraph/vendor/glpk/draft -Ivendor/cigraph/vendor/glpk/npp -Ivendor/cigraph/vendor/glpk/api -Ivendor/cigraph/vendor/glpk/mpl -Ivendor/cigraph/vendor/glpk/bflib -Ivendor/cigraph/vendor/glpk/amd -Ivendor/cigraph/vendor/glpk/simplex -Ivendor/cigraph/vendor/glpk/colamd -DNDEBUG -DNTIMER -DNPRINT -DIGRAPH_THREAD_LOCAL= -DPRPACK_IGRAPH_SUPPORT -DHAVE_GFORTRAN=1 -D_GNU_SOURCE=1 -I'/usr/local/lib/R/library/cpp11/include' -I/usr/local/include   -fvisibility=hidden -fpic  -g -O2  -c vendor/cigraph/vendor/glpk/api/rdipt.c -o vendor/cigraph/vendor/glpk/api/rdipt.o
#13 879.3 gcc -I"/usr/local/lib/R/include" -DNDEBUG -DUSING_R -I. -Ivendor -Ivendor/cigraph/src -Ivendor/cigraph/include -Ivendor/cigraph/vendor -Ivendor/io/parsers  -I/usr/include/libxml2 -DHAVE_LIBXML -Ivendor/cigraph/vendor/glpk -Ivendor/cigraph/vendor/glpk/env -Ivendor/cigraph/vendor/glpk/minisat -Ivendor/cigraph/vendor/glpk/misc -Ivendor/cigraph/vendor/glpk/draft -Ivendor/cigraph/vendor/glpk/npp -Ivendor/cigraph/vendor/glpk/api -Ivendor/cigraph/vendor/glpk/mpl -Ivendor/cigraph/vendor/glpk/bflib -Ivendor/cigraph/vendor/glpk/amd -Ivendor/cigraph/vendor/glpk/simplex -Ivendor/cigraph/vendor/glpk/colamd -DNDEBUG -DNTIMER -DNPRINT -DIGRAPH_THREAD_LOCAL= -DPRPACK_IGRAPH_SUPPORT -DHAVE_GFORTRAN=1 -D_GNU_SOURCE=1 -I'/usr/local/lib/R/library/cpp11/include' -I/usr/local/include   -fvisibility=hidden -fpic  -g -O2  -c vendor/cigraph/vendor/glpk/api/rdmaxf.c -o vendor/cigraph/vendor/glpk/api/rdmaxf.o
#13 879.5 gcc -I"/usr/local/lib/R/include" -DNDEBUG -DUSING_R -I. -Ivendor -Ivendor/cigraph/src -Ivendor/cigraph/include -Ivendor/cigraph/vendor -Ivendor/io/parsers  -I/usr/include/libxml2 -DHAVE_LIBXML -Ivendor/cigraph/vendor/glpk -Ivendor/cigraph/vendor/glpk/env -Ivendor/cigraph/vendor/glpk/minisat -Ivendor/cigraph/vendor/glpk/misc -Ivendor/cigraph/vendor/glpk/draft -Ivendor/cigraph/vendor/glpk/npp -Ivendor/cigraph/vendor/glpk/api -Ivendor/cigraph/vendor/glpk/mpl -Ivendor/cigraph/vendor/glpk/bflib -Ivendor/cigraph/vendor/glpk/amd -Ivendor/cigraph/vendor/glpk/simplex -Ivendor/cigraph/vendor/glpk/colamd -DNDEBUG -DNTIMER -DNPRINT -DIGRAPH_THREAD_LOCAL= -DPRPACK_IGRAPH_SUPPORT -DHAVE_GFORTRAN=1 -D_GNU_SOURCE=1 -I'/usr/local/lib/R/library/cpp11/include' -I/usr/local/include   -fvisibility=hidden -fpic  -g -O2  -c vendor/cigraph/vendor/glpk/api/rdmcf.c -o vendor/cigraph/vendor/glpk/api/rdmcf.o
#13 879.6 gcc -I"/usr/local/lib/R/include" -DNDEBUG -DUSING_R -I. -Ivendor -Ivendor/cigraph/src -Ivendor/cigraph/include -Ivendor/cigraph/vendor -Ivendor/io/parsers  -I/usr/include/libxml2 -DHAVE_LIBXML -Ivendor/cigraph/vendor/glpk -Ivendor/cigraph/vendor/glpk/env -Ivendor/cigraph/vendor/glpk/minisat -Ivendor/cigraph/vendor/glpk/misc -Ivendor/cigraph/vendor/glpk/draft -Ivendor/cigraph/vendor/glpk/npp -Ivendor/cigraph/vendor/glpk/api -Ivendor/cigraph/vendor/glpk/mpl -Ivendor/cigraph/vendor/glpk/bflib -Ivendor/cigraph/vendor/glpk/amd -Ivendor/cigraph/vendor/glpk/simplex -Ivendor/cigraph/vendor/glpk/colamd -DNDEBUG -DNTIMER -DNPRINT -DIGRAPH_THREAD_LOCAL= -DPRPACK_IGRAPH_SUPPORT -DHAVE_GFORTRAN=1 -D_GNU_SOURCE=1 -I'/usr/local/lib/R/library/cpp11/include' -I/usr/local/include   -fvisibility=hidden -fpic  -g -O2  -c vendor/cigraph/vendor/glpk/api/rdmip.c -o vendor/cigraph/vendor/glpk/api/rdmip.o
#13 879.7 gcc -I"/usr/local/lib/R/include" -DNDEBUG -DUSING_R -I. -Ivendor -Ivendor/cigraph/src -Ivendor/cigraph/include -Ivendor/cigraph/vendor -Ivendor/io/parsers  -I/usr/include/libxml2 -DHAVE_LIBXML -Ivendor/cigraph/vendor/glpk -Ivendor/cigraph/vendor/glpk/env -Ivendor/cigraph/vendor/glpk/minisat -Ivendor/cigraph/vendor/glpk/misc -Ivendor/cigraph/vendor/glpk/draft -Ivendor/cigraph/vendor/glpk/npp -Ivendor/cigraph/vendor/glpk/api -Ivendor/cigraph/vendor/glpk/mpl -Ivendor/cigraph/vendor/glpk/bflib -Ivendor/cigraph/vendor/glpk/amd -Ivendor/cigraph/vendor/glpk/simplex -Ivendor/cigraph/vendor/glpk/colamd -DNDEBUG -DNTIMER -DNPRINT -DIGRAPH_THREAD_LOCAL= -DPRPACK_IGRAPH_SUPPORT -DHAVE_GFORTRAN=1 -D_GNU_SOURCE=1 -I'/usr/local/lib/R/library/cpp11/include' -I/usr/local/include   -fvisibility=hidden -fpic  -g -O2  -c vendor/cigraph/vendor/glpk/api/rdprob.c -o vendor/cigraph/vendor/glpk/api/rdprob.o
#13 879.9 gcc -I"/usr/local/lib/R/include" -DNDEBUG -DUSING_R -I. -Ivendor -Ivendor/cigraph/src -Ivendor/cigraph/include -Ivendor/cigraph/vendor -Ivendor/io/parsers  -I/usr/include/libxml2 -DHAVE_LIBXML -Ivendor/cigraph/vendor/glpk -Ivendor/cigraph/vendor/glpk/env -Ivendor/cigraph/vendor/glpk/minisat -Ivendor/cigraph/vendor/glpk/misc -Ivendor/cigraph/vendor/glpk/draft -Ivendor/cigraph/vendor/glpk/npp -Ivendor/cigraph/vendor/glpk/api -Ivendor/cigraph/vendor/glpk/mpl -Ivendor/cigraph/vendor/glpk/bflib -Ivendor/cigraph/vendor/glpk/amd -Ivendor/cigraph/vendor/glpk/simplex -Ivendor/cigraph/vendor/glpk/colamd -DNDEBUG -DNTIMER -DNPRINT -DIGRAPH_THREAD_LOCAL= -DPRPACK_IGRAPH_SUPPORT -DHAVE_GFORTRAN=1 -D_GNU_SOURCE=1 -I'/usr/local/lib/R/library/cpp11/include' -I/usr/local/include   -fvisibility=hidden -fpic  -g -O2  -c vendor/cigraph/vendor/glpk/api/rdsol.c -o vendor/cigraph/vendor/glpk/api/rdsol.o
#13 880.1 gcc -I"/usr/local/lib/R/include" -DNDEBUG -DUSING_R -I. -Ivendor -Ivendor/cigraph/src -Ivendor/cigraph/include -Ivendor/cigraph/vendor -Ivendor/io/parsers  -I/usr/include/libxml2 -DHAVE_LIBXML -Ivendor/cigraph/vendor/glpk -Ivendor/cigraph/vendor/glpk/env -Ivendor/cigraph/vendor/glpk/minisat -Ivendor/cigraph/vendor/glpk/misc -Ivendor/cigraph/vendor/glpk/draft -Ivendor/cigraph/vendor/glpk/npp -Ivendor/cigraph/vendor/glpk/api -Ivendor/cigraph/vendor/glpk/mpl -Ivendor/cigraph/vendor/glpk/bflib -Ivendor/cigraph/vendor/glpk/amd -Ivendor/cigraph/vendor/glpk/simplex -Ivendor/cigraph/vendor/glpk/colamd -DNDEBUG -DNTIMER -DNPRINT -DIGRAPH_THREAD_LOCAL= -DPRPACK_IGRAPH_SUPPORT -DHAVE_GFORTRAN=1 -D_GNU_SOURCE=1 -I'/usr/local/lib/R/library/cpp11/include' -I/usr/local/include   -fvisibility=hidden -fpic  -g -O2  -c vendor/cigraph/vendor/glpk/api/rmfgen.c -o vendor/cigraph/vendor/glpk/api/rmfgen.o
#13 880.1 gcc -I"/usr/local/lib/R/include" -DNDEBUG -DUSING_R -I. -Ivendor -Ivendor/cigraph/src -Ivendor/cigraph/include -Ivendor/cigraph/vendor -Ivendor/io/parsers  -I/usr/include/libxml2 -DHAVE_LIBXML -Ivendor/cigraph/vendor/glpk -Ivendor/cigraph/vendor/glpk/env -Ivendor/cigraph/vendor/glpk/minisat -Ivendor/cigraph/vendor/glpk/misc -Ivendor/cigraph/vendor/glpk/draft -Ivendor/cigraph/vendor/glpk/npp -Ivendor/cigraph/vendor/glpk/api -Ivendor/cigraph/vendor/glpk/mpl -Ivendor/cigraph/vendor/glpk/bflib -Ivendor/cigraph/vendor/glpk/amd -Ivendor/cigraph/vendor/glpk/simplex -Ivendor/cigraph/vendor/glpk/colamd -DNDEBUG -DNTIMER -DNPRINT -DIGRAPH_THREAD_LOCAL= -DPRPACK_IGRAPH_SUPPORT -DHAVE_GFORTRAN=1 -D_GNU_SOURCE=1 -I'/usr/local/lib/R/library/cpp11/include' -I/usr/local/include   -fvisibility=hidden -fpic  -g -O2  -c vendor/cigraph/vendor/glpk/api/strong.c -o vendor/cigraph/vendor/glpk/api/strong.o
#13 880.3 gcc -I"/usr/local/lib/R/include" -DNDEBUG -DUSING_R -I. -Ivendor -Ivendor/cigraph/src -Ivendor/cigraph/include -Ivendor/cigraph/vendor -Ivendor/io/parsers  -I/usr/include/libxml2 -DHAVE_LIBXML -Ivendor/cigraph/vendor/glpk -Ivendor/cigraph/vendor/glpk/env -Ivendor/cigraph/vendor/glpk/minisat -Ivendor/cigraph/vendor/glpk/misc -Ivendor/cigraph/vendor/glpk/draft -Ivendor/cigraph/vendor/glpk/npp -Ivendor/cigraph/vendor/glpk/api -Ivendor/cigraph/vendor/glpk/mpl -Ivendor/cigraph/vendor/glpk/bflib -Ivendor/cigraph/vendor/glpk/amd -Ivendor/cigraph/vendor/glpk/simplex -Ivendor/cigraph/vendor/glpk/colamd -DNDEBUG -DNTIMER -DNPRINT -DIGRAPH_THREAD_LOCAL= -DPRPACK_IGRAPH_SUPPORT -DHAVE_GFORTRAN=1 -D_GNU_SOURCE=1 -I'/usr/local/lib/R/library/cpp11/include' -I/usr/local/include   -fvisibility=hidden -fpic  -g -O2  -c vendor/cigraph/vendor/glpk/api/topsort.c -o vendor/cigraph/vendor/glpk/api/topsort.o
#13 880.4 gcc -I"/usr/local/lib/R/include" -DNDEBUG -DUSING_R -I. -Ivendor -Ivendor/cigraph/src -Ivendor/cigraph/include -Ivendor/cigraph/vendor -Ivendor/io/parsers  -I/usr/include/libxml2 -DHAVE_LIBXML -Ivendor/cigraph/vendor/glpk -Ivendor/cigraph/vendor/glpk/env -Ivendor/cigraph/vendor/glpk/minisat -Ivendor/cigraph/vendor/glpk/misc -Ivendor/cigraph/vendor/glpk/draft -Ivendor/cigraph/vendor/glpk/npp -Ivendor/cigraph/vendor/glpk/api -Ivendor/cigraph/vendor/glpk/mpl -Ivendor/cigraph/vendor/glpk/bflib -Ivendor/cigraph/vendor/glpk/amd -Ivendor/cigraph/vendor/glpk/simplex -Ivendor/cigraph/vendor/glpk/colamd -DNDEBUG -DNTIMER -DNPRINT -DIGRAPH_THREAD_LOCAL= -DPRPACK_IGRAPH_SUPPORT -DHAVE_GFORTRAN=1 -D_GNU_SOURCE=1 -I'/usr/local/lib/R/library/cpp11/include' -I/usr/local/include   -fvisibility=hidden -fpic  -g -O2  -c vendor/cigraph/vendor/glpk/api/wcliqex.c -o vendor/cigraph/vendor/glpk/api/wcliqex.o
#13 880.5 gcc -I"/usr/local/lib/R/include" -DNDEBUG -DUSING_R -I. -Ivendor -Ivendor/cigraph/src -Ivendor/cigraph/include -Ivendor/cigraph/vendor -Ivendor/io/parsers  -I/usr/include/libxml2 -DHAVE_LIBXML -Ivendor/cigraph/vendor/glpk -Ivendor/cigraph/vendor/glpk/env -Ivendor/cigraph/vendor/glpk/minisat -Ivendor/cigraph/vendor/glpk/misc -Ivendor/cigraph/vendor/glpk/draft -Ivendor/cigraph/vendor/glpk/npp -Ivendor/cigraph/vendor/glpk/api -Ivendor/cigraph/vendor/glpk/mpl -Ivendor/cigraph/vendor/glpk/bflib -Ivendor/cigraph/vendor/glpk/amd -Ivendor/cigraph/vendor/glpk/simplex -Ivendor/cigraph/vendor/glpk/colamd -DNDEBUG -DNTIMER -DNPRINT -DIGRAPH_THREAD_LOCAL= -DPRPACK_IGRAPH_SUPPORT -DHAVE_GFORTRAN=1 -D_GNU_SOURCE=1 -I'/usr/local/lib/R/library/cpp11/include' -I/usr/local/include   -fvisibility=hidden -fpic  -g -O2  -c vendor/cigraph/vendor/glpk/api/weak.c -o vendor/cigraph/vendor/glpk/api/weak.o
#13 880.6 gcc -I"/usr/local/lib/R/include" -DNDEBUG -DUSING_R -I. -Ivendor -Ivendor/cigraph/src -Ivendor/cigraph/include -Ivendor/cigraph/vendor -Ivendor/io/parsers  -I/usr/include/libxml2 -DHAVE_LIBXML -Ivendor/cigraph/vendor/glpk -Ivendor/cigraph/vendor/glpk/env -Ivendor/cigraph/vendor/glpk/minisat -Ivendor/cigraph/vendor/glpk/misc -Ivendor/cigraph/vendor/glpk/draft -Ivendor/cigraph/vendor/glpk/npp -Ivendor/cigraph/vendor/glpk/api -Ivendor/cigraph/vendor/glpk/mpl -Ivendor/cigraph/vendor/glpk/bflib -Ivendor/cigraph/vendor/glpk/amd -Ivendor/cigraph/vendor/glpk/simplex -Ivendor/cigraph/vendor/glpk/colamd -DNDEBUG -DNTIMER -DNPRINT -DIGRAPH_THREAD_LOCAL= -DPRPACK_IGRAPH_SUPPORT -DHAVE_GFORTRAN=1 -D_GNU_SOURCE=1 -I'/usr/local/lib/R/library/cpp11/include' -I/usr/local/include   -fvisibility=hidden -fpic  -g -O2  -c vendor/cigraph/vendor/glpk/api/wrasn.c -o vendor/cigraph/vendor/glpk/api/wrasn.o
#13 880.7 gcc -I"/usr/local/lib/R/include" -DNDEBUG -DUSING_R -I. -Ivendor -Ivendor/cigraph/src -Ivendor/cigraph/include -Ivendor/cigraph/vendor -Ivendor/io/parsers  -I/usr/include/libxml2 -DHAVE_LIBXML -Ivendor/cigraph/vendor/glpk -Ivendor/cigraph/vendor/glpk/env -Ivendor/cigraph/vendor/glpk/minisat -Ivendor/cigraph/vendor/glpk/misc -Ivendor/cigraph/vendor/glpk/draft -Ivendor/cigraph/vendor/glpk/npp -Ivendor/cigraph/vendor/glpk/api -Ivendor/cigraph/vendor/glpk/mpl -Ivendor/cigraph/vendor/glpk/bflib -Ivendor/cigraph/vendor/glpk/amd -Ivendor/cigraph/vendor/glpk/simplex -Ivendor/cigraph/vendor/glpk/colamd -DNDEBUG -DNTIMER -DNPRINT -DIGRAPH_THREAD_LOCAL= -DPRPACK_IGRAPH_SUPPORT -DHAVE_GFORTRAN=1 -D_GNU_SOURCE=1 -I'/usr/local/lib/R/library/cpp11/include' -I/usr/local/include   -fvisibility=hidden -fpic  -g -O2  -c vendor/cigraph/vendor/glpk/api/wrcc.c -o vendor/cigraph/vendor/glpk/api/wrcc.o
#13 880.8 gcc -I"/usr/local/lib/R/include" -DNDEBUG -DUSING_R -I. -Ivendor -Ivendor/cigraph/src -Ivendor/cigraph/include -Ivendor/cigraph/vendor -Ivendor/io/parsers  -I/usr/include/libxml2 -DHAVE_LIBXML -Ivendor/cigraph/vendor/glpk -Ivendor/cigraph/vendor/glpk/env -Ivendor/cigraph/vendor/glpk/minisat -Ivendor/cigraph/vendor/glpk/misc -Ivendor/cigraph/vendor/glpk/draft -Ivendor/cigraph/vendor/glpk/npp -Ivendor/cigraph/vendor/glpk/api -Ivendor/cigraph/vendor/glpk/mpl -Ivendor/cigraph/vendor/glpk/bflib -Ivendor/cigraph/vendor/glpk/amd -Ivendor/cigraph/vendor/glpk/simplex -Ivendor/cigraph/vendor/glpk/colamd -DNDEBUG -DNTIMER -DNPRINT -DIGRAPH_THREAD_LOCAL= -DPRPACK_IGRAPH_SUPPORT -DHAVE_GFORTRAN=1 -D_GNU_SOURCE=1 -I'/usr/local/lib/R/library/cpp11/include' -I/usr/local/include   -fvisibility=hidden -fpic  -g -O2  -c vendor/cigraph/vendor/glpk/api/wrcnf.c -o vendor/cigraph/vendor/glpk/api/wrcnf.o
#13 880.9 gcc -I"/usr/local/lib/R/include" -DNDEBUG -DUSING_R -I. -Ivendor -Ivendor/cigraph/src -Ivendor/cigraph/include -Ivendor/cigraph/vendor -Ivendor/io/parsers  -I/usr/include/libxml2 -DHAVE_LIBXML -Ivendor/cigraph/vendor/glpk -Ivendor/cigraph/vendor/glpk/env -Ivendor/cigraph/vendor/glpk/minisat -Ivendor/cigraph/vendor/glpk/misc -Ivendor/cigraph/vendor/glpk/draft -Ivendor/cigraph/vendor/glpk/npp -Ivendor/cigraph/vendor/glpk/api -Ivendor/cigraph/vendor/glpk/mpl -Ivendor/cigraph/vendor/glpk/bflib -Ivendor/cigraph/vendor/glpk/amd -Ivendor/cigraph/vendor/glpk/simplex -Ivendor/cigraph/vendor/glpk/colamd -DNDEBUG -DNTIMER -DNPRINT -DIGRAPH_THREAD_LOCAL= -DPRPACK_IGRAPH_SUPPORT -DHAVE_GFORTRAN=1 -D_GNU_SOURCE=1 -I'/usr/local/lib/R/library/cpp11/include' -I/usr/local/include   -fvisibility=hidden -fpic  -g -O2  -c vendor/cigraph/vendor/glpk/api/wript.c -o vendor/cigraph/vendor/glpk/api/wript.o
#13 881.0 gcc -I"/usr/local/lib/R/include" -DNDEBUG -DUSING_R -I. -Ivendor -Ivendor/cigraph/src -Ivendor/cigraph/include -Ivendor/cigraph/vendor -Ivendor/io/parsers  -I/usr/include/libxml2 -DHAVE_LIBXML -Ivendor/cigraph/vendor/glpk -Ivendor/cigraph/vendor/glpk/env -Ivendor/cigraph/vendor/glpk/minisat -Ivendor/cigraph/vendor/glpk/misc -Ivendor/cigraph/vendor/glpk/draft -Ivendor/cigraph/vendor/glpk/npp -Ivendor/cigraph/vendor/glpk/api -Ivendor/cigraph/vendor/glpk/mpl -Ivendor/cigraph/vendor/glpk/bflib -Ivendor/cigraph/vendor/glpk/amd -Ivendor/cigraph/vendor/glpk/simplex -Ivendor/cigraph/vendor/glpk/colamd -DNDEBUG -DNTIMER -DNPRINT -DIGRAPH_THREAD_LOCAL= -DPRPACK_IGRAPH_SUPPORT -DHAVE_GFORTRAN=1 -D_GNU_SOURCE=1 -I'/usr/local/lib/R/library/cpp11/include' -I/usr/local/include   -fvisibility=hidden -fpic  -g -O2  -c vendor/cigraph/vendor/glpk/api/wrmaxf.c -o vendor/cigraph/vendor/glpk/api/wrmaxf.o
#13 881.1 gcc -I"/usr/local/lib/R/include" -DNDEBUG -DUSING_R -I. -Ivendor -Ivendor/cigraph/src -Ivendor/cigraph/include -Ivendor/cigraph/vendor -Ivendor/io/parsers  -I/usr/include/libxml2 -DHAVE_LIBXML -Ivendor/cigraph/vendor/glpk -Ivendor/cigraph/vendor/glpk/env -Ivendor/cigraph/vendor/glpk/minisat -Ivendor/cigraph/vendor/glpk/misc -Ivendor/cigraph/vendor/glpk/draft -Ivendor/cigraph/vendor/glpk/npp -Ivendor/cigraph/vendor/glpk/api -Ivendor/cigraph/vendor/glpk/mpl -Ivendor/cigraph/vendor/glpk/bflib -Ivendor/cigraph/vendor/glpk/amd -Ivendor/cigraph/vendor/glpk/simplex -Ivendor/cigraph/vendor/glpk/colamd -DNDEBUG -DNTIMER -DNPRINT -DIGRAPH_THREAD_LOCAL= -DPRPACK_IGRAPH_SUPPORT -DHAVE_GFORTRAN=1 -D_GNU_SOURCE=1 -I'/usr/local/lib/R/library/cpp11/include' -I/usr/local/include   -fvisibility=hidden -fpic  -g -O2  -c vendor/cigraph/vendor/glpk/api/wrmcf.c -o vendor/cigraph/vendor/glpk/api/wrmcf.o
#13 881.2 gcc -I"/usr/local/lib/R/include" -DNDEBUG -DUSING_R -I. -Ivendor -Ivendor/cigraph/src -Ivendor/cigraph/include -Ivendor/cigraph/vendor -Ivendor/io/parsers  -I/usr/include/libxml2 -DHAVE_LIBXML -Ivendor/cigraph/vendor/glpk -Ivendor/cigraph/vendor/glpk/env -Ivendor/cigraph/vendor/glpk/minisat -Ivendor/cigraph/vendor/glpk/misc -Ivendor/cigraph/vendor/glpk/draft -Ivendor/cigraph/vendor/glpk/npp -Ivendor/cigraph/vendor/glpk/api -Ivendor/cigraph/vendor/glpk/mpl -Ivendor/cigraph/vendor/glpk/bflib -Ivendor/cigraph/vendor/glpk/amd -Ivendor/cigraph/vendor/glpk/simplex -Ivendor/cigraph/vendor/glpk/colamd -DNDEBUG -DNTIMER -DNPRINT -DIGRAPH_THREAD_LOCAL= -DPRPACK_IGRAPH_SUPPORT -DHAVE_GFORTRAN=1 -D_GNU_SOURCE=1 -I'/usr/local/lib/R/library/cpp11/include' -I/usr/local/include   -fvisibility=hidden -fpic  -g -O2  -c vendor/cigraph/vendor/glpk/api/wrmip.c -o vendor/cigraph/vendor/glpk/api/wrmip.o
#13 881.3 gcc -I"/usr/local/lib/R/include" -DNDEBUG -DUSING_R -I. -Ivendor -Ivendor/cigraph/src -Ivendor/cigraph/include -Ivendor/cigraph/vendor -Ivendor/io/parsers  -I/usr/include/libxml2 -DHAVE_LIBXML -Ivendor/cigraph/vendor/glpk -Ivendor/cigraph/vendor/glpk/env -Ivendor/cigraph/vendor/glpk/minisat -Ivendor/cigraph/vendor/glpk/misc -Ivendor/cigraph/vendor/glpk/draft -Ivendor/cigraph/vendor/glpk/npp -Ivendor/cigraph/vendor/glpk/api -Ivendor/cigraph/vendor/glpk/mpl -Ivendor/cigraph/vendor/glpk/bflib -Ivendor/cigraph/vendor/glpk/amd -Ivendor/cigraph/vendor/glpk/simplex -Ivendor/cigraph/vendor/glpk/colamd -DNDEBUG -DNTIMER -DNPRINT -DIGRAPH_THREAD_LOCAL= -DPRPACK_IGRAPH_SUPPORT -DHAVE_GFORTRAN=1 -D_GNU_SOURCE=1 -I'/usr/local/lib/R/library/cpp11/include' -I/usr/local/include   -fvisibility=hidden -fpic  -g -O2  -c vendor/cigraph/vendor/glpk/api/wrprob.c -o vendor/cigraph/vendor/glpk/api/wrprob.o
#13 881.4 gcc -I"/usr/local/lib/R/include" -DNDEBUG -DUSING_R -I. -Ivendor -Ivendor/cigraph/src -Ivendor/cigraph/include -Ivendor/cigraph/vendor -Ivendor/io/parsers  -I/usr/include/libxml2 -DHAVE_LIBXML -Ivendor/cigraph/vendor/glpk -Ivendor/cigraph/vendor/glpk/env -Ivendor/cigraph/vendor/glpk/minisat -Ivendor/cigraph/vendor/glpk/misc -Ivendor/cigraph/vendor/glpk/draft -Ivendor/cigraph/vendor/glpk/npp -Ivendor/cigraph/vendor/glpk/api -Ivendor/cigraph/vendor/glpk/mpl -Ivendor/cigraph/vendor/glpk/bflib -Ivendor/cigraph/vendor/glpk/amd -Ivendor/cigraph/vendor/glpk/simplex -Ivendor/cigraph/vendor/glpk/colamd -DNDEBUG -DNTIMER -DNPRINT -DIGRAPH_THREAD_LOCAL= -DPRPACK_IGRAPH_SUPPORT -DHAVE_GFORTRAN=1 -D_GNU_SOURCE=1 -I'/usr/local/lib/R/library/cpp11/include' -I/usr/local/include   -fvisibility=hidden -fpic  -g -O2  -c vendor/cigraph/vendor/glpk/api/wrsol.c -o vendor/cigraph/vendor/glpk/api/wrsol.o
#13 881.5 gcc -I"/usr/local/lib/R/include" -DNDEBUG -DUSING_R -I. -Ivendor -Ivendor/cigraph/src -Ivendor/cigraph/include -Ivendor/cigraph/vendor -Ivendor/io/parsers  -I/usr/include/libxml2 -DHAVE_LIBXML -Ivendor/cigraph/vendor/glpk -Ivendor/cigraph/vendor/glpk/env -Ivendor/cigraph/vendor/glpk/minisat -Ivendor/cigraph/vendor/glpk/misc -Ivendor/cigraph/vendor/glpk/draft -Ivendor/cigraph/vendor/glpk/npp -Ivendor/cigraph/vendor/glpk/api -Ivendor/cigraph/vendor/glpk/mpl -Ivendor/cigraph/vendor/glpk/bflib -Ivendor/cigraph/vendor/glpk/amd -Ivendor/cigraph/vendor/glpk/simplex -Ivendor/cigraph/vendor/glpk/colamd -DNDEBUG -DNTIMER -DNPRINT -DIGRAPH_THREAD_LOCAL= -DPRPACK_IGRAPH_SUPPORT -DHAVE_GFORTRAN=1 -D_GNU_SOURCE=1 -I'/usr/local/lib/R/library/cpp11/include' -I/usr/local/include   -fvisibility=hidden -fpic  -g -O2  -c vendor/cigraph/vendor/glpk/bflib/btf.c -o vendor/cigraph/vendor/glpk/bflib/btf.o
#13 881.9 gcc -I"/usr/local/lib/R/include" -DNDEBUG -DUSING_R -I. -Ivendor -Ivendor/cigraph/src -Ivendor/cigraph/include -Ivendor/cigraph/vendor -Ivendor/io/parsers  -I/usr/include/libxml2 -DHAVE_LIBXML -Ivendor/cigraph/vendor/glpk -Ivendor/cigraph/vendor/glpk/env -Ivendor/cigraph/vendor/glpk/minisat -Ivendor/cigraph/vendor/glpk/misc -Ivendor/cigraph/vendor/glpk/draft -Ivendor/cigraph/vendor/glpk/npp -Ivendor/cigraph/vendor/glpk/api -Ivendor/cigraph/vendor/glpk/mpl -Ivendor/cigraph/vendor/glpk/bflib -Ivendor/cigraph/vendor/glpk/amd -Ivendor/cigraph/vendor/glpk/simplex -Ivendor/cigraph/vendor/glpk/colamd -DNDEBUG -DNTIMER -DNPRINT -DIGRAPH_THREAD_LOCAL= -DPRPACK_IGRAPH_SUPPORT -DHAVE_GFORTRAN=1 -D_GNU_SOURCE=1 -I'/usr/local/lib/R/library/cpp11/include' -I/usr/local/include   -fvisibility=hidden -fpic  -g -O2  -c vendor/cigraph/vendor/glpk/bflib/btfint.c -o vendor/cigraph/vendor/glpk/bflib/btfint.o
#13 882.1 gcc -I"/usr/local/lib/R/include" -DNDEBUG -DUSING_R -I. -Ivendor -Ivendor/cigraph/src -Ivendor/cigraph/include -Ivendor/cigraph/vendor -Ivendor/io/parsers  -I/usr/include/libxml2 -DHAVE_LIBXML -Ivendor/cigraph/vendor/glpk -Ivendor/cigraph/vendor/glpk/env -Ivendor/cigraph/vendor/glpk/minisat -Ivendor/cigraph/vendor/glpk/misc -Ivendor/cigraph/vendor/glpk/draft -Ivendor/cigraph/vendor/glpk/npp -Ivendor/cigraph/vendor/glpk/api -Ivendor/cigraph/vendor/glpk/mpl -Ivendor/cigraph/vendor/glpk/bflib -Ivendor/cigraph/vendor/glpk/amd -Ivendor/cigraph/vendor/glpk/simplex -Ivendor/cigraph/vendor/glpk/colamd -DNDEBUG -DNTIMER -DNPRINT -DIGRAPH_THREAD_LOCAL= -DPRPACK_IGRAPH_SUPPORT -DHAVE_GFORTRAN=1 -D_GNU_SOURCE=1 -I'/usr/local/lib/R/library/cpp11/include' -I/usr/local/include   -fvisibility=hidden -fpic  -g -O2  -c vendor/cigraph/vendor/glpk/bflib/fhv.c -o vendor/cigraph/vendor/glpk/bflib/fhv.o
#13 882.4 gcc -I"/usr/local/lib/R/include" -DNDEBUG -DUSING_R -I. -Ivendor -Ivendor/cigraph/src -Ivendor/cigraph/include -Ivendor/cigraph/vendor -Ivendor/io/parsers  -I/usr/include/libxml2 -DHAVE_LIBXML -Ivendor/cigraph/vendor/glpk -Ivendor/cigraph/vendor/glpk/env -Ivendor/cigraph/vendor/glpk/minisat -Ivendor/cigraph/vendor/glpk/misc -Ivendor/cigraph/vendor/glpk/draft -Ivendor/cigraph/vendor/glpk/npp -Ivendor/cigraph/vendor/glpk/api -Ivendor/cigraph/vendor/glpk/mpl -Ivendor/cigraph/vendor/glpk/bflib -Ivendor/cigraph/vendor/glpk/amd -Ivendor/cigraph/vendor/glpk/simplex -Ivendor/cigraph/vendor/glpk/colamd -DNDEBUG -DNTIMER -DNPRINT -DIGRAPH_THREAD_LOCAL= -DPRPACK_IGRAPH_SUPPORT -DHAVE_GFORTRAN=1 -D_GNU_SOURCE=1 -I'/usr/local/lib/R/library/cpp11/include' -I/usr/local/include   -fvisibility=hidden -fpic  -g -O2  -c vendor/cigraph/vendor/glpk/bflib/fhvint.c -o vendor/cigraph/vendor/glpk/bflib/fhvint.o
#13 882.5 gcc -I"/usr/local/lib/R/include" -DNDEBUG -DUSING_R -I. -Ivendor -Ivendor/cigraph/src -Ivendor/cigraph/include -Ivendor/cigraph/vendor -Ivendor/io/parsers  -I/usr/include/libxml2 -DHAVE_LIBXML -Ivendor/cigraph/vendor/glpk -Ivendor/cigraph/vendor/glpk/env -Ivendor/cigraph/vendor/glpk/minisat -Ivendor/cigraph/vendor/glpk/misc -Ivendor/cigraph/vendor/glpk/draft -Ivendor/cigraph/vendor/glpk/npp -Ivendor/cigraph/vendor/glpk/api -Ivendor/cigraph/vendor/glpk/mpl -Ivendor/cigraph/vendor/glpk/bflib -Ivendor/cigraph/vendor/glpk/amd -Ivendor/cigraph/vendor/glpk/simplex -Ivendor/cigraph/vendor/glpk/colamd -DNDEBUG -DNTIMER -DNPRINT -DIGRAPH_THREAD_LOCAL= -DPRPACK_IGRAPH_SUPPORT -DHAVE_GFORTRAN=1 -D_GNU_SOURCE=1 -I'/usr/local/lib/R/library/cpp11/include' -I/usr/local/include   -fvisibility=hidden -fpic  -g -O2  -c vendor/cigraph/vendor/glpk/bflib/ifu.c -o vendor/cigraph/vendor/glpk/bflib/ifu.o
#13 882.7 gcc -I"/usr/local/lib/R/include" -DNDEBUG -DUSING_R -I. -Ivendor -Ivendor/cigraph/src -Ivendor/cigraph/include -Ivendor/cigraph/vendor -Ivendor/io/parsers  -I/usr/include/libxml2 -DHAVE_LIBXML -Ivendor/cigraph/vendor/glpk -Ivendor/cigraph/vendor/glpk/env -Ivendor/cigraph/vendor/glpk/minisat -Ivendor/cigraph/vendor/glpk/misc -Ivendor/cigraph/vendor/glpk/draft -Ivendor/cigraph/vendor/glpk/npp -Ivendor/cigraph/vendor/glpk/api -Ivendor/cigraph/vendor/glpk/mpl -Ivendor/cigraph/vendor/glpk/bflib -Ivendor/cigraph/vendor/glpk/amd -Ivendor/cigraph/vendor/glpk/simplex -Ivendor/cigraph/vendor/glpk/colamd -DNDEBUG -DNTIMER -DNPRINT -DIGRAPH_THREAD_LOCAL= -DPRPACK_IGRAPH_SUPPORT -DHAVE_GFORTRAN=1 -D_GNU_SOURCE=1 -I'/usr/local/lib/R/library/cpp11/include' -I/usr/local/include   -fvisibility=hidden -fpic  -g -O2  -c vendor/cigraph/vendor/glpk/bflib/luf.c -o vendor/cigraph/vendor/glpk/bflib/luf.o
#13 883.1 gcc -I"/usr/local/lib/R/include" -DNDEBUG -DUSING_R -I. -Ivendor -Ivendor/cigraph/src -Ivendor/cigraph/include -Ivendor/cigraph/vendor -Ivendor/io/parsers  -I/usr/include/libxml2 -DHAVE_LIBXML -Ivendor/cigraph/vendor/glpk -Ivendor/cigraph/vendor/glpk/env -Ivendor/cigraph/vendor/glpk/minisat -Ivendor/cigraph/vendor/glpk/misc -Ivendor/cigraph/vendor/glpk/draft -Ivendor/cigraph/vendor/glpk/npp -Ivendor/cigraph/vendor/glpk/api -Ivendor/cigraph/vendor/glpk/mpl -Ivendor/cigraph/vendor/glpk/bflib -Ivendor/cigraph/vendor/glpk/amd -Ivendor/cigraph/vendor/glpk/simplex -Ivendor/cigraph/vendor/glpk/colamd -DNDEBUG -DNTIMER -DNPRINT -DIGRAPH_THREAD_LOCAL= -DPRPACK_IGRAPH_SUPPORT -DHAVE_GFORTRAN=1 -D_GNU_SOURCE=1 -I'/usr/local/lib/R/library/cpp11/include' -I/usr/local/include   -fvisibility=hidden -fpic  -g -O2  -c vendor/cigraph/vendor/glpk/bflib/lufint.c -o vendor/cigraph/vendor/glpk/bflib/lufint.o
#13 883.2 gcc -I"/usr/local/lib/R/include" -DNDEBUG -DUSING_R -I. -Ivendor -Ivendor/cigraph/src -Ivendor/cigraph/include -Ivendor/cigraph/vendor -Ivendor/io/parsers  -I/usr/include/libxml2 -DHAVE_LIBXML -Ivendor/cigraph/vendor/glpk -Ivendor/cigraph/vendor/glpk/env -Ivendor/cigraph/vendor/glpk/minisat -Ivendor/cigraph/vendor/glpk/misc -Ivendor/cigraph/vendor/glpk/draft -Ivendor/cigraph/vendor/glpk/npp -Ivendor/cigraph/vendor/glpk/api -Ivendor/cigraph/vendor/glpk/mpl -Ivendor/cigraph/vendor/glpk/bflib -Ivendor/cigraph/vendor/glpk/amd -Ivendor/cigraph/vendor/glpk/simplex -Ivendor/cigraph/vendor/glpk/colamd -DNDEBUG -DNTIMER -DNPRINT -DIGRAPH_THREAD_LOCAL= -DPRPACK_IGRAPH_SUPPORT -DHAVE_GFORTRAN=1 -D_GNU_SOURCE=1 -I'/usr/local/lib/R/library/cpp11/include' -I/usr/local/include   -fvisibility=hidden -fpic  -g -O2  -c vendor/cigraph/vendor/glpk/bflib/scf.c -o vendor/cigraph/vendor/glpk/bflib/scf.o
#13 883.4 gcc -I"/usr/local/lib/R/include" -DNDEBUG -DUSING_R -I. -Ivendor -Ivendor/cigraph/src -Ivendor/cigraph/include -Ivendor/cigraph/vendor -Ivendor/io/parsers  -I/usr/include/libxml2 -DHAVE_LIBXML -Ivendor/cigraph/vendor/glpk -Ivendor/cigraph/vendor/glpk/env -Ivendor/cigraph/vendor/glpk/minisat -Ivendor/cigraph/vendor/glpk/misc -Ivendor/cigraph/vendor/glpk/draft -Ivendor/cigraph/vendor/glpk/npp -Ivendor/cigraph/vendor/glpk/api -Ivendor/cigraph/vendor/glpk/mpl -Ivendor/cigraph/vendor/glpk/bflib -Ivendor/cigraph/vendor/glpk/amd -Ivendor/cigraph/vendor/glpk/simplex -Ivendor/cigraph/vendor/glpk/colamd -DNDEBUG -DNTIMER -DNPRINT -DIGRAPH_THREAD_LOCAL= -DPRPACK_IGRAPH_SUPPORT -DHAVE_GFORTRAN=1 -D_GNU_SOURCE=1 -I'/usr/local/lib/R/library/cpp11/include' -I/usr/local/include   -fvisibility=hidden -fpic  -g -O2  -c vendor/cigraph/vendor/glpk/bflib/scfint.c -o vendor/cigraph/vendor/glpk/bflib/scfint.o
#13 883.6 gcc -I"/usr/local/lib/R/include" -DNDEBUG -DUSING_R -I. -Ivendor -Ivendor/cigraph/src -Ivendor/cigraph/include -Ivendor/cigraph/vendor -Ivendor/io/parsers  -I/usr/include/libxml2 -DHAVE_LIBXML -Ivendor/cigraph/vendor/glpk -Ivendor/cigraph/vendor/glpk/env -Ivendor/cigraph/vendor/glpk/minisat -Ivendor/cigraph/vendor/glpk/misc -Ivendor/cigraph/vendor/glpk/draft -Ivendor/cigraph/vendor/glpk/npp -Ivendor/cigraph/vendor/glpk/api -Ivendor/cigraph/vendor/glpk/mpl -Ivendor/cigraph/vendor/glpk/bflib -Ivendor/cigraph/vendor/glpk/amd -Ivendor/cigraph/vendor/glpk/simplex -Ivendor/cigraph/vendor/glpk/colamd -DNDEBUG -DNTIMER -DNPRINT -DIGRAPH_THREAD_LOCAL= -DPRPACK_IGRAPH_SUPPORT -DHAVE_GFORTRAN=1 -D_GNU_SOURCE=1 -I'/usr/local/lib/R/library/cpp11/include' -I/usr/local/include   -fvisibility=hidden -fpic  -g -O2  -c vendor/cigraph/vendor/glpk/bflib/sgf.c -o vendor/cigraph/vendor/glpk/bflib/sgf.o
#13 884.2 gcc -I"/usr/local/lib/R/include" -DNDEBUG -DUSING_R -I. -Ivendor -Ivendor/cigraph/src -Ivendor/cigraph/include -Ivendor/cigraph/vendor -Ivendor/io/parsers  -I/usr/include/libxml2 -DHAVE_LIBXML -Ivendor/cigraph/vendor/glpk -Ivendor/cigraph/vendor/glpk/env -Ivendor/cigraph/vendor/glpk/minisat -Ivendor/cigraph/vendor/glpk/misc -Ivendor/cigraph/vendor/glpk/draft -Ivendor/cigraph/vendor/glpk/npp -Ivendor/cigraph/vendor/glpk/api -Ivendor/cigraph/vendor/glpk/mpl -Ivendor/cigraph/vendor/glpk/bflib -Ivendor/cigraph/vendor/glpk/amd -Ivendor/cigraph/vendor/glpk/simplex -Ivendor/cigraph/vendor/glpk/colamd -DNDEBUG -DNTIMER -DNPRINT -DIGRAPH_THREAD_LOCAL= -DPRPACK_IGRAPH_SUPPORT -DHAVE_GFORTRAN=1 -D_GNU_SOURCE=1 -I'/usr/local/lib/R/library/cpp11/include' -I/usr/local/include   -fvisibility=hidden -fpic  -g -O2  -c vendor/cigraph/vendor/glpk/bflib/sva.c -o vendor/cigraph/vendor/glpk/bflib/sva.o
#13 884.5 gcc -I"/usr/local/lib/R/include" -DNDEBUG -DUSING_R -I. -Ivendor -Ivendor/cigraph/src -Ivendor/cigraph/include -Ivendor/cigraph/vendor -Ivendor/io/parsers  -I/usr/include/libxml2 -DHAVE_LIBXML -Ivendor/cigraph/vendor/glpk -Ivendor/cigraph/vendor/glpk/env -Ivendor/cigraph/vendor/glpk/minisat -Ivendor/cigraph/vendor/glpk/misc -Ivendor/cigraph/vendor/glpk/draft -Ivendor/cigraph/vendor/glpk/npp -Ivendor/cigraph/vendor/glpk/api -Ivendor/cigraph/vendor/glpk/mpl -Ivendor/cigraph/vendor/glpk/bflib -Ivendor/cigraph/vendor/glpk/amd -Ivendor/cigraph/vendor/glpk/simplex -Ivendor/cigraph/vendor/glpk/colamd -DNDEBUG -DNTIMER -DNPRINT -DIGRAPH_THREAD_LOCAL= -DPRPACK_IGRAPH_SUPPORT -DHAVE_GFORTRAN=1 -D_GNU_SOURCE=1 -I'/usr/local/lib/R/library/cpp11/include' -I/usr/local/include   -fvisibility=hidden -fpic  -g -O2  -c vendor/cigraph/vendor/glpk/colamd/colamd.c -o vendor/cigraph/vendor/glpk/colamd/colamd.o
#13 885.1 gcc -I"/usr/local/lib/R/include" -DNDEBUG -DUSING_R -I. -Ivendor -Ivendor/cigraph/src -Ivendor/cigraph/include -Ivendor/cigraph/vendor -Ivendor/io/parsers  -I/usr/include/libxml2 -DHAVE_LIBXML -Ivendor/cigraph/vendor/glpk -Ivendor/cigraph/vendor/glpk/env -Ivendor/cigraph/vendor/glpk/minisat -Ivendor/cigraph/vendor/glpk/misc -Ivendor/cigraph/vendor/glpk/draft -Ivendor/cigraph/vendor/glpk/npp -Ivendor/cigraph/vendor/glpk/api -Ivendor/cigraph/vendor/glpk/mpl -Ivendor/cigraph/vendor/glpk/bflib -Ivendor/cigraph/vendor/glpk/amd -Ivendor/cigraph/vendor/glpk/simplex -Ivendor/cigraph/vendor/glpk/colamd -DNDEBUG -DNTIMER -DNPRINT -DIGRAPH_THREAD_LOCAL= -DPRPACK_IGRAPH_SUPPORT -DHAVE_GFORTRAN=1 -D_GNU_SOURCE=1 -I'/usr/local/lib/R/library/cpp11/include' -I/usr/local/include   -fvisibility=hidden -fpic  -g -O2  -c vendor/cigraph/vendor/glpk/draft/bfd.c -o vendor/cigraph/vendor/glpk/draft/bfd.o
#13 885.2 gcc -I"/usr/local/lib/R/include" -DNDEBUG -DUSING_R -I. -Ivendor -Ivendor/cigraph/src -Ivendor/cigraph/include -Ivendor/cigraph/vendor -Ivendor/io/parsers  -I/usr/include/libxml2 -DHAVE_LIBXML -Ivendor/cigraph/vendor/glpk -Ivendor/cigraph/vendor/glpk/env -Ivendor/cigraph/vendor/glpk/minisat -Ivendor/cigraph/vendor/glpk/misc -Ivendor/cigraph/vendor/glpk/draft -Ivendor/cigraph/vendor/glpk/npp -Ivendor/cigraph/vendor/glpk/api -Ivendor/cigraph/vendor/glpk/mpl -Ivendor/cigraph/vendor/glpk/bflib -Ivendor/cigraph/vendor/glpk/amd -Ivendor/cigraph/vendor/glpk/simplex -Ivendor/cigraph/vendor/glpk/colamd -DNDEBUG -DNTIMER -DNPRINT -DIGRAPH_THREAD_LOCAL= -DPRPACK_IGRAPH_SUPPORT -DHAVE_GFORTRAN=1 -D_GNU_SOURCE=1 -I'/usr/local/lib/R/library/cpp11/include' -I/usr/local/include   -fvisibility=hidden -fpic  -g -O2  -c vendor/cigraph/vendor/glpk/draft/bfx.c -o vendor/cigraph/vendor/glpk/draft/bfx.o
#13 885.3 gcc -I"/usr/local/lib/R/include" -DNDEBUG -DUSING_R -I. -Ivendor -Ivendor/cigraph/src -Ivendor/cigraph/include -Ivendor/cigraph/vendor -Ivendor/io/parsers  -I/usr/include/libxml2 -DHAVE_LIBXML -Ivendor/cigraph/vendor/glpk -Ivendor/cigraph/vendor/glpk/env -Ivendor/cigraph/vendor/glpk/minisat -Ivendor/cigraph/vendor/glpk/misc -Ivendor/cigraph/vendor/glpk/draft -Ivendor/cigraph/vendor/glpk/npp -Ivendor/cigraph/vendor/glpk/api -Ivendor/cigraph/vendor/glpk/mpl -Ivendor/cigraph/vendor/glpk/bflib -Ivendor/cigraph/vendor/glpk/amd -Ivendor/cigraph/vendor/glpk/simplex -Ivendor/cigraph/vendor/glpk/colamd -DNDEBUG -DNTIMER -DNPRINT -DIGRAPH_THREAD_LOCAL= -DPRPACK_IGRAPH_SUPPORT -DHAVE_GFORTRAN=1 -D_GNU_SOURCE=1 -I'/usr/local/lib/R/library/cpp11/include' -I/usr/local/include   -fvisibility=hidden -fpic  -g -O2  -c vendor/cigraph/vendor/glpk/draft/glpapi06.c -o vendor/cigraph/vendor/glpk/draft/glpapi06.o
#13 885.5 gcc -I"/usr/local/lib/R/include" -DNDEBUG -DUSING_R -I. -Ivendor -Ivendor/cigraph/src -Ivendor/cigraph/include -Ivendor/cigraph/vendor -Ivendor/io/parsers  -I/usr/include/libxml2 -DHAVE_LIBXML -Ivendor/cigraph/vendor/glpk -Ivendor/cigraph/vendor/glpk/env -Ivendor/cigraph/vendor/glpk/minisat -Ivendor/cigraph/vendor/glpk/misc -Ivendor/cigraph/vendor/glpk/draft -Ivendor/cigraph/vendor/glpk/npp -Ivendor/cigraph/vendor/glpk/api -Ivendor/cigraph/vendor/glpk/mpl -Ivendor/cigraph/vendor/glpk/bflib -Ivendor/cigraph/vendor/glpk/amd -Ivendor/cigraph/vendor/glpk/simplex -Ivendor/cigraph/vendor/glpk/colamd -DNDEBUG -DNTIMER -DNPRINT -DIGRAPH_THREAD_LOCAL= -DPRPACK_IGRAPH_SUPPORT -DHAVE_GFORTRAN=1 -D_GNU_SOURCE=1 -I'/usr/local/lib/R/library/cpp11/include' -I/usr/local/include   -fvisibility=hidden -fpic  -g -O2  -c vendor/cigraph/vendor/glpk/draft/glpapi07.c -o vendor/cigraph/vendor/glpk/draft/glpapi07.o
#13 885.8 gcc -I"/usr/local/lib/R/include" -DNDEBUG -DUSING_R -I. -Ivendor -Ivendor/cigraph/src -Ivendor/cigraph/include -Ivendor/cigraph/vendor -Ivendor/io/parsers  -I/usr/include/libxml2 -DHAVE_LIBXML -Ivendor/cigraph/vendor/glpk -Ivendor/cigraph/vendor/glpk/env -Ivendor/cigraph/vendor/glpk/minisat -Ivendor/cigraph/vendor/glpk/misc -Ivendor/cigraph/vendor/glpk/draft -Ivendor/cigraph/vendor/glpk/npp -Ivendor/cigraph/vendor/glpk/api -Ivendor/cigraph/vendor/glpk/mpl -Ivendor/cigraph/vendor/glpk/bflib -Ivendor/cigraph/vendor/glpk/amd -Ivendor/cigraph/vendor/glpk/simplex -Ivendor/cigraph/vendor/glpk/colamd -DNDEBUG -DNTIMER -DNPRINT -DIGRAPH_THREAD_LOCAL= -DPRPACK_IGRAPH_SUPPORT -DHAVE_GFORTRAN=1 -D_GNU_SOURCE=1 -I'/usr/local/lib/R/library/cpp11/include' -I/usr/local/include   -fvisibility=hidden -fpic  -g -O2  -c vendor/cigraph/vendor/glpk/draft/glpapi08.c -o vendor/cigraph/vendor/glpk/draft/glpapi08.o
#13 885.9 gcc -I"/usr/local/lib/R/include" -DNDEBUG -DUSING_R -I. -Ivendor -Ivendor/cigraph/src -Ivendor/cigraph/include -Ivendor/cigraph/vendor -Ivendor/io/parsers  -I/usr/include/libxml2 -DHAVE_LIBXML -Ivendor/cigraph/vendor/glpk -Ivendor/cigraph/vendor/glpk/env -Ivendor/cigraph/vendor/glpk/minisat -Ivendor/cigraph/vendor/glpk/misc -Ivendor/cigraph/vendor/glpk/draft -Ivendor/cigraph/vendor/glpk/npp -Ivendor/cigraph/vendor/glpk/api -Ivendor/cigraph/vendor/glpk/mpl -Ivendor/cigraph/vendor/glpk/bflib -Ivendor/cigraph/vendor/glpk/amd -Ivendor/cigraph/vendor/glpk/simplex -Ivendor/cigraph/vendor/glpk/colamd -DNDEBUG -DNTIMER -DNPRINT -DIGRAPH_THREAD_LOCAL= -DPRPACK_IGRAPH_SUPPORT -DHAVE_GFORTRAN=1 -D_GNU_SOURCE=1 -I'/usr/local/lib/R/library/cpp11/include' -I/usr/local/include   -fvisibility=hidden -fpic  -g -O2  -c vendor/cigraph/vendor/glpk/draft/glpapi09.c -o vendor/cigraph/vendor/glpk/draft/glpapi09.o
#13 886.2 gcc -I"/usr/local/lib/R/include" -DNDEBUG -DUSING_R -I. -Ivendor -Ivendor/cigraph/src -Ivendor/cigraph/include -Ivendor/cigraph/vendor -Ivendor/io/parsers  -I/usr/include/libxml2 -DHAVE_LIBXML -Ivendor/cigraph/vendor/glpk -Ivendor/cigraph/vendor/glpk/env -Ivendor/cigraph/vendor/glpk/minisat -Ivendor/cigraph/vendor/glpk/misc -Ivendor/cigraph/vendor/glpk/draft -Ivendor/cigraph/vendor/glpk/npp -Ivendor/cigraph/vendor/glpk/api -Ivendor/cigraph/vendor/glpk/mpl -Ivendor/cigraph/vendor/glpk/bflib -Ivendor/cigraph/vendor/glpk/amd -Ivendor/cigraph/vendor/glpk/simplex -Ivendor/cigraph/vendor/glpk/colamd -DNDEBUG -DNTIMER -DNPRINT -DIGRAPH_THREAD_LOCAL= -DPRPACK_IGRAPH_SUPPORT -DHAVE_GFORTRAN=1 -D_GNU_SOURCE=1 -I'/usr/local/lib/R/library/cpp11/include' -I/usr/local/include   -fvisibility=hidden -fpic  -g -O2  -c vendor/cigraph/vendor/glpk/draft/glpapi10.c -o vendor/cigraph/vendor/glpk/draft/glpapi10.o
#13 886.3 gcc -I"/usr/local/lib/R/include" -DNDEBUG -DUSING_R -I. -Ivendor -Ivendor/cigraph/src -Ivendor/cigraph/include -Ivendor/cigraph/vendor -Ivendor/io/parsers  -I/usr/include/libxml2 -DHAVE_LIBXML -Ivendor/cigraph/vendor/glpk -Ivendor/cigraph/vendor/glpk/env -Ivendor/cigraph/vendor/glpk/minisat -Ivendor/cigraph/vendor/glpk/misc -Ivendor/cigraph/vendor/glpk/draft -Ivendor/cigraph/vendor/glpk/npp -Ivendor/cigraph/vendor/glpk/api -Ivendor/cigraph/vendor/glpk/mpl -Ivendor/cigraph/vendor/glpk/bflib -Ivendor/cigraph/vendor/glpk/amd -Ivendor/cigraph/vendor/glpk/simplex -Ivendor/cigraph/vendor/glpk/colamd -DNDEBUG -DNTIMER -DNPRINT -DIGRAPH_THREAD_LOCAL= -DPRPACK_IGRAPH_SUPPORT -DHAVE_GFORTRAN=1 -D_GNU_SOURCE=1 -I'/usr/local/lib/R/library/cpp11/include' -I/usr/local/include   -fvisibility=hidden -fpic  -g -O2  -c vendor/cigraph/vendor/glpk/draft/glpapi12.c -o vendor/cigraph/vendor/glpk/draft/glpapi12.o
#13 886.9 gcc -I"/usr/local/lib/R/include" -DNDEBUG -DUSING_R -I. -Ivendor -Ivendor/cigraph/src -Ivendor/cigraph/include -Ivendor/cigraph/vendor -Ivendor/io/parsers  -I/usr/include/libxml2 -DHAVE_LIBXML -Ivendor/cigraph/vendor/glpk -Ivendor/cigraph/vendor/glpk/env -Ivendor/cigraph/vendor/glpk/minisat -Ivendor/cigraph/vendor/glpk/misc -Ivendor/cigraph/vendor/glpk/draft -Ivendor/cigraph/vendor/glpk/npp -Ivendor/cigraph/vendor/glpk/api -Ivendor/cigraph/vendor/glpk/mpl -Ivendor/cigraph/vendor/glpk/bflib -Ivendor/cigraph/vendor/glpk/amd -Ivendor/cigraph/vendor/glpk/simplex -Ivendor/cigraph/vendor/glpk/colamd -DNDEBUG -DNTIMER -DNPRINT -DIGRAPH_THREAD_LOCAL= -DPRPACK_IGRAPH_SUPPORT -DHAVE_GFORTRAN=1 -D_GNU_SOURCE=1 -I'/usr/local/lib/R/library/cpp11/include' -I/usr/local/include   -fvisibility=hidden -fpic  -g -O2  -c vendor/cigraph/vendor/glpk/draft/glpapi13.c -o vendor/cigraph/vendor/glpk/draft/glpapi13.o
#13 887.1 gcc -I"/usr/local/lib/R/include" -DNDEBUG -DUSING_R -I. -Ivendor -Ivendor/cigraph/src -Ivendor/cigraph/include -Ivendor/cigraph/vendor -Ivendor/io/parsers  -I/usr/include/libxml2 -DHAVE_LIBXML -Ivendor/cigraph/vendor/glpk -Ivendor/cigraph/vendor/glpk/env -Ivendor/cigraph/vendor/glpk/minisat -Ivendor/cigraph/vendor/glpk/misc -Ivendor/cigraph/vendor/glpk/draft -Ivendor/cigraph/vendor/glpk/npp -Ivendor/cigraph/vendor/glpk/api -Ivendor/cigraph/vendor/glpk/mpl -Ivendor/cigraph/vendor/glpk/bflib -Ivendor/cigraph/vendor/glpk/amd -Ivendor/cigraph/vendor/glpk/simplex -Ivendor/cigraph/vendor/glpk/colamd -DNDEBUG -DNTIMER -DNPRINT -DIGRAPH_THREAD_LOCAL= -DPRPACK_IGRAPH_SUPPORT -DHAVE_GFORTRAN=1 -D_GNU_SOURCE=1 -I'/usr/local/lib/R/library/cpp11/include' -I/usr/local/include   -fvisibility=hidden -fpic  -g -O2  -c vendor/cigraph/vendor/glpk/draft/glpios01.c -o vendor/cigraph/vendor/glpk/draft/glpios01.o
#13 887.5 gcc -I"/usr/local/lib/R/include" -DNDEBUG -DUSING_R -I. -Ivendor -Ivendor/cigraph/src -Ivendor/cigraph/include -Ivendor/cigraph/vendor -Ivendor/io/parsers  -I/usr/include/libxml2 -DHAVE_LIBXML -Ivendor/cigraph/vendor/glpk -Ivendor/cigraph/vendor/glpk/env -Ivendor/cigraph/vendor/glpk/minisat -Ivendor/cigraph/vendor/glpk/misc -Ivendor/cigraph/vendor/glpk/draft -Ivendor/cigraph/vendor/glpk/npp -Ivendor/cigraph/vendor/glpk/api -Ivendor/cigraph/vendor/glpk/mpl -Ivendor/cigraph/vendor/glpk/bflib -Ivendor/cigraph/vendor/glpk/amd -Ivendor/cigraph/vendor/glpk/simplex -Ivendor/cigraph/vendor/glpk/colamd -DNDEBUG -DNTIMER -DNPRINT -DIGRAPH_THREAD_LOCAL= -DPRPACK_IGRAPH_SUPPORT -DHAVE_GFORTRAN=1 -D_GNU_SOURCE=1 -I'/usr/local/lib/R/library/cpp11/include' -I/usr/local/include   -fvisibility=hidden -fpic  -g -O2  -c vendor/cigraph/vendor/glpk/draft/glpios02.c -o vendor/cigraph/vendor/glpk/draft/glpios02.o
#13 887.9 gcc -I"/usr/local/lib/R/include" -DNDEBUG -DUSING_R -I. -Ivendor -Ivendor/cigraph/src -Ivendor/cigraph/include -Ivendor/cigraph/vendor -Ivendor/io/parsers  -I/usr/include/libxml2 -DHAVE_LIBXML -Ivendor/cigraph/vendor/glpk -Ivendor/cigraph/vendor/glpk/env -Ivendor/cigraph/vendor/glpk/minisat -Ivendor/cigraph/vendor/glpk/misc -Ivendor/cigraph/vendor/glpk/draft -Ivendor/cigraph/vendor/glpk/npp -Ivendor/cigraph/vendor/glpk/api -Ivendor/cigraph/vendor/glpk/mpl -Ivendor/cigraph/vendor/glpk/bflib -Ivendor/cigraph/vendor/glpk/amd -Ivendor/cigraph/vendor/glpk/simplex -Ivendor/cigraph/vendor/glpk/colamd -DNDEBUG -DNTIMER -DNPRINT -DIGRAPH_THREAD_LOCAL= -DPRPACK_IGRAPH_SUPPORT -DHAVE_GFORTRAN=1 -D_GNU_SOURCE=1 -I'/usr/local/lib/R/library/cpp11/include' -I/usr/local/include   -fvisibility=hidden -fpic  -g -O2  -c vendor/cigraph/vendor/glpk/draft/glpios03.c -o vendor/cigraph/vendor/glpk/draft/glpios03.o
#13 888.4 gcc -I"/usr/local/lib/R/include" -DNDEBUG -DUSING_R -I. -Ivendor -Ivendor/cigraph/src -Ivendor/cigraph/include -Ivendor/cigraph/vendor -Ivendor/io/parsers  -I/usr/include/libxml2 -DHAVE_LIBXML -Ivendor/cigraph/vendor/glpk -Ivendor/cigraph/vendor/glpk/env -Ivendor/cigraph/vendor/glpk/minisat -Ivendor/cigraph/vendor/glpk/misc -Ivendor/cigraph/vendor/glpk/draft -Ivendor/cigraph/vendor/glpk/npp -Ivendor/cigraph/vendor/glpk/api -Ivendor/cigraph/vendor/glpk/mpl -Ivendor/cigraph/vendor/glpk/bflib -Ivendor/cigraph/vendor/glpk/amd -Ivendor/cigraph/vendor/glpk/simplex -Ivendor/cigraph/vendor/glpk/colamd -DNDEBUG -DNTIMER -DNPRINT -DIGRAPH_THREAD_LOCAL= -DPRPACK_IGRAPH_SUPPORT -DHAVE_GFORTRAN=1 -D_GNU_SOURCE=1 -I'/usr/local/lib/R/library/cpp11/include' -I/usr/local/include   -fvisibility=hidden -fpic  -g -O2  -c vendor/cigraph/vendor/glpk/draft/glpios07.c -o vendor/cigraph/vendor/glpk/draft/glpios07.o
#13 888.7 gcc -I"/usr/local/lib/R/include" -DNDEBUG -DUSING_R -I. -Ivendor -Ivendor/cigraph/src -Ivendor/cigraph/include -Ivendor/cigraph/vendor -Ivendor/io/parsers  -I/usr/include/libxml2 -DHAVE_LIBXML -Ivendor/cigraph/vendor/glpk -Ivendor/cigraph/vendor/glpk/env -Ivendor/cigraph/vendor/glpk/minisat -Ivendor/cigraph/vendor/glpk/misc -Ivendor/cigraph/vendor/glpk/draft -Ivendor/cigraph/vendor/glpk/npp -Ivendor/cigraph/vendor/glpk/api -Ivendor/cigraph/vendor/glpk/mpl -Ivendor/cigraph/vendor/glpk/bflib -Ivendor/cigraph/vendor/glpk/amd -Ivendor/cigraph/vendor/glpk/simplex -Ivendor/cigraph/vendor/glpk/colamd -DNDEBUG -DNTIMER -DNPRINT -DIGRAPH_THREAD_LOCAL= -DPRPACK_IGRAPH_SUPPORT -DHAVE_GFORTRAN=1 -D_GNU_SOURCE=1 -I'/usr/local/lib/R/library/cpp11/include' -I/usr/local/include   -fvisibility=hidden -fpic  -g -O2  -c vendor/cigraph/vendor/glpk/draft/glpios09.c -o vendor/cigraph/vendor/glpk/draft/glpios09.o
#13 888.9 gcc -I"/usr/local/lib/R/include" -DNDEBUG -DUSING_R -I. -Ivendor -Ivendor/cigraph/src -Ivendor/cigraph/include -Ivendor/cigraph/vendor -Ivendor/io/parsers  -I/usr/include/libxml2 -DHAVE_LIBXML -Ivendor/cigraph/vendor/glpk -Ivendor/cigraph/vendor/glpk/env -Ivendor/cigraph/vendor/glpk/minisat -Ivendor/cigraph/vendor/glpk/misc -Ivendor/cigraph/vendor/glpk/draft -Ivendor/cigraph/vendor/glpk/npp -Ivendor/cigraph/vendor/glpk/api -Ivendor/cigraph/vendor/glpk/mpl -Ivendor/cigraph/vendor/glpk/bflib -Ivendor/cigraph/vendor/glpk/amd -Ivendor/cigraph/vendor/glpk/simplex -Ivendor/cigraph/vendor/glpk/colamd -DNDEBUG -DNTIMER -DNPRINT -DIGRAPH_THREAD_LOCAL= -DPRPACK_IGRAPH_SUPPORT -DHAVE_GFORTRAN=1 -D_GNU_SOURCE=1 -I'/usr/local/lib/R/library/cpp11/include' -I/usr/local/include   -fvisibility=hidden -fpic  -g -O2  -c vendor/cigraph/vendor/glpk/draft/glpios11.c -o vendor/cigraph/vendor/glpk/draft/glpios11.o
#13 889.1 gcc -I"/usr/local/lib/R/include" -DNDEBUG -DUSING_R -I. -Ivendor -Ivendor/cigraph/src -Ivendor/cigraph/include -Ivendor/cigraph/vendor -Ivendor/io/parsers  -I/usr/include/libxml2 -DHAVE_LIBXML -Ivendor/cigraph/vendor/glpk -Ivendor/cigraph/vendor/glpk/env -Ivendor/cigraph/vendor/glpk/minisat -Ivendor/cigraph/vendor/glpk/misc -Ivendor/cigraph/vendor/glpk/draft -Ivendor/cigraph/vendor/glpk/npp -Ivendor/cigraph/vendor/glpk/api -Ivendor/cigraph/vendor/glpk/mpl -Ivendor/cigraph/vendor/glpk/bflib -Ivendor/cigraph/vendor/glpk/amd -Ivendor/cigraph/vendor/glpk/simplex -Ivendor/cigraph/vendor/glpk/colamd -DNDEBUG -DNTIMER -DNPRINT -DIGRAPH_THREAD_LOCAL= -DPRPACK_IGRAPH_SUPPORT -DHAVE_GFORTRAN=1 -D_GNU_SOURCE=1 -I'/usr/local/lib/R/library/cpp11/include' -I/usr/local/include   -fvisibility=hidden -fpic  -g -O2  -c vendor/cigraph/vendor/glpk/draft/glpios12.c -o vendor/cigraph/vendor/glpk/draft/glpios12.o
#13 889.2 gcc -I"/usr/local/lib/R/include" -DNDEBUG -DUSING_R -I. -Ivendor -Ivendor/cigraph/src -Ivendor/cigraph/include -Ivendor/cigraph/vendor -Ivendor/io/parsers  -I/usr/include/libxml2 -DHAVE_LIBXML -Ivendor/cigraph/vendor/glpk -Ivendor/cigraph/vendor/glpk/env -Ivendor/cigraph/vendor/glpk/minisat -Ivendor/cigraph/vendor/glpk/misc -Ivendor/cigraph/vendor/glpk/draft -Ivendor/cigraph/vendor/glpk/npp -Ivendor/cigraph/vendor/glpk/api -Ivendor/cigraph/vendor/glpk/mpl -Ivendor/cigraph/vendor/glpk/bflib -Ivendor/cigraph/vendor/glpk/amd -Ivendor/cigraph/vendor/glpk/simplex -Ivendor/cigraph/vendor/glpk/colamd -DNDEBUG -DNTIMER -DNPRINT -DIGRAPH_THREAD_LOCAL= -DPRPACK_IGRAPH_SUPPORT -DHAVE_GFORTRAN=1 -D_GNU_SOURCE=1 -I'/usr/local/lib/R/library/cpp11/include' -I/usr/local/include   -fvisibility=hidden -fpic  -g -O2  -c vendor/cigraph/vendor/glpk/draft/glpipm.c -o vendor/cigraph/vendor/glpk/draft/glpipm.o
#13 889.8 gcc -I"/usr/local/lib/R/include" -DNDEBUG -DUSING_R -I. -Ivendor -Ivendor/cigraph/src -Ivendor/cigraph/include -Ivendor/cigraph/vendor -Ivendor/io/parsers  -I/usr/include/libxml2 -DHAVE_LIBXML -Ivendor/cigraph/vendor/glpk -Ivendor/cigraph/vendor/glpk/env -Ivendor/cigraph/vendor/glpk/minisat -Ivendor/cigraph/vendor/glpk/misc -Ivendor/cigraph/vendor/glpk/draft -Ivendor/cigraph/vendor/glpk/npp -Ivendor/cigraph/vendor/glpk/api -Ivendor/cigraph/vendor/glpk/mpl -Ivendor/cigraph/vendor/glpk/bflib -Ivendor/cigraph/vendor/glpk/amd -Ivendor/cigraph/vendor/glpk/simplex -Ivendor/cigraph/vendor/glpk/colamd -DNDEBUG -DNTIMER -DNPRINT -DIGRAPH_THREAD_LOCAL= -DPRPACK_IGRAPH_SUPPORT -DHAVE_GFORTRAN=1 -D_GNU_SOURCE=1 -I'/usr/local/lib/R/library/cpp11/include' -I/usr/local/include   -fvisibility=hidden -fpic  -g -O2  -c vendor/cigraph/vendor/glpk/draft/glpmat.c -o vendor/cigraph/vendor/glpk/draft/glpmat.o
#13 890.2 gcc -I"/usr/local/lib/R/include" -DNDEBUG -DUSING_R -I. -Ivendor -Ivendor/cigraph/src -Ivendor/cigraph/include -Ivendor/cigraph/vendor -Ivendor/io/parsers  -I/usr/include/libxml2 -DHAVE_LIBXML -Ivendor/cigraph/vendor/glpk -Ivendor/cigraph/vendor/glpk/env -Ivendor/cigraph/vendor/glpk/minisat -Ivendor/cigraph/vendor/glpk/misc -Ivendor/cigraph/vendor/glpk/draft -Ivendor/cigraph/vendor/glpk/npp -Ivendor/cigraph/vendor/glpk/api -Ivendor/cigraph/vendor/glpk/mpl -Ivendor/cigraph/vendor/glpk/bflib -Ivendor/cigraph/vendor/glpk/amd -Ivendor/cigraph/vendor/glpk/simplex -Ivendor/cigraph/vendor/glpk/colamd -DNDEBUG -DNTIMER -DNPRINT -DIGRAPH_THREAD_LOCAL= -DPRPACK_IGRAPH_SUPPORT -DHAVE_GFORTRAN=1 -D_GNU_SOURCE=1 -I'/usr/local/lib/R/library/cpp11/include' -I/usr/local/include   -fvisibility=hidden -fpic  -g -O2  -c vendor/cigraph/vendor/glpk/draft/glpscl.c -o vendor/cigraph/vendor/glpk/draft/glpscl.o
#13 890.4 gcc -I"/usr/local/lib/R/include" -DNDEBUG -DUSING_R -I. -Ivendor -Ivendor/cigraph/src -Ivendor/cigraph/include -Ivendor/cigraph/vendor -Ivendor/io/parsers  -I/usr/include/libxml2 -DHAVE_LIBXML -Ivendor/cigraph/vendor/glpk -Ivendor/cigraph/vendor/glpk/env -Ivendor/cigraph/vendor/glpk/minisat -Ivendor/cigraph/vendor/glpk/misc -Ivendor/cigraph/vendor/glpk/draft -Ivendor/cigraph/vendor/glpk/npp -Ivendor/cigraph/vendor/glpk/api -Ivendor/cigraph/vendor/glpk/mpl -Ivendor/cigraph/vendor/glpk/bflib -Ivendor/cigraph/vendor/glpk/amd -Ivendor/cigraph/vendor/glpk/simplex -Ivendor/cigraph/vendor/glpk/colamd -DNDEBUG -DNTIMER -DNPRINT -DIGRAPH_THREAD_LOCAL= -DPRPACK_IGRAPH_SUPPORT -DHAVE_GFORTRAN=1 -D_GNU_SOURCE=1 -I'/usr/local/lib/R/library/cpp11/include' -I/usr/local/include   -fvisibility=hidden -fpic  -g -O2  -c vendor/cigraph/vendor/glpk/draft/glpssx01.c -o vendor/cigraph/vendor/glpk/draft/glpssx01.o
#13 890.7 gcc -I"/usr/local/lib/R/include" -DNDEBUG -DUSING_R -I. -Ivendor -Ivendor/cigraph/src -Ivendor/cigraph/include -Ivendor/cigraph/vendor -Ivendor/io/parsers  -I/usr/include/libxml2 -DHAVE_LIBXML -Ivendor/cigraph/vendor/glpk -Ivendor/cigraph/vendor/glpk/env -Ivendor/cigraph/vendor/glpk/minisat -Ivendor/cigraph/vendor/glpk/misc -Ivendor/cigraph/vendor/glpk/draft -Ivendor/cigraph/vendor/glpk/npp -Ivendor/cigraph/vendor/glpk/api -Ivendor/cigraph/vendor/glpk/mpl -Ivendor/cigraph/vendor/glpk/bflib -Ivendor/cigraph/vendor/glpk/amd -Ivendor/cigraph/vendor/glpk/simplex -Ivendor/cigraph/vendor/glpk/colamd -DNDEBUG -DNTIMER -DNPRINT -DIGRAPH_THREAD_LOCAL= -DPRPACK_IGRAPH_SUPPORT -DHAVE_GFORTRAN=1 -D_GNU_SOURCE=1 -I'/usr/local/lib/R/library/cpp11/include' -I/usr/local/include   -fvisibility=hidden -fpic  -g -O2  -c vendor/cigraph/vendor/glpk/draft/glpssx02.c -o vendor/cigraph/vendor/glpk/draft/glpssx02.o
#13 890.9 gcc -I"/usr/local/lib/R/include" -DNDEBUG -DUSING_R -I. -Ivendor -Ivendor/cigraph/src -Ivendor/cigraph/include -Ivendor/cigraph/vendor -Ivendor/io/parsers  -I/usr/include/libxml2 -DHAVE_LIBXML -Ivendor/cigraph/vendor/glpk -Ivendor/cigraph/vendor/glpk/env -Ivendor/cigraph/vendor/glpk/minisat -Ivendor/cigraph/vendor/glpk/misc -Ivendor/cigraph/vendor/glpk/draft -Ivendor/cigraph/vendor/glpk/npp -Ivendor/cigraph/vendor/glpk/api -Ivendor/cigraph/vendor/glpk/mpl -Ivendor/cigraph/vendor/glpk/bflib -Ivendor/cigraph/vendor/glpk/amd -Ivendor/cigraph/vendor/glpk/simplex -Ivendor/cigraph/vendor/glpk/colamd -DNDEBUG -DNTIMER -DNPRINT -DIGRAPH_THREAD_LOCAL= -DPRPACK_IGRAPH_SUPPORT -DHAVE_GFORTRAN=1 -D_GNU_SOURCE=1 -I'/usr/local/lib/R/library/cpp11/include' -I/usr/local/include   -fvisibility=hidden -fpic  -g -O2  -c vendor/cigraph/vendor/glpk/draft/lux.c -o vendor/cigraph/vendor/glpk/draft/lux.o
#13 891.3 gcc -I"/usr/local/lib/R/include" -DNDEBUG -DUSING_R -I. -Ivendor -Ivendor/cigraph/src -Ivendor/cigraph/include -Ivendor/cigraph/vendor -Ivendor/io/parsers  -I/usr/include/libxml2 -DHAVE_LIBXML -Ivendor/cigraph/vendor/glpk -Ivendor/cigraph/vendor/glpk/env -Ivendor/cigraph/vendor/glpk/minisat -Ivendor/cigraph/vendor/glpk/misc -Ivendor/cigraph/vendor/glpk/draft -Ivendor/cigraph/vendor/glpk/npp -Ivendor/cigraph/vendor/glpk/api -Ivendor/cigraph/vendor/glpk/mpl -Ivendor/cigraph/vendor/glpk/bflib -Ivendor/cigraph/vendor/glpk/amd -Ivendor/cigraph/vendor/glpk/simplex -Ivendor/cigraph/vendor/glpk/colamd -DNDEBUG -DNTIMER -DNPRINT -DIGRAPH_THREAD_LOCAL= -DPRPACK_IGRAPH_SUPPORT -DHAVE_GFORTRAN=1 -D_GNU_SOURCE=1 -I'/usr/local/lib/R/library/cpp11/include' -I/usr/local/include   -fvisibility=hidden -fpic  -g -O2  -c vendor/cigraph/vendor/glpk/env/alloc.c -o vendor/cigraph/vendor/glpk/env/alloc.o
#13 891.4 gcc -I"/usr/local/lib/R/include" -DNDEBUG -DUSING_R -I. -Ivendor -Ivendor/cigraph/src -Ivendor/cigraph/include -Ivendor/cigraph/vendor -Ivendor/io/parsers  -I/usr/include/libxml2 -DHAVE_LIBXML -Ivendor/cigraph/vendor/glpk -Ivendor/cigraph/vendor/glpk/env -Ivendor/cigraph/vendor/glpk/minisat -Ivendor/cigraph/vendor/glpk/misc -Ivendor/cigraph/vendor/glpk/draft -Ivendor/cigraph/vendor/glpk/npp -Ivendor/cigraph/vendor/glpk/api -Ivendor/cigraph/vendor/glpk/mpl -Ivendor/cigraph/vendor/glpk/bflib -Ivendor/cigraph/vendor/glpk/amd -Ivendor/cigraph/vendor/glpk/simplex -Ivendor/cigraph/vendor/glpk/colamd -DNDEBUG -DNTIMER -DNPRINT -DIGRAPH_THREAD_LOCAL= -DPRPACK_IGRAPH_SUPPORT -DHAVE_GFORTRAN=1 -D_GNU_SOURCE=1 -I'/usr/local/lib/R/library/cpp11/include' -I/usr/local/include   -fvisibility=hidden -fpic  -g -O2  -c vendor/cigraph/vendor/glpk/env/dlsup.c -o vendor/cigraph/vendor/glpk/env/dlsup.o
#13 891.5 gcc -I"/usr/local/lib/R/include" -DNDEBUG -DUSING_R -I. -Ivendor -Ivendor/cigraph/src -Ivendor/cigraph/include -Ivendor/cigraph/vendor -Ivendor/io/parsers  -I/usr/include/libxml2 -DHAVE_LIBXML -Ivendor/cigraph/vendor/glpk -Ivendor/cigraph/vendor/glpk/env -Ivendor/cigraph/vendor/glpk/minisat -Ivendor/cigraph/vendor/glpk/misc -Ivendor/cigraph/vendor/glpk/draft -Ivendor/cigraph/vendor/glpk/npp -Ivendor/cigraph/vendor/glpk/api -Ivendor/cigraph/vendor/glpk/mpl -Ivendor/cigraph/vendor/glpk/bflib -Ivendor/cigraph/vendor/glpk/amd -Ivendor/cigraph/vendor/glpk/simplex -Ivendor/cigraph/vendor/glpk/colamd -DNDEBUG -DNTIMER -DNPRINT -DIGRAPH_THREAD_LOCAL= -DPRPACK_IGRAPH_SUPPORT -DHAVE_GFORTRAN=1 -D_GNU_SOURCE=1 -I'/usr/local/lib/R/library/cpp11/include' -I/usr/local/include   -fvisibility=hidden -fpic  -g -O2  -c vendor/cigraph/vendor/glpk/env/env.c -o vendor/cigraph/vendor/glpk/env/env.o
#13 891.6 gcc -I"/usr/local/lib/R/include" -DNDEBUG -DUSING_R -I. -Ivendor -Ivendor/cigraph/src -Ivendor/cigraph/include -Ivendor/cigraph/vendor -Ivendor/io/parsers  -I/usr/include/libxml2 -DHAVE_LIBXML -Ivendor/cigraph/vendor/glpk -Ivendor/cigraph/vendor/glpk/env -Ivendor/cigraph/vendor/glpk/minisat -Ivendor/cigraph/vendor/glpk/misc -Ivendor/cigraph/vendor/glpk/draft -Ivendor/cigraph/vendor/glpk/npp -Ivendor/cigraph/vendor/glpk/api -Ivendor/cigraph/vendor/glpk/mpl -Ivendor/cigraph/vendor/glpk/bflib -Ivendor/cigraph/vendor/glpk/amd -Ivendor/cigraph/vendor/glpk/simplex -Ivendor/cigraph/vendor/glpk/colamd -DNDEBUG -DNTIMER -DNPRINT -DIGRAPH_THREAD_LOCAL= -DPRPACK_IGRAPH_SUPPORT -DHAVE_GFORTRAN=1 -D_GNU_SOURCE=1 -I'/usr/local/lib/R/library/cpp11/include' -I/usr/local/include   -fvisibility=hidden -fpic  -g -O2  -c vendor/cigraph/vendor/glpk/env/error.c -o vendor/cigraph/vendor/glpk/env/error.o
#13 891.7 gcc -I"/usr/local/lib/R/include" -DNDEBUG -DUSING_R -I. -Ivendor -Ivendor/cigraph/src -Ivendor/cigraph/include -Ivendor/cigraph/vendor -Ivendor/io/parsers  -I/usr/include/libxml2 -DHAVE_LIBXML -Ivendor/cigraph/vendor/glpk -Ivendor/cigraph/vendor/glpk/env -Ivendor/cigraph/vendor/glpk/minisat -Ivendor/cigraph/vendor/glpk/misc -Ivendor/cigraph/vendor/glpk/draft -Ivendor/cigraph/vendor/glpk/npp -Ivendor/cigraph/vendor/glpk/api -Ivendor/cigraph/vendor/glpk/mpl -Ivendor/cigraph/vendor/glpk/bflib -Ivendor/cigraph/vendor/glpk/amd -Ivendor/cigraph/vendor/glpk/simplex -Ivendor/cigraph/vendor/glpk/colamd -DNDEBUG -DNTIMER -DNPRINT -DIGRAPH_THREAD_LOCAL= -DPRPACK_IGRAPH_SUPPORT -DHAVE_GFORTRAN=1 -D_GNU_SOURCE=1 -I'/usr/local/lib/R/library/cpp11/include' -I/usr/local/include   -fvisibility=hidden -fpic  -g -O2  -c vendor/cigraph/vendor/glpk/env/stdc.c -o vendor/cigraph/vendor/glpk/env/stdc.o
#13 891.8 gcc -I"/usr/local/lib/R/include" -DNDEBUG -DUSING_R -I. -Ivendor -Ivendor/cigraph/src -Ivendor/cigraph/include -Ivendor/cigraph/vendor -Ivendor/io/parsers  -I/usr/include/libxml2 -DHAVE_LIBXML -Ivendor/cigraph/vendor/glpk -Ivendor/cigraph/vendor/glpk/env -Ivendor/cigraph/vendor/glpk/minisat -Ivendor/cigraph/vendor/glpk/misc -Ivendor/cigraph/vendor/glpk/draft -Ivendor/cigraph/vendor/glpk/npp -Ivendor/cigraph/vendor/glpk/api -Ivendor/cigraph/vendor/glpk/mpl -Ivendor/cigraph/vendor/glpk/bflib -Ivendor/cigraph/vendor/glpk/amd -Ivendor/cigraph/vendor/glpk/simplex -Ivendor/cigraph/vendor/glpk/colamd -DNDEBUG -DNTIMER -DNPRINT -DIGRAPH_THREAD_LOCAL= -DPRPACK_IGRAPH_SUPPORT -DHAVE_GFORTRAN=1 -D_GNU_SOURCE=1 -I'/usr/local/lib/R/library/cpp11/include' -I/usr/local/include   -fvisibility=hidden -fpic  -g -O2  -c vendor/cigraph/vendor/glpk/env/stdout.c -o vendor/cigraph/vendor/glpk/env/stdout.o
#13 891.9 gcc -I"/usr/local/lib/R/include" -DNDEBUG -DUSING_R -I. -Ivendor -Ivendor/cigraph/src -Ivendor/cigraph/include -Ivendor/cigraph/vendor -Ivendor/io/parsers  -I/usr/include/libxml2 -DHAVE_LIBXML -Ivendor/cigraph/vendor/glpk -Ivendor/cigraph/vendor/glpk/env -Ivendor/cigraph/vendor/glpk/minisat -Ivendor/cigraph/vendor/glpk/misc -Ivendor/cigraph/vendor/glpk/draft -Ivendor/cigraph/vendor/glpk/npp -Ivendor/cigraph/vendor/glpk/api -Ivendor/cigraph/vendor/glpk/mpl -Ivendor/cigraph/vendor/glpk/bflib -Ivendor/cigraph/vendor/glpk/amd -Ivendor/cigraph/vendor/glpk/simplex -Ivendor/cigraph/vendor/glpk/colamd -DNDEBUG -DNTIMER -DNPRINT -DIGRAPH_THREAD_LOCAL= -DPRPACK_IGRAPH_SUPPORT -DHAVE_GFORTRAN=1 -D_GNU_SOURCE=1 -I'/usr/local/lib/R/library/cpp11/include' -I/usr/local/include   -fvisibility=hidden -fpic  -g -O2  -c vendor/cigraph/vendor/glpk/env/stream.c -o vendor/cigraph/vendor/glpk/env/stream.o
#13 892.0 gcc -I"/usr/local/lib/R/include" -DNDEBUG -DUSING_R -I. -Ivendor -Ivendor/cigraph/src -Ivendor/cigraph/include -Ivendor/cigraph/vendor -Ivendor/io/parsers  -I/usr/include/libxml2 -DHAVE_LIBXML -Ivendor/cigraph/vendor/glpk -Ivendor/cigraph/vendor/glpk/env -Ivendor/cigraph/vendor/glpk/minisat -Ivendor/cigraph/vendor/glpk/misc -Ivendor/cigraph/vendor/glpk/draft -Ivendor/cigraph/vendor/glpk/npp -Ivendor/cigraph/vendor/glpk/api -Ivendor/cigraph/vendor/glpk/mpl -Ivendor/cigraph/vendor/glpk/bflib -Ivendor/cigraph/vendor/glpk/amd -Ivendor/cigraph/vendor/glpk/simplex -Ivendor/cigraph/vendor/glpk/colamd -DNDEBUG -DNTIMER -DNPRINT -DIGRAPH_THREAD_LOCAL= -DPRPACK_IGRAPH_SUPPORT -DHAVE_GFORTRAN=1 -D_GNU_SOURCE=1 -I'/usr/local/lib/R/library/cpp11/include' -I/usr/local/include   -fvisibility=hidden -fpic  -g -O2  -c vendor/cigraph/vendor/glpk/env/time.c -o vendor/cigraph/vendor/glpk/env/time.o
#13 892.1 gcc -I"/usr/local/lib/R/include" -DNDEBUG -DUSING_R -I. -Ivendor -Ivendor/cigraph/src -Ivendor/cigraph/include -Ivendor/cigraph/vendor -Ivendor/io/parsers  -I/usr/include/libxml2 -DHAVE_LIBXML -Ivendor/cigraph/vendor/glpk -Ivendor/cigraph/vendor/glpk/env -Ivendor/cigraph/vendor/glpk/minisat -Ivendor/cigraph/vendor/glpk/misc -Ivendor/cigraph/vendor/glpk/draft -Ivendor/cigraph/vendor/glpk/npp -Ivendor/cigraph/vendor/glpk/api -Ivendor/cigraph/vendor/glpk/mpl -Ivendor/cigraph/vendor/glpk/bflib -Ivendor/cigraph/vendor/glpk/amd -Ivendor/cigraph/vendor/glpk/simplex -Ivendor/cigraph/vendor/glpk/colamd -DNDEBUG -DNTIMER -DNPRINT -DIGRAPH_THREAD_LOCAL= -DPRPACK_IGRAPH_SUPPORT -DHAVE_GFORTRAN=1 -D_GNU_SOURCE=1 -I'/usr/local/lib/R/library/cpp11/include' -I/usr/local/include   -fvisibility=hidden -fpic  -g -O2  -c vendor/cigraph/vendor/glpk/env/tls.c -o vendor/cigraph/vendor/glpk/env/tls.o
#13 892.2 gcc -I"/usr/local/lib/R/include" -DNDEBUG -DUSING_R -I. -Ivendor -Ivendor/cigraph/src -Ivendor/cigraph/include -Ivendor/cigraph/vendor -Ivendor/io/parsers  -I/usr/include/libxml2 -DHAVE_LIBXML -Ivendor/cigraph/vendor/glpk -Ivendor/cigraph/vendor/glpk/env -Ivendor/cigraph/vendor/glpk/minisat -Ivendor/cigraph/vendor/glpk/misc -Ivendor/cigraph/vendor/glpk/draft -Ivendor/cigraph/vendor/glpk/npp -Ivendor/cigraph/vendor/glpk/api -Ivendor/cigraph/vendor/glpk/mpl -Ivendor/cigraph/vendor/glpk/bflib -Ivendor/cigraph/vendor/glpk/amd -Ivendor/cigraph/vendor/glpk/simplex -Ivendor/cigraph/vendor/glpk/colamd -DNDEBUG -DNTIMER -DNPRINT -DIGRAPH_THREAD_LOCAL= -DPRPACK_IGRAPH_SUPPORT -DHAVE_GFORTRAN=1 -D_GNU_SOURCE=1 -I'/usr/local/lib/R/library/cpp11/include' -I/usr/local/include   -fvisibility=hidden -fpic  -g -O2  -c vendor/cigraph/vendor/glpk/intopt/cfg.c -o vendor/cigraph/vendor/glpk/intopt/cfg.o
#13 892.4 gcc -I"/usr/local/lib/R/include" -DNDEBUG -DUSING_R -I. -Ivendor -Ivendor/cigraph/src -Ivendor/cigraph/include -Ivendor/cigraph/vendor -Ivendor/io/parsers  -I/usr/include/libxml2 -DHAVE_LIBXML -Ivendor/cigraph/vendor/glpk -Ivendor/cigraph/vendor/glpk/env -Ivendor/cigraph/vendor/glpk/minisat -Ivendor/cigraph/vendor/glpk/misc -Ivendor/cigraph/vendor/glpk/draft -Ivendor/cigraph/vendor/glpk/npp -Ivendor/cigraph/vendor/glpk/api -Ivendor/cigraph/vendor/glpk/mpl -Ivendor/cigraph/vendor/glpk/bflib -Ivendor/cigraph/vendor/glpk/amd -Ivendor/cigraph/vendor/glpk/simplex -Ivendor/cigraph/vendor/glpk/colamd -DNDEBUG -DNTIMER -DNPRINT -DIGRAPH_THREAD_LOCAL= -DPRPACK_IGRAPH_SUPPORT -DHAVE_GFORTRAN=1 -D_GNU_SOURCE=1 -I'/usr/local/lib/R/library/cpp11/include' -I/usr/local/include   -fvisibility=hidden -fpic  -g -O2  -c vendor/cigraph/vendor/glpk/intopt/cfg1.c -o vendor/cigraph/vendor/glpk/intopt/cfg1.o
#13 892.6 gcc -I"/usr/local/lib/R/include" -DNDEBUG -DUSING_R -I. -Ivendor -Ivendor/cigraph/src -Ivendor/cigraph/include -Ivendor/cigraph/vendor -Ivendor/io/parsers  -I/usr/include/libxml2 -DHAVE_LIBXML -Ivendor/cigraph/vendor/glpk -Ivendor/cigraph/vendor/glpk/env -Ivendor/cigraph/vendor/glpk/minisat -Ivendor/cigraph/vendor/glpk/misc -Ivendor/cigraph/vendor/glpk/draft -Ivendor/cigraph/vendor/glpk/npp -Ivendor/cigraph/vendor/glpk/api -Ivendor/cigraph/vendor/glpk/mpl -Ivendor/cigraph/vendor/glpk/bflib -Ivendor/cigraph/vendor/glpk/amd -Ivendor/cigraph/vendor/glpk/simplex -Ivendor/cigraph/vendor/glpk/colamd -DNDEBUG -DNTIMER -DNPRINT -DIGRAPH_THREAD_LOCAL= -DPRPACK_IGRAPH_SUPPORT -DHAVE_GFORTRAN=1 -D_GNU_SOURCE=1 -I'/usr/local/lib/R/library/cpp11/include' -I/usr/local/include   -fvisibility=hidden -fpic  -g -O2  -c vendor/cigraph/vendor/glpk/intopt/cfg2.c -o vendor/cigraph/vendor/glpk/intopt/cfg2.o
#13 892.7 gcc -I"/usr/local/lib/R/include" -DNDEBUG -DUSING_R -I. -Ivendor -Ivendor/cigraph/src -Ivendor/cigraph/include -Ivendor/cigraph/vendor -Ivendor/io/parsers  -I/usr/include/libxml2 -DHAVE_LIBXML -Ivendor/cigraph/vendor/glpk -Ivendor/cigraph/vendor/glpk/env -Ivendor/cigraph/vendor/glpk/minisat -Ivendor/cigraph/vendor/glpk/misc -Ivendor/cigraph/vendor/glpk/draft -Ivendor/cigraph/vendor/glpk/npp -Ivendor/cigraph/vendor/glpk/api -Ivendor/cigraph/vendor/glpk/mpl -Ivendor/cigraph/vendor/glpk/bflib -Ivendor/cigraph/vendor/glpk/amd -Ivendor/cigraph/vendor/glpk/simplex -Ivendor/cigraph/vendor/glpk/colamd -DNDEBUG -DNTIMER -DNPRINT -DIGRAPH_THREAD_LOCAL= -DPRPACK_IGRAPH_SUPPORT -DHAVE_GFORTRAN=1 -D_GNU_SOURCE=1 -I'/usr/local/lib/R/library/cpp11/include' -I/usr/local/include   -fvisibility=hidden -fpic  -g -O2  -c vendor/cigraph/vendor/glpk/intopt/clqcut.c -o vendor/cigraph/vendor/glpk/intopt/clqcut.o
#13 892.8 gcc -I"/usr/local/lib/R/include" -DNDEBUG -DUSING_R -I. -Ivendor -Ivendor/cigraph/src -Ivendor/cigraph/include -Ivendor/cigraph/vendor -Ivendor/io/parsers  -I/usr/include/libxml2 -DHAVE_LIBXML -Ivendor/cigraph/vendor/glpk -Ivendor/cigraph/vendor/glpk/env -Ivendor/cigraph/vendor/glpk/minisat -Ivendor/cigraph/vendor/glpk/misc -Ivendor/cigraph/vendor/glpk/draft -Ivendor/cigraph/vendor/glpk/npp -Ivendor/cigraph/vendor/glpk/api -Ivendor/cigraph/vendor/glpk/mpl -Ivendor/cigraph/vendor/glpk/bflib -Ivendor/cigraph/vendor/glpk/amd -Ivendor/cigraph/vendor/glpk/simplex -Ivendor/cigraph/vendor/glpk/colamd -DNDEBUG -DNTIMER -DNPRINT -DIGRAPH_THREAD_LOCAL= -DPRPACK_IGRAPH_SUPPORT -DHAVE_GFORTRAN=1 -D_GNU_SOURCE=1 -I'/usr/local/lib/R/library/cpp11/include' -I/usr/local/include   -fvisibility=hidden -fpic  -g -O2  -c vendor/cigraph/vendor/glpk/intopt/covgen.c -o vendor/cigraph/vendor/glpk/intopt/covgen.o
#13 893.1 gcc -I"/usr/local/lib/R/include" -DNDEBUG -DUSING_R -I. -Ivendor -Ivendor/cigraph/src -Ivendor/cigraph/include -Ivendor/cigraph/vendor -Ivendor/io/parsers  -I/usr/include/libxml2 -DHAVE_LIBXML -Ivendor/cigraph/vendor/glpk -Ivendor/cigraph/vendor/glpk/env -Ivendor/cigraph/vendor/glpk/minisat -Ivendor/cigraph/vendor/glpk/misc -Ivendor/cigraph/vendor/glpk/draft -Ivendor/cigraph/vendor/glpk/npp -Ivendor/cigraph/vendor/glpk/api -Ivendor/cigraph/vendor/glpk/mpl -Ivendor/cigraph/vendor/glpk/bflib -Ivendor/cigraph/vendor/glpk/amd -Ivendor/cigraph/vendor/glpk/simplex -Ivendor/cigraph/vendor/glpk/colamd -DNDEBUG -DNTIMER -DNPRINT -DIGRAPH_THREAD_LOCAL= -DPRPACK_IGRAPH_SUPPORT -DHAVE_GFORTRAN=1 -D_GNU_SOURCE=1 -I'/usr/local/lib/R/library/cpp11/include' -I/usr/local/include   -fvisibility=hidden -fpic  -g -O2  -c vendor/cigraph/vendor/glpk/intopt/fpump.c -o vendor/cigraph/vendor/glpk/intopt/fpump.o
#13 893.3 gcc -I"/usr/local/lib/R/include" -DNDEBUG -DUSING_R -I. -Ivendor -Ivendor/cigraph/src -Ivendor/cigraph/include -Ivendor/cigraph/vendor -Ivendor/io/parsers  -I/usr/include/libxml2 -DHAVE_LIBXML -Ivendor/cigraph/vendor/glpk -Ivendor/cigraph/vendor/glpk/env -Ivendor/cigraph/vendor/glpk/minisat -Ivendor/cigraph/vendor/glpk/misc -Ivendor/cigraph/vendor/glpk/draft -Ivendor/cigraph/vendor/glpk/npp -Ivendor/cigraph/vendor/glpk/api -Ivendor/cigraph/vendor/glpk/mpl -Ivendor/cigraph/vendor/glpk/bflib -Ivendor/cigraph/vendor/glpk/amd -Ivendor/cigraph/vendor/glpk/simplex -Ivendor/cigraph/vendor/glpk/colamd -DNDEBUG -DNTIMER -DNPRINT -DIGRAPH_THREAD_LOCAL= -DPRPACK_IGRAPH_SUPPORT -DHAVE_GFORTRAN=1 -D_GNU_SOURCE=1 -I'/usr/local/lib/R/library/cpp11/include' -I/usr/local/include   -fvisibility=hidden -fpic  -g -O2  -c vendor/cigraph/vendor/glpk/intopt/gmicut.c -o vendor/cigraph/vendor/glpk/intopt/gmicut.o
#13 893.5 gcc -I"/usr/local/lib/R/include" -DNDEBUG -DUSING_R -I. -Ivendor -Ivendor/cigraph/src -Ivendor/cigraph/include -Ivendor/cigraph/vendor -Ivendor/io/parsers  -I/usr/include/libxml2 -DHAVE_LIBXML -Ivendor/cigraph/vendor/glpk -Ivendor/cigraph/vendor/glpk/env -Ivendor/cigraph/vendor/glpk/minisat -Ivendor/cigraph/vendor/glpk/misc -Ivendor/cigraph/vendor/glpk/draft -Ivendor/cigraph/vendor/glpk/npp -Ivendor/cigraph/vendor/glpk/api -Ivendor/cigraph/vendor/glpk/mpl -Ivendor/cigraph/vendor/glpk/bflib -Ivendor/cigraph/vendor/glpk/amd -Ivendor/cigraph/vendor/glpk/simplex -Ivendor/cigraph/vendor/glpk/colamd -DNDEBUG -DNTIMER -DNPRINT -DIGRAPH_THREAD_LOCAL= -DPRPACK_IGRAPH_SUPPORT -DHAVE_GFORTRAN=1 -D_GNU_SOURCE=1 -I'/usr/local/lib/R/library/cpp11/include' -I/usr/local/include   -fvisibility=hidden -fpic  -g -O2  -c vendor/cigraph/vendor/glpk/intopt/gmigen.c -o vendor/cigraph/vendor/glpk/intopt/gmigen.o
#13 893.6 gcc -I"/usr/local/lib/R/include" -DNDEBUG -DUSING_R -I. -Ivendor -Ivendor/cigraph/src -Ivendor/cigraph/include -Ivendor/cigraph/vendor -Ivendor/io/parsers  -I/usr/include/libxml2 -DHAVE_LIBXML -Ivendor/cigraph/vendor/glpk -Ivendor/cigraph/vendor/glpk/env -Ivendor/cigraph/vendor/glpk/minisat -Ivendor/cigraph/vendor/glpk/misc -Ivendor/cigraph/vendor/glpk/draft -Ivendor/cigraph/vendor/glpk/npp -Ivendor/cigraph/vendor/glpk/api -Ivendor/cigraph/vendor/glpk/mpl -Ivendor/cigraph/vendor/glpk/bflib -Ivendor/cigraph/vendor/glpk/amd -Ivendor/cigraph/vendor/glpk/simplex -Ivendor/cigraph/vendor/glpk/colamd -DNDEBUG -DNTIMER -DNPRINT -DIGRAPH_THREAD_LOCAL= -DPRPACK_IGRAPH_SUPPORT -DHAVE_GFORTRAN=1 -D_GNU_SOURCE=1 -I'/usr/local/lib/R/library/cpp11/include' -I/usr/local/include   -fvisibility=hidden -fpic  -g -O2  -c vendor/cigraph/vendor/glpk/intopt/mirgen.c -o vendor/cigraph/vendor/glpk/intopt/mirgen.o
#13 894.2 gcc -I"/usr/local/lib/R/include" -DNDEBUG -DUSING_R -I. -Ivendor -Ivendor/cigraph/src -Ivendor/cigraph/include -Ivendor/cigraph/vendor -Ivendor/io/parsers  -I/usr/include/libxml2 -DHAVE_LIBXML -Ivendor/cigraph/vendor/glpk -Ivendor/cigraph/vendor/glpk/env -Ivendor/cigraph/vendor/glpk/minisat -Ivendor/cigraph/vendor/glpk/misc -Ivendor/cigraph/vendor/glpk/draft -Ivendor/cigraph/vendor/glpk/npp -Ivendor/cigraph/vendor/glpk/api -Ivendor/cigraph/vendor/glpk/mpl -Ivendor/cigraph/vendor/glpk/bflib -Ivendor/cigraph/vendor/glpk/amd -Ivendor/cigraph/vendor/glpk/simplex -Ivendor/cigraph/vendor/glpk/colamd -DNDEBUG -DNTIMER -DNPRINT -DIGRAPH_THREAD_LOCAL= -DPRPACK_IGRAPH_SUPPORT -DHAVE_GFORTRAN=1 -D_GNU_SOURCE=1 -I'/usr/local/lib/R/library/cpp11/include' -I/usr/local/include   -fvisibility=hidden -fpic  -g -O2  -c vendor/cigraph/vendor/glpk/intopt/spv.c -o vendor/cigraph/vendor/glpk/intopt/spv.o
#13 894.3 gcc -I"/usr/local/lib/R/include" -DNDEBUG -DUSING_R -I. -Ivendor -Ivendor/cigraph/src -Ivendor/cigraph/include -Ivendor/cigraph/vendor -Ivendor/io/parsers  -I/usr/include/libxml2 -DHAVE_LIBXML -Ivendor/cigraph/vendor/glpk -Ivendor/cigraph/vendor/glpk/env -Ivendor/cigraph/vendor/glpk/minisat -Ivendor/cigraph/vendor/glpk/misc -Ivendor/cigraph/vendor/glpk/draft -Ivendor/cigraph/vendor/glpk/npp -Ivendor/cigraph/vendor/glpk/api -Ivendor/cigraph/vendor/glpk/mpl -Ivendor/cigraph/vendor/glpk/bflib -Ivendor/cigraph/vendor/glpk/amd -Ivendor/cigraph/vendor/glpk/simplex -Ivendor/cigraph/vendor/glpk/colamd -DNDEBUG -DNTIMER -DNPRINT -DIGRAPH_THREAD_LOCAL= -DPRPACK_IGRAPH_SUPPORT -DHAVE_GFORTRAN=1 -D_GNU_SOURCE=1 -I'/usr/local/lib/R/library/cpp11/include' -I/usr/local/include   -fvisibility=hidden -fpic  -g -O2  -c vendor/cigraph/vendor/glpk/minisat/minisat.c -o vendor/cigraph/vendor/glpk/minisat/minisat.o
#13 895.0 gcc -I"/usr/local/lib/R/include" -DNDEBUG -DUSING_R -I. -Ivendor -Ivendor/cigraph/src -Ivendor/cigraph/include -Ivendor/cigraph/vendor -Ivendor/io/parsers  -I/usr/include/libxml2 -DHAVE_LIBXML -Ivendor/cigraph/vendor/glpk -Ivendor/cigraph/vendor/glpk/env -Ivendor/cigraph/vendor/glpk/minisat -Ivendor/cigraph/vendor/glpk/misc -Ivendor/cigraph/vendor/glpk/draft -Ivendor/cigraph/vendor/glpk/npp -Ivendor/cigraph/vendor/glpk/api -Ivendor/cigraph/vendor/glpk/mpl -Ivendor/cigraph/vendor/glpk/bflib -Ivendor/cigraph/vendor/glpk/amd -Ivendor/cigraph/vendor/glpk/simplex -Ivendor/cigraph/vendor/glpk/colamd -DNDEBUG -DNTIMER -DNPRINT -DIGRAPH_THREAD_LOCAL= -DPRPACK_IGRAPH_SUPPORT -DHAVE_GFORTRAN=1 -D_GNU_SOURCE=1 -I'/usr/local/lib/R/library/cpp11/include' -I/usr/local/include   -fvisibility=hidden -fpic  -g -O2  -c vendor/cigraph/vendor/glpk/misc/avl.c -o vendor/cigraph/vendor/glpk/misc/avl.o
#13 895.1 gcc -I"/usr/local/lib/R/include" -DNDEBUG -DUSING_R -I. -Ivendor -Ivendor/cigraph/src -Ivendor/cigraph/include -Ivendor/cigraph/vendor -Ivendor/io/parsers  -I/usr/include/libxml2 -DHAVE_LIBXML -Ivendor/cigraph/vendor/glpk -Ivendor/cigraph/vendor/glpk/env -Ivendor/cigraph/vendor/glpk/minisat -Ivendor/cigraph/vendor/glpk/misc -Ivendor/cigraph/vendor/glpk/draft -Ivendor/cigraph/vendor/glpk/npp -Ivendor/cigraph/vendor/glpk/api -Ivendor/cigraph/vendor/glpk/mpl -Ivendor/cigraph/vendor/glpk/bflib -Ivendor/cigraph/vendor/glpk/amd -Ivendor/cigraph/vendor/glpk/simplex -Ivendor/cigraph/vendor/glpk/colamd -DNDEBUG -DNTIMER -DNPRINT -DIGRAPH_THREAD_LOCAL= -DPRPACK_IGRAPH_SUPPORT -DHAVE_GFORTRAN=1 -D_GNU_SOURCE=1 -I'/usr/local/lib/R/library/cpp11/include' -I/usr/local/include   -fvisibility=hidden -fpic  -g -O2  -c vendor/cigraph/vendor/glpk/misc/bignum.c -o vendor/cigraph/vendor/glpk/misc/bignum.o
#13 895.3 gcc -I"/usr/local/lib/R/include" -DNDEBUG -DUSING_R -I. -Ivendor -Ivendor/cigraph/src -Ivendor/cigraph/include -Ivendor/cigraph/vendor -Ivendor/io/parsers  -I/usr/include/libxml2 -DHAVE_LIBXML -Ivendor/cigraph/vendor/glpk -Ivendor/cigraph/vendor/glpk/env -Ivendor/cigraph/vendor/glpk/minisat -Ivendor/cigraph/vendor/glpk/misc -Ivendor/cigraph/vendor/glpk/draft -Ivendor/cigraph/vendor/glpk/npp -Ivendor/cigraph/vendor/glpk/api -Ivendor/cigraph/vendor/glpk/mpl -Ivendor/cigraph/vendor/glpk/bflib -Ivendor/cigraph/vendor/glpk/amd -Ivendor/cigraph/vendor/glpk/simplex -Ivendor/cigraph/vendor/glpk/colamd -DNDEBUG -DNTIMER -DNPRINT -DIGRAPH_THREAD_LOCAL= -DPRPACK_IGRAPH_SUPPORT -DHAVE_GFORTRAN=1 -D_GNU_SOURCE=1 -I'/usr/local/lib/R/library/cpp11/include' -I/usr/local/include   -fvisibility=hidden -fpic  -g -O2  -c vendor/cigraph/vendor/glpk/misc/dimacs.c -o vendor/cigraph/vendor/glpk/misc/dimacs.o
#13 895.4 gcc -I"/usr/local/lib/R/include" -DNDEBUG -DUSING_R -I. -Ivendor -Ivendor/cigraph/src -Ivendor/cigraph/include -Ivendor/cigraph/vendor -Ivendor/io/parsers  -I/usr/include/libxml2 -DHAVE_LIBXML -Ivendor/cigraph/vendor/glpk -Ivendor/cigraph/vendor/glpk/env -Ivendor/cigraph/vendor/glpk/minisat -Ivendor/cigraph/vendor/glpk/misc -Ivendor/cigraph/vendor/glpk/draft -Ivendor/cigraph/vendor/glpk/npp -Ivendor/cigraph/vendor/glpk/api -Ivendor/cigraph/vendor/glpk/mpl -Ivendor/cigraph/vendor/glpk/bflib -Ivendor/cigraph/vendor/glpk/amd -Ivendor/cigraph/vendor/glpk/simplex -Ivendor/cigraph/vendor/glpk/colamd -DNDEBUG -DNTIMER -DNPRINT -DIGRAPH_THREAD_LOCAL= -DPRPACK_IGRAPH_SUPPORT -DHAVE_GFORTRAN=1 -D_GNU_SOURCE=1 -I'/usr/local/lib/R/library/cpp11/include' -I/usr/local/include   -fvisibility=hidden -fpic  -g -O2  -c vendor/cigraph/vendor/glpk/misc/dmp.c -o vendor/cigraph/vendor/glpk/misc/dmp.o
#13 895.5 gcc -I"/usr/local/lib/R/include" -DNDEBUG -DUSING_R -I. -Ivendor -Ivendor/cigraph/src -Ivendor/cigraph/include -Ivendor/cigraph/vendor -Ivendor/io/parsers  -I/usr/include/libxml2 -DHAVE_LIBXML -Ivendor/cigraph/vendor/glpk -Ivendor/cigraph/vendor/glpk/env -Ivendor/cigraph/vendor/glpk/minisat -Ivendor/cigraph/vendor/glpk/misc -Ivendor/cigraph/vendor/glpk/draft -Ivendor/cigraph/vendor/glpk/npp -Ivendor/cigraph/vendor/glpk/api -Ivendor/cigraph/vendor/glpk/mpl -Ivendor/cigraph/vendor/glpk/bflib -Ivendor/cigraph/vendor/glpk/amd -Ivendor/cigraph/vendor/glpk/simplex -Ivendor/cigraph/vendor/glpk/colamd -DNDEBUG -DNTIMER -DNPRINT -DIGRAPH_THREAD_LOCAL= -DPRPACK_IGRAPH_SUPPORT -DHAVE_GFORTRAN=1 -D_GNU_SOURCE=1 -I'/usr/local/lib/R/library/cpp11/include' -I/usr/local/include   -fvisibility=hidden -fpic  -g -O2  -c vendor/cigraph/vendor/glpk/misc/ffalg.c -o vendor/cigraph/vendor/glpk/misc/ffalg.o
#13 895.7 gcc -I"/usr/local/lib/R/include" -DNDEBUG -DUSING_R -I. -Ivendor -Ivendor/cigraph/src -Ivendor/cigraph/include -Ivendor/cigraph/vendor -Ivendor/io/parsers  -I/usr/include/libxml2 -DHAVE_LIBXML -Ivendor/cigraph/vendor/glpk -Ivendor/cigraph/vendor/glpk/env -Ivendor/cigraph/vendor/glpk/minisat -Ivendor/cigraph/vendor/glpk/misc -Ivendor/cigraph/vendor/glpk/draft -Ivendor/cigraph/vendor/glpk/npp -Ivendor/cigraph/vendor/glpk/api -Ivendor/cigraph/vendor/glpk/mpl -Ivendor/cigraph/vendor/glpk/bflib -Ivendor/cigraph/vendor/glpk/amd -Ivendor/cigraph/vendor/glpk/simplex -Ivendor/cigraph/vendor/glpk/colamd -DNDEBUG -DNTIMER -DNPRINT -DIGRAPH_THREAD_LOCAL= -DPRPACK_IGRAPH_SUPPORT -DHAVE_GFORTRAN=1 -D_GNU_SOURCE=1 -I'/usr/local/lib/R/library/cpp11/include' -I/usr/local/include   -fvisibility=hidden -fpic  -g -O2  -c vendor/cigraph/vendor/glpk/misc/fp2rat.c -o vendor/cigraph/vendor/glpk/misc/fp2rat.o
#13 895.7 gcc -I"/usr/local/lib/R/include" -DNDEBUG -DUSING_R -I. -Ivendor -Ivendor/cigraph/src -Ivendor/cigraph/include -Ivendor/cigraph/vendor -Ivendor/io/parsers  -I/usr/include/libxml2 -DHAVE_LIBXML -Ivendor/cigraph/vendor/glpk -Ivendor/cigraph/vendor/glpk/env -Ivendor/cigraph/vendor/glpk/minisat -Ivendor/cigraph/vendor/glpk/misc -Ivendor/cigraph/vendor/glpk/draft -Ivendor/cigraph/vendor/glpk/npp -Ivendor/cigraph/vendor/glpk/api -Ivendor/cigraph/vendor/glpk/mpl -Ivendor/cigraph/vendor/glpk/bflib -Ivendor/cigraph/vendor/glpk/amd -Ivendor/cigraph/vendor/glpk/simplex -Ivendor/cigraph/vendor/glpk/colamd -DNDEBUG -DNTIMER -DNPRINT -DIGRAPH_THREAD_LOCAL= -DPRPACK_IGRAPH_SUPPORT -DHAVE_GFORTRAN=1 -D_GNU_SOURCE=1 -I'/usr/local/lib/R/library/cpp11/include' -I/usr/local/include   -fvisibility=hidden -fpic  -g -O2  -c vendor/cigraph/vendor/glpk/misc/fvs.c -o vendor/cigraph/vendor/glpk/misc/fvs.o
#13 895.9 gcc -I"/usr/local/lib/R/include" -DNDEBUG -DUSING_R -I. -Ivendor -Ivendor/cigraph/src -Ivendor/cigraph/include -Ivendor/cigraph/vendor -Ivendor/io/parsers  -I/usr/include/libxml2 -DHAVE_LIBXML -Ivendor/cigraph/vendor/glpk -Ivendor/cigraph/vendor/glpk/env -Ivendor/cigraph/vendor/glpk/minisat -Ivendor/cigraph/vendor/glpk/misc -Ivendor/cigraph/vendor/glpk/draft -Ivendor/cigraph/vendor/glpk/npp -Ivendor/cigraph/vendor/glpk/api -Ivendor/cigraph/vendor/glpk/mpl -Ivendor/cigraph/vendor/glpk/bflib -Ivendor/cigraph/vendor/glpk/amd -Ivendor/cigraph/vendor/glpk/simplex -Ivendor/cigraph/vendor/glpk/colamd -DNDEBUG -DNTIMER -DNPRINT -DIGRAPH_THREAD_LOCAL= -DPRPACK_IGRAPH_SUPPORT -DHAVE_GFORTRAN=1 -D_GNU_SOURCE=1 -I'/usr/local/lib/R/library/cpp11/include' -I/usr/local/include   -fvisibility=hidden -fpic  -g -O2  -c vendor/cigraph/vendor/glpk/misc/gcd.c -o vendor/cigraph/vendor/glpk/misc/gcd.o
#13 896.0 gcc -I"/usr/local/lib/R/include" -DNDEBUG -DUSING_R -I. -Ivendor -Ivendor/cigraph/src -Ivendor/cigraph/include -Ivendor/cigraph/vendor -Ivendor/io/parsers  -I/usr/include/libxml2 -DHAVE_LIBXML -Ivendor/cigraph/vendor/glpk -Ivendor/cigraph/vendor/glpk/env -Ivendor/cigraph/vendor/glpk/minisat -Ivendor/cigraph/vendor/glpk/misc -Ivendor/cigraph/vendor/glpk/draft -Ivendor/cigraph/vendor/glpk/npp -Ivendor/cigraph/vendor/glpk/api -Ivendor/cigraph/vendor/glpk/mpl -Ivendor/cigraph/vendor/glpk/bflib -Ivendor/cigraph/vendor/glpk/amd -Ivendor/cigraph/vendor/glpk/simplex -Ivendor/cigraph/vendor/glpk/colamd -DNDEBUG -DNTIMER -DNPRINT -DIGRAPH_THREAD_LOCAL= -DPRPACK_IGRAPH_SUPPORT -DHAVE_GFORTRAN=1 -D_GNU_SOURCE=1 -I'/usr/local/lib/R/library/cpp11/include' -I/usr/local/include   -fvisibility=hidden -fpic  -g -O2  -c vendor/cigraph/vendor/glpk/misc/hbm.c -o vendor/cigraph/vendor/glpk/misc/hbm.o
#13 896.2 gcc -I"/usr/local/lib/R/include" -DNDEBUG -DUSING_R -I. -Ivendor -Ivendor/cigraph/src -Ivendor/cigraph/include -Ivendor/cigraph/vendor -Ivendor/io/parsers  -I/usr/include/libxml2 -DHAVE_LIBXML -Ivendor/cigraph/vendor/glpk -Ivendor/cigraph/vendor/glpk/env -Ivendor/cigraph/vendor/glpk/minisat -Ivendor/cigraph/vendor/glpk/misc -Ivendor/cigraph/vendor/glpk/draft -Ivendor/cigraph/vendor/glpk/npp -Ivendor/cigraph/vendor/glpk/api -Ivendor/cigraph/vendor/glpk/mpl -Ivendor/cigraph/vendor/glpk/bflib -Ivendor/cigraph/vendor/glpk/amd -Ivendor/cigraph/vendor/glpk/simplex -Ivendor/cigraph/vendor/glpk/colamd -DNDEBUG -DNTIMER -DNPRINT -DIGRAPH_THREAD_LOCAL= -DPRPACK_IGRAPH_SUPPORT -DHAVE_GFORTRAN=1 -D_GNU_SOURCE=1 -I'/usr/local/lib/R/library/cpp11/include' -I/usr/local/include   -fvisibility=hidden -fpic  -g -O2  -c vendor/cigraph/vendor/glpk/misc/jd.c -o vendor/cigraph/vendor/glpk/misc/jd.o
#13 896.2 gcc -I"/usr/local/lib/R/include" -DNDEBUG -DUSING_R -I. -Ivendor -Ivendor/cigraph/src -Ivendor/cigraph/include -Ivendor/cigraph/vendor -Ivendor/io/parsers  -I/usr/include/libxml2 -DHAVE_LIBXML -Ivendor/cigraph/vendor/glpk -Ivendor/cigraph/vendor/glpk/env -Ivendor/cigraph/vendor/glpk/minisat -Ivendor/cigraph/vendor/glpk/misc -Ivendor/cigraph/vendor/glpk/draft -Ivendor/cigraph/vendor/glpk/npp -Ivendor/cigraph/vendor/glpk/api -Ivendor/cigraph/vendor/glpk/mpl -Ivendor/cigraph/vendor/glpk/bflib -Ivendor/cigraph/vendor/glpk/amd -Ivendor/cigraph/vendor/glpk/simplex -Ivendor/cigraph/vendor/glpk/colamd -DNDEBUG -DNTIMER -DNPRINT -DIGRAPH_THREAD_LOCAL= -DPRPACK_IGRAPH_SUPPORT -DHAVE_GFORTRAN=1 -D_GNU_SOURCE=1 -I'/usr/local/lib/R/library/cpp11/include' -I/usr/local/include   -fvisibility=hidden -fpic  -g -O2  -c vendor/cigraph/vendor/glpk/misc/keller.c -o vendor/cigraph/vendor/glpk/misc/keller.o
#13 896.4 gcc -I"/usr/local/lib/R/include" -DNDEBUG -DUSING_R -I. -Ivendor -Ivendor/cigraph/src -Ivendor/cigraph/include -Ivendor/cigraph/vendor -Ivendor/io/parsers  -I/usr/include/libxml2 -DHAVE_LIBXML -Ivendor/cigraph/vendor/glpk -Ivendor/cigraph/vendor/glpk/env -Ivendor/cigraph/vendor/glpk/minisat -Ivendor/cigraph/vendor/glpk/misc -Ivendor/cigraph/vendor/glpk/draft -Ivendor/cigraph/vendor/glpk/npp -Ivendor/cigraph/vendor/glpk/api -Ivendor/cigraph/vendor/glpk/mpl -Ivendor/cigraph/vendor/glpk/bflib -Ivendor/cigraph/vendor/glpk/amd -Ivendor/cigraph/vendor/glpk/simplex -Ivendor/cigraph/vendor/glpk/colamd -DNDEBUG -DNTIMER -DNPRINT -DIGRAPH_THREAD_LOCAL= -DPRPACK_IGRAPH_SUPPORT -DHAVE_GFORTRAN=1 -D_GNU_SOURCE=1 -I'/usr/local/lib/R/library/cpp11/include' -I/usr/local/include   -fvisibility=hidden -fpic  -g -O2  -c vendor/cigraph/vendor/glpk/misc/ks.c -o vendor/cigraph/vendor/glpk/misc/ks.o
#13 896.6 gcc -I"/usr/local/lib/R/include" -DNDEBUG -DUSING_R -I. -Ivendor -Ivendor/cigraph/src -Ivendor/cigraph/include -Ivendor/cigraph/vendor -Ivendor/io/parsers  -I/usr/include/libxml2 -DHAVE_LIBXML -Ivendor/cigraph/vendor/glpk -Ivendor/cigraph/vendor/glpk/env -Ivendor/cigraph/vendor/glpk/minisat -Ivendor/cigraph/vendor/glpk/misc -Ivendor/cigraph/vendor/glpk/draft -Ivendor/cigraph/vendor/glpk/npp -Ivendor/cigraph/vendor/glpk/api -Ivendor/cigraph/vendor/glpk/mpl -Ivendor/cigraph/vendor/glpk/bflib -Ivendor/cigraph/vendor/glpk/amd -Ivendor/cigraph/vendor/glpk/simplex -Ivendor/cigraph/vendor/glpk/colamd -DNDEBUG -DNTIMER -DNPRINT -DIGRAPH_THREAD_LOCAL= -DPRPACK_IGRAPH_SUPPORT -DHAVE_GFORTRAN=1 -D_GNU_SOURCE=1 -I'/usr/local/lib/R/library/cpp11/include' -I/usr/local/include   -fvisibility=hidden -fpic  -g -O2  -c vendor/cigraph/vendor/glpk/misc/mc13d.c -o vendor/cigraph/vendor/glpk/misc/mc13d.o
#13 896.7 gcc -I"/usr/local/lib/R/include" -DNDEBUG -DUSING_R -I. -Ivendor -Ivendor/cigraph/src -Ivendor/cigraph/include -Ivendor/cigraph/vendor -Ivendor/io/parsers  -I/usr/include/libxml2 -DHAVE_LIBXML -Ivendor/cigraph/vendor/glpk -Ivendor/cigraph/vendor/glpk/env -Ivendor/cigraph/vendor/glpk/minisat -Ivendor/cigraph/vendor/glpk/misc -Ivendor/cigraph/vendor/glpk/draft -Ivendor/cigraph/vendor/glpk/npp -Ivendor/cigraph/vendor/glpk/api -Ivendor/cigraph/vendor/glpk/mpl -Ivendor/cigraph/vendor/glpk/bflib -Ivendor/cigraph/vendor/glpk/amd -Ivendor/cigraph/vendor/glpk/simplex -Ivendor/cigraph/vendor/glpk/colamd -DNDEBUG -DNTIMER -DNPRINT -DIGRAPH_THREAD_LOCAL= -DPRPACK_IGRAPH_SUPPORT -DHAVE_GFORTRAN=1 -D_GNU_SOURCE=1 -I'/usr/local/lib/R/library/cpp11/include' -I/usr/local/include   -fvisibility=hidden -fpic  -g -O2  -c vendor/cigraph/vendor/glpk/misc/mc21a.c -o vendor/cigraph/vendor/glpk/misc/mc21a.o
#13 896.7 gcc -I"/usr/local/lib/R/include" -DNDEBUG -DUSING_R -I. -Ivendor -Ivendor/cigraph/src -Ivendor/cigraph/include -Ivendor/cigraph/vendor -Ivendor/io/parsers  -I/usr/include/libxml2 -DHAVE_LIBXML -Ivendor/cigraph/vendor/glpk -Ivendor/cigraph/vendor/glpk/env -Ivendor/cigraph/vendor/glpk/minisat -Ivendor/cigraph/vendor/glpk/misc -Ivendor/cigraph/vendor/glpk/draft -Ivendor/cigraph/vendor/glpk/npp -Ivendor/cigraph/vendor/glpk/api -Ivendor/cigraph/vendor/glpk/mpl -Ivendor/cigraph/vendor/glpk/bflib -Ivendor/cigraph/vendor/glpk/amd -Ivendor/cigraph/vendor/glpk/simplex -Ivendor/cigraph/vendor/glpk/colamd -DNDEBUG -DNTIMER -DNPRINT -DIGRAPH_THREAD_LOCAL= -DPRPACK_IGRAPH_SUPPORT -DHAVE_GFORTRAN=1 -D_GNU_SOURCE=1 -I'/usr/local/lib/R/library/cpp11/include' -I/usr/local/include   -fvisibility=hidden -fpic  -g -O2  -c vendor/cigraph/vendor/glpk/misc/mt1.c -o vendor/cigraph/vendor/glpk/misc/mt1.o
#13 897.0 gcc -I"/usr/local/lib/R/include" -DNDEBUG -DUSING_R -I. -Ivendor -Ivendor/cigraph/src -Ivendor/cigraph/include -Ivendor/cigraph/vendor -Ivendor/io/parsers  -I/usr/include/libxml2 -DHAVE_LIBXML -Ivendor/cigraph/vendor/glpk -Ivendor/cigraph/vendor/glpk/env -Ivendor/cigraph/vendor/glpk/minisat -Ivendor/cigraph/vendor/glpk/misc -Ivendor/cigraph/vendor/glpk/draft -Ivendor/cigraph/vendor/glpk/npp -Ivendor/cigraph/vendor/glpk/api -Ivendor/cigraph/vendor/glpk/mpl -Ivendor/cigraph/vendor/glpk/bflib -Ivendor/cigraph/vendor/glpk/amd -Ivendor/cigraph/vendor/glpk/simplex -Ivendor/cigraph/vendor/glpk/colamd -DNDEBUG -DNTIMER -DNPRINT -DIGRAPH_THREAD_LOCAL= -DPRPACK_IGRAPH_SUPPORT -DHAVE_GFORTRAN=1 -D_GNU_SOURCE=1 -I'/usr/local/lib/R/library/cpp11/include' -I/usr/local/include   -fvisibility=hidden -fpic  -g -O2  -c vendor/cigraph/vendor/glpk/misc/mygmp.c -o vendor/cigraph/vendor/glpk/misc/mygmp.o
#13 897.5 gcc -I"/usr/local/lib/R/include" -DNDEBUG -DUSING_R -I. -Ivendor -Ivendor/cigraph/src -Ivendor/cigraph/include -Ivendor/cigraph/vendor -Ivendor/io/parsers  -I/usr/include/libxml2 -DHAVE_LIBXML -Ivendor/cigraph/vendor/glpk -Ivendor/cigraph/vendor/glpk/env -Ivendor/cigraph/vendor/glpk/minisat -Ivendor/cigraph/vendor/glpk/misc -Ivendor/cigraph/vendor/glpk/draft -Ivendor/cigraph/vendor/glpk/npp -Ivendor/cigraph/vendor/glpk/api -Ivendor/cigraph/vendor/glpk/mpl -Ivendor/cigraph/vendor/glpk/bflib -Ivendor/cigraph/vendor/glpk/amd -Ivendor/cigraph/vendor/glpk/simplex -Ivendor/cigraph/vendor/glpk/colamd -DNDEBUG -DNTIMER -DNPRINT -DIGRAPH_THREAD_LOCAL= -DPRPACK_IGRAPH_SUPPORT -DHAVE_GFORTRAN=1 -D_GNU_SOURCE=1 -I'/usr/local/lib/R/library/cpp11/include' -I/usr/local/include   -fvisibility=hidden -fpic  -g -O2  -c vendor/cigraph/vendor/glpk/misc/okalg.c -o vendor/cigraph/vendor/glpk/misc/okalg.o
#13 897.8 gcc -I"/usr/local/lib/R/include" -DNDEBUG -DUSING_R -I. -Ivendor -Ivendor/cigraph/src -Ivendor/cigraph/include -Ivendor/cigraph/vendor -Ivendor/io/parsers  -I/usr/include/libxml2 -DHAVE_LIBXML -Ivendor/cigraph/vendor/glpk -Ivendor/cigraph/vendor/glpk/env -Ivendor/cigraph/vendor/glpk/minisat -Ivendor/cigraph/vendor/glpk/misc -Ivendor/cigraph/vendor/glpk/draft -Ivendor/cigraph/vendor/glpk/npp -Ivendor/cigraph/vendor/glpk/api -Ivendor/cigraph/vendor/glpk/mpl -Ivendor/cigraph/vendor/glpk/bflib -Ivendor/cigraph/vendor/glpk/amd -Ivendor/cigraph/vendor/glpk/simplex -Ivendor/cigraph/vendor/glpk/colamd -DNDEBUG -DNTIMER -DNPRINT -DIGRAPH_THREAD_LOCAL= -DPRPACK_IGRAPH_SUPPORT -DHAVE_GFORTRAN=1 -D_GNU_SOURCE=1 -I'/usr/local/lib/R/library/cpp11/include' -I/usr/local/include   -fvisibility=hidden -fpic  -g -O2  -c vendor/cigraph/vendor/glpk/misc/qmd.c -o vendor/cigraph/vendor/glpk/misc/qmd.o
#13 897.9 gcc -I"/usr/local/lib/R/include" -DNDEBUG -DUSING_R -I. -Ivendor -Ivendor/cigraph/src -Ivendor/cigraph/include -Ivendor/cigraph/vendor -Ivendor/io/parsers  -I/usr/include/libxml2 -DHAVE_LIBXML -Ivendor/cigraph/vendor/glpk -Ivendor/cigraph/vendor/glpk/env -Ivendor/cigraph/vendor/glpk/minisat -Ivendor/cigraph/vendor/glpk/misc -Ivendor/cigraph/vendor/glpk/draft -Ivendor/cigraph/vendor/glpk/npp -Ivendor/cigraph/vendor/glpk/api -Ivendor/cigraph/vendor/glpk/mpl -Ivendor/cigraph/vendor/glpk/bflib -Ivendor/cigraph/vendor/glpk/amd -Ivendor/cigraph/vendor/glpk/simplex -Ivendor/cigraph/vendor/glpk/colamd -DNDEBUG -DNTIMER -DNPRINT -DIGRAPH_THREAD_LOCAL= -DPRPACK_IGRAPH_SUPPORT -DHAVE_GFORTRAN=1 -D_GNU_SOURCE=1 -I'/usr/local/lib/R/library/cpp11/include' -I/usr/local/include   -fvisibility=hidden -fpic  -g -O2  -c vendor/cigraph/vendor/glpk/misc/relax4.c -o vendor/cigraph/vendor/glpk/misc/relax4.o
#13 898.0 gcc -I"/usr/local/lib/R/include" -DNDEBUG -DUSING_R -I. -Ivendor -Ivendor/cigraph/src -Ivendor/cigraph/include -Ivendor/cigraph/vendor -Ivendor/io/parsers  -I/usr/include/libxml2 -DHAVE_LIBXML -Ivendor/cigraph/vendor/glpk -Ivendor/cigraph/vendor/glpk/env -Ivendor/cigraph/vendor/glpk/minisat -Ivendor/cigraph/vendor/glpk/misc -Ivendor/cigraph/vendor/glpk/draft -Ivendor/cigraph/vendor/glpk/npp -Ivendor/cigraph/vendor/glpk/api -Ivendor/cigraph/vendor/glpk/mpl -Ivendor/cigraph/vendor/glpk/bflib -Ivendor/cigraph/vendor/glpk/amd -Ivendor/cigraph/vendor/glpk/simplex -Ivendor/cigraph/vendor/glpk/colamd -DNDEBUG -DNTIMER -DNPRINT -DIGRAPH_THREAD_LOCAL= -DPRPACK_IGRAPH_SUPPORT -DHAVE_GFORTRAN=1 -D_GNU_SOURCE=1 -I'/usr/local/lib/R/library/cpp11/include' -I/usr/local/include   -fvisibility=hidden -fpic  -g -O2  -c vendor/cigraph/vendor/glpk/misc/rgr.c -o vendor/cigraph/vendor/glpk/misc/rgr.o
#13 898.1 gcc -I"/usr/local/lib/R/include" -DNDEBUG -DUSING_R -I. -Ivendor -Ivendor/cigraph/src -Ivendor/cigraph/include -Ivendor/cigraph/vendor -Ivendor/io/parsers  -I/usr/include/libxml2 -DHAVE_LIBXML -Ivendor/cigraph/vendor/glpk -Ivendor/cigraph/vendor/glpk/env -Ivendor/cigraph/vendor/glpk/minisat -Ivendor/cigraph/vendor/glpk/misc -Ivendor/cigraph/vendor/glpk/draft -Ivendor/cigraph/vendor/glpk/npp -Ivendor/cigraph/vendor/glpk/api -Ivendor/cigraph/vendor/glpk/mpl -Ivendor/cigraph/vendor/glpk/bflib -Ivendor/cigraph/vendor/glpk/amd -Ivendor/cigraph/vendor/glpk/simplex -Ivendor/cigraph/vendor/glpk/colamd -DNDEBUG -DNTIMER -DNPRINT -DIGRAPH_THREAD_LOCAL= -DPRPACK_IGRAPH_SUPPORT -DHAVE_GFORTRAN=1 -D_GNU_SOURCE=1 -I'/usr/local/lib/R/library/cpp11/include' -I/usr/local/include   -fvisibility=hidden -fpic  -g -O2  -c vendor/cigraph/vendor/glpk/misc/rng.c -o vendor/cigraph/vendor/glpk/misc/rng.o
#13 898.2 gcc -I"/usr/local/lib/R/include" -DNDEBUG -DUSING_R -I. -Ivendor -Ivendor/cigraph/src -Ivendor/cigraph/include -Ivendor/cigraph/vendor -Ivendor/io/parsers  -I/usr/include/libxml2 -DHAVE_LIBXML -Ivendor/cigraph/vendor/glpk -Ivendor/cigraph/vendor/glpk/env -Ivendor/cigraph/vendor/glpk/minisat -Ivendor/cigraph/vendor/glpk/misc -Ivendor/cigraph/vendor/glpk/draft -Ivendor/cigraph/vendor/glpk/npp -Ivendor/cigraph/vendor/glpk/api -Ivendor/cigraph/vendor/glpk/mpl -Ivendor/cigraph/vendor/glpk/bflib -Ivendor/cigraph/vendor/glpk/amd -Ivendor/cigraph/vendor/glpk/simplex -Ivendor/cigraph/vendor/glpk/colamd -DNDEBUG -DNTIMER -DNPRINT -DIGRAPH_THREAD_LOCAL= -DPRPACK_IGRAPH_SUPPORT -DHAVE_GFORTRAN=1 -D_GNU_SOURCE=1 -I'/usr/local/lib/R/library/cpp11/include' -I/usr/local/include   -fvisibility=hidden -fpic  -g -O2  -c vendor/cigraph/vendor/glpk/misc/rng1.c -o vendor/cigraph/vendor/glpk/misc/rng1.o
#13 898.3 gcc -I"/usr/local/lib/R/include" -DNDEBUG -DUSING_R -I. -Ivendor -Ivendor/cigraph/src -Ivendor/cigraph/include -Ivendor/cigraph/vendor -Ivendor/io/parsers  -I/usr/include/libxml2 -DHAVE_LIBXML -Ivendor/cigraph/vendor/glpk -Ivendor/cigraph/vendor/glpk/env -Ivendor/cigraph/vendor/glpk/minisat -Ivendor/cigraph/vendor/glpk/misc -Ivendor/cigraph/vendor/glpk/draft -Ivendor/cigraph/vendor/glpk/npp -Ivendor/cigraph/vendor/glpk/api -Ivendor/cigraph/vendor/glpk/mpl -Ivendor/cigraph/vendor/glpk/bflib -Ivendor/cigraph/vendor/glpk/amd -Ivendor/cigraph/vendor/glpk/simplex -Ivendor/cigraph/vendor/glpk/colamd -DNDEBUG -DNTIMER -DNPRINT -DIGRAPH_THREAD_LOCAL= -DPRPACK_IGRAPH_SUPPORT -DHAVE_GFORTRAN=1 -D_GNU_SOURCE=1 -I'/usr/local/lib/R/library/cpp11/include' -I/usr/local/include   -fvisibility=hidden -fpic  -g -O2  -c vendor/cigraph/vendor/glpk/misc/round2n.c -o vendor/cigraph/vendor/glpk/misc/round2n.o
#13 898.4 gcc -I"/usr/local/lib/R/include" -DNDEBUG -DUSING_R -I. -Ivendor -Ivendor/cigraph/src -Ivendor/cigraph/include -Ivendor/cigraph/vendor -Ivendor/io/parsers  -I/usr/include/libxml2 -DHAVE_LIBXML -Ivendor/cigraph/vendor/glpk -Ivendor/cigraph/vendor/glpk/env -Ivendor/cigraph/vendor/glpk/minisat -Ivendor/cigraph/vendor/glpk/misc -Ivendor/cigraph/vendor/glpk/draft -Ivendor/cigraph/vendor/glpk/npp -Ivendor/cigraph/vendor/glpk/api -Ivendor/cigraph/vendor/glpk/mpl -Ivendor/cigraph/vendor/glpk/bflib -Ivendor/cigraph/vendor/glpk/amd -Ivendor/cigraph/vendor/glpk/simplex -Ivendor/cigraph/vendor/glpk/colamd -DNDEBUG -DNTIMER -DNPRINT -DIGRAPH_THREAD_LOCAL= -DPRPACK_IGRAPH_SUPPORT -DHAVE_GFORTRAN=1 -D_GNU_SOURCE=1 -I'/usr/local/lib/R/library/cpp11/include' -I/usr/local/include   -fvisibility=hidden -fpic  -g -O2  -c vendor/cigraph/vendor/glpk/misc/spm.c -o vendor/cigraph/vendor/glpk/misc/spm.o
#13 898.7 gcc -I"/usr/local/lib/R/include" -DNDEBUG -DUSING_R -I. -Ivendor -Ivendor/cigraph/src -Ivendor/cigraph/include -Ivendor/cigraph/vendor -Ivendor/io/parsers  -I/usr/include/libxml2 -DHAVE_LIBXML -Ivendor/cigraph/vendor/glpk -Ivendor/cigraph/vendor/glpk/env -Ivendor/cigraph/vendor/glpk/minisat -Ivendor/cigraph/vendor/glpk/misc -Ivendor/cigraph/vendor/glpk/draft -Ivendor/cigraph/vendor/glpk/npp -Ivendor/cigraph/vendor/glpk/api -Ivendor/cigraph/vendor/glpk/mpl -Ivendor/cigraph/vendor/glpk/bflib -Ivendor/cigraph/vendor/glpk/amd -Ivendor/cigraph/vendor/glpk/simplex -Ivendor/cigraph/vendor/glpk/colamd -DNDEBUG -DNTIMER -DNPRINT -DIGRAPH_THREAD_LOCAL= -DPRPACK_IGRAPH_SUPPORT -DHAVE_GFORTRAN=1 -D_GNU_SOURCE=1 -I'/usr/local/lib/R/library/cpp11/include' -I/usr/local/include   -fvisibility=hidden -fpic  -g -O2  -c vendor/cigraph/vendor/glpk/misc/str2int.c -o vendor/cigraph/vendor/glpk/misc/str2int.o
#13 898.8 gcc -I"/usr/local/lib/R/include" -DNDEBUG -DUSING_R -I. -Ivendor -Ivendor/cigraph/src -Ivendor/cigraph/include -Ivendor/cigraph/vendor -Ivendor/io/parsers  -I/usr/include/libxml2 -DHAVE_LIBXML -Ivendor/cigraph/vendor/glpk -Ivendor/cigraph/vendor/glpk/env -Ivendor/cigraph/vendor/glpk/minisat -Ivendor/cigraph/vendor/glpk/misc -Ivendor/cigraph/vendor/glpk/draft -Ivendor/cigraph/vendor/glpk/npp -Ivendor/cigraph/vendor/glpk/api -Ivendor/cigraph/vendor/glpk/mpl -Ivendor/cigraph/vendor/glpk/bflib -Ivendor/cigraph/vendor/glpk/amd -Ivendor/cigraph/vendor/glpk/simplex -Ivendor/cigraph/vendor/glpk/colamd -DNDEBUG -DNTIMER -DNPRINT -DIGRAPH_THREAD_LOCAL= -DPRPACK_IGRAPH_SUPPORT -DHAVE_GFORTRAN=1 -D_GNU_SOURCE=1 -I'/usr/local/lib/R/library/cpp11/include' -I/usr/local/include   -fvisibility=hidden -fpic  -g -O2  -c vendor/cigraph/vendor/glpk/misc/str2num.c -o vendor/cigraph/vendor/glpk/misc/str2num.o
#13 898.8 gcc -I"/usr/local/lib/R/include" -DNDEBUG -DUSING_R -I. -Ivendor -Ivendor/cigraph/src -Ivendor/cigraph/include -Ivendor/cigraph/vendor -Ivendor/io/parsers  -I/usr/include/libxml2 -DHAVE_LIBXML -Ivendor/cigraph/vendor/glpk -Ivendor/cigraph/vendor/glpk/env -Ivendor/cigraph/vendor/glpk/minisat -Ivendor/cigraph/vendor/glpk/misc -Ivendor/cigraph/vendor/glpk/draft -Ivendor/cigraph/vendor/glpk/npp -Ivendor/cigraph/vendor/glpk/api -Ivendor/cigraph/vendor/glpk/mpl -Ivendor/cigraph/vendor/glpk/bflib -Ivendor/cigraph/vendor/glpk/amd -Ivendor/cigraph/vendor/glpk/simplex -Ivendor/cigraph/vendor/glpk/colamd -DNDEBUG -DNTIMER -DNPRINT -DIGRAPH_THREAD_LOCAL= -DPRPACK_IGRAPH_SUPPORT -DHAVE_GFORTRAN=1 -D_GNU_SOURCE=1 -I'/usr/local/lib/R/library/cpp11/include' -I/usr/local/include   -fvisibility=hidden -fpic  -g -O2  -c vendor/cigraph/vendor/glpk/misc/strspx.c -o vendor/cigraph/vendor/glpk/misc/strspx.o
#13 898.9 gcc -I"/usr/local/lib/R/include" -DNDEBUG -DUSING_R -I. -Ivendor -Ivendor/cigraph/src -Ivendor/cigraph/include -Ivendor/cigraph/vendor -Ivendor/io/parsers  -I/usr/include/libxml2 -DHAVE_LIBXML -Ivendor/cigraph/vendor/glpk -Ivendor/cigraph/vendor/glpk/env -Ivendor/cigraph/vendor/glpk/minisat -Ivendor/cigraph/vendor/glpk/misc -Ivendor/cigraph/vendor/glpk/draft -Ivendor/cigraph/vendor/glpk/npp -Ivendor/cigraph/vendor/glpk/api -Ivendor/cigraph/vendor/glpk/mpl -Ivendor/cigraph/vendor/glpk/bflib -Ivendor/cigraph/vendor/glpk/amd -Ivendor/cigraph/vendor/glpk/simplex -Ivendor/cigraph/vendor/glpk/colamd -DNDEBUG -DNTIMER -DNPRINT -DIGRAPH_THREAD_LOCAL= -DPRPACK_IGRAPH_SUPPORT -DHAVE_GFORTRAN=1 -D_GNU_SOURCE=1 -I'/usr/local/lib/R/library/cpp11/include' -I/usr/local/include   -fvisibility=hidden -fpic  -g -O2  -c vendor/cigraph/vendor/glpk/misc/strtrim.c -o vendor/cigraph/vendor/glpk/misc/strtrim.o
#13 898.9 gcc -I"/usr/local/lib/R/include" -DNDEBUG -DUSING_R -I. -Ivendor -Ivendor/cigraph/src -Ivendor/cigraph/include -Ivendor/cigraph/vendor -Ivendor/io/parsers  -I/usr/include/libxml2 -DHAVE_LIBXML -Ivendor/cigraph/vendor/glpk -Ivendor/cigraph/vendor/glpk/env -Ivendor/cigraph/vendor/glpk/minisat -Ivendor/cigraph/vendor/glpk/misc -Ivendor/cigraph/vendor/glpk/draft -Ivendor/cigraph/vendor/glpk/npp -Ivendor/cigraph/vendor/glpk/api -Ivendor/cigraph/vendor/glpk/mpl -Ivendor/cigraph/vendor/glpk/bflib -Ivendor/cigraph/vendor/glpk/amd -Ivendor/cigraph/vendor/glpk/simplex -Ivendor/cigraph/vendor/glpk/colamd -DNDEBUG -DNTIMER -DNPRINT -DIGRAPH_THREAD_LOCAL= -DPRPACK_IGRAPH_SUPPORT -DHAVE_GFORTRAN=1 -D_GNU_SOURCE=1 -I'/usr/local/lib/R/library/cpp11/include' -I/usr/local/include   -fvisibility=hidden -fpic  -g -O2  -c vendor/cigraph/vendor/glpk/misc/triang.c -o vendor/cigraph/vendor/glpk/misc/triang.o
#13 899.1 gcc -I"/usr/local/lib/R/include" -DNDEBUG -DUSING_R -I. -Ivendor -Ivendor/cigraph/src -Ivendor/cigraph/include -Ivendor/cigraph/vendor -Ivendor/io/parsers  -I/usr/include/libxml2 -DHAVE_LIBXML -Ivendor/cigraph/vendor/glpk -Ivendor/cigraph/vendor/glpk/env -Ivendor/cigraph/vendor/glpk/minisat -Ivendor/cigraph/vendor/glpk/misc -Ivendor/cigraph/vendor/glpk/draft -Ivendor/cigraph/vendor/glpk/npp -Ivendor/cigraph/vendor/glpk/api -Ivendor/cigraph/vendor/glpk/mpl -Ivendor/cigraph/vendor/glpk/bflib -Ivendor/cigraph/vendor/glpk/amd -Ivendor/cigraph/vendor/glpk/simplex -Ivendor/cigraph/vendor/glpk/colamd -DNDEBUG -DNTIMER -DNPRINT -DIGRAPH_THREAD_LOCAL= -DPRPACK_IGRAPH_SUPPORT -DHAVE_GFORTRAN=1 -D_GNU_SOURCE=1 -I'/usr/local/lib/R/library/cpp11/include' -I/usr/local/include   -fvisibility=hidden -fpic  -g -O2  -c vendor/cigraph/vendor/glpk/misc/wclique.c -o vendor/cigraph/vendor/glpk/misc/wclique.o
#13 899.3 gcc -I"/usr/local/lib/R/include" -DNDEBUG -DUSING_R -I. -Ivendor -Ivendor/cigraph/src -Ivendor/cigraph/include -Ivendor/cigraph/vendor -Ivendor/io/parsers  -I/usr/include/libxml2 -DHAVE_LIBXML -Ivendor/cigraph/vendor/glpk -Ivendor/cigraph/vendor/glpk/env -Ivendor/cigraph/vendor/glpk/minisat -Ivendor/cigraph/vendor/glpk/misc -Ivendor/cigraph/vendor/glpk/draft -Ivendor/cigraph/vendor/glpk/npp -Ivendor/cigraph/vendor/glpk/api -Ivendor/cigraph/vendor/glpk/mpl -Ivendor/cigraph/vendor/glpk/bflib -Ivendor/cigraph/vendor/glpk/amd -Ivendor/cigraph/vendor/glpk/simplex -Ivendor/cigraph/vendor/glpk/colamd -DNDEBUG -DNTIMER -DNPRINT -DIGRAPH_THREAD_LOCAL= -DPRPACK_IGRAPH_SUPPORT -DHAVE_GFORTRAN=1 -D_GNU_SOURCE=1 -I'/usr/local/lib/R/library/cpp11/include' -I/usr/local/include   -fvisibility=hidden -fpic  -g -O2  -c vendor/cigraph/vendor/glpk/misc/wclique1.c -o vendor/cigraph/vendor/glpk/misc/wclique1.o
#13 899.4 vendor/cigraph/vendor/glpk/misc/wclique1.c: In function ‘_glp_wclique1’:
#13 899.4 vendor/cigraph/vendor/glpk/misc/wclique1.c:111:7: warning: ‘memset’ specified bound between 18446744071562067968 and 18446744073709551615 exceeds maximum object size 9223372036854775807 [-Wstringop-overflow=]
#13 899.4   111 |       memset(&skip[1], 0, sizeof(char) * n);
#13 899.4       |       ^~~~~~~~~~~~~~~~~~~~~~~~~~~~~~~~~~~~~
#13 899.4 vendor/cigraph/vendor/glpk/misc/wclique1.c:113:7: warning: ‘memset’ specified bound between 18446744071562067968 and 18446744073709551615 exceeds maximum object size 9223372036854775807 [-Wstringop-overflow=]
#13 899.4   113 |       memset(&d_flag[1], 0, sizeof(char) * n);
#13 899.4       |       ^~~~~~~~~~~~~~~~~~~~~~~~~~~~~~~~~~~~~~~
#13 899.5 gcc -I"/usr/local/lib/R/include" -DNDEBUG -DUSING_R -I. -Ivendor -Ivendor/cigraph/src -Ivendor/cigraph/include -Ivendor/cigraph/vendor -Ivendor/io/parsers  -I/usr/include/libxml2 -DHAVE_LIBXML -Ivendor/cigraph/vendor/glpk -Ivendor/cigraph/vendor/glpk/env -Ivendor/cigraph/vendor/glpk/minisat -Ivendor/cigraph/vendor/glpk/misc -Ivendor/cigraph/vendor/glpk/draft -Ivendor/cigraph/vendor/glpk/npp -Ivendor/cigraph/vendor/glpk/api -Ivendor/cigraph/vendor/glpk/mpl -Ivendor/cigraph/vendor/glpk/bflib -Ivendor/cigraph/vendor/glpk/amd -Ivendor/cigraph/vendor/glpk/simplex -Ivendor/cigraph/vendor/glpk/colamd -DNDEBUG -DNTIMER -DNPRINT -DIGRAPH_THREAD_LOCAL= -DPRPACK_IGRAPH_SUPPORT -DHAVE_GFORTRAN=1 -D_GNU_SOURCE=1 -I'/usr/local/lib/R/library/cpp11/include' -I/usr/local/include   -fvisibility=hidden -fpic  -g -O2  -c vendor/cigraph/vendor/glpk/mpl/mpl1.c -o vendor/cigraph/vendor/glpk/mpl/mpl1.o
#13 900.8 gcc -I"/usr/local/lib/R/include" -DNDEBUG -DUSING_R -I. -Ivendor -Ivendor/cigraph/src -Ivendor/cigraph/include -Ivendor/cigraph/vendor -Ivendor/io/parsers  -I/usr/include/libxml2 -DHAVE_LIBXML -Ivendor/cigraph/vendor/glpk -Ivendor/cigraph/vendor/glpk/env -Ivendor/cigraph/vendor/glpk/minisat -Ivendor/cigraph/vendor/glpk/misc -Ivendor/cigraph/vendor/glpk/draft -Ivendor/cigraph/vendor/glpk/npp -Ivendor/cigraph/vendor/glpk/api -Ivendor/cigraph/vendor/glpk/mpl -Ivendor/cigraph/vendor/glpk/bflib -Ivendor/cigraph/vendor/glpk/amd -Ivendor/cigraph/vendor/glpk/simplex -Ivendor/cigraph/vendor/glpk/colamd -DNDEBUG -DNTIMER -DNPRINT -DIGRAPH_THREAD_LOCAL= -DPRPACK_IGRAPH_SUPPORT -DHAVE_GFORTRAN=1 -D_GNU_SOURCE=1 -I'/usr/local/lib/R/library/cpp11/include' -I/usr/local/include   -fvisibility=hidden -fpic  -g -O2  -c vendor/cigraph/vendor/glpk/mpl/mpl2.c -o vendor/cigraph/vendor/glpk/mpl/mpl2.o
#13 901.3 gcc -I"/usr/local/lib/R/include" -DNDEBUG -DUSING_R -I. -Ivendor -Ivendor/cigraph/src -Ivendor/cigraph/include -Ivendor/cigraph/vendor -Ivendor/io/parsers  -I/usr/include/libxml2 -DHAVE_LIBXML -Ivendor/cigraph/vendor/glpk -Ivendor/cigraph/vendor/glpk/env -Ivendor/cigraph/vendor/glpk/minisat -Ivendor/cigraph/vendor/glpk/misc -Ivendor/cigraph/vendor/glpk/draft -Ivendor/cigraph/vendor/glpk/npp -Ivendor/cigraph/vendor/glpk/api -Ivendor/cigraph/vendor/glpk/mpl -Ivendor/cigraph/vendor/glpk/bflib -Ivendor/cigraph/vendor/glpk/amd -Ivendor/cigraph/vendor/glpk/simplex -Ivendor/cigraph/vendor/glpk/colamd -DNDEBUG -DNTIMER -DNPRINT -DIGRAPH_THREAD_LOCAL= -DPRPACK_IGRAPH_SUPPORT -DHAVE_GFORTRAN=1 -D_GNU_SOURCE=1 -I'/usr/local/lib/R/library/cpp11/include' -I/usr/local/include   -fvisibility=hidden -fpic  -g -O2  -c vendor/cigraph/vendor/glpk/mpl/mpl3.c -o vendor/cigraph/vendor/glpk/mpl/mpl3.o
#13 903.1 gcc -I"/usr/local/lib/R/include" -DNDEBUG -DUSING_R -I. -Ivendor -Ivendor/cigraph/src -Ivendor/cigraph/include -Ivendor/cigraph/vendor -Ivendor/io/parsers  -I/usr/include/libxml2 -DHAVE_LIBXML -Ivendor/cigraph/vendor/glpk -Ivendor/cigraph/vendor/glpk/env -Ivendor/cigraph/vendor/glpk/minisat -Ivendor/cigraph/vendor/glpk/misc -Ivendor/cigraph/vendor/glpk/draft -Ivendor/cigraph/vendor/glpk/npp -Ivendor/cigraph/vendor/glpk/api -Ivendor/cigraph/vendor/glpk/mpl -Ivendor/cigraph/vendor/glpk/bflib -Ivendor/cigraph/vendor/glpk/amd -Ivendor/cigraph/vendor/glpk/simplex -Ivendor/cigraph/vendor/glpk/colamd -DNDEBUG -DNTIMER -DNPRINT -DIGRAPH_THREAD_LOCAL= -DPRPACK_IGRAPH_SUPPORT -DHAVE_GFORTRAN=1 -D_GNU_SOURCE=1 -I'/usr/local/lib/R/library/cpp11/include' -I/usr/local/include   -fvisibility=hidden -fpic  -g -O2  -c vendor/cigraph/vendor/glpk/mpl/mpl4.c -o vendor/cigraph/vendor/glpk/mpl/mpl4.o
#13 903.4 gcc -I"/usr/local/lib/R/include" -DNDEBUG -DUSING_R -I. -Ivendor -Ivendor/cigraph/src -Ivendor/cigraph/include -Ivendor/cigraph/vendor -Ivendor/io/parsers  -I/usr/include/libxml2 -DHAVE_LIBXML -Ivendor/cigraph/vendor/glpk -Ivendor/cigraph/vendor/glpk/env -Ivendor/cigraph/vendor/glpk/minisat -Ivendor/cigraph/vendor/glpk/misc -Ivendor/cigraph/vendor/glpk/draft -Ivendor/cigraph/vendor/glpk/npp -Ivendor/cigraph/vendor/glpk/api -Ivendor/cigraph/vendor/glpk/mpl -Ivendor/cigraph/vendor/glpk/bflib -Ivendor/cigraph/vendor/glpk/amd -Ivendor/cigraph/vendor/glpk/simplex -Ivendor/cigraph/vendor/glpk/colamd -DNDEBUG -DNTIMER -DNPRINT -DIGRAPH_THREAD_LOCAL= -DPRPACK_IGRAPH_SUPPORT -DHAVE_GFORTRAN=1 -D_GNU_SOURCE=1 -I'/usr/local/lib/R/library/cpp11/include' -I/usr/local/include   -fvisibility=hidden -fpic  -g -O2  -c vendor/cigraph/vendor/glpk/mpl/mpl5.c -o vendor/cigraph/vendor/glpk/mpl/mpl5.o
#13 903.7 gcc -I"/usr/local/lib/R/include" -DNDEBUG -DUSING_R -I. -Ivendor -Ivendor/cigraph/src -Ivendor/cigraph/include -Ivendor/cigraph/vendor -Ivendor/io/parsers  -I/usr/include/libxml2 -DHAVE_LIBXML -Ivendor/cigraph/vendor/glpk -Ivendor/cigraph/vendor/glpk/env -Ivendor/cigraph/vendor/glpk/minisat -Ivendor/cigraph/vendor/glpk/misc -Ivendor/cigraph/vendor/glpk/draft -Ivendor/cigraph/vendor/glpk/npp -Ivendor/cigraph/vendor/glpk/api -Ivendor/cigraph/vendor/glpk/mpl -Ivendor/cigraph/vendor/glpk/bflib -Ivendor/cigraph/vendor/glpk/amd -Ivendor/cigraph/vendor/glpk/simplex -Ivendor/cigraph/vendor/glpk/colamd -DNDEBUG -DNTIMER -DNPRINT -DIGRAPH_THREAD_LOCAL= -DPRPACK_IGRAPH_SUPPORT -DHAVE_GFORTRAN=1 -D_GNU_SOURCE=1 -I'/usr/local/lib/R/library/cpp11/include' -I/usr/local/include   -fvisibility=hidden -fpic  -g -O2  -c vendor/cigraph/vendor/glpk/mpl/mpl6.c -o vendor/cigraph/vendor/glpk/mpl/mpl6.o
#13 904.1 gcc -I"/usr/local/lib/R/include" -DNDEBUG -DUSING_R -I. -Ivendor -Ivendor/cigraph/src -Ivendor/cigraph/include -Ivendor/cigraph/vendor -Ivendor/io/parsers  -I/usr/include/libxml2 -DHAVE_LIBXML -Ivendor/cigraph/vendor/glpk -Ivendor/cigraph/vendor/glpk/env -Ivendor/cigraph/vendor/glpk/minisat -Ivendor/cigraph/vendor/glpk/misc -Ivendor/cigraph/vendor/glpk/draft -Ivendor/cigraph/vendor/glpk/npp -Ivendor/cigraph/vendor/glpk/api -Ivendor/cigraph/vendor/glpk/mpl -Ivendor/cigraph/vendor/glpk/bflib -Ivendor/cigraph/vendor/glpk/amd -Ivendor/cigraph/vendor/glpk/simplex -Ivendor/cigraph/vendor/glpk/colamd -DNDEBUG -DNTIMER -DNPRINT -DIGRAPH_THREAD_LOCAL= -DPRPACK_IGRAPH_SUPPORT -DHAVE_GFORTRAN=1 -D_GNU_SOURCE=1 -I'/usr/local/lib/R/library/cpp11/include' -I/usr/local/include   -fvisibility=hidden -fpic  -g -O2  -c vendor/cigraph/vendor/glpk/mpl/mplsql.c -o vendor/cigraph/vendor/glpk/mpl/mplsql.o
#13 904.2 gcc -I"/usr/local/lib/R/include" -DNDEBUG -DUSING_R -I. -Ivendor -Ivendor/cigraph/src -Ivendor/cigraph/include -Ivendor/cigraph/vendor -Ivendor/io/parsers  -I/usr/include/libxml2 -DHAVE_LIBXML -Ivendor/cigraph/vendor/glpk -Ivendor/cigraph/vendor/glpk/env -Ivendor/cigraph/vendor/glpk/minisat -Ivendor/cigraph/vendor/glpk/misc -Ivendor/cigraph/vendor/glpk/draft -Ivendor/cigraph/vendor/glpk/npp -Ivendor/cigraph/vendor/glpk/api -Ivendor/cigraph/vendor/glpk/mpl -Ivendor/cigraph/vendor/glpk/bflib -Ivendor/cigraph/vendor/glpk/amd -Ivendor/cigraph/vendor/glpk/simplex -Ivendor/cigraph/vendor/glpk/colamd -DNDEBUG -DNTIMER -DNPRINT -DIGRAPH_THREAD_LOCAL= -DPRPACK_IGRAPH_SUPPORT -DHAVE_GFORTRAN=1 -D_GNU_SOURCE=1 -I'/usr/local/lib/R/library/cpp11/include' -I/usr/local/include   -fvisibility=hidden -fpic  -g -O2  -c vendor/cigraph/vendor/glpk/npp/npp1.c -o vendor/cigraph/vendor/glpk/npp/npp1.o
#13 904.6 gcc -I"/usr/local/lib/R/include" -DNDEBUG -DUSING_R -I. -Ivendor -Ivendor/cigraph/src -Ivendor/cigraph/include -Ivendor/cigraph/vendor -Ivendor/io/parsers  -I/usr/include/libxml2 -DHAVE_LIBXML -Ivendor/cigraph/vendor/glpk -Ivendor/cigraph/vendor/glpk/env -Ivendor/cigraph/vendor/glpk/minisat -Ivendor/cigraph/vendor/glpk/misc -Ivendor/cigraph/vendor/glpk/draft -Ivendor/cigraph/vendor/glpk/npp -Ivendor/cigraph/vendor/glpk/api -Ivendor/cigraph/vendor/glpk/mpl -Ivendor/cigraph/vendor/glpk/bflib -Ivendor/cigraph/vendor/glpk/amd -Ivendor/cigraph/vendor/glpk/simplex -Ivendor/cigraph/vendor/glpk/colamd -DNDEBUG -DNTIMER -DNPRINT -DIGRAPH_THREAD_LOCAL= -DPRPACK_IGRAPH_SUPPORT -DHAVE_GFORTRAN=1 -D_GNU_SOURCE=1 -I'/usr/local/lib/R/library/cpp11/include' -I/usr/local/include   -fvisibility=hidden -fpic  -g -O2  -c vendor/cigraph/vendor/glpk/npp/npp2.c -o vendor/cigraph/vendor/glpk/npp/npp2.o
#13 904.8 gcc -I"/usr/local/lib/R/include" -DNDEBUG -DUSING_R -I. -Ivendor -Ivendor/cigraph/src -Ivendor/cigraph/include -Ivendor/cigraph/vendor -Ivendor/io/parsers  -I/usr/include/libxml2 -DHAVE_LIBXML -Ivendor/cigraph/vendor/glpk -Ivendor/cigraph/vendor/glpk/env -Ivendor/cigraph/vendor/glpk/minisat -Ivendor/cigraph/vendor/glpk/misc -Ivendor/cigraph/vendor/glpk/draft -Ivendor/cigraph/vendor/glpk/npp -Ivendor/cigraph/vendor/glpk/api -Ivendor/cigraph/vendor/glpk/mpl -Ivendor/cigraph/vendor/glpk/bflib -Ivendor/cigraph/vendor/glpk/amd -Ivendor/cigraph/vendor/glpk/simplex -Ivendor/cigraph/vendor/glpk/colamd -DNDEBUG -DNTIMER -DNPRINT -DIGRAPH_THREAD_LOCAL= -DPRPACK_IGRAPH_SUPPORT -DHAVE_GFORTRAN=1 -D_GNU_SOURCE=1 -I'/usr/local/lib/R/library/cpp11/include' -I/usr/local/include   -fvisibility=hidden -fpic  -g -O2  -c vendor/cigraph/vendor/glpk/npp/npp3.c -o vendor/cigraph/vendor/glpk/npp/npp3.o
#13 905.3 gcc -I"/usr/local/lib/R/include" -DNDEBUG -DUSING_R -I. -Ivendor -Ivendor/cigraph/src -Ivendor/cigraph/include -Ivendor/cigraph/vendor -Ivendor/io/parsers  -I/usr/include/libxml2 -DHAVE_LIBXML -Ivendor/cigraph/vendor/glpk -Ivendor/cigraph/vendor/glpk/env -Ivendor/cigraph/vendor/glpk/minisat -Ivendor/cigraph/vendor/glpk/misc -Ivendor/cigraph/vendor/glpk/draft -Ivendor/cigraph/vendor/glpk/npp -Ivendor/cigraph/vendor/glpk/api -Ivendor/cigraph/vendor/glpk/mpl -Ivendor/cigraph/vendor/glpk/bflib -Ivendor/cigraph/vendor/glpk/amd -Ivendor/cigraph/vendor/glpk/simplex -Ivendor/cigraph/vendor/glpk/colamd -DNDEBUG -DNTIMER -DNPRINT -DIGRAPH_THREAD_LOCAL= -DPRPACK_IGRAPH_SUPPORT -DHAVE_GFORTRAN=1 -D_GNU_SOURCE=1 -I'/usr/local/lib/R/library/cpp11/include' -I/usr/local/include   -fvisibility=hidden -fpic  -g -O2  -c vendor/cigraph/vendor/glpk/npp/npp4.c -o vendor/cigraph/vendor/glpk/npp/npp4.o
#13 905.6 gcc -I"/usr/local/lib/R/include" -DNDEBUG -DUSING_R -I. -Ivendor -Ivendor/cigraph/src -Ivendor/cigraph/include -Ivendor/cigraph/vendor -Ivendor/io/parsers  -I/usr/include/libxml2 -DHAVE_LIBXML -Ivendor/cigraph/vendor/glpk -Ivendor/cigraph/vendor/glpk/env -Ivendor/cigraph/vendor/glpk/minisat -Ivendor/cigraph/vendor/glpk/misc -Ivendor/cigraph/vendor/glpk/draft -Ivendor/cigraph/vendor/glpk/npp -Ivendor/cigraph/vendor/glpk/api -Ivendor/cigraph/vendor/glpk/mpl -Ivendor/cigraph/vendor/glpk/bflib -Ivendor/cigraph/vendor/glpk/amd -Ivendor/cigraph/vendor/glpk/simplex -Ivendor/cigraph/vendor/glpk/colamd -DNDEBUG -DNTIMER -DNPRINT -DIGRAPH_THREAD_LOCAL= -DPRPACK_IGRAPH_SUPPORT -DHAVE_GFORTRAN=1 -D_GNU_SOURCE=1 -I'/usr/local/lib/R/library/cpp11/include' -I/usr/local/include   -fvisibility=hidden -fpic  -g -O2  -c vendor/cigraph/vendor/glpk/npp/npp5.c -o vendor/cigraph/vendor/glpk/npp/npp5.o
#13 905.8 gcc -I"/usr/local/lib/R/include" -DNDEBUG -DUSING_R -I. -Ivendor -Ivendor/cigraph/src -Ivendor/cigraph/include -Ivendor/cigraph/vendor -Ivendor/io/parsers  -I/usr/include/libxml2 -DHAVE_LIBXML -Ivendor/cigraph/vendor/glpk -Ivendor/cigraph/vendor/glpk/env -Ivendor/cigraph/vendor/glpk/minisat -Ivendor/cigraph/vendor/glpk/misc -Ivendor/cigraph/vendor/glpk/draft -Ivendor/cigraph/vendor/glpk/npp -Ivendor/cigraph/vendor/glpk/api -Ivendor/cigraph/vendor/glpk/mpl -Ivendor/cigraph/vendor/glpk/bflib -Ivendor/cigraph/vendor/glpk/amd -Ivendor/cigraph/vendor/glpk/simplex -Ivendor/cigraph/vendor/glpk/colamd -DNDEBUG -DNTIMER -DNPRINT -DIGRAPH_THREAD_LOCAL= -DPRPACK_IGRAPH_SUPPORT -DHAVE_GFORTRAN=1 -D_GNU_SOURCE=1 -I'/usr/local/lib/R/library/cpp11/include' -I/usr/local/include   -fvisibility=hidden -fpic  -g -O2  -c vendor/cigraph/vendor/glpk/npp/npp6.c -o vendor/cigraph/vendor/glpk/npp/npp6.o
#13 906.1 vendor/cigraph/vendor/glpk/npp/npp6.c: In function ‘_glp_npp_sat_encode_sum_ax’:
#13 906.1 vendor/cigraph/vendor/glpk/npp/npp6.c:853:17: warning: ‘__builtin_memset’ writing between 256 and 17179869176 bytes into a region of size 248 overflows the destination [-Wstringop-overflow=]
#13 906.1   853 |          set[k] = NULL;
#13 906.1       |                 ^
#13 906.1 vendor/cigraph/vendor/glpk/npp/npp6.c:836:15: note: at offset 8 into destination object ‘set’ of size 256
#13 906.1   836 |       NPPLSE *set[1+NBIT_MAX], *lse;
#13 906.1       |               ^~~
#13 906.3 gcc -I"/usr/local/lib/R/include" -DNDEBUG -DUSING_R -I. -Ivendor -Ivendor/cigraph/src -Ivendor/cigraph/include -Ivendor/cigraph/vendor -Ivendor/io/parsers  -I/usr/include/libxml2 -DHAVE_LIBXML -Ivendor/cigraph/vendor/glpk -Ivendor/cigraph/vendor/glpk/env -Ivendor/cigraph/vendor/glpk/minisat -Ivendor/cigraph/vendor/glpk/misc -Ivendor/cigraph/vendor/glpk/draft -Ivendor/cigraph/vendor/glpk/npp -Ivendor/cigraph/vendor/glpk/api -Ivendor/cigraph/vendor/glpk/mpl -Ivendor/cigraph/vendor/glpk/bflib -Ivendor/cigraph/vendor/glpk/amd -Ivendor/cigraph/vendor/glpk/simplex -Ivendor/cigraph/vendor/glpk/colamd -DNDEBUG -DNTIMER -DNPRINT -DIGRAPH_THREAD_LOCAL= -DPRPACK_IGRAPH_SUPPORT -DHAVE_GFORTRAN=1 -D_GNU_SOURCE=1 -I'/usr/local/lib/R/library/cpp11/include' -I/usr/local/include   -fvisibility=hidden -fpic  -g -O2  -c vendor/cigraph/vendor/glpk/proxy/main.c -o vendor/cigraph/vendor/glpk/proxy/main.o
#13 906.3 gcc -I"/usr/local/lib/R/include" -DNDEBUG -DUSING_R -I. -Ivendor -Ivendor/cigraph/src -Ivendor/cigraph/include -Ivendor/cigraph/vendor -Ivendor/io/parsers  -I/usr/include/libxml2 -DHAVE_LIBXML -Ivendor/cigraph/vendor/glpk -Ivendor/cigraph/vendor/glpk/env -Ivendor/cigraph/vendor/glpk/minisat -Ivendor/cigraph/vendor/glpk/misc -Ivendor/cigraph/vendor/glpk/draft -Ivendor/cigraph/vendor/glpk/npp -Ivendor/cigraph/vendor/glpk/api -Ivendor/cigraph/vendor/glpk/mpl -Ivendor/cigraph/vendor/glpk/bflib -Ivendor/cigraph/vendor/glpk/amd -Ivendor/cigraph/vendor/glpk/simplex -Ivendor/cigraph/vendor/glpk/colamd -DNDEBUG -DNTIMER -DNPRINT -DIGRAPH_THREAD_LOCAL= -DPRPACK_IGRAPH_SUPPORT -DHAVE_GFORTRAN=1 -D_GNU_SOURCE=1 -I'/usr/local/lib/R/library/cpp11/include' -I/usr/local/include   -fvisibility=hidden -fpic  -g -O2  -c vendor/cigraph/vendor/glpk/proxy/proxy.c -o vendor/cigraph/vendor/glpk/proxy/proxy.o
#13 906.6 gcc -I"/usr/local/lib/R/include" -DNDEBUG -DUSING_R -I. -Ivendor -Ivendor/cigraph/src -Ivendor/cigraph/include -Ivendor/cigraph/vendor -Ivendor/io/parsers  -I/usr/include/libxml2 -DHAVE_LIBXML -Ivendor/cigraph/vendor/glpk -Ivendor/cigraph/vendor/glpk/env -Ivendor/cigraph/vendor/glpk/minisat -Ivendor/cigraph/vendor/glpk/misc -Ivendor/cigraph/vendor/glpk/draft -Ivendor/cigraph/vendor/glpk/npp -Ivendor/cigraph/vendor/glpk/api -Ivendor/cigraph/vendor/glpk/mpl -Ivendor/cigraph/vendor/glpk/bflib -Ivendor/cigraph/vendor/glpk/amd -Ivendor/cigraph/vendor/glpk/simplex -Ivendor/cigraph/vendor/glpk/colamd -DNDEBUG -DNTIMER -DNPRINT -DIGRAPH_THREAD_LOCAL= -DPRPACK_IGRAPH_SUPPORT -DHAVE_GFORTRAN=1 -D_GNU_SOURCE=1 -I'/usr/local/lib/R/library/cpp11/include' -I/usr/local/include   -fvisibility=hidden -fpic  -g -O2  -c vendor/cigraph/vendor/glpk/proxy/proxy1.c -o vendor/cigraph/vendor/glpk/proxy/proxy1.o
#13 906.7 gcc -I"/usr/local/lib/R/include" -DNDEBUG -DUSING_R -I. -Ivendor -Ivendor/cigraph/src -Ivendor/cigraph/include -Ivendor/cigraph/vendor -Ivendor/io/parsers  -I/usr/include/libxml2 -DHAVE_LIBXML -Ivendor/cigraph/vendor/glpk -Ivendor/cigraph/vendor/glpk/env -Ivendor/cigraph/vendor/glpk/minisat -Ivendor/cigraph/vendor/glpk/misc -Ivendor/cigraph/vendor/glpk/draft -Ivendor/cigraph/vendor/glpk/npp -Ivendor/cigraph/vendor/glpk/api -Ivendor/cigraph/vendor/glpk/mpl -Ivendor/cigraph/vendor/glpk/bflib -Ivendor/cigraph/vendor/glpk/amd -Ivendor/cigraph/vendor/glpk/simplex -Ivendor/cigraph/vendor/glpk/colamd -DNDEBUG -DNTIMER -DNPRINT -DIGRAPH_THREAD_LOCAL= -DPRPACK_IGRAPH_SUPPORT -DHAVE_GFORTRAN=1 -D_GNU_SOURCE=1 -I'/usr/local/lib/R/library/cpp11/include' -I/usr/local/include   -fvisibility=hidden -fpic  -g -O2  -c vendor/cigraph/vendor/glpk/simplex/spxat.c -o vendor/cigraph/vendor/glpk/simplex/spxat.o
#13 906.9 gcc -I"/usr/local/lib/R/include" -DNDEBUG -DUSING_R -I. -Ivendor -Ivendor/cigraph/src -Ivendor/cigraph/include -Ivendor/cigraph/vendor -Ivendor/io/parsers  -I/usr/include/libxml2 -DHAVE_LIBXML -Ivendor/cigraph/vendor/glpk -Ivendor/cigraph/vendor/glpk/env -Ivendor/cigraph/vendor/glpk/minisat -Ivendor/cigraph/vendor/glpk/misc -Ivendor/cigraph/vendor/glpk/draft -Ivendor/cigraph/vendor/glpk/npp -Ivendor/cigraph/vendor/glpk/api -Ivendor/cigraph/vendor/glpk/mpl -Ivendor/cigraph/vendor/glpk/bflib -Ivendor/cigraph/vendor/glpk/amd -Ivendor/cigraph/vendor/glpk/simplex -Ivendor/cigraph/vendor/glpk/colamd -DNDEBUG -DNTIMER -DNPRINT -DIGRAPH_THREAD_LOCAL= -DPRPACK_IGRAPH_SUPPORT -DHAVE_GFORTRAN=1 -D_GNU_SOURCE=1 -I'/usr/local/lib/R/library/cpp11/include' -I/usr/local/include   -fvisibility=hidden -fpic  -g -O2  -c vendor/cigraph/vendor/glpk/simplex/spxchuzc.c -o vendor/cigraph/vendor/glpk/simplex/spxchuzc.o
#13 907.0 gcc -I"/usr/local/lib/R/include" -DNDEBUG -DUSING_R -I. -Ivendor -Ivendor/cigraph/src -Ivendor/cigraph/include -Ivendor/cigraph/vendor -Ivendor/io/parsers  -I/usr/include/libxml2 -DHAVE_LIBXML -Ivendor/cigraph/vendor/glpk -Ivendor/cigraph/vendor/glpk/env -Ivendor/cigraph/vendor/glpk/minisat -Ivendor/cigraph/vendor/glpk/misc -Ivendor/cigraph/vendor/glpk/draft -Ivendor/cigraph/vendor/glpk/npp -Ivendor/cigraph/vendor/glpk/api -Ivendor/cigraph/vendor/glpk/mpl -Ivendor/cigraph/vendor/glpk/bflib -Ivendor/cigraph/vendor/glpk/amd -Ivendor/cigraph/vendor/glpk/simplex -Ivendor/cigraph/vendor/glpk/colamd -DNDEBUG -DNTIMER -DNPRINT -DIGRAPH_THREAD_LOCAL= -DPRPACK_IGRAPH_SUPPORT -DHAVE_GFORTRAN=1 -D_GNU_SOURCE=1 -I'/usr/local/lib/R/library/cpp11/include' -I/usr/local/include   -fvisibility=hidden -fpic  -g -O2  -c vendor/cigraph/vendor/glpk/simplex/spxchuzr.c -o vendor/cigraph/vendor/glpk/simplex/spxchuzr.o
#13 907.3 gcc -I"/usr/local/lib/R/include" -DNDEBUG -DUSING_R -I. -Ivendor -Ivendor/cigraph/src -Ivendor/cigraph/include -Ivendor/cigraph/vendor -Ivendor/io/parsers  -I/usr/include/libxml2 -DHAVE_LIBXML -Ivendor/cigraph/vendor/glpk -Ivendor/cigraph/vendor/glpk/env -Ivendor/cigraph/vendor/glpk/minisat -Ivendor/cigraph/vendor/glpk/misc -Ivendor/cigraph/vendor/glpk/draft -Ivendor/cigraph/vendor/glpk/npp -Ivendor/cigraph/vendor/glpk/api -Ivendor/cigraph/vendor/glpk/mpl -Ivendor/cigraph/vendor/glpk/bflib -Ivendor/cigraph/vendor/glpk/amd -Ivendor/cigraph/vendor/glpk/simplex -Ivendor/cigraph/vendor/glpk/colamd -DNDEBUG -DNTIMER -DNPRINT -DIGRAPH_THREAD_LOCAL= -DPRPACK_IGRAPH_SUPPORT -DHAVE_GFORTRAN=1 -D_GNU_SOURCE=1 -I'/usr/local/lib/R/library/cpp11/include' -I/usr/local/include   -fvisibility=hidden -fpic  -g -O2  -c vendor/cigraph/vendor/glpk/simplex/spxlp.c -o vendor/cigraph/vendor/glpk/simplex/spxlp.o
#13 907.6 gcc -I"/usr/local/lib/R/include" -DNDEBUG -DUSING_R -I. -Ivendor -Ivendor/cigraph/src -Ivendor/cigraph/include -Ivendor/cigraph/vendor -Ivendor/io/parsers  -I/usr/include/libxml2 -DHAVE_LIBXML -Ivendor/cigraph/vendor/glpk -Ivendor/cigraph/vendor/glpk/env -Ivendor/cigraph/vendor/glpk/minisat -Ivendor/cigraph/vendor/glpk/misc -Ivendor/cigraph/vendor/glpk/draft -Ivendor/cigraph/vendor/glpk/npp -Ivendor/cigraph/vendor/glpk/api -Ivendor/cigraph/vendor/glpk/mpl -Ivendor/cigraph/vendor/glpk/bflib -Ivendor/cigraph/vendor/glpk/amd -Ivendor/cigraph/vendor/glpk/simplex -Ivendor/cigraph/vendor/glpk/colamd -DNDEBUG -DNTIMER -DNPRINT -DIGRAPH_THREAD_LOCAL= -DPRPACK_IGRAPH_SUPPORT -DHAVE_GFORTRAN=1 -D_GNU_SOURCE=1 -I'/usr/local/lib/R/library/cpp11/include' -I/usr/local/include   -fvisibility=hidden -fpic  -g -O2  -c vendor/cigraph/vendor/glpk/simplex/spxnt.c -o vendor/cigraph/vendor/glpk/simplex/spxnt.o
#13 907.8 gcc -I"/usr/local/lib/R/include" -DNDEBUG -DUSING_R -I. -Ivendor -Ivendor/cigraph/src -Ivendor/cigraph/include -Ivendor/cigraph/vendor -Ivendor/io/parsers  -I/usr/include/libxml2 -DHAVE_LIBXML -Ivendor/cigraph/vendor/glpk -Ivendor/cigraph/vendor/glpk/env -Ivendor/cigraph/vendor/glpk/minisat -Ivendor/cigraph/vendor/glpk/misc -Ivendor/cigraph/vendor/glpk/draft -Ivendor/cigraph/vendor/glpk/npp -Ivendor/cigraph/vendor/glpk/api -Ivendor/cigraph/vendor/glpk/mpl -Ivendor/cigraph/vendor/glpk/bflib -Ivendor/cigraph/vendor/glpk/amd -Ivendor/cigraph/vendor/glpk/simplex -Ivendor/cigraph/vendor/glpk/colamd -DNDEBUG -DNTIMER -DNPRINT -DIGRAPH_THREAD_LOCAL= -DPRPACK_IGRAPH_SUPPORT -DHAVE_GFORTRAN=1 -D_GNU_SOURCE=1 -I'/usr/local/lib/R/library/cpp11/include' -I/usr/local/include   -fvisibility=hidden -fpic  -g -O2  -c vendor/cigraph/vendor/glpk/simplex/spxprim.c -o vendor/cigraph/vendor/glpk/simplex/spxprim.o
#13 908.3 gcc -I"/usr/local/lib/R/include" -DNDEBUG -DUSING_R -I. -Ivendor -Ivendor/cigraph/src -Ivendor/cigraph/include -Ivendor/cigraph/vendor -Ivendor/io/parsers  -I/usr/include/libxml2 -DHAVE_LIBXML -Ivendor/cigraph/vendor/glpk -Ivendor/cigraph/vendor/glpk/env -Ivendor/cigraph/vendor/glpk/minisat -Ivendor/cigraph/vendor/glpk/misc -Ivendor/cigraph/vendor/glpk/draft -Ivendor/cigraph/vendor/glpk/npp -Ivendor/cigraph/vendor/glpk/api -Ivendor/cigraph/vendor/glpk/mpl -Ivendor/cigraph/vendor/glpk/bflib -Ivendor/cigraph/vendor/glpk/amd -Ivendor/cigraph/vendor/glpk/simplex -Ivendor/cigraph/vendor/glpk/colamd -DNDEBUG -DNTIMER -DNPRINT -DIGRAPH_THREAD_LOCAL= -DPRPACK_IGRAPH_SUPPORT -DHAVE_GFORTRAN=1 -D_GNU_SOURCE=1 -I'/usr/local/lib/R/library/cpp11/include' -I/usr/local/include   -fvisibility=hidden -fpic  -g -O2  -c vendor/cigraph/vendor/glpk/simplex/spxprob.c -o vendor/cigraph/vendor/glpk/simplex/spxprob.o
#13 908.6 gcc -I"/usr/local/lib/R/include" -DNDEBUG -DUSING_R -I. -Ivendor -Ivendor/cigraph/src -Ivendor/cigraph/include -Ivendor/cigraph/vendor -Ivendor/io/parsers  -I/usr/include/libxml2 -DHAVE_LIBXML -Ivendor/cigraph/vendor/glpk -Ivendor/cigraph/vendor/glpk/env -Ivendor/cigraph/vendor/glpk/minisat -Ivendor/cigraph/vendor/glpk/misc -Ivendor/cigraph/vendor/glpk/draft -Ivendor/cigraph/vendor/glpk/npp -Ivendor/cigraph/vendor/glpk/api -Ivendor/cigraph/vendor/glpk/mpl -Ivendor/cigraph/vendor/glpk/bflib -Ivendor/cigraph/vendor/glpk/amd -Ivendor/cigraph/vendor/glpk/simplex -Ivendor/cigraph/vendor/glpk/colamd -DNDEBUG -DNTIMER -DNPRINT -DIGRAPH_THREAD_LOCAL= -DPRPACK_IGRAPH_SUPPORT -DHAVE_GFORTRAN=1 -D_GNU_SOURCE=1 -I'/usr/local/lib/R/library/cpp11/include' -I/usr/local/include   -fvisibility=hidden -fpic  -g -O2  -c vendor/cigraph/vendor/glpk/simplex/spychuzc.c -o vendor/cigraph/vendor/glpk/simplex/spychuzc.o
#13 908.8 gcc -I"/usr/local/lib/R/include" -DNDEBUG -DUSING_R -I. -Ivendor -Ivendor/cigraph/src -Ivendor/cigraph/include -Ivendor/cigraph/vendor -Ivendor/io/parsers  -I/usr/include/libxml2 -DHAVE_LIBXML -Ivendor/cigraph/vendor/glpk -Ivendor/cigraph/vendor/glpk/env -Ivendor/cigraph/vendor/glpk/minisat -Ivendor/cigraph/vendor/glpk/misc -Ivendor/cigraph/vendor/glpk/draft -Ivendor/cigraph/vendor/glpk/npp -Ivendor/cigraph/vendor/glpk/api -Ivendor/cigraph/vendor/glpk/mpl -Ivendor/cigraph/vendor/glpk/bflib -Ivendor/cigraph/vendor/glpk/amd -Ivendor/cigraph/vendor/glpk/simplex -Ivendor/cigraph/vendor/glpk/colamd -DNDEBUG -DNTIMER -DNPRINT -DIGRAPH_THREAD_LOCAL= -DPRPACK_IGRAPH_SUPPORT -DHAVE_GFORTRAN=1 -D_GNU_SOURCE=1 -I'/usr/local/lib/R/library/cpp11/include' -I/usr/local/include   -fvisibility=hidden -fpic  -g -O2  -c vendor/cigraph/vendor/glpk/simplex/spychuzr.c -o vendor/cigraph/vendor/glpk/simplex/spychuzr.o
#13 909.0 gcc -I"/usr/local/lib/R/include" -DNDEBUG -DUSING_R -I. -Ivendor -Ivendor/cigraph/src -Ivendor/cigraph/include -Ivendor/cigraph/vendor -Ivendor/io/parsers  -I/usr/include/libxml2 -DHAVE_LIBXML -Ivendor/cigraph/vendor/glpk -Ivendor/cigraph/vendor/glpk/env -Ivendor/cigraph/vendor/glpk/minisat -Ivendor/cigraph/vendor/glpk/misc -Ivendor/cigraph/vendor/glpk/draft -Ivendor/cigraph/vendor/glpk/npp -Ivendor/cigraph/vendor/glpk/api -Ivendor/cigraph/vendor/glpk/mpl -Ivendor/cigraph/vendor/glpk/bflib -Ivendor/cigraph/vendor/glpk/amd -Ivendor/cigraph/vendor/glpk/simplex -Ivendor/cigraph/vendor/glpk/colamd -DNDEBUG -DNTIMER -DNPRINT -DIGRAPH_THREAD_LOCAL= -DPRPACK_IGRAPH_SUPPORT -DHAVE_GFORTRAN=1 -D_GNU_SOURCE=1 -I'/usr/local/lib/R/library/cpp11/include' -I/usr/local/include   -fvisibility=hidden -fpic  -g -O2  -c vendor/cigraph/vendor/glpk/simplex/spydual.c -o vendor/cigraph/vendor/glpk/simplex/spydual.o
#13 909.6 g++ -std=gnu++17 -shared -L/usr/local/lib/R/lib -L/usr/local/lib -o igraph.so cpp11.o cpprinterface.o init.o rinterface.o rinterface_extra.o rrandom.o simpleraytracer.o vendor/arpack/dgetv0.o vendor/arpack/dlaqrb.o vendor/arpack/dmout.o vendor/arpack/dnaitr.o vendor/arpack/dnapps.o vendor/arpack/dnaup2.o vendor/arpack/dnaupd.o vendor/arpack/dnconv.o vendor/arpack/dneigh.o vendor/arpack/dneupd.o vendor/arpack/dngets.o vendor/arpack/dsaitr.o vendor/arpack/dsapps.o vendor/arpack/dsaup2.o vendor/arpack/dsaupd.o vendor/arpack/dsconv.o vendor/arpack/dseigt.o vendor/arpack/dsesrt.o vendor/arpack/dseupd.o vendor/arpack/dsgets.o vendor/arpack/dsortc.o vendor/arpack/dsortr.o vendor/arpack/dstatn.o vendor/arpack/dstats.o vendor/arpack/dstqrb.o vendor/arpack/dvout.o vendor/arpack/ivout.o vendor/arpack/second.o vendor/arpack/wrap.o vendor/cigraph/src/centrality/betweenness.o vendor/cigraph/src/centrality/centrality_other.o vendor/cigraph/src/centrality/centralization.o vendor/cigraph/src/centrality/closeness.o vendor/cigraph/src/centrality/coreness.o vendor/cigraph/src/centrality/eigenvector.o vendor/cigraph/src/centrality/hub_authority.o vendor/cigraph/src/centrality/pagerank.o vendor/cigraph/src/centrality/prpack.o vendor/cigraph/src/centrality/prpack/prpack_base_graph.o vendor/cigraph/src/centrality/prpack/prpack_igraph_graph.o vendor/cigraph/src/centrality/prpack/prpack_preprocessed_ge_graph.o vendor/cigraph/src/centrality/prpack/prpack_preprocessed_gs_graph.o vendor/cigraph/src/centrality/prpack/prpack_preprocessed_scc_graph.o vendor/cigraph/src/centrality/prpack/prpack_preprocessed_schur_graph.o vendor/cigraph/src/centrality/prpack/prpack_result.o vendor/cigraph/src/centrality/prpack/prpack_solver.o vendor/cigraph/src/centrality/prpack/prpack_utils.o vendor/cigraph/src/centrality/truss.o vendor/cigraph/src/cliques/cliquer/cliquer.o vendor/cigraph/src/cliques/cliquer/cliquer_graph.o vendor/cigraph/src/cliques/cliquer/reorder.o vendor/cigraph/src/cliques/cliquer_wrapper.o vendor/cigraph/src/cliques/cliques.o vendor/cigraph/src/cliques/glet.o vendor/cigraph/src/cliques/maximal_cliques.o vendor/cigraph/src/community/community_misc.o vendor/cigraph/src/community/edge_betweenness.o vendor/cigraph/src/community/fast_modularity.o vendor/cigraph/src/community/fluid.o vendor/cigraph/src/community/infomap/infomap.o vendor/cigraph/src/community/infomap/infomap_FlowGraph.o vendor/cigraph/src/community/infomap/infomap_Greedy.o vendor/cigraph/src/community/label_propagation.o vendor/cigraph/src/community/leading_eigenvector.o vendor/cigraph/src/community/leiden.o vendor/cigraph/src/community/louvain.o vendor/cigraph/src/community/modularity.o vendor/cigraph/src/community/optimal_modularity.o vendor/cigraph/src/community/spinglass/NetDataTypes.o vendor/cigraph/src/community/spinglass/NetRoutines.o vendor/cigraph/src/community/spinglass/clustertool.o vendor/cigraph/src/community/spinglass/pottsmodel_2.o vendor/cigraph/src/community/voronoi.o vendor/cigraph/src/community/walktrap/walktrap.o vendor/cigraph/src/community/walktrap/walktrap_communities.o vendor/cigraph/src/community/walktrap/walktrap_graph.o vendor/cigraph/src/community/walktrap/walktrap_heap.o vendor/cigraph/src/connectivity/cohesive_blocks.o vendor/cigraph/src/connectivity/components.o vendor/cigraph/src/connectivity/reachability.o vendor/cigraph/src/connectivity/separators.o vendor/cigraph/src/constructors/adjacency.o vendor/cigraph/src/constructors/atlas.o vendor/cigraph/src/constructors/basic_constructors.o vendor/cigraph/src/constructors/circulant.o vendor/cigraph/src/constructors/de_bruijn.o vendor/cigraph/src/constructors/famous.o vendor/cigraph/src/constructors/full.o vendor/cigraph/src/constructors/generalized_petersen.o vendor/cigraph/src/constructors/kautz.o vendor/cigraph/src/constructors/lattices.o vendor/cigraph/src/constructors/lcf.o vendor/cigraph/src/constructors/linegraph.o vendor/cigraph/src/constructors/prufer.o vendor/cigraph/src/constructors/regular.o vendor/cigraph/src/constructors/trees.o vendor/cigraph/src/core/array.o vendor/cigraph/src/core/bitset.o vendor/cigraph/src/core/bitset_list.o vendor/cigraph/src/core/buckets.o vendor/cigraph/src/core/cutheap.o vendor/cigraph/src/core/dqueue.o vendor/cigraph/src/core/error.o vendor/cigraph/src/core/estack.o vendor/cigraph/src/core/fixed_vectorlist.o vendor/cigraph/src/core/genheap.o vendor/cigraph/src/core/grid.o vendor/cigraph/src/core/heap.o vendor/cigraph/src/core/indheap.o vendor/cigraph/src/core/interruption.o vendor/cigraph/src/core/marked_queue.o vendor/cigraph/src/core/matrix.o vendor/cigraph/src/core/matrix_list.o vendor/cigraph/src/core/memory.o vendor/cigraph/src/core/printing.o vendor/cigraph/src/core/progress.o vendor/cigraph/src/core/psumtree.o vendor/cigraph/src/core/set.o vendor/cigraph/src/core/sparsemat.o vendor/cigraph/src/core/stack.o vendor/cigraph/src/core/statusbar.o vendor/cigraph/src/core/strvector.o vendor/cigraph/src/core/trie.o vendor/cigraph/src/core/vector.o vendor/cigraph/src/core/vector_list.o vendor/cigraph/src/core/vector_ptr.o vendor/cigraph/src/flow/flow.o vendor/cigraph/src/flow/flow_conversion.o vendor/cigraph/src/flow/st-cuts.o vendor/cigraph/src/games/barabasi.o vendor/cigraph/src/games/callaway_traits.o vendor/cigraph/src/games/chung_lu.o vendor/cigraph/src/games/citations.o vendor/cigraph/src/games/correlated.o vendor/cigraph/src/games/degree_sequence.o vendor/cigraph/src/games/degree_sequence_vl/gengraph_degree_sequence.o vendor/cigraph/src/games/degree_sequence_vl/gengraph_graph_molloy_hash.o vendor/cigraph/src/games/degree_sequence_vl/gengraph_graph_molloy_optimized.o vendor/cigraph/src/games/degree_sequence_vl/gengraph_mr-connected.o vendor/cigraph/src/games/degree_sequence_vl/gengraph_random.o vendor/cigraph/src/games/dotproduct.o vendor/cigraph/src/games/erdos_renyi.o vendor/cigraph/src/games/establishment.o vendor/cigraph/src/games/forestfire.o vendor/cigraph/src/games/grg.o vendor/cigraph/src/games/growing_random.o vendor/cigraph/src/games/islands.o vendor/cigraph/src/games/k_regular.o vendor/cigraph/src/games/preference.o vendor/cigraph/src/games/recent_degree.o vendor/cigraph/src/games/sbm.o vendor/cigraph/src/games/static_fitness.o vendor/cigraph/src/games/tree.o vendor/cigraph/src/games/watts_strogatz.o vendor/cigraph/src/graph/adjlist.o vendor/cigraph/src/graph/attributes.o vendor/cigraph/src/graph/basic_query.o vendor/cigraph/src/graph/caching.o vendor/cigraph/src/graph/cattributes.o vendor/cigraph/src/graph/graph_list.o vendor/cigraph/src/graph/iterators.o vendor/cigraph/src/graph/type_common.o vendor/cigraph/src/graph/type_indexededgelist.o vendor/cigraph/src/graph/visitors.o vendor/cigraph/src/hrg/hrg.o vendor/cigraph/src/hrg/hrg_types.o vendor/cigraph/src/internal/glpk_support.o vendor/cigraph/src/internal/hacks.o vendor/cigraph/src/internal/lsap.o vendor/cigraph/src/internal/qsort.o vendor/cigraph/src/internal/qsort_r.o vendor/cigraph/src/internal/utils.o vendor/cigraph/src/internal/zeroin.o vendor/cigraph/src/io/dimacs.o vendor/cigraph/src/io/dl.o vendor/cigraph/src/io/dot.o vendor/cigraph/src/io/edgelist.o vendor/cigraph/src/io/gml-tree.o vendor/cigraph/src/io/gml.o vendor/cigraph/src/io/graphdb.o vendor/cigraph/src/io/graphml.o vendor/cigraph/src/io/leda.o vendor/cigraph/src/io/lgl.o vendor/cigraph/src/io/ncol.o vendor/cigraph/src/io/pajek.o vendor/cigraph/src/io/parse_utils.o vendor/cigraph/src/isomorphism/bliss.o vendor/cigraph/src/isomorphism/bliss/defs.o vendor/cigraph/src/isomorphism/bliss/graph.o vendor/cigraph/src/isomorphism/bliss/heap.o vendor/cigraph/src/isomorphism/bliss/orbit.o vendor/cigraph/src/isomorphism/bliss/partition.o vendor/cigraph/src/isomorphism/bliss/uintseqhash.o vendor/cigraph/src/isomorphism/bliss/utils.o vendor/cigraph/src/isomorphism/isoclasses.o vendor/cigraph/src/isomorphism/isomorphism_misc.o vendor/cigraph/src/isomorphism/lad.o vendor/cigraph/src/isomorphism/queries.o vendor/cigraph/src/isomorphism/vf2.o vendor/cigraph/src/layout/circular.o vendor/cigraph/src/layout/davidson_harel.o vendor/cigraph/src/layout/drl/DensityGrid.o vendor/cigraph/src/layout/drl/DensityGrid_3d.o vendor/cigraph/src/layout/drl/drl_graph.o vendor/cigraph/src/layout/drl/drl_graph_3d.o vendor/cigraph/src/layout/drl/drl_layout.o vendor/cigraph/src/layout/drl/drl_layout_3d.o vendor/cigraph/src/layout/drl/drl_parse.o vendor/cigraph/src/layout/fruchterman_reingold.o vendor/cigraph/src/layout/gem.o vendor/cigraph/src/layout/graphopt.o vendor/cigraph/src/layout/kamada_kawai.o vendor/cigraph/src/layout/large_graph.o vendor/cigraph/src/layout/layout_bipartite.o vendor/cigraph/src/layout/layout_grid.o vendor/cigraph/src/layout/layout_random.o vendor/cigraph/src/layout/mds.o vendor/cigraph/src/layout/merge_dla.o vendor/cigraph/src/layout/merge_grid.o vendor/cigraph/src/layout/reingold_tilford.o vendor/cigraph/src/layout/sugiyama.o vendor/cigraph/src/layout/umap.o vendor/cigraph/src/linalg/arpack.o vendor/cigraph/src/linalg/blas.o vendor/cigraph/src/linalg/eigen.o vendor/cigraph/src/linalg/lapack.o vendor/cigraph/src/math/complex.o vendor/cigraph/src/math/safe_intop.o vendor/cigraph/src/math/utils.o vendor/cigraph/src/misc/bipartite.o vendor/cigraph/src/misc/chordality.o vendor/cigraph/src/misc/cocitation.o vendor/cigraph/src/misc/coloring.o vendor/cigraph/src/misc/conversion.o vendor/cigraph/src/misc/cycle_bases.o vendor/cigraph/src/misc/degree_sequence.o vendor/cigraph/src/misc/embedding.o vendor/cigraph/src/misc/feedback_arc_set.o vendor/cigraph/src/misc/graphicality.o vendor/cigraph/src/misc/matching.o vendor/cigraph/src/misc/microscopic_update.o vendor/cigraph/src/misc/mixing.o vendor/cigraph/src/misc/motifs.o vendor/cigraph/src/misc/order_cycle.o vendor/cigraph/src/misc/other.o vendor/cigraph/src/misc/power_law_fit.o vendor/cigraph/src/misc/scan.o vendor/cigraph/src/misc/sir.o vendor/cigraph/src/misc/spanning_trees.o vendor/cigraph/src/operators/add_edge.o vendor/cigraph/src/operators/complementer.o vendor/cigraph/src/operators/compose.o vendor/cigraph/src/operators/connect_neighborhood.o vendor/cigraph/src/operators/contract.o vendor/cigraph/src/operators/difference.o vendor/cigraph/src/operators/disjoint_union.o vendor/cigraph/src/operators/intersection.o vendor/cigraph/src/operators/join.o vendor/cigraph/src/operators/misc_internal.o vendor/cigraph/src/operators/permute.o vendor/cigraph/src/operators/reverse.o vendor/cigraph/src/operators/rewire.o vendor/cigraph/src/operators/rewire_edges.o vendor/cigraph/src/operators/simplify.o vendor/cigraph/src/operators/subgraph.o vendor/cigraph/src/operators/union.o vendor/cigraph/src/paths/all_shortest_paths.o vendor/cigraph/src/paths/astar.o vendor/cigraph/src/paths/bellman_ford.o vendor/cigraph/src/paths/dijkstra.o vendor/cigraph/src/paths/distances.o vendor/cigraph/src/paths/eulerian.o vendor/cigraph/src/paths/floyd_warshall.o vendor/cigraph/src/paths/histogram.o vendor/cigraph/src/paths/johnson.o vendor/cigraph/src/paths/random_walk.o vendor/cigraph/src/paths/shortest_paths.o vendor/cigraph/src/paths/simple_paths.o vendor/cigraph/src/paths/sparsifier.o vendor/cigraph/src/paths/unweighted.o vendor/cigraph/src/paths/voronoi.o vendor/cigraph/src/paths/widest_paths.o vendor/cigraph/src/properties/basic_properties.o vendor/cigraph/src/properties/complete.o vendor/cigraph/src/properties/constraint.o vendor/cigraph/src/properties/convergence_degree.o vendor/cigraph/src/properties/dag.o vendor/cigraph/src/properties/degrees.o vendor/cigraph/src/properties/ecc.o vendor/cigraph/src/properties/girth.o vendor/cigraph/src/properties/loops.o vendor/cigraph/src/properties/multiplicity.o vendor/cigraph/src/properties/neighborhood.o vendor/cigraph/src/properties/perfect.o vendor/cigraph/src/properties/spectral.o vendor/cigraph/src/properties/trees.o vendor/cigraph/src/properties/triangles.o vendor/cigraph/src/random/random.o vendor/cigraph/src/random/rng_glibc2.o vendor/cigraph/src/random/rng_mt19937.o vendor/cigraph/src/random/rng_pcg32.o vendor/cigraph/src/random/rng_pcg64.o vendor/cigraph/src/version.o vendor/cigraph/vendor/cs/cs_add.o vendor/cigraph/vendor/cs/cs_amd.o vendor/cigraph/vendor/cs/cs_chol.o vendor/cigraph/vendor/cs/cs_cholsol.o vendor/cigraph/vendor/cs/cs_compress.o vendor/cigraph/vendor/cs/cs_counts.o vendor/cigraph/vendor/cs/cs_cumsum.o vendor/cigraph/vendor/cs/cs_dfs.o vendor/cigraph/vendor/cs/cs_dmperm.o vendor/cigraph/vendor/cs/cs_droptol.o vendor/cigraph/vendor/cs/cs_dropzeros.o vendor/cigraph/vendor/cs/cs_dupl.o vendor/cigraph/vendor/cs/cs_entry.o vendor/cigraph/vendor/cs/cs_ereach.o vendor/cigraph/vendor/cs/cs_etree.o vendor/cigraph/vendor/cs/cs_fkeep.o vendor/cigraph/vendor/cs/cs_gaxpy.o vendor/cigraph/vendor/cs/cs_happly.o vendor/cigraph/vendor/cs/cs_house.o vendor/cigraph/vendor/cs/cs_ipvec.o vendor/cigraph/vendor/cs/cs_leaf.o vendor/cigraph/vendor/cs/cs_load.o vendor/cigraph/vendor/cs/cs_lsolve.o vendor/cigraph/vendor/cs/cs_ltsolve.o vendor/cigraph/vendor/cs/cs_lu.o vendor/cigraph/vendor/cs/cs_lusol.o vendor/cigraph/vendor/cs/cs_malloc.o vendor/cigraph/vendor/cs/cs_maxtrans.o vendor/cigraph/vendor/cs/cs_multiply.o vendor/cigraph/vendor/cs/cs_norm.o vendor/cigraph/vendor/cs/cs_permute.o vendor/cigraph/vendor/cs/cs_pinv.o vendor/cigraph/vendor/cs/cs_post.o vendor/cigraph/vendor/cs/cs_print.o vendor/cigraph/vendor/cs/cs_pvec.o vendor/cigraph/vendor/cs/cs_qr.o vendor/cigraph/vendor/cs/cs_qrsol.o vendor/cigraph/vendor/cs/cs_randperm.o vendor/cigraph/vendor/cs/cs_reach.o vendor/cigraph/vendor/cs/cs_scatter.o vendor/cigraph/vendor/cs/cs_scc.o vendor/cigraph/vendor/cs/cs_schol.o vendor/cigraph/vendor/cs/cs_spsolve.o vendor/cigraph/vendor/cs/cs_sqr.o vendor/cigraph/vendor/cs/cs_symperm.o vendor/cigraph/vendor/cs/cs_tdfs.o vendor/cigraph/vendor/cs/cs_transpose.o vendor/cigraph/vendor/cs/cs_updown.o vendor/cigraph/vendor/cs/cs_usolve.o vendor/cigraph/vendor/cs/cs_util.o vendor/cigraph/vendor/cs/cs_utsolve.o vendor/cigraph/vendor/pcg/pcg-advance-128.o vendor/cigraph/vendor/pcg/pcg-advance-64.o vendor/cigraph/vendor/pcg/pcg-output-128.o vendor/cigraph/vendor/pcg/pcg-output-32.o vendor/cigraph/vendor/pcg/pcg-output-64.o vendor/cigraph/vendor/pcg/pcg-rngs-128.o vendor/cigraph/vendor/pcg/pcg-rngs-64.o vendor/cigraph/vendor/plfit/gss.o vendor/cigraph/vendor/plfit/hzeta.o vendor/cigraph/vendor/plfit/kolmogorov.o vendor/cigraph/vendor/plfit/lbfgs.o vendor/cigraph/vendor/plfit/mt.o vendor/cigraph/vendor/plfit/options.o vendor/cigraph/vendor/plfit/platform.o vendor/cigraph/vendor/plfit/plfit.o vendor/cigraph/vendor/plfit/plfit_error.o vendor/cigraph/vendor/plfit/rbinom.o vendor/cigraph/vendor/plfit/sampling.o vendor/io/dl-lexer.o vendor/io/dl-parser.o vendor/io/gml-lexer.o vendor/io/gml-parser.o vendor/io/lgl-lexer.o vendor/io/lgl-parser.o vendor/io/ncol-lexer.o vendor/io/ncol-parser.o vendor/io/pajek-lexer.o vendor/io/pajek-parser.o vendor/simpleraytracer/Color.o vendor/simpleraytracer/Light.o vendor/simpleraytracer/Point.o vendor/simpleraytracer/Ray.o vendor/simpleraytracer/RayTracer.o vendor/simpleraytracer/RayVector.o vendor/simpleraytracer/Shape.o vendor/simpleraytracer/Sphere.o vendor/simpleraytracer/Triangle.o vendor/simpleraytracer/unit_limiter.o vendor/uuid/R.o vendor/uuid/clear.o vendor/uuid/compare.o vendor/uuid/copy.o vendor/uuid/gen_uuid.o vendor/uuid/isnull.o vendor/uuid/pack.o vendor/uuid/parse.o vendor/uuid/unpack.o vendor/uuid/unparse.o vendor/cigraph/vendor/mini-gmp/mini-gmp.o vendor/cigraph/vendor/glpk/amd/amd_1.o vendor/cigraph/vendor/glpk/amd/amd_2.o vendor/cigraph/vendor/glpk/amd/amd_aat.o vendor/cigraph/vendor/glpk/amd/amd_control.o vendor/cigraph/vendor/glpk/amd/amd_defaults.o vendor/cigraph/vendor/glpk/amd/amd_dump.o vendor/cigraph/vendor/glpk/amd/amd_info.o vendor/cigraph/vendor/glpk/amd/amd_order.o vendor/cigraph/vendor/glpk/amd/amd_post_tree.o vendor/cigraph/vendor/glpk/amd/amd_postorder.o vendor/cigraph/vendor/glpk/amd/amd_preprocess.o vendor/cigraph/vendor/glpk/amd/amd_valid.o vendor/cigraph/vendor/glpk/api/advbas.o vendor/cigraph/vendor/glpk/api/asnhall.o vendor/cigraph/vendor/glpk/api/asnlp.o vendor/cigraph/vendor/glpk/api/asnokalg.o vendor/cigraph/vendor/glpk/api/ckasn.o vendor/cigraph/vendor/glpk/api/ckcnf.o vendor/cigraph/vendor/glpk/api/cplex.o vendor/cigraph/vendor/glpk/api/cpp.o vendor/cigraph/vendor/glpk/api/cpxbas.o vendor/cigraph/vendor/glpk/api/graph.o vendor/cigraph/vendor/glpk/api/gridgen.o vendor/cigraph/vendor/glpk/api/intfeas1.o vendor/cigraph/vendor/glpk/api/maxffalg.o vendor/cigraph/vendor/glpk/api/maxflp.o vendor/cigraph/vendor/glpk/api/mcflp.o vendor/cigraph/vendor/glpk/api/mcfokalg.o vendor/cigraph/vendor/glpk/api/mcfrelax.o vendor/cigraph/vendor/glpk/api/minisat1.o vendor/cigraph/vendor/glpk/api/mpl.o vendor/cigraph/vendor/glpk/api/mps.o vendor/cigraph/vendor/glpk/api/netgen.o vendor/cigraph/vendor/glpk/api/npp.o vendor/cigraph/vendor/glpk/api/pript.o vendor/cigraph/vendor/glpk/api/prmip.o vendor/cigraph/vendor/glpk/api/prob1.o vendor/cigraph/vendor/glpk/api/prob2.o vendor/cigraph/vendor/glpk/api/prob3.o vendor/cigraph/vendor/glpk/api/prob4.o vendor/cigraph/vendor/glpk/api/prob5.o vendor/cigraph/vendor/glpk/api/prrngs.o vendor/cigraph/vendor/glpk/api/prsol.o vendor/cigraph/vendor/glpk/api/rdasn.o vendor/cigraph/vendor/glpk/api/rdcc.o vendor/cigraph/vendor/glpk/api/rdcnf.o vendor/cigraph/vendor/glpk/api/rdipt.o vendor/cigraph/vendor/glpk/api/rdmaxf.o vendor/cigraph/vendor/glpk/api/rdmcf.o vendor/cigraph/vendor/glpk/api/rdmip.o vendor/cigraph/vendor/glpk/api/rdprob.o vendor/cigraph/vendor/glpk/api/rdsol.o vendor/cigraph/vendor/glpk/api/rmfgen.o vendor/cigraph/vendor/glpk/api/strong.o vendor/cigraph/vendor/glpk/api/topsort.o vendor/cigraph/vendor/glpk/api/wcliqex.o vendor/cigraph/vendor/glpk/api/weak.o vendor/cigraph/vendor/glpk/api/wrasn.o vendor/cigraph/vendor/glpk/api/wrcc.o vendor/cigraph/vendor/glpk/api/wrcnf.o vendor/cigraph/vendor/glpk/api/wript.o vendor/cigraph/vendor/glpk/api/wrmaxf.o vendor/cigraph/vendor/glpk/api/wrmcf.o vendor/cigraph/vendor/glpk/api/wrmip.o vendor/cigraph/vendor/glpk/api/wrprob.o vendor/cigraph/vendor/glpk/api/wrsol.o vendor/cigraph/vendor/glpk/bflib/btf.o vendor/cigraph/vendor/glpk/bflib/btfint.o vendor/cigraph/vendor/glpk/bflib/fhv.o vendor/cigraph/vendor/glpk/bflib/fhvint.o vendor/cigraph/vendor/glpk/bflib/ifu.o vendor/cigraph/vendor/glpk/bflib/luf.o vendor/cigraph/vendor/glpk/bflib/lufint.o vendor/cigraph/vendor/glpk/bflib/scf.o vendor/cigraph/vendor/glpk/bflib/scfint.o vendor/cigraph/vendor/glpk/bflib/sgf.o vendor/cigraph/vendor/glpk/bflib/sva.o vendor/cigraph/vendor/glpk/colamd/colamd.o vendor/cigraph/vendor/glpk/draft/bfd.o vendor/cigraph/vendor/glpk/draft/bfx.o vendor/cigraph/vendor/glpk/draft/glpapi06.o vendor/cigraph/vendor/glpk/draft/glpapi07.o vendor/cigraph/vendor/glpk/draft/glpapi08.o vendor/cigraph/vendor/glpk/draft/glpapi09.o vendor/cigraph/vendor/glpk/draft/glpapi10.o vendor/cigraph/vendor/glpk/draft/glpapi12.o vendor/cigraph/vendor/glpk/draft/glpapi13.o vendor/cigraph/vendor/glpk/draft/glpios01.o vendor/cigraph/vendor/glpk/draft/glpios02.o vendor/cigraph/vendor/glpk/draft/glpios03.o vendor/cigraph/vendor/glpk/draft/glpios07.o vendor/cigraph/vendor/glpk/draft/glpios09.o vendor/cigraph/vendor/glpk/draft/glpios11.o vendor/cigraph/vendor/glpk/draft/glpios12.o vendor/cigraph/vendor/glpk/draft/glpipm.o vendor/cigraph/vendor/glpk/draft/glpmat.o vendor/cigraph/vendor/glpk/draft/glpscl.o vendor/cigraph/vendor/glpk/draft/glpssx01.o vendor/cigraph/vendor/glpk/draft/glpssx02.o vendor/cigraph/vendor/glpk/draft/lux.o vendor/cigraph/vendor/glpk/env/alloc.o vendor/cigraph/vendor/glpk/env/dlsup.o vendor/cigraph/vendor/glpk/env/env.o vendor/cigraph/vendor/glpk/env/error.o vendor/cigraph/vendor/glpk/env/stdc.o vendor/cigraph/vendor/glpk/env/stdout.o vendor/cigraph/vendor/glpk/env/stream.o vendor/cigraph/vendor/glpk/env/time.o vendor/cigraph/vendor/glpk/env/tls.o vendor/cigraph/vendor/glpk/intopt/cfg.o vendor/cigraph/vendor/glpk/intopt/cfg1.o vendor/cigraph/vendor/glpk/intopt/cfg2.o vendor/cigraph/vendor/glpk/intopt/clqcut.o vendor/cigraph/vendor/glpk/intopt/covgen.o vendor/cigraph/vendor/glpk/intopt/fpump.o vendor/cigraph/vendor/glpk/intopt/gmicut.o vendor/cigraph/vendor/glpk/intopt/gmigen.o vendor/cigraph/vendor/glpk/intopt/mirgen.o vendor/cigraph/vendor/glpk/intopt/spv.o vendor/cigraph/vendor/glpk/minisat/minisat.o vendor/cigraph/vendor/glpk/misc/avl.o vendor/cigraph/vendor/glpk/misc/bignum.o vendor/cigraph/vendor/glpk/misc/dimacs.o vendor/cigraph/vendor/glpk/misc/dmp.o vendor/cigraph/vendor/glpk/misc/ffalg.o vendor/cigraph/vendor/glpk/misc/fp2rat.o vendor/cigraph/vendor/glpk/misc/fvs.o vendor/cigraph/vendor/glpk/misc/gcd.o vendor/cigraph/vendor/glpk/misc/hbm.o vendor/cigraph/vendor/glpk/misc/jd.o vendor/cigraph/vendor/glpk/misc/keller.o vendor/cigraph/vendor/glpk/misc/ks.o vendor/cigraph/vendor/glpk/misc/mc13d.o vendor/cigraph/vendor/glpk/misc/mc21a.o vendor/cigraph/vendor/glpk/misc/mt1.o vendor/cigraph/vendor/glpk/misc/mygmp.o vendor/cigraph/vendor/glpk/misc/okalg.o vendor/cigraph/vendor/glpk/misc/qmd.o vendor/cigraph/vendor/glpk/misc/relax4.o vendor/cigraph/vendor/glpk/misc/rgr.o vendor/cigraph/vendor/glpk/misc/rng.o vendor/cigraph/vendor/glpk/misc/rng1.o vendor/cigraph/vendor/glpk/misc/round2n.o vendor/cigraph/vendor/glpk/misc/spm.o vendor/cigraph/vendor/glpk/misc/str2int.o vendor/cigraph/vendor/glpk/misc/str2num.o vendor/cigraph/vendor/glpk/misc/strspx.o vendor/cigraph/vendor/glpk/misc/strtrim.o vendor/cigraph/vendor/glpk/misc/triang.o vendor/cigraph/vendor/glpk/misc/wclique.o vendor/cigraph/vendor/glpk/misc/wclique1.o vendor/cigraph/vendor/glpk/mpl/mpl1.o vendor/cigraph/vendor/glpk/mpl/mpl2.o vendor/cigraph/vendor/glpk/mpl/mpl3.o vendor/cigraph/vendor/glpk/mpl/mpl4.o vendor/cigraph/vendor/glpk/mpl/mpl5.o vendor/cigraph/vendor/glpk/mpl/mpl6.o vendor/cigraph/vendor/glpk/mpl/mplsql.o vendor/cigraph/vendor/glpk/npp/npp1.o vendor/cigraph/vendor/glpk/npp/npp2.o vendor/cigraph/vendor/glpk/npp/npp3.o vendor/cigraph/vendor/glpk/npp/npp4.o vendor/cigraph/vendor/glpk/npp/npp5.o vendor/cigraph/vendor/glpk/npp/npp6.o vendor/cigraph/vendor/glpk/proxy/main.o vendor/cigraph/vendor/glpk/proxy/proxy.o vendor/cigraph/vendor/glpk/proxy/proxy1.o vendor/cigraph/vendor/glpk/simplex/spxat.o vendor/cigraph/vendor/glpk/simplex/spxchuzc.o vendor/cigraph/vendor/glpk/simplex/spxchuzr.o vendor/cigraph/vendor/glpk/simplex/spxlp.o vendor/cigraph/vendor/glpk/simplex/spxnt.o vendor/cigraph/vendor/glpk/simplex/spxprim.o vendor/cigraph/vendor/glpk/simplex/spxprob.o vendor/cigraph/vendor/glpk/simplex/spychuzc.o vendor/cigraph/vendor/glpk/simplex/spychuzr.o vendor/cigraph/vendor/glpk/simplex/spydual.o -lxml2 -L/usr/local/lib/R/lib -lRlapack -L/usr/local/lib/R/lib -lRblas -lgfortran -lm -lquadmath -L/usr/local/lib/R/lib -lR
#13 910.1 installing to /usr/local/lib/R/library/00LOCK-igraph/00new/igraph/libs
#13 910.2 ** R
#13 910.3 ** demo
#13 910.3 ** inst
#13 910.3 ** byte-compile and prepare package for lazy loading
#13 921.4 ** help
#13 923.4 *** installing help indices
#13 924.5 *** copying figures
#13 924.5 ** building package indices
#13 925.8 ** installing vignettes
#13 925.9 ** testing if installed package can be loaded from temporary location
#13 926.2 ** checking absolute paths in shared objects and dynamic libraries
#13 926.2 ** testing if installed package can be loaded from final location
#13 926.9 ** testing if installed package keeps a record of temporary installation path
#13 926.9 * DONE (igraph)
#13 927.0 Trying to install from main CRAN repository...
#13 927.0 trying URL 'https://cran.r-project.org/src/contrib/cluster_2.1.8.1.tar.gz'
#13 927.2 Content type 'application/x-gzip' length 372103 bytes (363 KB)
#13 927.2 ==================================================
#13 927.3 downloaded 363 KB
#13 927.3 
#13 927.7 * installing *source* package ‘cluster’ ...
#13 927.7 ** package ‘cluster’ successfully unpacked and MD5 sums checked
#13 927.7 ** using staged installation
#13 927.7 ** libs
#13 927.7 using C compiler: ‘gcc (Debian 12.2.0-14+deb12u1) 12.2.0’
#13 927.7 gcc -I"/usr/local/lib/R/include" -DNDEBUG   -I/usr/local/include    -fpic  -g -O2  -c clara.c -o clara.o
#13 928.4 gcc -I"/usr/local/lib/R/include" -DNDEBUG   -I/usr/local/include    -fpic  -g -O2  -c daisy.c -o daisy.o
#13 928.5 gcc -I"/usr/local/lib/R/include" -DNDEBUG   -I/usr/local/include    -fpic  -g -O2  -c dysta.c -o dysta.o
#13 928.6 gcc -I"/usr/local/lib/R/include" -DNDEBUG   -I/usr/local/include    -fpic  -g -O2  -c fanny.c -o fanny.o
#13 928.9 gcc -I"/usr/local/lib/R/include" -DNDEBUG   -I/usr/local/include    -fpic  -g -O2  -c init.c -o init.o
#13 929.0 gcc -I"/usr/local/lib/R/include" -DNDEBUG   -I/usr/local/include    -fpic  -g -O2  -c mona.c -o mona.o
#13 929.2 gcc -I"/usr/local/lib/R/include" -DNDEBUG   -I/usr/local/include    -fpic  -g -O2  -c pam.c -o pam.o
#13 930.0 gcc -I"/usr/local/lib/R/include" -DNDEBUG   -I/usr/local/include    -fpic  -g -O2  -c sildist.c -o sildist.o
#13 930.1 gcc -I"/usr/local/lib/R/include" -DNDEBUG   -I/usr/local/include    -fpic  -g -O2  -c spannel.c -o spannel.o
#13 930.3 gcc -I"/usr/local/lib/R/include" -DNDEBUG   -I/usr/local/include    -fpic  -g -O2  -c twins.c -o twins.o
#13 930.7 gcc -shared -L/usr/local/lib/R/lib -L/usr/local/lib -o cluster.so clara.o daisy.o dysta.o fanny.o init.o mona.o pam.o sildist.o spannel.o twins.o -L/usr/local/lib/R/lib -lR
#13 930.7 installing to /usr/local/lib/R/library/00LOCK-cluster/00new/cluster/libs
#13 930.7 ** R
#13 930.7 ** data
#13 930.7 *** moving datasets to lazyload DB
#13 930.7 ** inst
#13 930.7 ** byte-compile and prepare package for lazy loading
#13 932.4 ** help
#13 932.6 *** installing help indices
#13 932.8 ** building package indices
#13 933.1 ** testing if installed package can be loaded from temporary location
#13 933.3 ** checking absolute paths in shared objects and dynamic libraries
#13 933.3 ** testing if installed package can be loaded from final location
#13 933.6 ** testing if installed package keeps a record of temporary installation path
#13 933.6 * DONE (cluster)
#13 933.6 Trying to install from main CRAN repository...
#13 933.6 trying URL 'https://cran.r-project.org/src/contrib/data.table_1.17.0.tar.gz'
#13 933.7 First attempt failed: cannot open URL 'https://cran.r-project.org/src/contrib/data.table_1.17.0.tar.gz'
#13 933.7 Trying to install from CRAN archive...
#13 933.7 trying URL 'https://cran.r-project.org/src/contrib/Archive/data.table/data.table_1.17.0.tar.gz'
#13 933.8 Content type 'application/x-gzip' length 5833671 bytes (5.6 MB)
#13 933.8 ==================================================
#13 934.1 downloaded 5.6 MB
#13 934.1 
#13 935.0 * installing *source* package ‘data.table’ ...
#13 935.1 ** package ‘data.table’ successfully unpacked and MD5 sums checked
#13 935.1 ** using staged installation
#13 935.4 gcc 12.2.0
#13 935.4 zlib 1.2.13 is available ok
#13 935.4 * checking if R installation supports OpenMP without any extra hints... yes
#13 935.6 ** libs
#13 935.7 using C compiler: ‘gcc (Debian 12.2.0-14+deb12u1) 12.2.0’
#13 935.7 gcc -I"/usr/local/lib/R/include" -DNDEBUG   -I/usr/local/include   -fopenmp  -fpic  -g -O2  -c assign.c -o assign.o
#13 937.3 gcc -I"/usr/local/lib/R/include" -DNDEBUG   -I/usr/local/include   -fopenmp  -fpic  -g -O2  -c between.c -o between.o
#13 937.6 gcc -I"/usr/local/lib/R/include" -DNDEBUG   -I/usr/local/include   -fopenmp  -fpic  -g -O2  -c bmerge.c -o bmerge.o
#13 938.2 gcc -I"/usr/local/lib/R/include" -DNDEBUG   -I/usr/local/include   -fopenmp  -fpic  -g -O2  -c chmatch.c -o chmatch.o
#13 938.4 gcc -I"/usr/local/lib/R/include" -DNDEBUG   -I/usr/local/include   -fopenmp  -fpic  -g -O2  -c cj.c -o cj.o
#13 938.6 gcc -I"/usr/local/lib/R/include" -DNDEBUG   -I/usr/local/include   -fopenmp  -fpic  -g -O2  -c coalesce.c -o coalesce.o
#13 938.8 gcc -I"/usr/local/lib/R/include" -DNDEBUG   -I/usr/local/include   -fopenmp  -fpic  -g -O2  -c dogroups.c -o dogroups.o
#13 939.3 gcc -I"/usr/local/lib/R/include" -DNDEBUG   -I/usr/local/include   -fopenmp  -fpic  -g -O2  -c fastmean.c -o fastmean.o
#13 939.4 gcc -I"/usr/local/lib/R/include" -DNDEBUG   -I/usr/local/include   -fopenmp  -fpic  -g -O2  -c fcast.c -o fcast.o
#13 939.5 gcc -I"/usr/local/lib/R/include" -DNDEBUG   -I/usr/local/include   -fopenmp  -fpic  -g -O2  -c fifelse.c -o fifelse.o
#13 939.9 gcc -I"/usr/local/lib/R/include" -DNDEBUG   -I/usr/local/include   -fopenmp  -fpic  -g -O2  -c fmelt.c -o fmelt.o
#13 940.4 gcc -I"/usr/local/lib/R/include" -DNDEBUG   -I/usr/local/include   -fopenmp  -fpic  -g -O2  -c forder.c -o forder.o
#13 941.6 gcc -I"/usr/local/lib/R/include" -DNDEBUG   -I/usr/local/include   -fopenmp  -fpic  -g -O2  -c frank.c -o frank.o
#13 941.8 gcc -I"/usr/local/lib/R/include" -DNDEBUG   -I/usr/local/include   -fopenmp  -fpic  -g -O2  -c fread.c -o fread.o
#13 943.7 gcc -I"/usr/local/lib/R/include" -DNDEBUG   -I/usr/local/include   -fopenmp  -fpic  -g -O2  -c freadR.c -o freadR.o
#13 944.1 gcc -I"/usr/local/lib/R/include" -DNDEBUG   -I/usr/local/include   -fopenmp  -fpic  -g -O2  -c froll.c -o froll.o
#13 944.5 gcc -I"/usr/local/lib/R/include" -DNDEBUG   -I/usr/local/include   -fopenmp  -fpic  -g -O2  -c frollR.c -o frollR.o
#13 944.7 gcc -I"/usr/local/lib/R/include" -DNDEBUG   -I/usr/local/include   -fopenmp  -fpic  -g -O2  -c frolladaptive.c -o frolladaptive.o
#13 945.0 gcc -I"/usr/local/lib/R/include" -DNDEBUG   -I/usr/local/include   -fopenmp  -fpic  -g -O2  -c fsort.c -o fsort.o
#13 945.3 gcc -I"/usr/local/lib/R/include" -DNDEBUG   -I/usr/local/include   -fopenmp  -fpic  -g -O2  -c fwrite.c -o fwrite.o
#13 945.8 gcc -I"/usr/local/lib/R/include" -DNDEBUG   -I/usr/local/include   -fopenmp  -fpic  -g -O2  -c fwriteR.c -o fwriteR.o
#13 946.0 gcc -I"/usr/local/lib/R/include" -DNDEBUG   -I/usr/local/include   -fopenmp  -fpic  -g -O2  -c gsumm.c -o gsumm.o
#13 947.6 gcc -I"/usr/local/lib/R/include" -DNDEBUG   -I/usr/local/include   -fopenmp  -fpic  -g -O2  -c idatetime.c -o idatetime.o
#13 947.7 gcc -I"/usr/local/lib/R/include" -DNDEBUG   -I/usr/local/include   -fopenmp  -fpic  -g -O2  -c ijoin.c -o ijoin.o
#13 948.3 gcc -I"/usr/local/lib/R/include" -DNDEBUG   -I/usr/local/include   -fopenmp  -fpic  -g -O2  -c init.c -o init.o
#13 948.4 gcc -I"/usr/local/lib/R/include" -DNDEBUG   -I/usr/local/include   -fopenmp  -fpic  -g -O2  -c inrange.c -o inrange.o
#13 948.4 gcc -I"/usr/local/lib/R/include" -DNDEBUG   -I/usr/local/include   -fopenmp  -fpic  -g -O2  -c nafill.c -o nafill.o
#13 948.7 gcc -I"/usr/local/lib/R/include" -DNDEBUG   -I/usr/local/include   -fopenmp  -fpic  -g -O2  -c negate.c -o negate.o
#13 948.7 gcc -I"/usr/local/lib/R/include" -DNDEBUG   -I/usr/local/include   -fopenmp  -fpic  -g -O2  -c nqrecreateindices.c -o nqrecreateindices.o
#13 948.8 gcc -I"/usr/local/lib/R/include" -DNDEBUG   -I/usr/local/include   -fopenmp  -fpic  -g -O2  -c openmp-utils.c -o openmp-utils.o
#13 948.9 gcc -I"/usr/local/lib/R/include" -DNDEBUG   -I/usr/local/include   -fopenmp  -fpic  -g -O2  -c programming.c -o programming.o
#13 949.0 gcc -I"/usr/local/lib/R/include" -DNDEBUG   -I/usr/local/include   -fopenmp  -fpic  -g -O2  -c quickselect.c -o quickselect.o
#13 949.1 gcc -I"/usr/local/lib/R/include" -DNDEBUG   -I/usr/local/include   -fopenmp  -fpic  -g -O2  -c rbindlist.c -o rbindlist.o
#13 949.7 gcc -I"/usr/local/lib/R/include" -DNDEBUG   -I/usr/local/include   -fopenmp  -fpic  -g -O2  -c reorder.c -o reorder.o
#13 949.9 gcc -I"/usr/local/lib/R/include" -DNDEBUG   -I/usr/local/include   -fopenmp  -fpic  -g -O2  -c shift.c -o shift.o
#13 950.1 gcc -I"/usr/local/lib/R/include" -DNDEBUG   -I/usr/local/include   -fopenmp  -fpic  -g -O2  -c snprintf.c -o snprintf.o
#13 950.3 gcc -I"/usr/local/lib/R/include" -DNDEBUG   -I/usr/local/include   -fopenmp  -fpic  -g -O2  -c subset.c -o subset.o
#13 950.6 gcc -I"/usr/local/lib/R/include" -DNDEBUG   -I/usr/local/include   -fopenmp  -fpic  -g -O2  -c transpose.c -o transpose.o
#13 950.8 gcc -I"/usr/local/lib/R/include" -DNDEBUG   -I/usr/local/include   -fopenmp  -fpic  -g -O2  -c types.c -o types.o
#13 950.9 gcc -I"/usr/local/lib/R/include" -DNDEBUG   -I/usr/local/include   -fopenmp  -fpic  -g -O2  -c uniqlist.c -o uniqlist.o
#13 951.3 gcc -I"/usr/local/lib/R/include" -DNDEBUG   -I/usr/local/include   -fopenmp  -fpic  -g -O2  -c utils.c -o utils.o
#13 951.5 gcc -I"/usr/local/lib/R/include" -DNDEBUG   -I/usr/local/include   -fopenmp  -fpic  -g -O2  -c vecseq.c -o vecseq.o
#13 951.6 gcc -I"/usr/local/lib/R/include" -DNDEBUG   -I/usr/local/include   -fopenmp  -fpic  -g -O2  -c wrappers.c -o wrappers.o
#13 951.7 gcc -shared -L/usr/local/lib/R/lib -L/usr/local/lib -o data.table.so assign.o between.o bmerge.o chmatch.o cj.o coalesce.o dogroups.o fastmean.o fcast.o fifelse.o fmelt.o forder.o frank.o fread.o freadR.o froll.o frollR.o frolladaptive.o fsort.o fwrite.o fwriteR.o gsumm.o idatetime.o ijoin.o init.o inrange.o nafill.o negate.o nqrecreateindices.o openmp-utils.o programming.o quickselect.o rbindlist.o reorder.o shift.o snprintf.o subset.o transpose.o types.o uniqlist.o utils.o vecseq.o wrappers.o -fopenmp -lz -L/usr/local/lib/R/lib -lR
#13 951.8 PKG_CFLAGS = -fopenmp
#13 951.8 PKG_LIBS = -fopenmp -lz
#13 951.8 if [ "data.table.so" != "data_table.so" ]; then mv data.table.so data_table.so; fi
#13 951.8 if [ "" != "Windows_NT" ] && [ `uname -s` = 'Darwin' ]; then install_name_tool -id data_table.so data_table.so; fi
#13 951.8 installing to /usr/local/lib/R/library/00LOCK-data.table/00new/data.table/libs
#13 951.8 ** R
#13 951.8 ** inst
#13 951.9 ** byte-compile and prepare package for lazy loading
#13 958.0 ** help
#13 958.3 *** installing help indices
#13 958.5 ** building package indices
#13 958.9 ** installing vignettes
#13 958.9 ** testing if installed package can be loaded from temporary location
#13 959.1 ** checking absolute paths in shared objects and dynamic libraries
#13 959.2 ** testing if installed package can be loaded from final location
#13 959.6 ** testing if installed package keeps a record of temporary installation path
#13 959.6 * DONE (data.table)
#13 959.7 Trying to install from main CRAN repository...
#13 959.7 trying URL 'https://cran.r-project.org/src/contrib/backports_1.5.0.tar.gz'
#13 959.9 Content type 'application/x-gzip' length 30687 bytes (29 KB)
#13 959.9 ==================================================
#13 959.9 downloaded 29 KB
#13 959.9 
#13 960.2 * installing *source* package ‘backports’ ...
#13 960.2 ** package ‘backports’ successfully unpacked and MD5 sums checked
#13 960.2 ** using staged installation
#13 960.2 ** libs
#13 960.2 using C compiler: ‘gcc (Debian 12.2.0-14+deb12u1) 12.2.0’
#13 960.2 gcc -I"/usr/local/lib/R/include" -DNDEBUG   -I/usr/local/include    -fpic  -g -O2  -c dotsElt.c -o dotsElt.o
#13 960.3 gcc -I"/usr/local/lib/R/include" -DNDEBUG   -I/usr/local/include    -fpic  -g -O2  -c dotsLength.c -o dotsLength.o
#13 960.3 gcc -I"/usr/local/lib/R/include" -DNDEBUG   -I/usr/local/include    -fpic  -g -O2  -c dotsNames.c -o dotsNames.o
#13 960.4 gcc -I"/usr/local/lib/R/include" -DNDEBUG   -I/usr/local/include    -fpic  -g -O2  -c init.c -o init.o
#13 960.4 gcc -shared -L/usr/local/lib/R/lib -L/usr/local/lib -o backports.so dotsElt.o dotsLength.o dotsNames.o init.o -L/usr/local/lib/R/lib -lR
#13 960.5 installing to /usr/local/lib/R/library/00LOCK-backports/00new/backports/libs
#13 960.5 ** R
#13 960.5 ** byte-compile and prepare package for lazy loading
#13 961.0 ** help
#13 961.1 *** installing help indices
#13 961.1 ** building package indices
#13 961.4 ** testing if installed package can be loaded from temporary location
#13 961.6 ** checking absolute paths in shared objects and dynamic libraries
#13 961.6 ** testing if installed package can be loaded from final location
#13 961.8 ** testing if installed package keeps a record of temporary installation path
#13 961.8 * DONE (backports)
#13 961.8 Trying to install from main CRAN repository...
#13 961.8 trying URL 'https://cran.r-project.org/src/contrib/Formula_1.2-5.tar.gz'
#13 961.9 Content type 'application/x-gzip' length 128259 bytes (125 KB)
#13 961.9 ==================================================
#13 962.0 downloaded 125 KB
#13 962.0 
#13 962.2 * installing *source* package ‘Formula’ ...
#13 962.2 ** package ‘Formula’ successfully unpacked and MD5 sums checked
#13 962.2 ** using staged installation
#13 962.2 ** R
#13 962.2 ** inst
#13 962.2 ** byte-compile and prepare package for lazy loading
#13 962.7 ** help
#13 962.7 *** installing help indices
#13 962.7 ** building package indices
#13 962.9 ** installing vignettes
#13 962.9 ** testing if installed package can be loaded from temporary location
#13 963.1 ** testing if installed package can be loaded from final location
#13 963.3 ** testing if installed package keeps a record of temporary installation path
#13 963.3 * DONE (Formula)
#13 963.4 Trying to install from main CRAN repository...
#13 963.4 trying URL 'https://cran.r-project.org/src/contrib/checkmate_2.3.2.tar.gz'
#13 963.6 First attempt failed: cannot open URL 'https://cran.r-project.org/src/contrib/checkmate_2.3.2.tar.gz'
#13 963.6 Trying to install from CRAN archive...
#13 963.6 trying URL 'https://cran.r-project.org/src/contrib/Archive/checkmate/checkmate_2.3.2.tar.gz'
#13 963.7 Content type 'application/x-gzip' length 229874 bytes (224 KB)
#13 963.7 ==================================================
#13 963.7 downloaded 224 KB
#13 963.7 
#13 964.1 * installing *source* package ‘checkmate’ ...
#13 964.1 ** package ‘checkmate’ successfully unpacked and MD5 sums checked
#13 964.1 ** using staged installation
#13 964.1 ** libs
#13 964.2 using C compiler: ‘gcc (Debian 12.2.0-14+deb12u1) 12.2.0’
#13 964.2 gcc -I"/usr/local/lib/R/include" -DNDEBUG   -I/usr/local/include    -fpic  -g -O2  -c all_missing.c -o all_missing.o
#13 964.3 gcc -I"/usr/local/lib/R/include" -DNDEBUG   -I/usr/local/include    -fpic  -g -O2  -c any_infinite.c -o any_infinite.o
#13 964.3 gcc -I"/usr/local/lib/R/include" -DNDEBUG   -I/usr/local/include    -fpic  -g -O2  -c any_missing.c -o any_missing.o
#13 964.5 gcc -I"/usr/local/lib/R/include" -DNDEBUG   -I/usr/local/include    -fpic  -g -O2  -c any_nan.c -o any_nan.o
#13 964.5 gcc -I"/usr/local/lib/R/include" -DNDEBUG   -I/usr/local/include    -fpic  -g -O2  -c checks.c -o checks.o
#13 965.1 gcc -I"/usr/local/lib/R/include" -DNDEBUG   -I/usr/local/include    -fpic  -g -O2  -c find_nchar.c -o find_nchar.o
#13 965.1 gcc -I"/usr/local/lib/R/include" -DNDEBUG   -I/usr/local/include    -fpic  -g -O2  -c guess_type.c -o guess_type.o
#13 965.2 gcc -I"/usr/local/lib/R/include" -DNDEBUG   -I/usr/local/include    -fpic  -g -O2  -c helper.c -o helper.o
#13 965.3 gcc -I"/usr/local/lib/R/include" -DNDEBUG   -I/usr/local/include    -fpic  -g -O2  -c init.c -o init.o
#13 965.4 gcc -I"/usr/local/lib/R/include" -DNDEBUG   -I/usr/local/include    -fpic  -g -O2  -c integerish.c -o integerish.o
#13 965.5 gcc -I"/usr/local/lib/R/include" -DNDEBUG   -I/usr/local/include    -fpic  -g -O2  -c is_sorted.c -o is_sorted.o
#13 965.5 gcc -I"/usr/local/lib/R/include" -DNDEBUG   -I/usr/local/include    -fpic  -g -O2  -c qassert.c -o qassert.o
#13 965.8 gcc -I"/usr/local/lib/R/include" -DNDEBUG   -I/usr/local/include    -fpic  -g -O2  -c which_first.c -o which_first.o
#13 965.9 gcc -shared -L/usr/local/lib/R/lib -L/usr/local/lib -o checkmate.so all_missing.o any_infinite.o any_missing.o any_nan.o checks.o find_nchar.o guess_type.o helper.o init.o integerish.o is_sorted.o qassert.o which_first.o -L/usr/local/lib/R/lib -lR
#13 965.9 installing to /usr/local/lib/R/library/00LOCK-checkmate/00new/checkmate/libs
#13 965.9 ** R
#13 966.0 ** inst
#13 966.0 ** byte-compile and prepare package for lazy loading
#13 967.8 ** help
#13 968.3 *** installing help indices
#13 968.4 ** building package indices
#13 968.9 ** installing vignettes
#13 968.9 ** testing if installed package can be loaded from temporary location
#13 969.1 ** checking absolute paths in shared objects and dynamic libraries
#13 969.1 ** testing if installed package can be loaded from final location
#13 969.3 ** testing if installed package keeps a record of temporary installation path
#13 969.3 * DONE (checkmate)
#13 969.4 Trying to install from main CRAN repository...
#13 969.4 trying URL 'https://cran.r-project.org/src/contrib/rstudioapi_0.17.1.tar.gz'
#13 969.6 Content type 'application/x-gzip' length 118455 bytes (115 KB)
#13 969.6 ==================================================
#13 969.6 downloaded 115 KB
#13 969.6 
#13 969.9 * installing *source* package ‘rstudioapi’ ...
#13 969.9 ** package ‘rstudioapi’ successfully unpacked and MD5 sums checked
#13 969.9 ** using staged installation
#13 970.0 ** R
#13 970.0 ** inst
#13 970.0 ** byte-compile and prepare package for lazy loading
#13 970.5 ** help
#13 970.7 *** installing help indices
#13 970.8 *** copying figures
#13 970.9 ** building package indices
#13 971.2 ** installing vignettes
#13 971.2 ** testing if installed package can be loaded from temporary location
#13 971.4 ** testing if installed package can be loaded from final location
#13 971.6 ** testing if installed package keeps a record of temporary installation path
#13 971.6 * DONE (rstudioapi)
#13 971.6 Trying to install from main CRAN repository...
#13 971.6 trying URL 'https://cran.r-project.org/src/contrib/htmlTable_2.4.3.tar.gz'
#13 971.7 Content type 'application/x-gzip' length 432827 bytes (422 KB)
#13 971.7 ==================================================
#13 971.8 downloaded 422 KB
#13 971.8 
#13 972.2 * installing *source* package ‘htmlTable’ ...
#13 972.2 ** package ‘htmlTable’ successfully unpacked and MD5 sums checked
#13 972.2 ** using staged installation
#13 972.2 ** R
#13 972.2 ** data
#13 972.2 ** inst
#13 972.2 ** byte-compile and prepare package for lazy loading
#13 974.1 ** help
#13 974.2 *** installing help indices
#13 974.3 ** building package indices
#13 974.6 ** installing vignettes
#13 974.6 ** testing if installed package can be loaded from temporary location
#13 975.1 ** testing if installed package can be loaded from final location
#13 975.5 ** testing if installed package keeps a record of temporary installation path
#13 975.5 * DONE (htmlTable)
#13 975.5 Trying to install from main CRAN repository...
#13 975.5 trying URL 'https://cran.r-project.org/src/contrib/Hmisc_5.2-3.tar.gz'
#13 975.6 First attempt failed: cannot open URL 'https://cran.r-project.org/src/contrib/Hmisc_5.2-3.tar.gz'
#13 975.6 Trying to install from CRAN archive...
#13 975.6 trying URL 'https://cran.r-project.org/src/contrib/Archive/Hmisc/Hmisc_5.2-3.tar.gz'
#13 975.8 Content type 'application/x-gzip' length 900217 bytes (879 KB)
#13 975.8 ==================================================
#13 976.0 downloaded 879 KB
#13 976.0 
#13 976.7 * installing *source* package ‘Hmisc’ ...
#13 976.7 ** package ‘Hmisc’ successfully unpacked and MD5 sums checked
#13 976.7 ** using staged installation
#13 976.7 ** libs
#13 976.7 using C compiler: ‘gcc (Debian 12.2.0-14+deb12u1) 12.2.0’
#13 976.7 using Fortran compiler: ‘GNU Fortran (Debian 12.2.0-14+deb12u1) 12.2.0’
#13 976.7 gcc -I"/usr/local/lib/R/include" -DNDEBUG   -I/usr/local/include    -fpic  -g -O2  -c Hmisc.c -o Hmisc.o
#13 976.8 gfortran  -fpic  -g -O2  -c  cidxcn.f90 -o cidxcn.o
#13 976.8 gfortran  -fpic  -g -O2  -c  cidxcp.f90 -o cidxcp.o
#13 976.9 gfortran  -fpic  -g -O2  -c  cutgn.f90 -o cutgn.o
#13 977.0 gfortran  -fpic  -g -O2  -c  hlqest.f90 -o hlqest.o
#13 977.1 gfortran  -fpic  -g -O2  -c  hoeffd.f90 -o hoeffd.o
#13 977.2 gcc -I"/usr/local/lib/R/include" -DNDEBUG   -I/usr/local/include    -fpic  -g -O2  -c init.c -o init.o
#13 977.3 gfortran  -fpic  -g -O2  -c  jacklins.f90 -o jacklins.o
#13 977.3 gfortran  -fpic  -g -O2  -c largrec.f -o largrec.o
#13 977.4 gcc -I"/usr/local/lib/R/include" -DNDEBUG   -I/usr/local/include    -fpic  -g -O2  -c mChoice.c -o mChoice.o
#13 977.5 gfortran  -fpic  -g -O2  -c  maxempr.f90 -o maxempr.o
#13 977.5 gcc -I"/usr/local/lib/R/include" -DNDEBUG   -I/usr/local/include    -fpic  -g -O2  -c nstr.c -o nstr.o
#13 977.6 gcc -I"/usr/local/lib/R/include" -DNDEBUG   -I/usr/local/include    -fpic  -g -O2  -c ranksort.c -o ranksort.o
#13 977.7 gfortran  -fpic  -g -O2  -c  rcorr.f90 -o rcorr.o
#13 977.8 gcc -I"/usr/local/lib/R/include" -DNDEBUG   -I/usr/local/include    -fpic  -g -O2  -c string_box.c -o string_box.o
#13 977.9 gfortran  -fpic  -g -O2  -c  wclosest.f90 -o wclosest.o
#13 978.0 gcc -shared -L/usr/local/lib/R/lib -L/usr/local/lib -o Hmisc.so Hmisc.o cidxcn.o cidxcp.o cutgn.o hlqest.o hoeffd.o init.o jacklins.o largrec.o mChoice.o maxempr.o nstr.o ranksort.o rcorr.o string_box.o wclosest.o -lgfortran -lm -lquadmath -L/usr/local/lib/R/lib -lR
#13 978.0 installing to /usr/local/lib/R/library/00LOCK-Hmisc/00new/Hmisc/libs
#13 978.0 ** R
#13 978.2 ** inst
#13 978.2 ** byte-compile and prepare package for lazy loading
#13 1000.1 ** help
#13 1001.1 *** installing help indices
#13 1001.7 ** building package indices
#13 1002.6 ** testing if installed package can be loaded from temporary location
#13 1003.4 ** checking absolute paths in shared objects and dynamic libraries
#13 1003.4 ** testing if installed package can be loaded from final location
#13 1004.8 ** testing if installed package keeps a record of temporary installation path
#13 1004.8 * DONE (Hmisc)
#13 1004.9 Trying to install from main CRAN repository...
#13 1004.9 trying URL 'https://cran.r-project.org/src/contrib/later_1.4.1.tar.gz'
#13 1005.0 First attempt failed: cannot open URL 'https://cran.r-project.org/src/contrib/later_1.4.1.tar.gz'
#13 1005.0 Trying to install from CRAN archive...
#13 1005.0 trying URL 'https://cran.r-project.org/src/contrib/Archive/later/later_1.4.1.tar.gz'
#13 1005.1 Content type 'application/x-gzip' length 69832 bytes (68 KB)
#13 1005.1 ==================================================
#13 1005.1 downloaded 68 KB
#13 1005.1 
#13 1005.3 * installing *source* package ‘later’ ...
#13 1005.3 ** package ‘later’ successfully unpacked and MD5 sums checked
#13 1005.3 ** using staged installation
#13 1005.6 Running configure script
#13 1005.7 -latomic linker flag not needed.
#13 1005.7 ** libs
#13 1005.8 using C compiler: ‘gcc (Debian 12.2.0-14+deb12u1) 12.2.0’
#13 1005.8 using C++ compiler: ‘g++ (Debian 12.2.0-14+deb12u1) 12.2.0’
#13 1005.8 g++ -std=gnu++17 -I"/usr/local/lib/R/include" -DNDEBUG -pthread -DSTRICT_R_HEADERS -DRCPP_NO_MODULES  -I'/usr/local/lib/R/library/Rcpp/include' -I/usr/local/include    -fpic  -g -O2   -c RcppExports.cpp -o RcppExports.o
#13 1009.3 g++ -std=gnu++17 -I"/usr/local/lib/R/include" -DNDEBUG -pthread -DSTRICT_R_HEADERS -DRCPP_NO_MODULES  -I'/usr/local/lib/R/library/Rcpp/include' -I/usr/local/include    -fpic  -g -O2   -c callback_registry.cpp -o callback_registry.o
#13 1013.2 g++ -std=gnu++17 -I"/usr/local/lib/R/include" -DNDEBUG -pthread -DSTRICT_R_HEADERS -DRCPP_NO_MODULES  -I'/usr/local/lib/R/library/Rcpp/include' -I/usr/local/include    -fpic  -g -O2   -c debug.cpp -o debug.o
#13 1013.7 g++ -std=gnu++17 -I"/usr/local/lib/R/include" -DNDEBUG -pthread -DSTRICT_R_HEADERS -DRCPP_NO_MODULES  -I'/usr/local/lib/R/library/Rcpp/include' -I/usr/local/include    -fpic  -g -O2   -c fd.cpp -o fd.o
#13 1017.0 gcc -I"/usr/local/lib/R/include" -DNDEBUG -pthread -DSTRICT_R_HEADERS -DRCPP_NO_MODULES  -I'/usr/local/lib/R/library/Rcpp/include' -I/usr/local/include    -fpic  -g -O2  -c init.c -o init.o
#13 1017.0 g++ -std=gnu++17 -I"/usr/local/lib/R/include" -DNDEBUG -pthread -DSTRICT_R_HEADERS -DRCPP_NO_MODULES  -I'/usr/local/lib/R/library/Rcpp/include' -I/usr/local/include    -fpic  -g -O2   -c later.cpp -o later.o
#13 1020.2 g++ -std=gnu++17 -I"/usr/local/lib/R/include" -DNDEBUG -pthread -DSTRICT_R_HEADERS -DRCPP_NO_MODULES  -I'/usr/local/lib/R/library/Rcpp/include' -I/usr/local/include    -fpic  -g -O2   -c later_posix.cpp -o later_posix.o
#13 1022.0 g++ -std=gnu++17 -I"/usr/local/lib/R/include" -DNDEBUG -pthread -DSTRICT_R_HEADERS -DRCPP_NO_MODULES  -I'/usr/local/lib/R/library/Rcpp/include' -I/usr/local/include    -fpic  -g -O2   -c later_win32.cpp -o later_win32.o
#13 1022.0 g++ -std=gnu++17 -I"/usr/local/lib/R/include" -DNDEBUG -pthread -DSTRICT_R_HEADERS -DRCPP_NO_MODULES  -I'/usr/local/lib/R/library/Rcpp/include' -I/usr/local/include    -fpic  -g -O2   -c timer_posix.cpp -o timer_posix.o
#13 1022.7 g++ -std=gnu++17 -I"/usr/local/lib/R/include" -DNDEBUG -pthread -DSTRICT_R_HEADERS -DRCPP_NO_MODULES  -I'/usr/local/lib/R/library/Rcpp/include' -I/usr/local/include    -fpic  -g -O2   -c timestamp_unix.cpp -o timestamp_unix.o
#13 1022.9 g++ -std=gnu++17 -I"/usr/local/lib/R/include" -DNDEBUG -pthread -DSTRICT_R_HEADERS -DRCPP_NO_MODULES  -I'/usr/local/lib/R/library/Rcpp/include' -I/usr/local/include    -fpic  -g -O2   -c timestamp_win32.cpp -o timestamp_win32.o
#13 1022.9 gcc -I"/usr/local/lib/R/include" -DNDEBUG -pthread -DSTRICT_R_HEADERS -DRCPP_NO_MODULES  -I'/usr/local/lib/R/library/Rcpp/include' -I/usr/local/include    -fpic  -g -O2  -c tinycthread.c -o tinycthread.o
#13 1023.0 gcc -I"/usr/local/lib/R/include" -DNDEBUG -pthread -DSTRICT_R_HEADERS -DRCPP_NO_MODULES  -I'/usr/local/lib/R/library/Rcpp/include' -I/usr/local/include    -fpic  -g -O2  -c wref.c -o wref.o
#13 1023.1 g++ -std=gnu++17 -shared -L/usr/local/lib/R/lib -L/usr/local/lib -o later.so RcppExports.o callback_registry.o debug.o fd.o init.o later.o later_posix.o later_win32.o timer_posix.o timestamp_unix.o timestamp_win32.o tinycthread.o wref.o -pthread -L/usr/local/lib/R/lib -lR
#13 1023.2 installing to /usr/local/lib/R/library/00LOCK-later/00new/later/libs
#13 1023.2 ** R
#13 1023.2 ** inst
#13 1023.2 ** byte-compile and prepare package for lazy loading
#13 1023.6 ** help
#13 1023.6 *** installing help indices
#13 1023.6 ** building package indices
#13 1023.8 ** installing vignettes
#13 1023.8 ** testing if installed package can be loaded from temporary location
#13 1024.2 ** checking absolute paths in shared objects and dynamic libraries
#13 1024.2 ** testing if installed package can be loaded from final location
#13 1024.5 ** testing if installed package keeps a record of temporary installation path
#13 1024.5 * DONE (later)
#13 1024.5 Trying to install from main CRAN repository...
#13 1024.5 trying URL 'https://cran.r-project.org/src/contrib/promises_1.3.2.tar.gz'
#13 1024.6 First attempt failed: cannot open URL 'https://cran.r-project.org/src/contrib/promises_1.3.2.tar.gz'
#13 1024.6 Trying to install from CRAN archive...
#13 1024.6 trying URL 'https://cran.r-project.org/src/contrib/Archive/promises/promises_1.3.2.tar.gz'
#13 1024.7 Content type 'application/x-gzip' length 3168224 bytes (3.0 MB)
#13 1024.7 ==================================================
#13 1024.9 downloaded 3.0 MB
#13 1024.9 
#13 1025.4 * installing *source* package ‘promises’ ...
#13 1025.4 ** package ‘promises’ successfully unpacked and MD5 sums checked
#13 1025.4 ** using staged installation
#13 1025.4 ** libs
#13 1025.4 using C++ compiler: ‘g++ (Debian 12.2.0-14+deb12u1) 12.2.0’
#13 1025.5 g++ -std=gnu++17 -I"/usr/local/lib/R/include" -DNDEBUG  -I'/usr/local/lib/R/library/later/include' -I'/usr/local/lib/R/library/Rcpp/include' -I/usr/local/include    -fpic  -g -O2   -c RcppExports.cpp -o RcppExports.o
#13 1028.2 g++ -std=gnu++17 -I"/usr/local/lib/R/include" -DNDEBUG  -I'/usr/local/lib/R/library/later/include' -I'/usr/local/lib/R/library/Rcpp/include' -I/usr/local/include    -fpic  -g -O2   -c promise_task.cpp -o promise_task.o
#13 1030.7 g++ -std=gnu++17 -shared -L/usr/local/lib/R/lib -L/usr/local/lib -o promises.so RcppExports.o promise_task.o -L/usr/local/lib/R/lib -lR
#13 1030.7 installing to /usr/local/lib/R/library/00LOCK-promises/00new/promises/libs
#13 1030.7 ** R
#13 1030.7 ** inst
#13 1030.8 ** byte-compile and prepare package for lazy loading
#13 1032.9 ** help
#13 1032.9 *** installing help indices
#13 1033.0 *** copying figures
#13 1033.0 ** building package indices
#13 1033.2 ** installing vignettes
#13 1033.2 ** testing if installed package can be loaded from temporary location
#13 1033.5 ** checking absolute paths in shared objects and dynamic libraries
#13 1033.5 ** testing if installed package can be loaded from final location
#13 1033.9 ** testing if installed package keeps a record of temporary installation path
#13 1033.9 * DONE (promises)
#13 1033.9 Trying to install from main CRAN repository...
#13 1033.9 trying URL 'https://cran.r-project.org/src/contrib/httpuv_1.6.15.tar.gz'
#13 1034.0 First attempt failed: cannot open URL 'https://cran.r-project.org/src/contrib/httpuv_1.6.15.tar.gz'
#13 1034.0 Trying to install from CRAN archive...
#13 1034.0 trying URL 'https://cran.r-project.org/src/contrib/Archive/httpuv/httpuv_1.6.15.tar.gz'
#13 1034.2 Content type 'application/x-gzip' length 1879369 bytes (1.8 MB)
#13 1034.2 ==================================================
#13 1034.4 downloaded 1.8 MB
#13 1034.4 
#13 1035.2 * installing *source* package ‘httpuv’ ...
#13 1035.2 ** package ‘httpuv’ successfully unpacked and MD5 sums checked
#13 1035.2 ** using staged installation
#13 1035.6 ** Using bundled copy of libuv
#13 1035.6 ** PKG_CFLAGS=-Ilibuv/include
#13 1035.6 ** PKG_LIBS=./libuv/.libs/libuv.a
#13 1035.6 ** libs
#13 1035.6 using C compiler: ‘gcc (Debian 12.2.0-14+deb12u1) 12.2.0’
#13 1035.6 using C++ compiler: ‘g++ (Debian 12.2.0-14+deb12u1) 12.2.0’
#13 1035.6 g++ -std=gnu++17 -I"/usr/local/lib/R/include" -DNDEBUG -Ilibuv/include -pthread -I'/usr/local/lib/R/library/later/include' -I'/usr/local/lib/R/library/Rcpp/include' -I/usr/local/include   -fvisibility=hidden -DSTRICT_R_HEADERS -fpic  -g -O2   -c RcppExports.cpp -o RcppExports.o
#13 1039.4 g++ -std=gnu++17 -I"/usr/local/lib/R/include" -DNDEBUG -Ilibuv/include -pthread -I'/usr/local/lib/R/library/later/include' -I'/usr/local/lib/R/library/Rcpp/include' -I/usr/local/include   -fvisibility=hidden -DSTRICT_R_HEADERS -fpic  -g -O2   -c callback.cpp -o callback.o
#13 1039.9 g++ -std=gnu++17 -I"/usr/local/lib/R/include" -DNDEBUG -Ilibuv/include -pthread -I'/usr/local/lib/R/library/later/include' -I'/usr/local/lib/R/library/Rcpp/include' -I/usr/local/include   -fvisibility=hidden -DSTRICT_R_HEADERS -fpic  -g -O2   -c callbackqueue.cpp -o callbackqueue.o
#13 1040.5 g++ -std=gnu++17 -I"/usr/local/lib/R/include" -DNDEBUG -Ilibuv/include -pthread -I'/usr/local/lib/R/library/later/include' -I'/usr/local/lib/R/library/Rcpp/include' -I/usr/local/include   -fvisibility=hidden -DSTRICT_R_HEADERS -fpic  -g -O2   -c filedatasource-unix.cpp -o filedatasource-unix.o
#13 1042.9 g++ -std=gnu++17 -I"/usr/local/lib/R/include" -DNDEBUG -Ilibuv/include -pthread -I'/usr/local/lib/R/library/later/include' -I'/usr/local/lib/R/library/Rcpp/include' -I/usr/local/include   -fvisibility=hidden -DSTRICT_R_HEADERS -fpic  -g -O2   -c filedatasource-win.cpp -o filedatasource-win.o
#13 1042.9 g++ -std=gnu++17 -I"/usr/local/lib/R/include" -DNDEBUG -Ilibuv/include -pthread -I'/usr/local/lib/R/library/later/include' -I'/usr/local/lib/R/library/Rcpp/include' -I/usr/local/include   -fvisibility=hidden -DSTRICT_R_HEADERS -fpic  -g -O2   -c fs.cpp -o fs.o
#13 1045.1 g++ -std=gnu++17 -I"/usr/local/lib/R/include" -DNDEBUG -Ilibuv/include -pthread -I'/usr/local/lib/R/library/later/include' -I'/usr/local/lib/R/library/Rcpp/include' -I/usr/local/include   -fvisibility=hidden -DSTRICT_R_HEADERS -fpic  -g -O2   -c gzipdatasource.cpp -o gzipdatasource.o
#13 1047.3 g++ -std=gnu++17 -I"/usr/local/lib/R/include" -DNDEBUG -Ilibuv/include -pthread -I'/usr/local/lib/R/library/later/include' -I'/usr/local/lib/R/library/Rcpp/include' -I/usr/local/include   -fvisibility=hidden -DSTRICT_R_HEADERS -fpic  -g -O2   -c http.cpp -o http.o
#13 1050.2 g++ -std=gnu++17 -I"/usr/local/lib/R/include" -DNDEBUG -Ilibuv/include -pthread -I'/usr/local/lib/R/library/later/include' -I'/usr/local/lib/R/library/Rcpp/include' -I/usr/local/include   -fvisibility=hidden -DSTRICT_R_HEADERS -fpic  -g -O2   -c httprequest.cpp -o httprequest.o
#13 1056.3 g++ -std=gnu++17 -I"/usr/local/lib/R/include" -DNDEBUG -Ilibuv/include -pthread -I'/usr/local/lib/R/library/later/include' -I'/usr/local/lib/R/library/Rcpp/include' -I/usr/local/include   -fvisibility=hidden -DSTRICT_R_HEADERS -fpic  -g -O2   -c httpresponse.cpp -o httpresponse.o
#13 1059.2 g++ -std=gnu++17 -I"/usr/local/lib/R/include" -DNDEBUG -Ilibuv/include -pthread -I'/usr/local/lib/R/library/later/include' -I'/usr/local/lib/R/library/Rcpp/include' -I/usr/local/include   -fvisibility=hidden -DSTRICT_R_HEADERS -fpic  -g -O2   -c httpuv.cpp -o httpuv.o
