db_type,release,organism,source,missing_meta,missing_coord
vertebrates,61,ailuropoda_melanoleuca,tgz-only,1,1
vertebrates,61,anolis_carolinensis,tgz-only,1,1
vertebrates,61,bos_taurus,tgz-only,1,1
vertebrates,61,caenorhabditis_elegans,tgz-only,1,1
vertebrates,61,callithrix_jacchus,tgz-only,1,1
vertebrates,61,canis_familiaris,tgz-only,1,1
vertebrates,61,cavia_porcellus,tgz-only,1,1
vertebrates,61,choloepus_hoffmanni,tgz-only,1,1
vertebrates,61,ciona_intestinalis,tgz-only,1,1
vertebrates,61,ciona_savignyi,tgz-only,1,1
vertebrates,61,danio_rerio,tgz-only,1,1
vertebrates,61,dasypus_novemcinctus,tgz-only,1,1
vertebrates,61,dipodomys_ordii,tgz-only,1,1
vertebrates,61,drosophila_melanogaster,tgz-only,1,1
vertebrates,61,echinops_telfairi,tgz-only,1,1
vertebrates,61,equus_caballus,tgz-only,1,1
vertebrates,61,erinaceus_europaeus,tgz-only,1,1
vertebrates,61,felis_catus,tgz-only,1,1
vertebrates,61,gallus_gallus,tgz-only,1,1
vertebrates,61,gasterosteus_aculeatus,tgz-only,1,1
vertebrates,61,gorilla_gorilla,tgz-only,1,1
vertebrates,61,loxodonta_africana,tgz-only,1,1
vertebrates,61,macaca_mulatta,tgz-only,1,1
vertebrates,61,macropus_eugenii,tgz-only,1,1
vertebrates,61,meleagris_gallopavo,tgz-only,1,1
vertebrates,61,microcebus_murinus,tgz-only,1,1
vertebrates,61,monodelphis_domestica,tgz-only,1,1
vertebrates,61,mus_musculus,tgz-only,1,1
vertebrates,61,myotis_lucifugus,tgz-only,1,1
vertebrates,61,ochotona_princeps,tgz-only,1,1
vertebrates,61,ornithorhynchus_anatinus,tgz-only,1,1
vertebrates,61,oryctolagus_cuniculus,tgz-only,1,1
vertebrates,61,oryzias_latipes,tgz-only,1,1
vertebrates,61,otolemur_garnettii,tgz-only,1,1
vertebrates,61,pan_troglodytes,tgz-only,1,1
vertebrates,61,pongo_pygmaeus,tgz-only,1,1
vertebrates,61,procavia_capensis,tgz-only,1,1
vertebrates,61,pteropus_vampyrus,tgz-only,1,1
vertebrates,61,rattus_norvegicus,tgz-only,1,1
vertebrates,61,saccharomyces_cerevisiae,tgz-only,1,1
vertebrates,61,sorex_araneus,tgz-only,1,1
vertebrates,61,spermophilus_tridecemlineatus,tgz-only,1,1
vertebrates,61,sus_scrofa,tgz-only,1,1
vertebrates,61,taeniopygia_guttata,tgz-only,1,1
vertebrates,61,takifugu_rubripes,tgz-only,1,1
vertebrates,61,tarsius_syrichta,tgz-only,1,1
vertebrates,61,tetraodon_nigroviridis,tgz-only,1,1
vertebrates,61,tupaia_belangeri,tgz-only,1,1
vertebrates,61,tursiops_truncatus,tgz-only,1,1
vertebrates,61,vicugna_pacos,tgz-only,1,1
vertebrates,61,xenopus_tropicalis,tgz-only,1,1
vertebrates,67,ailuropoda_melanoleuca,tgz-only,1,1
vertebrates,67,anolis_carolinensis,tgz-only,1,1
vertebrates,67,bos_taurus,tgz-only,1,1
vertebrates,67,caenorhabditis_elegans,tgz-only,1,1
vertebrates,67,callithrix_jacchus,tgz-only,1,1
vertebrates,67,canis_familiaris,tgz-only,1,1
vertebrates,67,cavia_porcellus,tgz-only,1,1
vertebrates,67,choloepus_hoffmanni,tgz-only,1,1
vertebrates,67,ciona_intestinalis,tgz-only,1,1
vertebrates,67,ciona_savignyi,tgz-only,1,1
vertebrates,67,danio_rerio,tgz-only,1,1
vertebrates,67,dasypus_novemcinctus,tgz-only,1,1
vertebrates,67,dipodomys_ordii,tgz-only,1,1
vertebrates,67,drosophila_melanogaster,tgz-only,1,1
vertebrates,67,echinops_telfairi,tgz-only,1,1
vertebrates,67,equus_caballus,tgz-only,1,1
vertebrates,67,erinaceus_europaeus,tgz-only,1,1
vertebrates,67,felis_catus,tgz-only,1,1
vertebrates,67,gadus_morhua,tgz-only,1,1
vertebrates,67,gallus_gallus,tgz-only,1,1
vertebrates,67,gasterosteus_aculeatus,tgz-only,1,1
vertebrates,67,gorilla_gorilla,tgz-only,1,1
vertebrates,67,latimeria_chalumnae,tgz-only,1,1
vertebrates,67,loxodonta_africana,tgz-only,1,1
vertebrates,67,macaca_mulatta,tgz-only,1,1
vertebrates,67,macropus_eugenii,tgz-only,1,1
vertebrates,67,meleagris_gallopavo,tgz-only,1,1
vertebrates,67,microcebus_murinus,tgz-only,1,1
vertebrates,67,monodelphis_domestica,tgz-only,1,1
vertebrates,67,mus_musculus,tgz-only,1,1
vertebrates,67,myotis_lucifugus,tgz-only,1,1
vertebrates,67,nomascus_leucogenys,tgz-only,1,1
vertebrates,67,ochotona_princeps,tgz-only,1,1
vertebrates,67,oreochromis_niloticus,tgz-only,1,1
vertebrates,67,ornithorhynchus_anatinus,tgz-only,1,1
vertebrates,67,oryctolagus_cuniculus,tgz-only,1,1
vertebrates,67,oryzias_latipes,tgz-only,1,1
vertebrates,67,otolemur_garnettii,tgz-only,1,1
vertebrates,67,pan_troglodytes,tgz-only,1,1
vertebrates,67,petromyzon_marinus,tgz-only,1,1
vertebrates,67,pongo_abelii,tgz-only,1,1
vertebrates,67,procavia_capensis,tgz-only,1,1
vertebrates,67,pteropus_vampyrus,tgz-only,1,1
vertebrates,67,rattus_norvegicus,tgz-only,1,1
vertebrates,67,saccharomyces_cerevisiae,tgz-only,1,1
vertebrates,67,sarcophilus_harrisii,tgz-only,1,1
vertebrates,67,sorex_araneus,tgz-only,1,1
vertebrates,67,spermophilus_tridecemlineatus,tgz-only,1,1
vertebrates,67,sus_scrofa,tgz-only,1,1
vertebrates,67,taeniopygia_guttata,tgz-only,1,1
vertebrates,67,takifugu_rubripes,tgz-only,1,1
vertebrates,67,tarsius_syrichta,tgz-only,1,1
vertebrates,67,tetraodon_nigroviridis,tgz-only,1,1
vertebrates,67,tupaia_belangeri,tgz-only,1,1
vertebrates,67,tursiops_truncatus,tgz-only,1,1
vertebrates,67,vicugna_pacos,tgz-only,1,1
vertebrates,67,xenopus_tropicalis,tgz-only,1,1
vertebrates,88,ailuropoda_melanoleuca,tgz-only,1,1
vertebrates,88,anas_platyrhynchos,tgz-only,1,1
vertebrates,88,anolis_carolinensis,tgz-only,1,1
vertebrates,88,astyanax_mexicanus,tgz-only,1,1
vertebrates,88,bos_taurus,tgz-only,1,1
vertebrates,88,caenorhabditis_elegans,tgz-only,1,1
vertebrates,88,callithrix_jacchus,tgz-only,1,1
vertebrates,88,canis_familiaris,tgz-only,1,1
vertebrates,88,cavia_porcellus,tgz-only,1,1
vertebrates,88,chlorocebus_sabaeus,tgz-only,1,1
vertebrates,88,choloepus_hoffmanni,tgz-only,1,1
vertebrates,88,ciona_intestinalis,tgz-only,1,1
vertebrates,88,ciona_savignyi,tgz-only,1,1
vertebrates,88,danio_rerio,tgz-only,1,1
vertebrates,88,dasypus_novemcinctus,tgz-only,1,1
vertebrates,88,dipodomys_ordii,tgz-only,1,1
vertebrates,88,drosophila_melanogaster,tgz-only,1,1
vertebrates,88,echinops_telfairi,tgz-only,1,1
vertebrates,88,equus_caballus,tgz-only,1,1
vertebrates,88,erinaceus_europaeus,tgz-only,1,1
vertebrates,88,felis_catus,tgz-only,1,1
vertebrates,88,ficedula_albicollis,tgz-only,1,1
vertebrates,88,gadus_morhua,tgz-only,1,1
vertebrates,88,gallus_gallus,tgz-only,1,1
vertebrates,88,gasterosteus_aculeatus,tgz-only,1,1
vertebrates,88,gorilla_gorilla,tgz-only,1,1
vertebrates,88,homo_sapiens,tgz-only,1,1
vertebrates,88,ictidomys_tridecemlineatus,tgz-only,1,1
vertebrates,88,latimeria_chalumnae,tgz-only,1,1
vertebrates,88,lepisosteus_oculatus,tgz-only,1,1
vertebrates,88,loxodonta_africana,tgz-only,1,1
vertebrates,88,macaca_mulatta,tgz-only,1,1
vertebrates,88,macropus_eugenii,tgz-only,1,1
vertebrates,88,meleagris_gallopavo,tgz-only,1,1
vertebrates,88,microcebus_murinus,tgz-only,1,1
vertebrates,88,monodelphis_domestica,tgz-only,1,1
vertebrates,88,mus_musculus,tgz-only,1,1
vertebrates,88,mus_musculus_129s1svimj,tgz-only,1,1
vertebrates,88,mus_musculus_aj,tgz-only,1,1
vertebrates,88,mus_musculus_akrj,tgz-only,1,1
vertebrates,88,mus_musculus_balbcj,tgz-only,1,1
vertebrates,88,mus_musculus_c3hhej,tgz-only,1,1
vertebrates,88,mus_musculus_c57bl6nj,tgz-only,1,1
vertebrates,88,mus_musculus_casteij,tgz-only,1,1
vertebrates,88,mus_musculus_cbaj,tgz-only,1,1
vertebrates,88,mus_musculus_dba2j,tgz-only,1,1
vertebrates,88,mus_musculus_fvbnj,tgz-only,1,1
vertebrates,88,mus_musculus_lpj,tgz-only,1,1
vertebrates,88,mus_musculus_nodshiltj,tgz-only,1,1
vertebrates,88,mus_musculus_nzohlltj,tgz-only,1,1
vertebrates,88,mus_musculus_pwkphj,tgz-only,1,1
vertebrates,88,mus_musculus_wsbeij,tgz-only,1,1
vertebrates,88,mus_spretus_spreteij,tgz-only,1,1
vertebrates,88,mustela_putorius_furo,tgz-only,1,1
vertebrates,88,myotis_lucifugus,tgz-only,1,1
vertebrates,88,nomascus_leucogenys,tgz-only,1,1
vertebrates,88,ochotona_princeps,tgz-only,1,1
vertebrates,88,oreochromis_niloticus,tgz-only,1,1
vertebrates,88,ornithorhynchus_anatinus,tgz-only,1,1
vertebrates,88,oryctolagus_cuniculus,tgz-only,1,1
vertebrates,88,oryzias_latipes,tgz-only,1,1
vertebrates,88,otolemur_garnettii,tgz-only,1,1
vertebrates,88,ovis_aries,tgz-only,1,1
vertebrates,88,pan_troglodytes,tgz-only,1,1
vertebrates,88,papio_anubis,tgz-only,1,1
vertebrates,88,pelodiscus_sinensis,tgz-only,1,1
vertebrates,88,petromyzon_marinus,tgz-only,1,1
vertebrates,88,poecilia_formosa,tgz-only,1,1
vertebrates,88,pongo_abelii,tgz-only,1,1
vertebrates,88,procavia_capensis,tgz-only,1,1
vertebrates,88,pteropus_vampyrus,tgz-only,1,1
vertebrates,88,rattus_norvegicus,tgz-only,1,1
vertebrates,88,saccharomyces_cerevisiae,tgz-only,1,1
vertebrates,88,sarcophilus_harrisii,tgz-only,1,1
vertebrates,88,sorex_araneus,tgz-only,1,1
vertebrates,88,sus_scrofa,tgz-only,1,1
vertebrates,88,taeniopygia_guttata,tgz-only,1,1
vertebrates,88,takifugu_rubripes,tgz-only,1,1
vertebrates,88,tarsius_syrichta,tgz-only,1,1
vertebrates,88,tetraodon_nigroviridis,tgz-only,1,1
vertebrates,88,tupaia_belangeri,tgz-only,1,1
vertebrates,88,tursiops_truncatus,tgz-only,1,1
vertebrates,88,vicugna_pacos,tgz-only,1,1
vertebrates,88,xenopus_tropicalis,tgz-only,1,1
vertebrates,88,xiphophorus_maculatus,tgz-only,1,1
vertebrates,89,ailuropoda_melanoleuca,dir,1,0
vertebrates,89,anas_platyrhynchos,dir,1,0
vertebrates,89,anolis_carolinensis,dir,1,0
vertebrates,89,astyanax_mexicanus,dir,1,0
vertebrates,89,bos_taurus,dir,1,0
vertebrates,89,caenorhabditis_elegans,dir,1,0
vertebrates,89,callithrix_jacchus,dir,1,0
vertebrates,89,canis_familiaris,dir,1,0
vertebrates,89,carlito_syrichta,dir,1,0
vertebrates,89,cavia_porcellus,dir,1,0
vertebrates,89,chlorocebus_sabaeus,dir,1,0
vertebrates,89,choloepus_hoffmanni,dir,1,0
vertebrates,89,ciona_intestinalis,dir,1,0
vertebrates,89,ciona_savignyi,dir,1,0
vertebrates,89,danio_rerio,dir,1,0
vertebrates,89,dasypus_novemcinctus,dir,1,0
vertebrates,89,dipodomys_ordii,dir,1,0
vertebrates,89,drosophila_melanogaster,dir,1,0
vertebrates,89,echinops_telfairi,dir,1,0
vertebrates,89,equus_caballus,dir,1,0
vertebrates,89,erinaceus_europaeus,dir,1,0
vertebrates,89,felis_catus,dir,1,0
vertebrates,89,ficedula_albicollis,dir,1,0
vertebrates,89,gadus_morhua,dir,1,0
vertebrates,89,gallus_gallus,dir,1,0
vertebrates,89,gasterosteus_aculeatus,dir,1,0
vertebrates,89,gorilla_gorilla,dir,1,0
vertebrates,89,homo_sapiens,dir,1,0
vertebrates,89,ictidomys_tridecemlineatus,dir,1,0
vertebrates,89,latimeria_chalumnae,dir,1,0
vertebrates,89,lepisosteus_oculatus,dir,1,0
vertebrates,89,loxodonta_africana,dir,1,0
vertebrates,89,macaca_mulatta,dir,1,0
vertebrates,89,meleagris_gallopavo,dir,1,0
vertebrates,89,microcebus_murinus,dir,1,0
vertebrates,89,monodelphis_domestica,dir,1,0
vertebrates,89,mus_musculus,dir,1,0
vertebrates,89,mus_musculus_129s1svimj,dir,1,0
vertebrates,89,mus_musculus_aj,dir,1,0
vertebrates,89,mus_musculus_akrj,dir,1,0
vertebrates,89,mus_musculus_balbcj,dir,1,0
vertebrates,89,mus_musculus_c3hhej,dir,1,0
vertebrates,89,mus_musculus_c57bl6nj,dir,1,0
vertebrates,89,mus_musculus_casteij,dir,1,0
vertebrates,89,mus_musculus_cbaj,dir,1,0
vertebrates,89,mus_musculus_dba2j,dir,1,0
vertebrates,89,mus_musculus_fvbnj,dir,1,0
vertebrates,89,mus_musculus_lpj,dir,1,0
vertebrates,89,mus_musculus_nodshiltj,dir,1,0
vertebrates,89,mus_musculus_nzohlltj,dir,1,0
vertebrates,89,mus_musculus_pwkphj,dir,1,0
vertebrates,89,mus_musculus_wsbeij,dir,1,0
vertebrates,89,mus_spretus_spreteij,dir,1,0
vertebrates,89,mustela_putorius_furo,dir,1,0
vertebrates,89,myotis_lucifugus,dir,1,0
vertebrates,89,nomascus_leucogenys,dir,1,0
vertebrates,89,notamacropus_eugenii,dir,1,0
vertebrates,89,ochotona_princeps,dir,1,0
vertebrates,89,oreochromis_niloticus,dir,1,0
vertebrates,89,ornithorhynchus_anatinus,dir,1,0
vertebrates,89,oryctolagus_cuniculus,dir,1,0
vertebrates,89,oryzias_latipes,dir,1,0
vertebrates,89,otolemur_garnettii,dir,1,0
vertebrates,89,ovis_aries,dir,1,0
vertebrates,89,pan_troglodytes,dir,1,0
vertebrates,89,papio_anubis,dir,1,0
vertebrates,89,pelodiscus_sinensis,dir,1,0
vertebrates,89,petromyzon_marinus,dir,1,0
vertebrates,89,poecilia_formosa,dir,1,0
vertebrates,89,pongo_abelii,dir,1,0
vertebrates,89,procavia_capensis,dir,1,0
vertebrates,89,pteropus_vampyrus,dir,1,0
vertebrates,89,rattus_norvegicus,dir,1,0
vertebrates,89,saccharomyces_cerevisiae,dir,1,0
vertebrates,89,sarcophilus_harrisii,dir,1,0
vertebrates,89,sorex_araneus,dir,1,0
vertebrates,89,sus_scrofa,dir,1,0
vertebrates,89,taeniopygia_guttata,dir,1,0
vertebrates,89,takifugu_rubripes,dir,1,0
vertebrates,89,tetraodon_nigroviridis,dir,1,0
vertebrates,89,tupaia_belangeri,dir,1,0
vertebrates,89,tursiops_truncatus,dir,1,0
vertebrates,89,vicugna_pacos,dir,1,0
vertebrates,89,xenopus_tropicalis,dir,1,0
vertebrates,89,xiphophorus_maculatus,dir,1,0
vertebrates,91,ailuropoda_melanoleuca,tgz-only,1,1
vertebrates,91,anas_platyrhynchos,tgz-only,1,1
vertebrates,91,anolis_carolinensis,tgz-only,1,1
vertebrates,91,aotus_nancymaae,tgz-only,1,1
vertebrates,91,astyanax_mexicanus,tgz-only,1,1
vertebrates,91,bos_taurus,tgz-only,1,1
vertebrates,91,caenorhabditis_elegans,tgz-only,1,1
vertebrates,91,callithrix_jacchus,tgz-only,1,1
vertebrates,91,canis_familiaris,tgz-only,1,1
vertebrates,91,carlito_syrichta,tgz-only,1,1
vertebrates,91,cavia_aperea,tgz-only,1,1
vertebrates,91,cavia_porcellus,tgz-only,1,1
vertebrates,91,cebus_capucinus,tgz-only,1,1
vertebrates,91,cercocebus_atys,tgz-only,1,1
vertebrates,91,chinchilla_lanigera,tgz-only,1,1
vertebrates,91,chlorocebus_sabaeus,tgz-only,1,1
vertebrates,91,choloepus_hoffmanni,tgz-only,1,1
vertebrates,91,ciona_intestinalis,tgz-only,1,1
vertebrates,91,ciona_savignyi,tgz-only,1,1
vertebrates,91,colobus_angolensis_palliatus,tgz-only,1,1
vertebrates,91,cricetulus_griseus_chok1gshd,tgz-only,1,1
vertebrates,91,cricetulus_griseus_crigri,tgz-only,1,1
vertebrates,91,danio_rerio,tgz-only,1,1
vertebrates,91,dasypus_novemcinctus,tgz-only,1,1
vertebrates,91,dipodomys_ordii,tgz-only,1,1
vertebrates,91,drosophila_melanogaster,tgz-only,1,1
vertebrates,91,echinops_telfairi,tgz-only,1,1
vertebrates,91,equus_caballus,tgz-only,1,1
vertebrates,91,erinaceus_europaeus,tgz-only,1,1
vertebrates,91,felis_catus,tgz-only,1,1
vertebrates,91,ficedula_albicollis,tgz-only,1,1
vertebrates,91,fukomys_damarensis,tgz-only,1,1
vertebrates,91,gadus_morhua,tgz-only,1,1
vertebrates,91,gallus_gallus,tgz-only,1,1
vertebrates,91,gasterosteus_aculeatus,tgz-only,1,1
vertebrates,91,gorilla_gorilla,tgz-only,1,1
vertebrates,91,heterocephalus_glaber_female,tgz-only,1,1
vertebrates,91,heterocephalus_glaber_male,tgz-only,1,1
vertebrates,91,homo_sapiens,tgz-only,1,1
vertebrates,91,ictidomys_tridecemlineatus,tgz-only,1,1
vertebrates,91,jaculus_jaculus,tgz-only,1,1
vertebrates,91,latimeria_chalumnae,tgz-only,1,1
vertebrates,91,lepisosteus_oculatus,tgz-only,1,1
vertebrates,91,loxodonta_africana,tgz-only,1,1
vertebrates,91,macaca_fascicularis,tgz-only,1,1
vertebrates,91,macaca_mulatta,tgz-only,1,1
vertebrates,91,macaca_nemestrina,tgz-only,1,1
vertebrates,91,mandrillus_leucophaeus,tgz-only,1,1
vertebrates,91,meleagris_gallopavo,tgz-only,1,1
vertebrates,91,mesocricetus_auratus,tgz-only,1,1
vertebrates,91,microcebus_murinus,tgz-only,1,1
vertebrates,91,microtus_ochrogaster,tgz-only,1,1
vertebrates,91,monodelphis_domestica,tgz-only,1,1
vertebrates,91,mus_caroli,tgz-only,1,1
vertebrates,91,mus_musculus,tgz-only,1,1
vertebrates,91,mus_musculus_129s1svimj,tgz-only,1,1
vertebrates,91,mus_musculus_aj,tgz-only,1,1
vertebrates,91,mus_musculus_akrj,tgz-only,1,1
vertebrates,91,mus_musculus_balbcj,tgz-only,1,1
vertebrates,91,mus_musculus_c3hhej,tgz-only,1,1
vertebrates,91,mus_musculus_c57bl6nj,tgz-only,1,1
vertebrates,91,mus_musculus_casteij,tgz-only,1,1
vertebrates,91,mus_musculus_cbaj,tgz-only,1,1
vertebrates,91,mus_musculus_dba2j,tgz-only,1,1
vertebrates,91,mus_musculus_fvbnj,tgz-only,1,1
vertebrates,91,mus_musculus_lpj,tgz-only,1,1
vertebrates,91,mus_musculus_nodshiltj,tgz-only,1,1
vertebrates,91,mus_musculus_nzohlltj,tgz-only,1,1
vertebrates,91,mus_musculus_pwkphj,tgz-only,1,1
vertebrates,91,mus_musculus_wsbeij,tgz-only,1,1
vertebrates,91,mus_pahari,tgz-only,1,1
vertebrates,91,mus_spretus_spreteij,tgz-only,1,1
vertebrates,91,mustela_putorius_furo,tgz-only,1,1
vertebrates,91,myotis_lucifugus,tgz-only,1,1
vertebrates,91,nannospalax_galili,tgz-only,1,1
vertebrates,91,nomascus_leucogenys,tgz-only,1,1
vertebrates,91,notamacropus_eugenii,tgz-only,1,1
vertebrates,91,ochotona_princeps,tgz-only,1,1
vertebrates,91,octodon_degus,tgz-only,1,1
vertebrates,91,oreochromis_niloticus,tgz-only,1,1
vertebrates,91,ornithorhynchus_anatinus,tgz-only,1,1
vertebrates,91,oryctolagus_cuniculus,tgz-only,1,1
vertebrates,91,oryzias_latipes,tgz-only,1,1
vertebrates,91,otolemur_garnettii,tgz-only,1,1
vertebrates,91,ovis_aries,tgz-only,1,1
vertebrates,91,pan_paniscus,tgz-only,1,1
vertebrates,91,pan_troglodytes,tgz-only,1,1
vertebrates,91,papio_anubis,tgz-only,1,1
vertebrates,91,pelodiscus_sinensis,tgz-only,1,1
vertebrates,91,peromyscus_maniculatus_bairdii,tgz-only,1,1
vertebrates,91,petromyzon_marinus,tgz-only,1,1
vertebrates,91,poecilia_formosa,tgz-only,1,1
vertebrates,91,pongo_abelii,tgz-only,1,1
vertebrates,91,procavia_capensis,tgz-only,1,1
vertebrates,91,propithecus_coquereli,tgz-only,1,1
vertebrates,91,pteropus_vampyrus,tgz-only,1,1
vertebrates,91,rattus_norvegicus,tgz-only,1,1
vertebrates,91,rhinopithecus_bieti,tgz-only,1,1
vertebrates,91,rhinopithecus_roxellana,tgz-only,1,1
vertebrates,91,saccharomyces_cerevisiae,tgz-only,1,1
vertebrates,91,saimiri_boliviensis_boliviensis,tgz-only,1,1
vertebrates,91,sarcophilus_harrisii,tgz-only,1,1
vertebrates,91,sorex_araneus,tgz-only,1,1
vertebrates,91,sus_scrofa,tgz-only,1,1
vertebrates,91,taeniopygia_guttata,tgz-only,1,1
vertebrates,91,takifugu_rubripes,tgz-only,1,1
vertebrates,91,tetraodon_nigroviridis,tgz-only,1,1
vertebrates,91,tupaia_belangeri,tgz-only,1,1
vertebrates,91,tursiops_truncatus,tgz-only,1,1
vertebrates,91,vicugna_pacos,tgz-only,1,1
vertebrates,91,xenopus_tropicalis,tgz-only,1,1
vertebrates,91,xiphophorus_maculatus,tgz-only,1,1
vertebrates,99,acanthochromis_polyacanthus,tgz-only,1,1
vertebrates,99,accipiter_nisus,tgz-only,1,1
vertebrates,99,ailuropoda_melanoleuca,tgz-only,1,1
vertebrates,99,amazona_collaria,tgz-only,1,1
vertebrates,99,amphilophus_citrinellus,tgz-only,1,1
vertebrates,99,amphiprion_ocellaris,tgz-only,1,1
vertebrates,99,amphiprion_percula,tgz-only,1,1
vertebrates,99,anabas_testudineus,tgz-only,1,1
vertebrates,99,anas_platyrhynchos_platyrhynchos,tgz-only,1,1
vertebrates,99,anolis_carolinensis,tgz-only,1,1
vertebrates,99,anser_brachyrhynchus,tgz-only,1,1
vertebrates,99,anser_cygnoides,tgz-only,1,1
vertebrates,99,aotus_nancymaae,tgz-only,1,1
vertebrates,99,apteryx_haastii,tgz-only,1,1
vertebrates,99,apteryx_owenii,tgz-only,1,1
vertebrates,99,apteryx_rowi,tgz-only,1,1
vertebrates,99,aquila_chrysaetos_chrysaetos,tgz-only,1,1
vertebrates,99,astatotilapia_calliptera,tgz-only,1,1
vertebrates,99,astyanax_mexicanus,tgz-only,1,1
vertebrates,99,astyanax_mexicanus_pachon,tgz-only,1,1
vertebrates,99,athene_cunicularia,tgz-only,1,1
vertebrates,99,betta_splendens,tgz-only,1,1
vertebrates,99,bison_bison_bison,tgz-only,1,1
vertebrates,99,bos_grunniens,tgz-only,1,1
vertebrates,99,bos_indicus_hybrid,tgz-only,1,1
vertebrates,99,bos_mutus,tgz-only,1,1
vertebrates,99,bos_taurus,tgz-only,1,1
vertebrates,99,bos_taurus_hybrid,tgz-only,1,1
vertebrates,99,caenorhabditis_elegans,tgz-only,1,1
vertebrates,99,calidris_pugnax,tgz-only,1,1
vertebrates,99,calidris_pygmaea,tgz-only,1,1
vertebrates,99,callithrix_jacchus,tgz-only,1,1
vertebrates,99,callorhinchus_milii,tgz-only,1,1
vertebrates,99,camelus_dromedarius,tgz-only,1,1
vertebrates,99,canis_familiaris,tgz-only,1,1
vertebrates,99,canis_lupus_dingo,tgz-only,1,1
vertebrates,99,canis_lupus_familiarisbasenji,tgz-only,1,1
vertebrates,99,canis_lupus_familiarisgreatdane,tgz-only,1,1
vertebrates,99,capra_hircus,tgz-only,1,1
vertebrates,99,carlito_syrichta,tgz-only,1,1
vertebrates,99,castor_canadensis,tgz-only,1,1
vertebrates,99,catagonus_wagneri,tgz-only,1,1
vertebrates,99,cavia_aperea,tgz-only,1,1
vertebrates,99,cavia_porcellus,tgz-only,1,1
vertebrates,99,cebus_capucinus,tgz-only,1,1
vertebrates,99,cercocebus_atys,tgz-only,1,1
vertebrates,99,chelonoidis_abingdonii,tgz-only,1,1
vertebrates,99,chinchilla_lanigera,tgz-only,1,1
vertebrates,99,chlorocebus_sabaeus,tgz-only,1,1
vertebrates,99,choloepus_hoffmanni,tgz-only,1,1
vertebrates,99,chrysemys_picta_bellii,tgz-only,1,1
vertebrates,99,chrysolophus_pictus,tgz-only,1,1
vertebrates,99,ciona_intestinalis,tgz-only,1,1
vertebrates,99,ciona_savignyi,tgz-only,1,1
vertebrates,99,clupea_harengus,tgz-only,1,1
vertebrates,99,colobus_angolensis_palliatus,tgz-only,1,1
vertebrates,99,cottoperca_gobio,tgz-only,1,1
vertebrates,99,coturnix_japonica,tgz-only,1,1
vertebrates,99,cricetulus_griseus_chok1gshd,tgz-only,1,1
vertebrates,99,cricetulus_griseus_crigri,tgz-only,1,1
vertebrates,99,cricetulus_griseus_picr,tgz-only,1,1
vertebrates,99,crocodylus_porosus,tgz-only,1,1
vertebrates,99,cyanistes_caeruleus,tgz-only,1,1
vertebrates,99,cynoglossus_semilaevis,tgz-only,1,1
vertebrates,99,cyprinodon_variegatus,tgz-only,1,1
vertebrates,99,cyprinus_carpio_germanmirror,tgz-only,1,1
vertebrates,99,cyprinus_carpio_hebaored,tgz-only,1,1
vertebrates,99,cyprinus_carpio_huanghe,tgz-only,1,1
vertebrates,99,danio_rerio,tgz-only,1,1
vertebrates,99,dasypus_novemcinctus,tgz-only,1,1
vertebrates,99,denticeps_clupeoides,tgz-only,1,1
vertebrates,99,dipodomys_ordii,tgz-only,1,1
vertebrates,99,dromaius_novaehollandiae,tgz-only,1,1
vertebrates,99,drosophila_melanogaster,tgz-only,1,1
vertebrates,99,echeneis_naucrates,tgz-only,1,1
vertebrates,99,echinops_telfairi,tgz-only,1,1
vertebrates,99,electrophorus_electricus,tgz-only,1,1
vertebrates,99,eptatretus_burgeri,tgz-only,1,1
vertebrates,99,equus_asinus_asinus,tgz-only,1,1
vertebrates,99,equus_caballus,tgz-only,1,1
vertebrates,99,erinaceus_europaeus,tgz-only,1,1
vertebrates,99,erpetoichthys_calabaricus,tgz-only,1,1
vertebrates,99,erythrura_gouldiae,tgz-only,1,1
vertebrates,99,esox_lucius,tgz-only,1,1
vertebrates,99,felis_catus,tgz-only,1,1
vertebrates,99,ficedula_albicollis,tgz-only,1,1
vertebrates,99,fukomys_damarensis,tgz-only,1,1
vertebrates,99,fundulus_heteroclitus,tgz-only,1,1
vertebrates,99,gadus_morhua,tgz-only,1,1
vertebrates,99,gallus_gallus,tgz-only,1,1
vertebrates,99,gambusia_affinis,tgz-only,1,1
vertebrates,99,gasterosteus_aculeatus,tgz-only,1,1
vertebrates,99,gopherus_agassizii,tgz-only,1,1
vertebrates,99,gorilla_gorilla,tgz-only,1,1
vertebrates,99,gouania_willdenowi,tgz-only,1,1
vertebrates,99,haplochromis_burtoni,tgz-only,1,1
vertebrates,99,heterocephalus_glaber_female,tgz-only,1,1
vertebrates,99,heterocephalus_glaber_male,tgz-only,1,1
vertebrates,99,hippocampus_comes,tgz-only,1,1
vertebrates,99,homo_sapiens,tgz-only,1,1
vertebrates,99,hucho_hucho,tgz-only,1,1
vertebrates,99,ictalurus_punctatus,tgz-only,1,1
vertebrates,99,ictidomys_tridecemlineatus,tgz-only,1,1
vertebrates,99,jaculus_jaculus,tgz-only,1,1
vertebrates,99,junco_hyemalis,tgz-only,1,1
vertebrates,99,kryptolebias_marmoratus,tgz-only,1,1
vertebrates,99,labrus_bergylta,tgz-only,1,1
vertebrates,99,larimichthys_crocea,tgz-only,1,1
vertebrates,99,lates_calcarifer,tgz-only,1,1
vertebrates,99,latimeria_chalumnae,tgz-only,1,1
vertebrates,99,lepidothrix_coronata,tgz-only,1,1
vertebrates,99,lepisosteus_oculatus,tgz-only,1,1
vertebrates,99,lonchura_striata_domestica,tgz-only,1,1
vertebrates,99,loxodonta_africana,tgz-only,1,1
vertebrates,99,lynx_canadensis,tgz-only,1,1
vertebrates,99,macaca_fascicularis,tgz-only,1,1
vertebrates,99,macaca_mulatta,tgz-only,1,1
vertebrates,99,macaca_nemestrina,tgz-only,1,1
vertebrates,99,manacus_vitellinus,tgz-only,1,1
vertebrates,99,mandrillus_leucophaeus,tgz-only,1,1
vertebrates,99,marmota_marmota_marmota,tgz-only,1,1
vertebrates,99,mastacembelus_armatus,tgz-only,1,1
vertebrates,99,maylandia_zebra,tgz-only,1,1
vertebrates,99,meleagris_gallopavo,tgz-only,1,1
vertebrates,99,melopsittacus_undulatus,tgz-only,1,1
vertebrates,99,meriones_unguiculatus,tgz-only,1,1
vertebrates,99,mesocricetus_auratus,tgz-only,1,1
vertebrates,99,microcebus_murinus,tgz-only,1,1
vertebrates,99,microtus_ochrogaster,tgz-only,1,1
vertebrates,99,mola_mola,tgz-only,1,1
vertebrates,99,monodelphis_domestica,tgz-only,1,1
vertebrates,99,monopterus_albus,tgz-only,1,1
vertebrates,99,moschus_moschiferus,tgz-only,1,1
vertebrates,99,mus_caroli,tgz-only,1,1
vertebrates,99,mus_musculus,tgz-only,1,1
vertebrates,99,mus_musculus_129s1svimj,tgz-only,1,1
vertebrates,99,mus_musculus_aj,tgz-only,1,1
vertebrates,99,mus_musculus_akrj,tgz-only,1,1
vertebrates,99,mus_musculus_balbcj,tgz-only,1,1
vertebrates,99,mus_musculus_c3hhej,tgz-only,1,1
vertebrates,99,mus_musculus_c57bl6nj,tgz-only,1,1
vertebrates,99,mus_musculus_casteij,tgz-only,1,1
vertebrates,99,mus_musculus_cbaj,tgz-only,1,1
vertebrates,99,mus_musculus_dba2j,tgz-only,1,1
vertebrates,99,mus_musculus_fvbnj,tgz-only,1,1
vertebrates,99,mus_musculus_lpj,tgz-only,1,1
vertebrates,99,mus_musculus_nodshiltj,tgz-only,1,1
vertebrates,99,mus_musculus_nzohlltj,tgz-only,1,1
vertebrates,99,mus_musculus_pwkphj,tgz-only,1,1
vertebrates,99,mus_musculus_wsbeij,tgz-only,1,1
vertebrates,99,mus_pahari,tgz-only,1,1
vertebrates,99,mus_spicilegus,tgz-only,1,1
vertebrates,99,mus_spretus,tgz-only,1,1
vertebrates,99,mustela_putorius_furo,tgz-only,1,1
vertebrates,99,myotis_lucifugus,tgz-only,1,1
vertebrates,99,myripristis_murdjan,tgz-only,1,1
vertebrates,99,nannospalax_galili,tgz-only,1,1
vertebrates,99,neogobius_melanostomus,tgz-only,1,1
vertebrates,99,neolamprologus_brichardi,tgz-only,1,1
vertebrates,99,neovison_vison,tgz-only,1,1
vertebrates,99,nomascus_leucogenys,tgz-only,1,1
vertebrates,99,notamacropus_eugenii,tgz-only,1,1
vertebrates,99,notechis_scutatus,tgz-only,1,1
vertebrates,99,nothoprocta_perdicaria,tgz-only,1,1
vertebrates,99,numida_meleagris,tgz-only,1,1
vertebrates,99,ochotona_princeps,tgz-only,1,1
vertebrates,99,octodon_degus,tgz-only,1,1
vertebrates,99,oreochromis_aureus,tgz-only,1,1
vertebrates,99,oreochromis_niloticus,tgz-only,1,1
vertebrates,99,ornithorhynchus_anatinus,tgz-only,1,1
vertebrates,99,oryctolagus_cuniculus,tgz-only,1,1
vertebrates,99,oryzias_latipes,tgz-only,1,1
vertebrates,99,oryzias_latipes_hni,tgz-only,1,1
vertebrates,99,oryzias_latipes_hsok,tgz-only,1,1
vertebrates,99,oryzias_melastigma,tgz-only,1,1
vertebrates,99,otolemur_garnettii,tgz-only,1,1
vertebrates,99,ovis_aries,tgz-only,1,1
vertebrates,99,pan_paniscus,tgz-only,1,1
vertebrates,99,pan_troglodytes,tgz-only,1,1
vertebrates,99,panthera_pardus,tgz-only,1,1
vertebrates,99,panthera_tigris_altaica,tgz-only,1,1
vertebrates,99,papio_anubis,tgz-only,1,1
vertebrates,99,parambassis_ranga,tgz-only,1,1
vertebrates,99,paramormyrops_kingsleyae,tgz-only,1,1
vertebrates,99,parus_major,tgz-only,1,1
vertebrates,99,pavo_cristatus,tgz-only,1,1
vertebrates,99,pelodiscus_sinensis,tgz-only,1,1
vertebrates,99,periophthalmus_magnuspinnatus,tgz-only,1,1
vertebrates,99,peromyscus_maniculatus_bairdii,tgz-only,1,1
vertebrates,99,petromyzon_marinus,tgz-only,1,1
vertebrates,99,phascolarctos_cinereus,tgz-only,1,1
vertebrates,99,phasianus_colchicus,tgz-only,1,1
vertebrates,99,physeter_catodon,tgz-only,1,1
vertebrates,99,piliocolobus_tephrosceles,tgz-only,1,1
vertebrates,99,podarcis_muralis,tgz-only,1,1
vertebrates,99,poecilia_formosa,tgz-only,1,1
vertebrates,99,poecilia_latipinna,tgz-only,1,1
vertebrates,99,poecilia_mexicana,tgz-only,1,1
vertebrates,99,poecilia_reticulata,tgz-only,1,1
vertebrates,99,pogona_vitticeps,tgz-only,1,1
vertebrates,99,pongo_abelii,tgz-only,1,1
vertebrates,99,procavia_capensis,tgz-only,1,1
vertebrates,99,prolemur_simus,tgz-only,1,1
vertebrates,99,propithecus_coquereli,tgz-only,1,1
vertebrates,99,pseudonaja_textilis,tgz-only,1,1
vertebrates,99,pteropus_vampyrus,tgz-only,1,1
vertebrates,99,pundamilia_nyererei,tgz-only,1,1
vertebrates,99,pygocentrus_nattereri,tgz-only,1,1
vertebrates,99,rattus_norvegicus,tgz-only,1,1
vertebrates,99,rhinolophus_ferrumequinum,tgz-only,1,1
vertebrates,99,rhinopithecus_bieti,tgz-only,1,1
vertebrates,99,rhinopithecus_roxellana,tgz-only,1,1
vertebrates,99,saccharomyces_cerevisiae,tgz-only,1,1
vertebrates,99,saimiri_boliviensis_boliviensis,tgz-only,1,1
vertebrates,99,salarias_fasciatus,tgz-only,1,1
vertebrates,99,salmo_salar,tgz-only,1,1
vertebrates,99,salmo_trutta,tgz-only,1,1
vertebrates,99,salvator_merianae,tgz-only,1,1
vertebrates,99,sarcophilus_harrisii,tgz-only,1,1
vertebrates,99,scleropages_formosus,tgz-only,1,1
vertebrates,99,scophthalmus_maximus,tgz-only,1,1
vertebrates,99,serinus_canaria,tgz-only,1,1
vertebrates,99,seriola_dumerili,tgz-only,1,1
vertebrates,99,seriola_lalandi_dorsalis,tgz-only,1,1
vertebrates,99,sinocyclocheilus_anshuiensis,tgz-only,1,1
vertebrates,99,sinocyclocheilus_grahami,tgz-only,1,1
vertebrates,99,sinocyclocheilus_rhinocerous,tgz-only,1,1
vertebrates,99,sorex_araneus,tgz-only,1,1
vertebrates,99,sparus_aurata,tgz-only,1,1
vertebrates,99,spermophilus_dauricus,tgz-only,1,1
vertebrates,99,sphaeramia_orbicularis,tgz-only,1,1
vertebrates,99,sphenodon_punctatus,tgz-only,1,1
vertebrates,99,stegastes_partitus,tgz-only,1,1
vertebrates,99,strigops_habroptila,tgz-only,1,1
vertebrates,99,struthio_camelus_australis,tgz-only,1,1
vertebrates,99,suricata_suricatta,tgz-only,1,1
vertebrates,99,sus_scrofa,tgz-only,1,1
vertebrates,99,sus_scrofa_bamei,tgz-only,1,1
vertebrates,99,sus_scrofa_berkshire,tgz-only,1,1
vertebrates,99,sus_scrofa_hampshire,tgz-only,1,1
vertebrates,99,sus_scrofa_jinhua,tgz-only,1,1
vertebrates,99,sus_scrofa_landrace,tgz-only,1,1
vertebrates,99,sus_scrofa_largewhite,tgz-only,1,1
vertebrates,99,sus_scrofa_meishan,tgz-only,1,1
vertebrates,99,sus_scrofa_pietrain,tgz-only,1,1
vertebrates,99,sus_scrofa_rongchang,tgz-only,1,1
vertebrates,99,sus_scrofa_tibetan,tgz-only,1,1
vertebrates,99,sus_scrofa_usmarc,tgz-only,1,1
vertebrates,99,sus_scrofa_wuzhishan,tgz-only,1,1
vertebrates,99,taeniopygia_guttata,tgz-only,1,1
vertebrates,99,takifugu_rubripes,tgz-only,1,1
vertebrates,99,terrapene_carolina_triunguis,tgz-only,1,1
vertebrates,99,tetraodon_nigroviridis,tgz-only,1,1
vertebrates,99,theropithecus_gelada,tgz-only,1,1
vertebrates,99,tupaia_belangeri,tgz-only,1,1
vertebrates,99,tursiops_truncatus,tgz-only,1,1
vertebrates,99,urocitellus_parryii,tgz-only,1,1
vertebrates,99,ursus_americanus,tgz-only,1,1
vertebrates,99,ursus_maritimus,tgz-only,1,1
vertebrates,99,varanus_komodoensis,tgz-only,1,1
vertebrates,99,vicugna_pacos,tgz-only,1,1
vertebrates,99,vombatus_ursinus,tgz-only,1,1
vertebrates,99,vulpes_vulpes,tgz-only,1,1
vertebrates,99,xenopus_tropicalis,tgz-only,1,1
vertebrates,99,xiphophorus_couchianus,tgz-only,1,1
vertebrates,99,xiphophorus_maculatus,tgz-only,1,1
vertebrates,99,zonotrichia_albicollis,tgz-only,1,1
vertebrates,102,acanthochromis_polyacanthus,tgz-only,1,1
vertebrates,102,accipiter_nisus,tgz-only,1,1
vertebrates,102,ailuropoda_melanoleuca,tgz-only,1,1
vertebrates,102,amazona_collaria,tgz-only,1,1
vertebrates,102,amphilophus_citrinellus,tgz-only,1,1
vertebrates,102,amphiprion_ocellaris,tgz-only,1,1
vertebrates,102,amphiprion_percula,tgz-only,1,1
vertebrates,102,anabas_testudineus,tgz-only,1,1
vertebrates,102,anas_platyrhynchos,tgz-only,1,1
vertebrates,102,anas_platyrhynchos_platyrhynchos,tgz-only,1,1
vertebrates,102,anas_zonorhyncha,tgz-only,1,1
vertebrates,102,anolis_carolinensis,tgz-only,1,1
vertebrates,102,anser_brachyrhynchus,tgz-only,1,1
vertebrates,102,anser_cygnoides,tgz-only,1,1
vertebrates,102,aotus_nancymaae,tgz-only,1,1
vertebrates,102,apteryx_haastii,tgz-only,1,1
vertebrates,102,apteryx_owenii,tgz-only,1,1
vertebrates,102,apteryx_rowi,tgz-only,1,1
vertebrates,102,aquila_chrysaetos_chrysaetos,tgz-only,1,1
vertebrates,102,astatotilapia_calliptera,tgz-only,1,1
vertebrates,102,astyanax_mexicanus,tgz-only,1,1
vertebrates,102,astyanax_mexicanus_pachon,tgz-only,1,1
vertebrates,102,athene_cunicularia,tgz-only,1,1
vertebrates,102,balaenoptera_musculus,tgz-only,1,1
vertebrates,102,betta_splendens,tgz-only,1,1
vertebrates,102,bison_bison_bison,tgz-only,1,1
vertebrates,102,bos_grunniens,tgz-only,1,1
vertebrates,102,bos_indicus_hybrid,tgz-only,1,1
vertebrates,102,bos_mutus,tgz-only,1,1
vertebrates,102,bos_taurus,tgz-only,1,1
vertebrates,102,bos_taurus_hybrid,tgz-only,1,1
vertebrates,102,bubo_bubo,tgz-only,1,1
vertebrates,102,buteo_japonicus,tgz-only,1,1
vertebrates,102,caenorhabditis_elegans,dir,0,1
vertebrates,102,cairina_moschata_domestica,tgz-only,1,1
vertebrates,102,calidris_pugnax,tgz-only,1,1
vertebrates,102,calidris_pygmaea,tgz-only,1,1
vertebrates,102,callithrix_jacchus,tgz-only,1,1
vertebrates,102,callorhinchus_milii,tgz-only,1,1
vertebrates,102,camarhynchus_parvulus,tgz-only,1,1
vertebrates,102,camelus_dromedarius,tgz-only,1,1
vertebrates,102,canis_lupus_dingo,tgz-only,1,1
vertebrates,102,canis_lupus_familiaris,tgz-only,1,1
vertebrates,102,canis_lupus_familiarisbasenji,tgz-only,1,1
vertebrates,102,canis_lupus_familiarisgreatdane,tgz-only,1,1
vertebrates,102,capra_hircus,tgz-only,1,1
vertebrates,102,capra_hircus_blackbengal,tgz-only,1,1
vertebrates,102,carassius_auratus,tgz-only,1,1
vertebrates,102,carlito_syrichta,tgz-only,1,1
vertebrates,102,castor_canadensis,tgz-only,1,1
vertebrates,102,catagonus_wagneri,tgz-only,1,1
vertebrates,102,catharus_ustulatus,tgz-only,1,1
vertebrates,102,cavia_aperea,tgz-only,1,1
vertebrates,102,cavia_porcellus,tgz-only,1,1
vertebrates,102,cebus_capucinus,tgz-only,1,1
vertebrates,102,cercocebus_atys,tgz-only,1,1
vertebrates,102,cervus_hanglu_yarkandensis,tgz-only,1,1
vertebrates,102,chelonoidis_abingdonii,tgz-only,1,1
vertebrates,102,chelydra_serpentina,tgz-only,1,1
vertebrates,102,chinchilla_lanigera,tgz-only,1,1
vertebrates,102,chlorocebus_sabaeus,tgz-only,1,1
vertebrates,102,choloepus_hoffmanni,tgz-only,1,1
vertebrates,102,chrysemys_picta_bellii,tgz-only,1,1
vertebrates,102,chrysolophus_pictus,tgz-only,1,1
vertebrates,102,ciona_intestinalis,tgz-only,1,1
vertebrates,102,ciona_savignyi,tgz-only,1,1
vertebrates,102,clupea_harengus,tgz-only,1,1
vertebrates,102,colobus_angolensis_palliatus,tgz-only,1,1
vertebrates,102,corvus_moneduloides,tgz-only,1,1
vertebrates,102,cottoperca_gobio,tgz-only,1,1
vertebrates,102,coturnix_japonica,tgz-only,1,1
vertebrates,102,cricetulus_griseus_chok1gshd,tgz-only,1,1
vertebrates,102,cricetulus_griseus_crigri,tgz-only,1,1
vertebrates,102,cricetulus_griseus_picr,tgz-only,1,1
vertebrates,102,crocodylus_porosus,tgz-only,1,1
vertebrates,102,cyanistes_caeruleus,tgz-only,1,1
vertebrates,102,cyclopterus_lumpus,tgz-only,1,1
vertebrates,102,cynoglossus_semilaevis,tgz-only,1,1
vertebrates,102,cyprinodon_variegatus,tgz-only,1,1
vertebrates,102,cyprinus_carpio,tgz-only,1,1
vertebrates,102,cyprinus_carpio_germanmirror,tgz-only,1,1
vertebrates,102,cyprinus_carpio_hebaored,tgz-only,1,1
vertebrates,102,cyprinus_carpio_huanghe,tgz-only,1,1
vertebrates,102,danio_rerio,tgz-only,1,1
vertebrates,102,dasypus_novemcinctus,tgz-only,1,1
vertebrates,102,delphinapterus_leucas,tgz-only,1,1
vertebrates,102,denticeps_clupeoides,tgz-only,1,1
vertebrates,102,dicentrarchus_labrax,tgz-only,1,1
vertebrates,102,dipodomys_ordii,tgz-only,1,1
vertebrates,102,dromaius_novaehollandiae,tgz-only,1,1
vertebrates,102,drosophila_melanogaster,dir,0,1
vertebrates,102,echeneis_naucrates,tgz-only,1,1
vertebrates,102,echinops_telfairi,tgz-only,1,1
vertebrates,102,electrophorus_electricus,tgz-only,1,1
vertebrates,102,eptatretus_burgeri,tgz-only,1,1
vertebrates,102,equus_asinus_asinus,tgz-only,1,1
vertebrates,102,equus_caballus,tgz-only,1,1
vertebrates,102,erinaceus_europaeus,tgz-only,1,1
vertebrates,102,erpetoichthys_calabaricus,tgz-only,1,1
vertebrates,102,erythrura_gouldiae,tgz-only,1,1
vertebrates,102,esox_lucius,tgz-only,1,1
vertebrates,102,falco_tinnunculus,tgz-only,1,1
vertebrates,102,felis_catus,tgz-only,1,1
vertebrates,102,ficedula_albicollis,tgz-only,1,1
vertebrates,102,fukomys_damarensis,tgz-only,1,1
vertebrates,102,fundulus_heteroclitus,tgz-only,1,1
vertebrates,102,gadus_morhua,tgz-only,1,1
vertebrates,102,gallus_gallus,tgz-only,1,1
vertebrates,102,gambusia_affinis,tgz-only,1,1
vertebrates,102,gasterosteus_aculeatus,tgz-only,1,1
vertebrates,102,geospiza_fortis,tgz-only,1,1
vertebrates,102,gopherus_agassizii,tgz-only,1,1
vertebrates,102,gopherus_evgoodei,tgz-only,1,1
vertebrates,102,gorilla_gorilla,tgz-only,1,1
vertebrates,102,gouania_willdenowi,tgz-only,1,1
vertebrates,102,haplochromis_burtoni,tgz-only,1,1
vertebrates,102,heterocephalus_glaber_female,tgz-only,1,1
vertebrates,102,heterocephalus_glaber_male,tgz-only,1,1
vertebrates,102,hippocampus_comes,tgz-only,1,1
vertebrates,102,homo_sapiens,tgz-only,1,1
vertebrates,102,hucho_hucho,tgz-only,1,1
vertebrates,102,ictalurus_punctatus,tgz-only,1,1
vertebrates,102,ictidomys_tridecemlineatus,tgz-only,1,1
vertebrates,102,jaculus_jaculus,tgz-only,1,1
vertebrates,102,junco_hyemalis,tgz-only,1,1
vertebrates,102,kryptolebias_marmoratus,tgz-only,1,1
vertebrates,102,labrus_bergylta,tgz-only,1,1
vertebrates,102,larimichthys_crocea,tgz-only,1,1
vertebrates,102,lates_calcarifer,tgz-only,1,1
vertebrates,102,laticauda_laticaudata,tgz-only,1,1
vertebrates,102,latimeria_chalumnae,tgz-only,1,1
vertebrates,102,lepidothrix_coronata,tgz-only,1,1
vertebrates,102,lepisosteus_oculatus,tgz-only,1,1
vertebrates,102,leptobrachium_leishanense,tgz-only,1,1
vertebrates,102,lonchura_striata_domestica,tgz-only,1,1
vertebrates,102,loxodonta_africana,tgz-only,1,1
vertebrates,102,lynx_canadensis,tgz-only,1,1
vertebrates,102,macaca_fascicularis,tgz-only,1,1
vertebrates,102,macaca_mulatta,tgz-only,1,1
vertebrates,102,macaca_nemestrina,tgz-only,1,1
vertebrates,102,malurus_cyaneus_samueli,tgz-only,1,1
vertebrates,102,manacus_vitellinus,tgz-only,1,1
vertebrates,102,mandrillus_leucophaeus,tgz-only,1,1
vertebrates,102,marmota_marmota_marmota,tgz-only,1,1
vertebrates,102,mastacembelus_armatus,tgz-only,1,1
vertebrates,102,maylandia_zebra,tgz-only,1,1
vertebrates,102,meleagris_gallopavo,tgz-only,1,1
vertebrates,102,melopsittacus_undulatus,tgz-only,1,1
vertebrates,102,meriones_unguiculatus,tgz-only,1,1
vertebrates,102,mesocricetus_auratus,tgz-only,1,1
vertebrates,102,microcebus_murinus,tgz-only,1,1
vertebrates,102,microtus_ochrogaster,tgz-only,1,1
vertebrates,102,mola_mola,tgz-only,1,1
vertebrates,102,monodelphis_domestica,tgz-only,1,1
vertebrates,102,monodon_monoceros,tgz-only,1,1
vertebrates,102,monopterus_albus,tgz-only,1,1
vertebrates,102,moschus_moschiferus,tgz-only,1,1
vertebrates,102,mus_caroli,tgz-only,1,1
vertebrates,102,mus_musculus,tgz-only,1,1
vertebrates,102,mus_musculus_129s1svimj,tgz-only,1,1
vertebrates,102,mus_musculus_aj,tgz-only,1,1
vertebrates,102,mus_musculus_akrj,tgz-only,1,1
vertebrates,102,mus_musculus_balbcj,tgz-only,1,1
vertebrates,102,mus_musculus_c3hhej,tgz-only,1,1
vertebrates,102,mus_musculus_c57bl6nj,tgz-only,1,1
vertebrates,102,mus_musculus_casteij,tgz-only,1,1
vertebrates,102,mus_musculus_cbaj,tgz-only,1,1
vertebrates,102,mus_musculus_dba2j,tgz-only,1,1
vertebrates,102,mus_musculus_fvbnj,tgz-only,1,1
vertebrates,102,mus_musculus_lpj,tgz-only,1,1
vertebrates,102,mus_musculus_nodshiltj,tgz-only,1,1
vertebrates,102,mus_musculus_nzohlltj,tgz-only,1,1
vertebrates,102,mus_musculus_pwkphj,tgz-only,1,1
vertebrates,102,mus_musculus_wsbeij,tgz-only,1,1
vertebrates,102,mus_pahari,tgz-only,1,1
vertebrates,102,mus_spicilegus,tgz-only,1,1
vertebrates,102,mus_spretus,tgz-only,1,1
vertebrates,102,mustela_putorius_furo,tgz-only,1,1
vertebrates,102,myotis_lucifugus,tgz-only,1,1
vertebrates,102,myripristis_murdjan,tgz-only,1,1
vertebrates,102,naja_naja,tgz-only,1,1
vertebrates,102,nannospalax_galili,tgz-only,1,1
vertebrates,102,neogobius_melanostomus,tgz-only,1,1
vertebrates,102,neolamprologus_brichardi,tgz-only,1,1
vertebrates,102,neovison_vison,tgz-only,1,1
vertebrates,102,nomascus_leucogenys,tgz-only,1,1
vertebrates,102,notamacropus_eugenii,tgz-only,1,1
vertebrates,102,notechis_scutatus,tgz-only,1,1
vertebrates,102,nothobranchius_furzeri,tgz-only,1,1
vertebrates,102,nothoprocta_perdicaria,tgz-only,1,1
vertebrates,102,numida_meleagris,tgz-only,1,1
vertebrates,102,ochotona_princeps,tgz-only,1,1
vertebrates,102,octodon_degus,tgz-only,1,1
vertebrates,102,oncorhynchus_kisutch,tgz-only,1,1
vertebrates,102,oncorhynchus_mykiss,tgz-only,1,1
vertebrates,102,oncorhynchus_tshawytscha,tgz-only,1,1
vertebrates,102,oreochromis_aureus,tgz-only,1,1
vertebrates,102,oreochromis_niloticus,tgz-only,1,1
vertebrates,102,ornithorhynchus_anatinus,tgz-only,1,1
vertebrates,102,oryctolagus_cuniculus,tgz-only,1,1
vertebrates,102,oryzias_javanicus,tgz-only,1,1
vertebrates,102,oryzias_latipes,tgz-only,1,1
vertebrates,102,oryzias_latipes_hni,tgz-only,1,1
vertebrates,102,oryzias_latipes_hsok,tgz-only,1,1
vertebrates,102,oryzias_melastigma,tgz-only,1,1
vertebrates,102,oryzias_sinensis,tgz-only,1,1
vertebrates,102,otolemur_garnettii,tgz-only,1,1
vertebrates,102,otus_sunia,tgz-only,1,1
vertebrates,102,ovis_aries,tgz-only,1,1
vertebrates,102,ovis_aries_rambouillet,tgz-only,1,1
vertebrates,102,pan_paniscus,tgz-only,1,1
vertebrates,102,pan_troglodytes,tgz-only,1,1
vertebrates,102,panthera_leo,tgz-only,1,1
vertebrates,102,panthera_pardus,tgz-only,1,1
vertebrates,102,panthera_tigris_altaica,tgz-only,1,1
vertebrates,102,papio_anubis,tgz-only,1,1
vertebrates,102,parambassis_ranga,tgz-only,1,1
vertebrates,102,paramormyrops_kingsleyae,tgz-only,1,1
vertebrates,102,parus_major,tgz-only,1,1
vertebrates,102,pavo_cristatus,tgz-only,1,1
vertebrates,102,pelodiscus_sinensis,tgz-only,1,1
vertebrates,102,pelusios_castaneus,tgz-only,1,1
vertebrates,102,periophthalmus_magnuspinnatus,tgz-only,1,1
vertebrates,102,peromyscus_maniculatus_bairdii,tgz-only,1,1
vertebrates,102,petromyzon_marinus,tgz-only,1,1
vertebrates,102,phascolarctos_cinereus,tgz-only,1,1
vertebrates,102,phasianus_colchicus,tgz-only,1,1
vertebrates,102,phocoena_sinus,tgz-only,1,1
vertebrates,102,physeter_catodon,tgz-only,1,1
vertebrates,102,piliocolobus_tephrosceles,tgz-only,1,1
vertebrates,102,podarcis_muralis,tgz-only,1,1
vertebrates,102,poecilia_formosa,tgz-only,1,1
vertebrates,102,poecilia_latipinna,tgz-only,1,1
vertebrates,102,poecilia_mexicana,tgz-only,1,1
vertebrates,102,poecilia_reticulata,tgz-only,1,1
vertebrates,102,pogona_vitticeps,tgz-only,1,1
vertebrates,102,pongo_abelii,tgz-only,1,1
vertebrates,102,procavia_capensis,tgz-only,1,1
vertebrates,102,prolemur_simus,tgz-only,1,1
vertebrates,102,propithecus_coquereli,tgz-only,1,1
vertebrates,102,pseudonaja_textilis,tgz-only,1,1
vertebrates,102,pteropus_vampyrus,tgz-only,1,1
vertebrates,102,pundamilia_nyererei,tgz-only,1,1
vertebrates,102,pygocentrus_nattereri,tgz-only,1,1
vertebrates,102,rattus_norvegicus,tgz-only,1,1
vertebrates,102,rhinolophus_ferrumequinum,tgz-only,1,1
vertebrates,102,rhinopithecus_bieti,tgz-only,1,1
vertebrates,102,rhinopithecus_roxellana,tgz-only,1,1
vertebrates,102,saccharomyces_cerevisiae,dir,0,1
vertebrates,102,saimiri_boliviensis_boliviensis,tgz-only,1,1
vertebrates,102,salarias_fasciatus,tgz-only,1,1
vertebrates,102,salmo_salar,tgz-only,1,1
vertebrates,102,salmo_trutta,tgz-only,1,1
vertebrates,102,salvator_merianae,tgz-only,1,1
vertebrates,102,sander_lucioperca,tgz-only,1,1
vertebrates,102,sarcophilus_harrisii,tgz-only,1,1
vertebrates,102,sciurus_vulgaris,tgz-only,1,1
vertebrates,102,scleropages_formosus,tgz-only,1,1
vertebrates,102,scophthalmus_maximus,tgz-only,1,1
vertebrates,102,serinus_canaria,tgz-only,1,1
vertebrates,102,seriola_dumerili,tgz-only,1,1
vertebrates,102,seriola_lalandi_dorsalis,tgz-only,1,1
vertebrates,102,sinocyclocheilus_anshuiensis,tgz-only,1,1
vertebrates,102,sinocyclocheilus_grahami,tgz-only,1,1
vertebrates,102,sinocyclocheilus_rhinocerous,tgz-only,1,1
vertebrates,102,sorex_araneus,tgz-only,1,1
vertebrates,102,sparus_aurata,tgz-only,1,1
vertebrates,102,spermophilus_dauricus,tgz-only,1,1
vertebrates,102,sphaeramia_orbicularis,tgz-only,1,1
vertebrates,102,sphenodon_punctatus,tgz-only,1,1
vertebrates,102,stachyris_ruficeps,tgz-only,1,1
vertebrates,102,stegastes_partitus,tgz-only,1,1
vertebrates,102,strigops_habroptila,tgz-only,1,1
vertebrates,102,strix_occidentalis_caurina,tgz-only,1,1
vertebrates,102,struthio_camelus_australis,tgz-only,1,1
vertebrates,102,suricata_suricatta,tgz-only,1,1
vertebrates,102,sus_scrofa,tgz-only,1,1
vertebrates,102,sus_scrofa_bamei,tgz-only,1,1
vertebrates,102,sus_scrofa_berkshire,tgz-only,1,1
vertebrates,102,sus_scrofa_hampshire,tgz-only,1,1
vertebrates,102,sus_scrofa_jinhua,tgz-only,1,1
vertebrates,102,sus_scrofa_landrace,tgz-only,1,1
vertebrates,102,sus_scrofa_largewhite,tgz-only,1,1
vertebrates,102,sus_scrofa_meishan,tgz-only,1,1
vertebrates,102,sus_scrofa_pietrain,tgz-only,1,1
vertebrates,102,sus_scrofa_rongchang,tgz-only,1,1
vertebrates,102,sus_scrofa_tibetan,tgz-only,1,1
vertebrates,102,sus_scrofa_usmarc,tgz-only,1,1
vertebrates,102,sus_scrofa_wuzhishan,tgz-only,1,1
vertebrates,102,taeniopygia_guttata,tgz-only,1,1
vertebrates,102,takifugu_rubripes,tgz-only,1,1
vertebrates,102,terrapene_carolina_triunguis,tgz-only,1,1
vertebrates,102,tetraodon_nigroviridis,tgz-only,1,1
vertebrates,102,theropithecus_gelada,tgz-only,1,1
vertebrates,102,tupaia_belangeri,tgz-only,1,1
vertebrates,102,tursiops_truncatus,tgz-only,1,1
vertebrates,102,urocitellus_parryii,tgz-only,1,1
vertebrates,102,ursus_americanus,tgz-only,1,1
vertebrates,102,ursus_maritimus,tgz-only,1,1
vertebrates,102,ursus_thibetanus_thibetanus,tgz-only,1,1
vertebrates,102,varanus_komodoensis,tgz-only,1,1
vertebrates,102,vicugna_pacos,tgz-only,1,1
vertebrates,102,vombatus_ursinus,tgz-only,1,1
vertebrates,102,vulpes_vulpes,tgz-only,1,1
vertebrates,102,xenopus_tropicalis,tgz-only,1,1
vertebrates,102,xiphophorus_couchianus,tgz-only,1,1
vertebrates,102,xiphophorus_maculatus,tgz-only,1,1
vertebrates,102,zalophus_californianus,tgz-only,1,1
vertebrates,102,zonotrichia_albicollis,tgz-only,1,1
vertebrates,102,zosterops_lateralis_melanops,tgz-only,1,1
vertebrates,103,acanthochromis_polyacanthus,tgz-only,1,1
vertebrates,103,accipiter_nisus,tgz-only,1,1
vertebrates,103,ailuropoda_melanoleuca,tgz-only,1,1
vertebrates,103,amazona_collaria,tgz-only,1,1
vertebrates,103,amphilophus_citrinellus,tgz-only,1,1
vertebrates,103,amphiprion_ocellaris,tgz-only,1,1
vertebrates,103,amphiprion_percula,tgz-only,1,1
vertebrates,103,anabas_testudineus,tgz-only,1,1
vertebrates,103,anas_platyrhynchos,tgz-only,1,1
vertebrates,103,anas_platyrhynchos_platyrhynchos,tgz-only,1,1
vertebrates,103,anas_zonorhyncha,tgz-only,1,1
vertebrates,103,anolis_carolinensis,tgz-only,1,1
vertebrates,103,anser_brachyrhynchus,tgz-only,1,1
vertebrates,103,anser_cygnoides,tgz-only,1,1
vertebrates,103,aotus_nancymaae,tgz-only,1,1
vertebrates,103,apteryx_haastii,tgz-only,1,1
vertebrates,103,apteryx_owenii,tgz-only,1,1
vertebrates,103,apteryx_rowi,tgz-only,1,1
vertebrates,103,aquila_chrysaetos_chrysaetos,tgz-only,1,1
vertebrates,103,astatotilapia_calliptera,tgz-only,1,1
vertebrates,103,astyanax_mexicanus,tgz-only,1,1
vertebrates,103,astyanax_mexicanus_pachon,tgz-only,1,1
vertebrates,103,athene_cunicularia,tgz-only,1,1
vertebrates,103,balaenoptera_musculus,tgz-only,1,1
vertebrates,103,betta_splendens,tgz-only,1,1
vertebrates,103,bison_bison_bison,tgz-only,1,1
vertebrates,103,bos_grunniens,tgz-only,1,1
vertebrates,103,bos_indicus_hybrid,tgz-only,1,1
vertebrates,103,bos_mutus,tgz-only,1,1
vertebrates,103,bos_taurus,tgz-only,1,1
vertebrates,103,bos_taurus_hybrid,tgz-only,1,1
vertebrates,103,bubo_bubo,tgz-only,1,1
vertebrates,103,buteo_japonicus,tgz-only,1,1
vertebrates,103,caenorhabditis_elegans,dir,0,1
vertebrates,103,cairina_moschata_domestica,tgz-only,1,1
vertebrates,103,calidris_pugnax,tgz-only,1,1
vertebrates,103,calidris_pygmaea,tgz-only,1,1
vertebrates,103,callithrix_jacchus,tgz-only,1,1
vertebrates,103,callorhinchus_milii,tgz-only,1,1
vertebrates,103,camarhynchus_parvulus,tgz-only,1,1
vertebrates,103,camelus_dromedarius,tgz-only,1,1
vertebrates,103,canis_lupus_dingo,tgz-only,1,1
vertebrates,103,canis_lupus_familiaris,tgz-only,1,1
vertebrates,103,canis_lupus_familiarisbasenji,tgz-only,1,1
vertebrates,103,canis_lupus_familiarisgreatdane,tgz-only,1,1
vertebrates,103,capra_hircus,tgz-only,1,1
vertebrates,103,capra_hircus_blackbengal,tgz-only,1,1
vertebrates,103,carassius_auratus,tgz-only,1,1
vertebrates,103,carlito_syrichta,tgz-only,1,1
vertebrates,103,castor_canadensis,tgz-only,1,1
vertebrates,103,catagonus_wagneri,tgz-only,1,1
vertebrates,103,catharus_ustulatus,tgz-only,1,1
vertebrates,103,cavia_aperea,tgz-only,1,1
vertebrates,103,cavia_porcellus,tgz-only,1,1
vertebrates,103,cebus_capucinus,tgz-only,1,1
vertebrates,103,cercocebus_atys,tgz-only,1,1
vertebrates,103,cervus_hanglu_yarkandensis,tgz-only,1,1
vertebrates,103,chelonoidis_abingdonii,tgz-only,1,1
vertebrates,103,chelydra_serpentina,tgz-only,1,1
vertebrates,103,chinchilla_lanigera,tgz-only,1,1
vertebrates,103,chlorocebus_sabaeus,tgz-only,1,1
vertebrates,103,choloepus_hoffmanni,tgz-only,1,1
vertebrates,103,chrysemys_picta_bellii,tgz-only,1,1
vertebrates,103,chrysolophus_pictus,tgz-only,1,1
vertebrates,103,ciona_intestinalis,tgz-only,1,1
vertebrates,103,ciona_savignyi,tgz-only,1,1
vertebrates,103,clupea_harengus,tgz-only,1,1
vertebrates,103,colobus_angolensis_palliatus,tgz-only,1,1
vertebrates,103,corvus_moneduloides,tgz-only,1,1
vertebrates,103,cottoperca_gobio,tgz-only,1,1
vertebrates,103,coturnix_japonica,tgz-only,1,1
vertebrates,103,cricetulus_griseus_chok1gshd,tgz-only,1,1
vertebrates,103,cricetulus_griseus_crigri,tgz-only,1,1
vertebrates,103,cricetulus_griseus_picr,tgz-only,1,1
vertebrates,103,crocodylus_porosus,tgz-only,1,1
vertebrates,103,cyanistes_caeruleus,tgz-only,1,1
vertebrates,103,cyclopterus_lumpus,tgz-only,1,1
vertebrates,103,cynoglossus_semilaevis,tgz-only,1,1
vertebrates,103,cyprinodon_variegatus,tgz-only,1,1
vertebrates,103,cyprinus_carpio,tgz-only,1,1
vertebrates,103,cyprinus_carpio_germanmirror,tgz-only,1,1
vertebrates,103,cyprinus_carpio_hebaored,tgz-only,1,1
vertebrates,103,cyprinus_carpio_huanghe,tgz-only,1,1
vertebrates,103,danio_rerio,tgz-only,1,1
vertebrates,103,dasypus_novemcinctus,tgz-only,1,1
vertebrates,103,delphinapterus_leucas,tgz-only,1,1
vertebrates,103,denticeps_clupeoides,tgz-only,1,1
vertebrates,103,dicentrarchus_labrax,tgz-only,1,1
vertebrates,103,dipodomys_ordii,tgz-only,1,1
vertebrates,103,dromaius_novaehollandiae,tgz-only,1,1
vertebrates,103,drosophila_melanogaster,dir,0,1
vertebrates,103,echeneis_naucrates,tgz-only,1,1
vertebrates,103,echinops_telfairi,tgz-only,1,1
vertebrates,103,electrophorus_electricus,tgz-only,1,1
vertebrates,103,eptatretus_burgeri,tgz-only,1,1
vertebrates,103,equus_asinus_asinus,tgz-only,1,1
vertebrates,103,equus_caballus,tgz-only,1,1
vertebrates,103,erinaceus_europaeus,tgz-only,1,1
vertebrates,103,erpetoichthys_calabaricus,tgz-only,1,1
vertebrates,103,erythrura_gouldiae,tgz-only,1,1
vertebrates,103,esox_lucius,tgz-only,1,1
vertebrates,103,falco_tinnunculus,tgz-only,1,1
vertebrates,103,felis_catus,tgz-only,1,1
vertebrates,103,ficedula_albicollis,tgz-only,1,1
vertebrates,103,fukomys_damarensis,tgz-only,1,1
vertebrates,103,fundulus_heteroclitus,tgz-only,1,1
vertebrates,103,gadus_morhua,tgz-only,1,1
vertebrates,103,gallus_gallus,tgz-only,1,1
vertebrates,103,gambusia_affinis,tgz-only,1,1
vertebrates,103,gasterosteus_aculeatus,tgz-only,1,1
vertebrates,103,geospiza_fortis,tgz-only,1,1
vertebrates,103,gopherus_agassizii,tgz-only,1,1
vertebrates,103,gopherus_evgoodei,tgz-only,1,1
vertebrates,103,gorilla_gorilla,tgz-only,1,1
vertebrates,103,gouania_willdenowi,tgz-only,1,1
vertebrates,103,haplochromis_burtoni,tgz-only,1,1
vertebrates,103,heterocephalus_glaber_female,tgz-only,1,1
vertebrates,103,heterocephalus_glaber_male,tgz-only,1,1
vertebrates,103,hippocampus_comes,tgz-only,1,1
vertebrates,103,homo_sapiens,tgz-only,1,1
vertebrates,103,hucho_hucho,tgz-only,1,1
vertebrates,103,ictalurus_punctatus,tgz-only,1,1
vertebrates,103,ictidomys_tridecemlineatus,tgz-only,1,1
vertebrates,103,jaculus_jaculus,tgz-only,1,1
vertebrates,103,junco_hyemalis,tgz-only,1,1
vertebrates,103,kryptolebias_marmoratus,tgz-only,1,1
vertebrates,103,labrus_bergylta,tgz-only,1,1
vertebrates,103,larimichthys_crocea,tgz-only,1,1
vertebrates,103,lates_calcarifer,tgz-only,1,1
vertebrates,103,laticauda_laticaudata,tgz-only,1,1
vertebrates,103,latimeria_chalumnae,tgz-only,1,1
vertebrates,103,lepidothrix_coronata,tgz-only,1,1
vertebrates,103,lepisosteus_oculatus,tgz-only,1,1
vertebrates,103,leptobrachium_leishanense,tgz-only,1,1
vertebrates,103,lonchura_striata_domestica,tgz-only,1,1
vertebrates,103,loxodonta_africana,tgz-only,1,1
vertebrates,103,lynx_canadensis,tgz-only,1,1
vertebrates,103,macaca_fascicularis,tgz-only,1,1
vertebrates,103,macaca_mulatta,tgz-only,1,1
vertebrates,103,macaca_nemestrina,tgz-only,1,1
vertebrates,103,malurus_cyaneus_samueli,tgz-only,1,1
vertebrates,103,manacus_vitellinus,tgz-only,1,1
vertebrates,103,mandrillus_leucophaeus,tgz-only,1,1
vertebrates,103,marmota_marmota_marmota,tgz-only,1,1
vertebrates,103,mastacembelus_armatus,tgz-only,1,1
vertebrates,103,maylandia_zebra,tgz-only,1,1
vertebrates,103,meleagris_gallopavo,tgz-only,1,1
vertebrates,103,melopsittacus_undulatus,tgz-only,1,1
vertebrates,103,meriones_unguiculatus,tgz-only,1,1
vertebrates,103,mesocricetus_auratus,tgz-only,1,1
vertebrates,103,microcebus_murinus,tgz-only,1,1
vertebrates,103,microtus_ochrogaster,tgz-only,1,1
vertebrates,103,mola_mola,tgz-only,1,1
vertebrates,103,monodelphis_domestica,tgz-only,1,1
vertebrates,103,monodon_monoceros,tgz-only,1,1
vertebrates,103,monopterus_albus,tgz-only,1,1
vertebrates,103,moschus_moschiferus,tgz-only,1,1
vertebrates,103,mus_caroli,tgz-only,1,1
vertebrates,103,mus_musculus,tgz-only,1,1
vertebrates,103,mus_musculus_129s1svimj,tgz-only,1,1
vertebrates,103,mus_musculus_aj,tgz-only,1,1
vertebrates,103,mus_musculus_akrj,tgz-only,1,1
vertebrates,103,mus_musculus_balbcj,tgz-only,1,1
vertebrates,103,mus_musculus_c3hhej,tgz-only,1,1
vertebrates,103,mus_musculus_c57bl6nj,tgz-only,1,1
vertebrates,103,mus_musculus_casteij,tgz-only,1,1
vertebrates,103,mus_musculus_cbaj,tgz-only,1,1
vertebrates,103,mus_musculus_dba2j,tgz-only,1,1
vertebrates,103,mus_musculus_fvbnj,tgz-only,1,1
vertebrates,103,mus_musculus_lpj,tgz-only,1,1
vertebrates,103,mus_musculus_nodshiltj,tgz-only,1,1
vertebrates,103,mus_musculus_nzohlltj,tgz-only,1,1
vertebrates,103,mus_musculus_pwkphj,tgz-only,1,1
vertebrates,103,mus_musculus_wsbeij,tgz-only,1,1
vertebrates,103,mus_pahari,tgz-only,1,1
vertebrates,103,mus_spicilegus,tgz-only,1,1
vertebrates,103,mus_spretus,tgz-only,1,1
vertebrates,103,mustela_putorius_furo,tgz-only,1,1
vertebrates,103,myotis_lucifugus,tgz-only,1,1
vertebrates,103,myripristis_murdjan,tgz-only,1,1
vertebrates,103,naja_naja,tgz-only,1,1
vertebrates,103,nannospalax_galili,tgz-only,1,1
vertebrates,103,neogobius_melanostomus,tgz-only,1,1
vertebrates,103,neolamprologus_brichardi,tgz-only,1,1
vertebrates,103,neovison_vison,tgz-only,1,1
vertebrates,103,nomascus_leucogenys,tgz-only,1,1
vertebrates,103,notamacropus_eugenii,tgz-only,1,1
vertebrates,103,notechis_scutatus,tgz-only,1,1
vertebrates,103,nothobranchius_furzeri,tgz-only,1,1
vertebrates,103,nothoprocta_perdicaria,tgz-only,1,1
vertebrates,103,numida_meleagris,tgz-only,1,1
vertebrates,103,ochotona_princeps,tgz-only,1,1
vertebrates,103,octodon_degus,tgz-only,1,1
vertebrates,103,oncorhynchus_kisutch,tgz-only,1,1
vertebrates,103,oncorhynchus_mykiss,tgz-only,1,1
vertebrates,103,oncorhynchus_tshawytscha,tgz-only,1,1
vertebrates,103,oreochromis_aureus,tgz-only,1,1
vertebrates,103,oreochromis_niloticus,tgz-only,1,1
vertebrates,103,ornithorhynchus_anatinus,tgz-only,1,1
vertebrates,103,oryctolagus_cuniculus,tgz-only,1,1
vertebrates,103,oryzias_javanicus,tgz-only,1,1
vertebrates,103,oryzias_latipes,tgz-only,1,1
vertebrates,103,oryzias_latipes_hni,tgz-only,1,1
vertebrates,103,oryzias_latipes_hsok,tgz-only,1,1
vertebrates,103,oryzias_melastigma,tgz-only,1,1
vertebrates,103,oryzias_sinensis,tgz-only,1,1
vertebrates,103,otolemur_garnettii,tgz-only,1,1
vertebrates,103,otus_sunia,tgz-only,1,1
vertebrates,103,ovis_aries,tgz-only,1,1
vertebrates,103,ovis_aries_rambouillet,tgz-only,1,1
vertebrates,103,pan_paniscus,tgz-only,1,1
vertebrates,103,pan_troglodytes,tgz-only,1,1
vertebrates,103,panthera_leo,tgz-only,1,1
vertebrates,103,panthera_pardus,tgz-only,1,1
vertebrates,103,panthera_tigris_altaica,tgz-only,1,1
vertebrates,103,papio_anubis,tgz-only,1,1
vertebrates,103,parambassis_ranga,tgz-only,1,1
vertebrates,103,paramormyrops_kingsleyae,tgz-only,1,1
vertebrates,103,parus_major,tgz-only,1,1
vertebrates,103,pavo_cristatus,tgz-only,1,1
vertebrates,103,pelodiscus_sinensis,tgz-only,1,1
vertebrates,103,pelusios_castaneus,tgz-only,1,1
vertebrates,103,periophthalmus_magnuspinnatus,tgz-only,1,1
vertebrates,103,peromyscus_maniculatus_bairdii,tgz-only,1,1
vertebrates,103,petromyzon_marinus,tgz-only,1,1
vertebrates,103,phascolarctos_cinereus,tgz-only,1,1
vertebrates,103,phasianus_colchicus,tgz-only,1,1
vertebrates,103,phocoena_sinus,tgz-only,1,1
vertebrates,103,physeter_catodon,tgz-only,1,1
vertebrates,103,piliocolobus_tephrosceles,tgz-only,1,1
vertebrates,103,podarcis_muralis,tgz-only,1,1
vertebrates,103,poecilia_formosa,tgz-only,1,1
vertebrates,103,poecilia_latipinna,tgz-only,1,1
vertebrates,103,poecilia_mexicana,tgz-only,1,1
vertebrates,103,poecilia_reticulata,tgz-only,1,1
vertebrates,103,pogona_vitticeps,tgz-only,1,1
vertebrates,103,pongo_abelii,tgz-only,1,1
vertebrates,103,procavia_capensis,tgz-only,1,1
vertebrates,103,prolemur_simus,tgz-only,1,1
vertebrates,103,propithecus_coquereli,tgz-only,1,1
vertebrates,103,pseudonaja_textilis,tgz-only,1,1
vertebrates,103,pteropus_vampyrus,tgz-only,1,1
vertebrates,103,pundamilia_nyererei,tgz-only,1,1
vertebrates,103,pygocentrus_nattereri,tgz-only,1,1
vertebrates,103,rattus_norvegicus,tgz-only,1,1
vertebrates,103,rhinolophus_ferrumequinum,tgz-only,1,1
vertebrates,103,rhinopithecus_bieti,tgz-only,1,1
vertebrates,103,rhinopithecus_roxellana,tgz-only,1,1
vertebrates,103,saccharomyces_cerevisiae,dir,0,1
vertebrates,103,saimiri_boliviensis_boliviensis,tgz-only,1,1
vertebrates,103,salarias_fasciatus,tgz-only,1,1
vertebrates,103,salmo_salar,tgz-only,1,1
vertebrates,103,salmo_trutta,tgz-only,1,1
vertebrates,103,salvator_merianae,tgz-only,1,1
vertebrates,103,sander_lucioperca,tgz-only,1,1
vertebrates,103,sarcophilus_harrisii,tgz-only,1,1
vertebrates,103,sciurus_vulgaris,tgz-only,1,1
vertebrates,103,scleropages_formosus,tgz-only,1,1
vertebrates,103,scophthalmus_maximus,tgz-only,1,1
vertebrates,103,serinus_canaria,tgz-only,1,1
vertebrates,103,seriola_dumerili,tgz-only,1,1
vertebrates,103,seriola_lalandi_dorsalis,tgz-only,1,1
vertebrates,103,sinocyclocheilus_anshuiensis,tgz-only,1,1
vertebrates,103,sinocyclocheilus_grahami,tgz-only,1,1
vertebrates,103,sinocyclocheilus_rhinocerous,tgz-only,1,1
vertebrates,103,sorex_araneus,tgz-only,1,1
vertebrates,103,sparus_aurata,tgz-only,1,1
vertebrates,103,spermophilus_dauricus,tgz-only,1,1
vertebrates,103,sphaeramia_orbicularis,tgz-only,1,1
vertebrates,103,sphenodon_punctatus,tgz-only,1,1
vertebrates,103,stachyris_ruficeps,tgz-only,1,1
vertebrates,103,stegastes_partitus,tgz-only,1,1
vertebrates,103,strigops_habroptila,tgz-only,1,1
vertebrates,103,strix_occidentalis_caurina,tgz-only,1,1
vertebrates,103,struthio_camelus_australis,tgz-only,1,1
vertebrates,103,suricata_suricatta,tgz-only,1,1
vertebrates,103,sus_scrofa,tgz-only,1,1
vertebrates,103,sus_scrofa_bamei,tgz-only,1,1
vertebrates,103,sus_scrofa_berkshire,tgz-only,1,1
vertebrates,103,sus_scrofa_hampshire,tgz-only,1,1
vertebrates,103,sus_scrofa_jinhua,tgz-only,1,1
vertebrates,103,sus_scrofa_landrace,tgz-only,1,1
vertebrates,103,sus_scrofa_largewhite,tgz-only,1,1
vertebrates,103,sus_scrofa_meishan,tgz-only,1,1
vertebrates,103,sus_scrofa_pietrain,tgz-only,1,1
vertebrates,103,sus_scrofa_rongchang,tgz-only,1,1
vertebrates,103,sus_scrofa_tibetan,tgz-only,1,1
vertebrates,103,sus_scrofa_usmarc,tgz-only,1,1
vertebrates,103,sus_scrofa_wuzhishan,tgz-only,1,1
vertebrates,103,taeniopygia_guttata,tgz-only,1,1
vertebrates,103,takifugu_rubripes,tgz-only,1,1
vertebrates,103,terrapene_carolina_triunguis,tgz-only,1,1
vertebrates,103,tetraodon_nigroviridis,tgz-only,1,1
vertebrates,103,theropithecus_gelada,tgz-only,1,1
vertebrates,103,tupaia_belangeri,tgz-only,1,1
vertebrates,103,tursiops_truncatus,tgz-only,1,1
vertebrates,103,urocitellus_parryii,tgz-only,1,1
vertebrates,103,ursus_americanus,tgz-only,1,1
vertebrates,103,ursus_maritimus,tgz-only,1,1
vertebrates,103,ursus_thibetanus_thibetanus,tgz-only,1,1
vertebrates,103,varanus_komodoensis,tgz-only,1,1
vertebrates,103,vicugna_pacos,tgz-only,1,1
vertebrates,103,vombatus_ursinus,tgz-only,1,1
vertebrates,103,vulpes_vulpes,tgz-only,1,1
vertebrates,103,xenopus_tropicalis,tgz-only,1,1
vertebrates,103,xiphophorus_couchianus,tgz-only,1,1
vertebrates,103,xiphophorus_maculatus,tgz-only,1,1
vertebrates,103,zalophus_californianus,tgz-only,1,1
vertebrates,103,zonotrichia_albicollis,tgz-only,1,1
vertebrates,103,zosterops_lateralis_melanops,tgz-only,1,1
vertebrates,104,acanthochromis_polyacanthus,tgz-only,1,1
vertebrates,104,accipiter_nisus,tgz-only,1,1
vertebrates,104,ailuropoda_melanoleuca,tgz-only,1,1
vertebrates,104,amazona_collaria,tgz-only,1,1
vertebrates,104,amphilophus_citrinellus,tgz-only,1,1
vertebrates,104,amphiprion_ocellaris,tgz-only,1,1
vertebrates,104,amphiprion_percula,tgz-only,1,1
vertebrates,104,anabas_testudineus,tgz-only,1,1
vertebrates,104,anas_platyrhynchos,tgz-only,1,1
vertebrates,104,anas_platyrhynchos_platyrhynchos,tgz-only,1,1
vertebrates,104,anas_zonorhyncha,tgz-only,1,1
vertebrates,104,anolis_carolinensis,tgz-only,1,1
vertebrates,104,anser_brachyrhynchus,tgz-only,1,1
vertebrates,104,anser_cygnoides,tgz-only,1,1
vertebrates,104,aotus_nancymaae,tgz-only,1,1
vertebrates,104,apteryx_haastii,tgz-only,1,1
vertebrates,104,apteryx_owenii,tgz-only,1,1
vertebrates,104,apteryx_rowi,tgz-only,1,1
vertebrates,104,aquila_chrysaetos_chrysaetos,tgz-only,1,1
vertebrates,104,astatotilapia_calliptera,tgz-only,1,1
vertebrates,104,astyanax_mexicanus,tgz-only,1,1
vertebrates,104,astyanax_mexicanus_pachon,tgz-only,1,1
vertebrates,104,athene_cunicularia,tgz-only,1,1
vertebrates,104,balaenoptera_musculus,tgz-only,1,1
vertebrates,104,betta_splendens,tgz-only,1,1
vertebrates,104,bison_bison_bison,tgz-only,1,1
vertebrates,104,bos_grunniens,tgz-only,1,1
vertebrates,104,bos_indicus_hybrid,tgz-only,1,1
vertebrates,104,bos_mutus,tgz-only,1,1
vertebrates,104,bos_taurus,tgz-only,1,1
vertebrates,104,bos_taurus_hybrid,tgz-only,1,1
vertebrates,104,bubo_bubo,tgz-only,1,1
vertebrates,104,buteo_japonicus,tgz-only,1,1
vertebrates,104,caenorhabditis_elegans,dir,0,1
vertebrates,104,cairina_moschata_domestica,tgz-only,1,1
vertebrates,104,calidris_pugnax,tgz-only,1,1
vertebrates,104,calidris_pygmaea,tgz-only,1,1
vertebrates,104,callithrix_jacchus,tgz-only,1,1
vertebrates,104,callorhinchus_milii,tgz-only,1,1
vertebrates,104,camarhynchus_parvulus,tgz-only,1,1
vertebrates,104,camelus_dromedarius,tgz-only,1,1
vertebrates,104,canis_lupus_dingo,tgz-only,1,1
vertebrates,104,canis_lupus_familiaris,tgz-only,1,1
vertebrates,104,canis_lupus_familiarisbasenji,tgz-only,1,1
vertebrates,104,canis_lupus_familiarisgreatdane,tgz-only,1,1
vertebrates,104,capra_hircus,tgz-only,1,1
vertebrates,104,capra_hircus_blackbengal,tgz-only,1,1
vertebrates,104,carassius_auratus,tgz-only,1,1
vertebrates,104,carlito_syrichta,tgz-only,1,1
vertebrates,104,castor_canadensis,tgz-only,1,1
vertebrates,104,catagonus_wagneri,tgz-only,1,1
vertebrates,104,catharus_ustulatus,tgz-only,1,1
vertebrates,104,cavia_aperea,tgz-only,1,1
vertebrates,104,cavia_porcellus,tgz-only,1,1
vertebrates,104,cebus_capucinus,tgz-only,1,1
vertebrates,104,cercocebus_atys,tgz-only,1,1
vertebrates,104,cervus_hanglu_yarkandensis,tgz-only,1,1
vertebrates,104,chelonoidis_abingdonii,tgz-only,1,1
vertebrates,104,chelydra_serpentina,tgz-only,1,1
vertebrates,104,chinchilla_lanigera,tgz-only,1,1
vertebrates,104,chlorocebus_sabaeus,tgz-only,1,1
vertebrates,104,choloepus_hoffmanni,tgz-only,1,1
vertebrates,104,chrysemys_picta_bellii,tgz-only,1,1
vertebrates,104,chrysolophus_pictus,tgz-only,1,1
vertebrates,104,ciona_intestinalis,tgz-only,1,1
vertebrates,104,ciona_savignyi,tgz-only,1,1
vertebrates,104,clupea_harengus,tgz-only,1,1
vertebrates,104,colobus_angolensis_palliatus,tgz-only,1,1
vertebrates,104,corvus_moneduloides,tgz-only,1,1
vertebrates,104,cottoperca_gobio,tgz-only,1,1
vertebrates,104,coturnix_japonica,tgz-only,1,1
vertebrates,104,cricetulus_griseus_chok1gshd,tgz-only,1,1
vertebrates,104,cricetulus_griseus_crigri,tgz-only,1,1
vertebrates,104,cricetulus_griseus_picr,tgz-only,1,1
vertebrates,104,crocodylus_porosus,tgz-only,1,1
vertebrates,104,cyanistes_caeruleus,tgz-only,1,1
vertebrates,104,cyclopterus_lumpus,tgz-only,1,1
vertebrates,104,cynoglossus_semilaevis,tgz-only,1,1
vertebrates,104,cyprinodon_variegatus,tgz-only,1,1
vertebrates,104,cyprinus_carpio,tgz-only,1,1
vertebrates,104,cyprinus_carpio_germanmirror,tgz-only,1,1
vertebrates,104,cyprinus_carpio_hebaored,tgz-only,1,1
vertebrates,104,cyprinus_carpio_huanghe,tgz-only,1,1
vertebrates,104,danio_rerio,tgz-only,1,1
vertebrates,104,dasypus_novemcinctus,tgz-only,1,1
vertebrates,104,delphinapterus_leucas,tgz-only,1,1
vertebrates,104,denticeps_clupeoides,tgz-only,1,1
vertebrates,104,dicentrarchus_labrax,tgz-only,1,1
vertebrates,104,dipodomys_ordii,tgz-only,1,1
vertebrates,104,dromaius_novaehollandiae,tgz-only,1,1
vertebrates,104,drosophila_melanogaster,dir,0,1
vertebrates,104,echeneis_naucrates,tgz-only,1,1
vertebrates,104,echinops_telfairi,tgz-only,1,1
vertebrates,104,electrophorus_electricus,tgz-only,1,1
vertebrates,104,eptatretus_burgeri,tgz-only,1,1
vertebrates,104,equus_asinus_asinus,tgz-only,1,1
vertebrates,104,equus_caballus,tgz-only,1,1
vertebrates,104,erinaceus_europaeus,tgz-only,1,1
vertebrates,104,erpetoichthys_calabaricus,tgz-only,1,1
vertebrates,104,erythrura_gouldiae,tgz-only,1,1
vertebrates,104,esox_lucius,tgz-only,1,1
vertebrates,104,falco_tinnunculus,tgz-only,1,1
vertebrates,104,felis_catus,tgz-only,1,1
vertebrates,104,ficedula_albicollis,tgz-only,1,1
vertebrates,104,fukomys_damarensis,tgz-only,1,1
vertebrates,104,fundulus_heteroclitus,tgz-only,1,1
vertebrates,104,gadus_morhua,tgz-only,1,1
vertebrates,104,gallus_gallus,tgz-only,1,1
vertebrates,104,gambusia_affinis,tgz-only,1,1
vertebrates,104,gasterosteus_aculeatus,tgz-only,1,1
vertebrates,104,geospiza_fortis,tgz-only,1,1
vertebrates,104,gopherus_agassizii,tgz-only,1,1
vertebrates,104,gopherus_evgoodei,tgz-only,1,1
vertebrates,104,gorilla_gorilla,tgz-only,1,1
vertebrates,104,gouania_willdenowi,tgz-only,1,1
vertebrates,104,haplochromis_burtoni,tgz-only,1,1
vertebrates,104,heterocephalus_glaber_female,tgz-only,1,1
vertebrates,104,heterocephalus_glaber_male,tgz-only,1,1
vertebrates,104,hippocampus_comes,tgz-only,1,1
vertebrates,104,homo_sapiens,tgz-only,1,1
vertebrates,104,hucho_hucho,tgz-only,1,1
vertebrates,104,ictalurus_punctatus,tgz-only,1,1
vertebrates,104,ictidomys_tridecemlineatus,tgz-only,1,1
vertebrates,104,jaculus_jaculus,tgz-only,1,1
vertebrates,104,junco_hyemalis,tgz-only,1,1
vertebrates,104,kryptolebias_marmoratus,tgz-only,1,1
vertebrates,104,labrus_bergylta,tgz-only,1,1
vertebrates,104,larimichthys_crocea,tgz-only,1,1
vertebrates,104,lates_calcarifer,tgz-only,1,1
vertebrates,104,laticauda_laticaudata,tgz-only,1,1
vertebrates,104,latimeria_chalumnae,tgz-only,1,1
vertebrates,104,lepidothrix_coronata,tgz-only,1,1
vertebrates,104,lepisosteus_oculatus,tgz-only,1,1
vertebrates,104,leptobrachium_leishanense,tgz-only,1,1
vertebrates,104,lonchura_striata_domestica,tgz-only,1,1
vertebrates,104,loxodonta_africana,tgz-only,1,1
vertebrates,104,lynx_canadensis,tgz-only,1,1
vertebrates,104,macaca_fascicularis,tgz-only,1,1
vertebrates,104,macaca_mulatta,tgz-only,1,1
vertebrates,104,macaca_nemestrina,tgz-only,1,1
vertebrates,104,malurus_cyaneus_samueli,tgz-only,1,1
vertebrates,104,manacus_vitellinus,tgz-only,1,1
vertebrates,104,mandrillus_leucophaeus,tgz-only,1,1
vertebrates,104,marmota_marmota_marmota,tgz-only,1,1
vertebrates,104,mastacembelus_armatus,tgz-only,1,1
vertebrates,104,maylandia_zebra,tgz-only,1,1
vertebrates,104,meleagris_gallopavo,tgz-only,1,1
vertebrates,104,melopsittacus_undulatus,tgz-only,1,1
vertebrates,104,meriones_unguiculatus,tgz-only,1,1
vertebrates,104,mesocricetus_auratus,tgz-only,1,1
vertebrates,104,microcebus_murinus,tgz-only,1,1
vertebrates,104,microtus_ochrogaster,tgz-only,1,1
vertebrates,104,mola_mola,tgz-only,1,1
vertebrates,104,monodelphis_domestica,tgz-only,1,1
vertebrates,104,monodon_monoceros,tgz-only,1,1
vertebrates,104,monopterus_albus,tgz-only,1,1
vertebrates,104,moschus_moschiferus,tgz-only,1,1
vertebrates,104,mus_caroli,tgz-only,1,1
vertebrates,104,mus_musculus,tgz-only,1,1
vertebrates,104,mus_musculus_129s1svimj,tgz-only,1,1
vertebrates,104,mus_musculus_aj,tgz-only,1,1
vertebrates,104,mus_musculus_akrj,tgz-only,1,1
vertebrates,104,mus_musculus_balbcj,tgz-only,1,1
vertebrates,104,mus_musculus_c3hhej,tgz-only,1,1
vertebrates,104,mus_musculus_c57bl6nj,tgz-only,1,1
vertebrates,104,mus_musculus_casteij,tgz-only,1,1
vertebrates,104,mus_musculus_cbaj,tgz-only,1,1
vertebrates,104,mus_musculus_dba2j,tgz-only,1,1
vertebrates,104,mus_musculus_fvbnj,tgz-only,1,1
vertebrates,104,mus_musculus_lpj,tgz-only,1,1
vertebrates,104,mus_musculus_nodshiltj,tgz-only,1,1
vertebrates,104,mus_musculus_nzohlltj,tgz-only,1,1
vertebrates,104,mus_musculus_pwkphj,tgz-only,1,1
vertebrates,104,mus_musculus_wsbeij,tgz-only,1,1
vertebrates,104,mus_pahari,tgz-only,1,1
vertebrates,104,mus_spicilegus,tgz-only,1,1
vertebrates,104,mus_spretus,tgz-only,1,1
vertebrates,104,mustela_putorius_furo,tgz-only,1,1
vertebrates,104,myotis_lucifugus,tgz-only,1,1
vertebrates,104,myripristis_murdjan,tgz-only,1,1
vertebrates,104,naja_naja,tgz-only,1,1
vertebrates,104,nannospalax_galili,tgz-only,1,1
vertebrates,104,neogobius_melanostomus,tgz-only,1,1
vertebrates,104,neolamprologus_brichardi,tgz-only,1,1
vertebrates,104,neovison_vison,tgz-only,1,1
vertebrates,104,nomascus_leucogenys,tgz-only,1,1
vertebrates,104,notamacropus_eugenii,tgz-only,1,1
vertebrates,104,notechis_scutatus,tgz-only,1,1
vertebrates,104,nothobranchius_furzeri,tgz-only,1,1
vertebrates,104,nothoprocta_perdicaria,tgz-only,1,1
vertebrates,104,numida_meleagris,tgz-only,1,1
vertebrates,104,ochotona_princeps,tgz-only,1,1
vertebrates,104,octodon_degus,tgz-only,1,1
vertebrates,104,oncorhynchus_kisutch,tgz-only,1,1
vertebrates,104,oncorhynchus_mykiss,tgz-only,1,1
vertebrates,104,oncorhynchus_tshawytscha,tgz-only,1,1
vertebrates,104,oreochromis_aureus,tgz-only,1,1
vertebrates,104,oreochromis_niloticus,tgz-only,1,1
vertebrates,104,ornithorhynchus_anatinus,tgz-only,1,1
vertebrates,104,oryctolagus_cuniculus,tgz-only,1,1
vertebrates,104,oryzias_javanicus,tgz-only,1,1
vertebrates,104,oryzias_latipes,tgz-only,1,1
vertebrates,104,oryzias_latipes_hni,tgz-only,1,1
vertebrates,104,oryzias_latipes_hsok,tgz-only,1,1
vertebrates,104,oryzias_melastigma,tgz-only,1,1
vertebrates,104,oryzias_sinensis,tgz-only,1,1
vertebrates,104,otolemur_garnettii,tgz-only,1,1
vertebrates,104,otus_sunia,tgz-only,1,1
vertebrates,104,ovis_aries,tgz-only,1,1
vertebrates,104,ovis_aries_rambouillet,tgz-only,1,1
vertebrates,104,pan_paniscus,tgz-only,1,1
vertebrates,104,pan_troglodytes,tgz-only,1,1
vertebrates,104,panthera_leo,tgz-only,1,1
vertebrates,104,panthera_pardus,tgz-only,1,1
vertebrates,104,panthera_tigris_altaica,tgz-only,1,1
vertebrates,104,papio_anubis,tgz-only,1,1
vertebrates,104,parambassis_ranga,tgz-only,1,1
vertebrates,104,paramormyrops_kingsleyae,tgz-only,1,1
vertebrates,104,parus_major,tgz-only,1,1
vertebrates,104,pavo_cristatus,tgz-only,1,1
vertebrates,104,pelodiscus_sinensis,tgz-only,1,1
vertebrates,104,pelusios_castaneus,tgz-only,1,1
vertebrates,104,periophthalmus_magnuspinnatus,tgz-only,1,1
vertebrates,104,peromyscus_maniculatus_bairdii,tgz-only,1,1
vertebrates,104,petromyzon_marinus,tgz-only,1,1
vertebrates,104,phascolarctos_cinereus,tgz-only,1,1
vertebrates,104,phasianus_colchicus,tgz-only,1,1
vertebrates,104,phocoena_sinus,tgz-only,1,1
vertebrates,104,physeter_catodon,tgz-only,1,1
vertebrates,104,piliocolobus_tephrosceles,tgz-only,1,1
vertebrates,104,podarcis_muralis,tgz-only,1,1
vertebrates,104,poecilia_formosa,tgz-only,1,1
vertebrates,104,poecilia_latipinna,tgz-only,1,1
vertebrates,104,poecilia_mexicana,tgz-only,1,1
vertebrates,104,poecilia_reticulata,tgz-only,1,1
vertebrates,104,pogona_vitticeps,tgz-only,1,1
vertebrates,104,pongo_abelii,tgz-only,1,1
vertebrates,104,procavia_capensis,tgz-only,1,1
vertebrates,104,prolemur_simus,tgz-only,1,1
vertebrates,104,propithecus_coquereli,tgz-only,1,1
vertebrates,104,pseudonaja_textilis,tgz-only,1,1
vertebrates,104,pteropus_vampyrus,tgz-only,1,1
vertebrates,104,pundamilia_nyererei,tgz-only,1,1
vertebrates,104,pygocentrus_nattereri,tgz-only,1,1
vertebrates,104,rattus_norvegicus,tgz-only,1,1
vertebrates,104,rhinolophus_ferrumequinum,tgz-only,1,1
vertebrates,104,rhinopithecus_bieti,tgz-only,1,1
vertebrates,104,rhinopithecus_roxellana,tgz-only,1,1
vertebrates,104,saccharomyces_cerevisiae,dir,0,1
vertebrates,104,saimiri_boliviensis_boliviensis,tgz-only,1,1
vertebrates,104,salarias_fasciatus,tgz-only,1,1
vertebrates,104,salmo_salar,tgz-only,1,1
vertebrates,104,salmo_trutta,tgz-only,1,1
vertebrates,104,salvator_merianae,tgz-only,1,1
vertebrates,104,sander_lucioperca,tgz-only,1,1
vertebrates,104,sarcophilus_harrisii,tgz-only,1,1
vertebrates,104,sciurus_vulgaris,tgz-only,1,1
vertebrates,104,scleropages_formosus,tgz-only,1,1
vertebrates,104,scophthalmus_maximus,tgz-only,1,1
vertebrates,104,serinus_canaria,tgz-only,1,1
vertebrates,104,seriola_dumerili,tgz-only,1,1
vertebrates,104,seriola_lalandi_dorsalis,tgz-only,1,1
vertebrates,104,sinocyclocheilus_anshuiensis,tgz-only,1,1
vertebrates,104,sinocyclocheilus_grahami,tgz-only,1,1
vertebrates,104,sinocyclocheilus_rhinocerous,tgz-only,1,1
vertebrates,104,sorex_araneus,tgz-only,1,1
vertebrates,104,sparus_aurata,tgz-only,1,1
vertebrates,104,spermophilus_dauricus,tgz-only,1,1
vertebrates,104,sphaeramia_orbicularis,tgz-only,1,1
vertebrates,104,sphenodon_punctatus,tgz-only,1,1
vertebrates,104,stachyris_ruficeps,tgz-only,1,1
vertebrates,104,stegastes_partitus,tgz-only,1,1
vertebrates,104,strigops_habroptila,tgz-only,1,1
vertebrates,104,strix_occidentalis_caurina,tgz-only,1,1
vertebrates,104,struthio_camelus_australis,tgz-only,1,1
vertebrates,104,suricata_suricatta,tgz-only,1,1
vertebrates,104,sus_scrofa,tgz-only,1,1
vertebrates,104,sus_scrofa_bamei,tgz-only,1,1
vertebrates,104,sus_scrofa_berkshire,tgz-only,1,1
vertebrates,104,sus_scrofa_hampshire,tgz-only,1,1
vertebrates,104,sus_scrofa_jinhua,tgz-only,1,1
vertebrates,104,sus_scrofa_landrace,tgz-only,1,1
vertebrates,104,sus_scrofa_largewhite,tgz-only,1,1
vertebrates,104,sus_scrofa_meishan,tgz-only,1,1
vertebrates,104,sus_scrofa_pietrain,tgz-only,1,1
vertebrates,104,sus_scrofa_rongchang,tgz-only,1,1
vertebrates,104,sus_scrofa_tibetan,tgz-only,1,1
vertebrates,104,sus_scrofa_usmarc,tgz-only,1,1
vertebrates,104,sus_scrofa_wuzhishan,tgz-only,1,1
vertebrates,104,taeniopygia_guttata,tgz-only,1,1
vertebrates,104,takifugu_rubripes,tgz-only,1,1
vertebrates,104,terrapene_carolina_triunguis,tgz-only,1,1
vertebrates,104,tetraodon_nigroviridis,tgz-only,1,1
vertebrates,104,theropithecus_gelada,tgz-only,1,1
vertebrates,104,tupaia_belangeri,tgz-only,1,1
vertebrates,104,tursiops_truncatus,tgz-only,1,1
vertebrates,104,urocitellus_parryii,tgz-only,1,1
vertebrates,104,ursus_americanus,tgz-only,1,1
vertebrates,104,ursus_maritimus,tgz-only,1,1
vertebrates,104,ursus_thibetanus_thibetanus,tgz-only,1,1
vertebrates,104,varanus_komodoensis,tgz-only,1,1
vertebrates,104,vicugna_pacos,tgz-only,1,1
vertebrates,104,vombatus_ursinus,tgz-only,1,1
vertebrates,104,vulpes_vulpes,tgz-only,1,1
vertebrates,104,xenopus_tropicalis,tgz-only,1,1
vertebrates,104,xiphophorus_couchianus,tgz-only,1,1
vertebrates,104,xiphophorus_maculatus,tgz-only,1,1
vertebrates,104,zalophus_californianus,tgz-only,1,1
vertebrates,104,zonotrichia_albicollis,tgz-only,1,1
vertebrates,104,zosterops_lateralis_melanops,tgz-only,1,1
vertebrates,105,acanthochromis_polyacanthus,dir,0,1
vertebrates,105,accipiter_nisus,dir,0,1
vertebrates,105,ailuropoda_melanoleuca,dir,0,1
vertebrates,105,amazona_collaria,dir,0,1
vertebrates,105,amphilophus_citrinellus,dir,0,1
vertebrates,105,amphiprion_ocellaris,dir,0,1
vertebrates,105,amphiprion_percula,dir,0,1
vertebrates,105,anabas_testudineus,dir,0,1
vertebrates,105,anas_platyrhynchos,dir,0,1
vertebrates,105,anas_platyrhynchos_platyrhynchos,dir,0,1
vertebrates,105,anas_zonorhyncha,dir,0,1
vertebrates,105,anolis_carolinensis,dir,0,1
vertebrates,105,anser_brachyrhynchus,dir,0,1
vertebrates,105,anser_cygnoides,dir,0,1
vertebrates,105,aotus_nancymaae,dir,0,1
vertebrates,105,apteryx_haastii,dir,0,1
vertebrates,105,apteryx_owenii,dir,0,1
vertebrates,105,apteryx_rowi,dir,0,1
vertebrates,105,aquila_chrysaetos_chrysaetos,dir,0,1
vertebrates,105,astatotilapia_calliptera,dir,0,1
vertebrates,105,astyanax_mexicanus,dir,0,1
vertebrates,105,astyanax_mexicanus_pachon,dir,0,1
vertebrates,105,athene_cunicularia,dir,0,1
vertebrates,105,balaenoptera_musculus,dir,0,1
vertebrates,105,betta_splendens,dir,0,1
vertebrates,105,bison_bison_bison,dir,0,1
vertebrates,105,bos_grunniens,dir,0,1
vertebrates,105,bos_indicus_hybrid,dir,0,1
vertebrates,105,bos_mutus,dir,0,1
vertebrates,105,bos_taurus,dir,0,1
vertebrates,105,bos_taurus_hybrid,dir,0,1
vertebrates,105,bubo_bubo,dir,0,1
vertebrates,105,buteo_japonicus,dir,0,1
vertebrates,105,caenorhabditis_elegans,dir,0,1
vertebrates,105,cairina_moschata_domestica,dir,0,1
vertebrates,105,calidris_pugnax,dir,0,1
vertebrates,105,calidris_pygmaea,dir,0,1
vertebrates,105,callithrix_jacchus,dir,0,1
vertebrates,105,callorhinchus_milii,dir,0,1
vertebrates,105,camarhynchus_parvulus,dir,0,1
vertebrates,105,camelus_dromedarius,dir,0,1
vertebrates,105,canis_lupus_dingo,dir,0,1
vertebrates,105,canis_lupus_familiaris,dir,0,1
vertebrates,105,canis_lupus_familiarisbasenji,dir,0,1
vertebrates,105,canis_lupus_familiarisboxer,dir,0,1
vertebrates,105,canis_lupus_familiarisgreatdane,dir,0,1
vertebrates,105,capra_hircus,dir,0,1
vertebrates,105,capra_hircus_blackbengal,dir,0,1
vertebrates,105,carassius_auratus,dir,0,1
vertebrates,105,carlito_syrichta,dir,0,1
vertebrates,105,castor_canadensis,dir,0,1
vertebrates,105,catagonus_wagneri,dir,0,1
vertebrates,105,catharus_ustulatus,dir,0,1
vertebrates,105,cavia_aperea,dir,0,1
vertebrates,105,cavia_porcellus,dir,0,1
vertebrates,105,cebus_capucinus,dir,0,1
vertebrates,105,cercocebus_atys,dir,0,1
vertebrates,105,cervus_hanglu_yarkandensis,dir,0,1
vertebrates,105,chelonoidis_abingdonii,dir,0,1
vertebrates,105,chelydra_serpentina,dir,0,1
vertebrates,105,chinchilla_lanigera,dir,0,1
vertebrates,105,chlorocebus_sabaeus,dir,0,1
vertebrates,105,choloepus_hoffmanni,dir,0,1
vertebrates,105,chrysemys_picta_bellii,dir,0,1
vertebrates,105,chrysolophus_pictus,dir,0,1
vertebrates,105,ciona_intestinalis,dir,0,1
vertebrates,105,ciona_savignyi,dir,0,1
vertebrates,105,clupea_harengus,dir,0,1
vertebrates,105,colobus_angolensis_palliatus,dir,0,1
vertebrates,105,corvus_moneduloides,dir,0,1
vertebrates,105,cottoperca_gobio,dir,0,1
vertebrates,105,coturnix_japonica,dir,0,1
vertebrates,105,cricetulus_griseus_chok1gshd,dir,0,1
vertebrates,105,cricetulus_griseus_crigri,dir,0,1
vertebrates,105,cricetulus_griseus_picr,dir,0,1
vertebrates,105,crocodylus_porosus,dir,0,1
vertebrates,105,cyanistes_caeruleus,dir,0,1
vertebrates,105,cyclopterus_lumpus,dir,0,1
vertebrates,105,cynoglossus_semilaevis,dir,0,1
vertebrates,105,cyprinodon_variegatus,dir,0,1
vertebrates,105,cyprinus_carpio,dir,0,1
vertebrates,105,cyprinus_carpio_germanmirror,dir,0,1
vertebrates,105,cyprinus_carpio_hebaored,dir,0,1
vertebrates,105,cyprinus_carpio_huanghe,dir,0,1
vertebrates,105,danio_rerio,dir,0,1
vertebrates,105,dasypus_novemcinctus,dir,0,1
vertebrates,105,delphinapterus_leucas,dir,0,1
vertebrates,105,denticeps_clupeoides,dir,0,1
vertebrates,105,dicentrarchus_labrax,dir,0,1
vertebrates,105,dipodomys_ordii,dir,0,1
vertebrates,105,dromaius_novaehollandiae,dir,0,1
vertebrates,105,drosophila_melanogaster,dir,0,1
vertebrates,105,echeneis_naucrates,dir,0,1
vertebrates,105,echinops_telfairi,dir,0,1
vertebrates,105,electrophorus_electricus,dir,0,1
vertebrates,105,eptatretus_burgeri,dir,0,1
vertebrates,105,equus_asinus_asinus,dir,0,1
vertebrates,105,equus_caballus,dir,0,1
vertebrates,105,erinaceus_europaeus,dir,0,1
vertebrates,105,erpetoichthys_calabaricus,dir,0,1
vertebrates,105,erythrura_gouldiae,dir,0,1
vertebrates,105,esox_lucius,dir,0,1
vertebrates,105,falco_tinnunculus,dir,0,1
vertebrates,105,felis_catus,dir,0,1
vertebrates,105,ficedula_albicollis,dir,0,1
vertebrates,105,fukomys_damarensis,dir,0,1
vertebrates,105,fundulus_heteroclitus,dir,0,1
vertebrates,105,gadus_morhua,dir,0,1
vertebrates,105,gallus_gallus,dir,0,1
vertebrates,105,gambusia_affinis,dir,0,1
vertebrates,105,gasterosteus_aculeatus,dir,0,1
vertebrates,105,geospiza_fortis,dir,0,1
vertebrates,105,gopherus_agassizii,dir,0,1
vertebrates,105,gopherus_evgoodei,dir,0,1
vertebrates,105,gorilla_gorilla,dir,0,1
vertebrates,105,gouania_willdenowi,dir,0,1
vertebrates,105,haplochromis_burtoni,dir,0,1
vertebrates,105,heterocephalus_glaber_female,dir,0,1
vertebrates,105,heterocephalus_glaber_male,dir,0,1
vertebrates,105,hippocampus_comes,dir,0,1
vertebrates,105,homo_sapiens,dir,0,1
vertebrates,105,hucho_hucho,dir,0,1
vertebrates,105,ictalurus_punctatus,dir,0,1
vertebrates,105,ictidomys_tridecemlineatus,dir,0,1
vertebrates,105,jaculus_jaculus,dir,0,1
vertebrates,105,junco_hyemalis,dir,0,1
vertebrates,105,kryptolebias_marmoratus,dir,0,1
vertebrates,105,labrus_bergylta,dir,0,1
vertebrates,105,larimichthys_crocea,dir,0,1
vertebrates,105,lates_calcarifer,dir,0,1
vertebrates,105,laticauda_laticaudata,dir,0,1
vertebrates,105,latimeria_chalumnae,dir,0,1
vertebrates,105,lepidothrix_coronata,dir,0,1
vertebrates,105,lepisosteus_oculatus,dir,0,1
vertebrates,105,leptobrachium_leishanense,dir,0,1
vertebrates,105,lonchura_striata_domestica,dir,0,1
vertebrates,105,loxodonta_africana,dir,0,1
vertebrates,105,lynx_canadensis,dir,0,1
vertebrates,105,macaca_fascicularis,dir,0,1
vertebrates,105,macaca_mulatta,dir,0,1
vertebrates,105,macaca_nemestrina,dir,0,1
vertebrates,105,malurus_cyaneus_samueli,dir,0,1
vertebrates,105,manacus_vitellinus,dir,0,1
vertebrates,105,mandrillus_leucophaeus,dir,0,1
vertebrates,105,marmota_marmota_marmota,dir,0,1
vertebrates,105,mastacembelus_armatus,dir,0,1
vertebrates,105,maylandia_zebra,dir,0,1
vertebrates,105,meleagris_gallopavo,dir,0,1
vertebrates,105,melopsittacus_undulatus,dir,0,1
vertebrates,105,meriones_unguiculatus,dir,0,1
vertebrates,105,mesocricetus_auratus,dir,0,1
vertebrates,105,microcebus_murinus,dir,0,1
vertebrates,105,microtus_ochrogaster,dir,0,1
vertebrates,105,mola_mola,dir,0,1
vertebrates,105,monodelphis_domestica,dir,0,1
vertebrates,105,monodon_monoceros,dir,0,1
vertebrates,105,monopterus_albus,dir,0,1
vertebrates,105,moschus_moschiferus,dir,0,1
vertebrates,105,mus_caroli,dir,0,1
vertebrates,105,mus_musculus,dir,0,1
vertebrates,105,mus_musculus_129s1svimj,dir,0,1
vertebrates,105,mus_musculus_aj,dir,0,1
vertebrates,105,mus_musculus_akrj,dir,0,1
vertebrates,105,mus_musculus_balbcj,dir,0,1
vertebrates,105,mus_musculus_c3hhej,dir,0,1
vertebrates,105,mus_musculus_c57bl6nj,dir,0,1
vertebrates,105,mus_musculus_casteij,dir,0,1
vertebrates,105,mus_musculus_cbaj,dir,0,1
vertebrates,105,mus_musculus_dba2j,dir,0,1
vertebrates,105,mus_musculus_fvbnj,dir,0,1
vertebrates,105,mus_musculus_lpj,dir,0,1
vertebrates,105,mus_musculus_nodshiltj,dir,0,1
vertebrates,105,mus_musculus_nzohlltj,dir,0,1
vertebrates,105,mus_musculus_pwkphj,dir,0,1
vertebrates,105,mus_musculus_wsbeij,dir,0,1
vertebrates,105,mus_pahari,dir,0,1
vertebrates,105,mus_spicilegus,dir,0,1
vertebrates,105,mus_spretus,dir,0,1
vertebrates,105,mustela_putorius_furo,dir,0,1
vertebrates,105,myotis_lucifugus,dir,0,1
vertebrates,105,myripristis_murdjan,dir,0,1
vertebrates,105,naja_naja,dir,0,1
vertebrates,105,nannospalax_galili,dir,0,1
vertebrates,105,neogobius_melanostomus,dir,0,1
vertebrates,105,neolamprologus_brichardi,dir,0,1
vertebrates,105,neovison_vison,dir,0,1
vertebrates,105,nomascus_leucogenys,dir,0,1
vertebrates,105,notamacropus_eugenii,dir,0,1
vertebrates,105,notechis_scutatus,dir,0,1
vertebrates,105,nothobranchius_furzeri,dir,0,1
vertebrates,105,nothoprocta_perdicaria,dir,0,1
vertebrates,105,numida_meleagris,dir,0,1
vertebrates,105,ochotona_princeps,dir,0,1
vertebrates,105,octodon_degus,dir,0,1
vertebrates,105,oncorhynchus_kisutch,dir,0,1
vertebrates,105,oncorhynchus_mykiss,dir,0,1
vertebrates,105,oncorhynchus_tshawytscha,dir,0,1
vertebrates,105,oreochromis_aureus,dir,0,1
vertebrates,105,oreochromis_niloticus,dir,0,1
vertebrates,105,ornithorhynchus_anatinus,dir,0,1
vertebrates,105,oryctolagus_cuniculus,dir,0,1
vertebrates,105,oryzias_javanicus,dir,0,1
vertebrates,105,oryzias_latipes,dir,0,1
vertebrates,105,oryzias_latipes_hni,dir,0,1
vertebrates,105,oryzias_latipes_hsok,dir,0,1
vertebrates,105,oryzias_melastigma,dir,0,1
vertebrates,105,oryzias_sinensis,dir,0,1
vertebrates,105,otolemur_garnettii,dir,0,1
vertebrates,105,otus_sunia,dir,0,1
vertebrates,105,ovis_aries,dir,0,1
vertebrates,105,ovis_aries_rambouillet,dir,0,1
vertebrates,105,pan_paniscus,dir,0,1
vertebrates,105,pan_troglodytes,dir,0,1
vertebrates,105,panthera_leo,dir,0,1
vertebrates,105,panthera_pardus,dir,0,1
vertebrates,105,panthera_tigris_altaica,dir,0,1
vertebrates,105,papio_anubis,dir,0,1
vertebrates,105,parambassis_ranga,dir,0,1
vertebrates,105,paramormyrops_kingsleyae,dir,0,1
vertebrates,105,parus_major,dir,0,1
vertebrates,105,pavo_cristatus,dir,0,1
vertebrates,105,pelodiscus_sinensis,dir,0,1
vertebrates,105,pelusios_castaneus,dir,0,1
vertebrates,105,periophthalmus_magnuspinnatus,dir,0,1
vertebrates,105,peromyscus_maniculatus_bairdii,dir,0,1
vertebrates,105,petromyzon_marinus,dir,0,1
vertebrates,105,phascolarctos_cinereus,dir,0,1
vertebrates,105,phasianus_colchicus,dir,0,1
vertebrates,105,phocoena_sinus,dir,0,1
vertebrates,105,physeter_catodon,dir,0,1
vertebrates,105,piliocolobus_tephrosceles,dir,0,1
vertebrates,105,podarcis_muralis,dir,0,1
vertebrates,105,poecilia_formosa,dir,0,1
vertebrates,105,poecilia_latipinna,dir,0,1
vertebrates,105,poecilia_mexicana,dir,0,1
vertebrates,105,poecilia_reticulata,dir,0,1
vertebrates,105,pogona_vitticeps,dir,0,1
vertebrates,105,pongo_abelii,dir,0,1
vertebrates,105,procavia_capensis,dir,0,1
vertebrates,105,prolemur_simus,dir,0,1
vertebrates,105,propithecus_coquereli,dir,0,1
vertebrates,105,pseudonaja_textilis,dir,0,1
vertebrates,105,pteropus_vampyrus,dir,0,1
vertebrates,105,pundamilia_nyererei,dir,0,1
vertebrates,105,pygocentrus_nattereri,dir,0,1
vertebrates,105,rattus_norvegicus,dir,0,1
vertebrates,105,rhinolophus_ferrumequinum,dir,0,1
vertebrates,105,rhinopithecus_bieti,dir,0,1
vertebrates,105,rhinopithecus_roxellana,dir,0,1
vertebrates,105,saccharomyces_cerevisiae,dir,0,1
vertebrates,105,saimiri_boliviensis_boliviensis,dir,0,1
vertebrates,105,salarias_fasciatus,dir,0,1
vertebrates,105,salmo_salar,dir,0,1
vertebrates,105,salmo_trutta,dir,0,1
vertebrates,105,salvator_merianae,dir,0,1
vertebrates,105,sander_lucioperca,dir,0,1
vertebrates,105,sarcophilus_harrisii,dir,0,1
vertebrates,105,sciurus_vulgaris,dir,0,1
vertebrates,105,scleropages_formosus,dir,0,1
vertebrates,105,scophthalmus_maximus,dir,0,1
vertebrates,105,serinus_canaria,dir,0,1
vertebrates,105,seriola_dumerili,dir,0,1
vertebrates,105,seriola_lalandi_dorsalis,dir,0,1
vertebrates,105,sinocyclocheilus_anshuiensis,dir,0,1
vertebrates,105,sinocyclocheilus_grahami,dir,0,1
vertebrates,105,sinocyclocheilus_rhinocerous,dir,0,1
vertebrates,105,sorex_araneus,dir,0,1
vertebrates,105,sparus_aurata,dir,0,1
vertebrates,105,spermophilus_dauricus,dir,0,1
vertebrates,105,sphaeramia_orbicularis,dir,0,1
vertebrates,105,sphenodon_punctatus,dir,0,1
vertebrates,105,stachyris_ruficeps,dir,0,1
vertebrates,105,stegastes_partitus,dir,0,1
vertebrates,105,strigops_habroptila,dir,0,1
vertebrates,105,strix_occidentalis_caurina,dir,0,1
vertebrates,105,struthio_camelus_australis,dir,0,1
vertebrates,105,suricata_suricatta,dir,0,1
vertebrates,105,sus_scrofa,dir,0,1
vertebrates,105,sus_scrofa_bamei,dir,0,1
vertebrates,105,sus_scrofa_berkshire,dir,0,1
vertebrates,105,sus_scrofa_hampshire,dir,0,1
vertebrates,105,sus_scrofa_jinhua,dir,0,1
vertebrates,105,sus_scrofa_landrace,dir,0,1
vertebrates,105,sus_scrofa_largewhite,dir,0,1
vertebrates,105,sus_scrofa_meishan,dir,0,1
vertebrates,105,sus_scrofa_pietrain,dir,0,1
vertebrates,105,sus_scrofa_rongchang,dir,0,1
vertebrates,105,sus_scrofa_tibetan,dir,0,1
vertebrates,105,sus_scrofa_usmarc,dir,0,1
vertebrates,105,sus_scrofa_wuzhishan,dir,0,1
vertebrates,105,taeniopygia_guttata,dir,0,1
vertebrates,105,takifugu_rubripes,dir,0,1
vertebrates,105,terrapene_carolina_triunguis,dir,0,1
vertebrates,105,tetraodon_nigroviridis,dir,0,1
vertebrates,105,theropithecus_gelada,dir,0,1
vertebrates,105,tupaia_belangeri,dir,0,1
vertebrates,105,tursiops_truncatus,dir,0,1
vertebrates,105,urocitellus_parryii,dir,0,1
vertebrates,105,ursus_americanus,dir,0,1
vertebrates,105,ursus_maritimus,dir,0,1
vertebrates,105,ursus_thibetanus_thibetanus,dir,0,1
vertebrates,105,varanus_komodoensis,dir,0,1
vertebrates,105,vicugna_pacos,dir,0,1
vertebrates,105,vombatus_ursinus,dir,0,1
vertebrates,105,vulpes_vulpes,dir,0,1
vertebrates,105,xenopus_tropicalis,dir,0,1
vertebrates,105,xiphophorus_couchianus,dir,0,1
vertebrates,105,xiphophorus_maculatus,dir,0,1
vertebrates,105,zalophus_californianus,dir,0,1
vertebrates,105,zonotrichia_albicollis,dir,0,1
vertebrates,105,zosterops_lateralis_melanops,dir,0,1
vertebrates,106,acanthochromis_polyacanthus,dir,0,1
vertebrates,106,accipiter_nisus,dir,0,1
vertebrates,106,ailuropoda_melanoleuca,dir,0,1
vertebrates,106,amazona_collaria,dir,0,1
vertebrates,106,amphilophus_citrinellus,dir,0,1
vertebrates,106,amphiprion_ocellaris,dir,0,1
vertebrates,106,amphiprion_percula,dir,0,1
vertebrates,106,anabas_testudineus,dir,0,1
vertebrates,106,anas_platyrhynchos,dir,0,1
vertebrates,106,anas_platyrhynchos_platyrhynchos,dir,0,1
vertebrates,106,anas_zonorhyncha,dir,0,1
vertebrates,106,anolis_carolinensis,dir,0,1
vertebrates,106,anser_brachyrhynchus,dir,0,1
vertebrates,106,anser_cygnoides,dir,0,1
vertebrates,106,aotus_nancymaae,dir,0,1
vertebrates,106,apteryx_haastii,dir,0,1
vertebrates,106,apteryx_owenii,dir,0,1
vertebrates,106,apteryx_rowi,dir,0,1
vertebrates,106,aquila_chrysaetos_chrysaetos,dir,0,1
vertebrates,106,astatotilapia_calliptera,dir,0,1
vertebrates,106,astyanax_mexicanus,dir,0,1
vertebrates,106,astyanax_mexicanus_pachon,dir,0,1
vertebrates,106,athene_cunicularia,dir,0,1
vertebrates,106,balaenoptera_musculus,dir,0,1
vertebrates,106,betta_splendens,dir,0,1
vertebrates,106,bison_bison_bison,dir,0,1
vertebrates,106,bos_grunniens,dir,0,1
vertebrates,106,bos_indicus_hybrid,dir,0,1
vertebrates,106,bos_mutus,dir,0,1
vertebrates,106,bos_taurus,dir,0,1
vertebrates,106,bos_taurus_hybrid,dir,0,1
vertebrates,106,bubo_bubo,dir,0,1
vertebrates,106,buteo_japonicus,dir,0,1
vertebrates,106,caenorhabditis_elegans,dir,0,1
vertebrates,106,cairina_moschata_domestica,dir,0,1
vertebrates,106,calidris_pugnax,dir,0,1
vertebrates,106,calidris_pygmaea,dir,0,1
vertebrates,106,callithrix_jacchus,dir,0,1
vertebrates,106,callorhinchus_milii,dir,0,1
vertebrates,106,camarhynchus_parvulus,dir,0,1
vertebrates,106,camelus_dromedarius,dir,0,1
vertebrates,106,canis_lupus_dingo,dir,0,1
vertebrates,106,canis_lupus_familiaris,dir,0,1
vertebrates,106,canis_lupus_familiarisbasenji,dir,0,1
vertebrates,106,canis_lupus_familiarisboxer,dir,0,1
vertebrates,106,canis_lupus_familiarisgreatdane,dir,0,1
vertebrates,106,capra_hircus,dir,0,1
vertebrates,106,capra_hircus_blackbengal,dir,0,1
vertebrates,106,carassius_auratus,dir,0,1
vertebrates,106,carlito_syrichta,dir,0,1
vertebrates,106,castor_canadensis,dir,0,1
vertebrates,106,catagonus_wagneri,dir,0,1
vertebrates,106,catharus_ustulatus,dir,0,1
vertebrates,106,cavia_aperea,dir,0,1
vertebrates,106,cavia_porcellus,dir,0,1
vertebrates,106,cebus_capucinus,dir,0,1
vertebrates,106,cercocebus_atys,dir,0,1
vertebrates,106,cervus_hanglu_yarkandensis,dir,0,1
vertebrates,106,chelonoidis_abingdonii,dir,0,1
vertebrates,106,chelydra_serpentina,dir,0,1
vertebrates,106,chinchilla_lanigera,dir,0,1
vertebrates,106,chlorocebus_sabaeus,dir,0,1
vertebrates,106,choloepus_hoffmanni,dir,0,1
vertebrates,106,chrysemys_picta_bellii,dir,0,1
vertebrates,106,chrysolophus_pictus,dir,0,1
vertebrates,106,ciona_intestinalis,dir,0,1
vertebrates,106,ciona_savignyi,dir,0,1
vertebrates,106,clupea_harengus,dir,0,1
vertebrates,106,colobus_angolensis_palliatus,dir,0,1
vertebrates,106,corvus_moneduloides,dir,0,1
vertebrates,106,cottoperca_gobio,dir,0,1
vertebrates,106,coturnix_japonica,dir,0,1
vertebrates,106,cricetulus_griseus_chok1gshd,dir,0,1
vertebrates,106,cricetulus_griseus_crigri,dir,0,1
vertebrates,106,cricetulus_griseus_picr,dir,0,1
vertebrates,106,crocodylus_porosus,dir,0,1
vertebrates,106,cyanistes_caeruleus,dir,0,1
vertebrates,106,cyclopterus_lumpus,dir,0,1
vertebrates,106,cynoglossus_semilaevis,dir,0,1
vertebrates,106,cyprinodon_variegatus,dir,0,1
vertebrates,106,cyprinus_carpio_carpio,dir,0,1
vertebrates,106,cyprinus_carpio_germanmirror,dir,0,1
vertebrates,106,cyprinus_carpio_hebaored,dir,0,1
vertebrates,106,cyprinus_carpio_huanghe,dir,0,1
vertebrates,106,danio_rerio,dir,0,1
vertebrates,106,dasypus_novemcinctus,dir,0,1
vertebrates,106,delphinapterus_leucas,dir,0,1
vertebrates,106,denticeps_clupeoides,dir,0,1
vertebrates,106,dicentrarchus_labrax,dir,0,1
vertebrates,106,dipodomys_ordii,dir,0,1
vertebrates,106,dromaius_novaehollandiae,dir,0,1
vertebrates,106,drosophila_melanogaster,dir,0,1
vertebrates,106,echeneis_naucrates,dir,0,1
vertebrates,106,echinops_telfairi,dir,0,1
vertebrates,106,electrophorus_electricus,dir,0,1
vertebrates,106,eptatretus_burgeri,dir,0,1
vertebrates,106,equus_asinus_asinus,dir,0,1
vertebrates,106,equus_caballus,dir,0,1
vertebrates,106,erinaceus_europaeus,dir,0,1
vertebrates,106,erpetoichthys_calabaricus,dir,0,1
vertebrates,106,erythrura_gouldiae,dir,0,1
vertebrates,106,esox_lucius,dir,0,1
vertebrates,106,falco_tinnunculus,dir,0,1
vertebrates,106,felis_catus,dir,0,1
vertebrates,106,ficedula_albicollis,dir,0,1
vertebrates,106,fukomys_damarensis,dir,0,1
vertebrates,106,fundulus_heteroclitus,dir,0,1
vertebrates,106,gadus_morhua,dir,0,1
vertebrates,106,gallus_gallus,dir,0,1
vertebrates,106,gambusia_affinis,dir,0,1
vertebrates,106,gasterosteus_aculeatus,dir,0,1
vertebrates,106,geospiza_fortis,dir,0,1
vertebrates,106,gopherus_agassizii,dir,0,1
vertebrates,106,gopherus_evgoodei,dir,0,1
vertebrates,106,gorilla_gorilla,dir,0,1
vertebrates,106,gouania_willdenowi,dir,0,1
vertebrates,106,haplochromis_burtoni,dir,0,1
vertebrates,106,heterocephalus_glaber_female,dir,0,1
vertebrates,106,heterocephalus_glaber_male,dir,0,1
vertebrates,106,hippocampus_comes,dir,0,1
vertebrates,106,homo_sapiens,dir,0,1
vertebrates,106,hucho_hucho,dir,0,1
vertebrates,106,ictalurus_punctatus,dir,0,1
vertebrates,106,ictidomys_tridecemlineatus,dir,0,1
vertebrates,106,jaculus_jaculus,dir,0,1
vertebrates,106,junco_hyemalis,dir,0,1
vertebrates,106,kryptolebias_marmoratus,dir,0,1
vertebrates,106,labrus_bergylta,dir,0,1
vertebrates,106,larimichthys_crocea,dir,0,1
vertebrates,106,lates_calcarifer,dir,0,1
vertebrates,106,laticauda_laticaudata,dir,0,1
vertebrates,106,latimeria_chalumnae,dir,0,1
vertebrates,106,lepidothrix_coronata,dir,0,1
vertebrates,106,lepisosteus_oculatus,dir,0,1
vertebrates,106,leptobrachium_leishanense,dir,0,1
vertebrates,106,lonchura_striata_domestica,dir,0,1
vertebrates,106,loxodonta_africana,dir,0,1
vertebrates,106,lynx_canadensis,dir,0,1
vertebrates,106,macaca_fascicularis,dir,0,1
vertebrates,106,macaca_mulatta,dir,0,1
vertebrates,106,macaca_nemestrina,dir,0,1
vertebrates,106,malurus_cyaneus_samueli,dir,0,1
vertebrates,106,manacus_vitellinus,dir,0,1
vertebrates,106,mandrillus_leucophaeus,dir,0,1
vertebrates,106,marmota_marmota_marmota,dir,0,1
vertebrates,106,mastacembelus_armatus,dir,0,1
vertebrates,106,maylandia_zebra,dir,0,1
vertebrates,106,meleagris_gallopavo,dir,0,1
vertebrates,106,melopsittacus_undulatus,dir,0,1
vertebrates,106,meriones_unguiculatus,dir,0,1
vertebrates,106,mesocricetus_auratus,dir,0,1
vertebrates,106,microcebus_murinus,dir,0,1
vertebrates,106,microtus_ochrogaster,dir,0,1
vertebrates,106,mola_mola,dir,0,1
vertebrates,106,monodelphis_domestica,dir,0,1
vertebrates,106,monodon_monoceros,dir,0,1
vertebrates,106,monopterus_albus,dir,0,1
vertebrates,106,moschus_moschiferus,dir,0,1
vertebrates,106,mus_caroli,dir,0,1
vertebrates,106,mus_musculus,dir,0,1
vertebrates,106,mus_musculus_129s1svimj,dir,0,1
vertebrates,106,mus_musculus_aj,dir,0,1
vertebrates,106,mus_musculus_akrj,dir,0,1
vertebrates,106,mus_musculus_balbcj,dir,0,1
vertebrates,106,mus_musculus_c3hhej,dir,0,1
vertebrates,106,mus_musculus_c57bl6nj,dir,0,1
vertebrates,106,mus_musculus_casteij,dir,0,1
vertebrates,106,mus_musculus_cbaj,dir,0,1
vertebrates,106,mus_musculus_dba2j,dir,0,1
vertebrates,106,mus_musculus_fvbnj,dir,0,1
vertebrates,106,mus_musculus_lpj,dir,0,1
vertebrates,106,mus_musculus_nodshiltj,dir,0,1
vertebrates,106,mus_musculus_nzohlltj,dir,0,1
vertebrates,106,mus_musculus_pwkphj,dir,0,1
vertebrates,106,mus_musculus_wsbeij,dir,0,1
vertebrates,106,mus_pahari,dir,0,1
vertebrates,106,mus_spicilegus,dir,0,1
vertebrates,106,mus_spretus,dir,0,1
vertebrates,106,mustela_putorius_furo,dir,0,1
vertebrates,106,myotis_lucifugus,dir,0,1
vertebrates,106,myripristis_murdjan,dir,0,1
vertebrates,106,naja_naja,dir,0,1
vertebrates,106,nannospalax_galili,dir,0,1
vertebrates,106,neogobius_melanostomus,dir,0,1
vertebrates,106,neolamprologus_brichardi,dir,0,1
vertebrates,106,neovison_vison,dir,0,1
vertebrates,106,nomascus_leucogenys,dir,0,1
vertebrates,106,notamacropus_eugenii,dir,0,1
vertebrates,106,notechis_scutatus,dir,0,1
vertebrates,106,nothobranchius_furzeri,dir,0,1
vertebrates,106,nothoprocta_perdicaria,dir,0,1
vertebrates,106,numida_meleagris,dir,0,1
vertebrates,106,ochotona_princeps,dir,0,1
vertebrates,106,octodon_degus,dir,0,1
vertebrates,106,oncorhynchus_kisutch,dir,0,1
vertebrates,106,oncorhynchus_mykiss,dir,0,1
vertebrates,106,oncorhynchus_tshawytscha,dir,0,1
vertebrates,106,oreochromis_aureus,dir,0,1
vertebrates,106,oreochromis_niloticus,dir,0,1
vertebrates,106,ornithorhynchus_anatinus,dir,0,1
vertebrates,106,oryctolagus_cuniculus,dir,0,1
vertebrates,106,oryzias_javanicus,dir,0,1
vertebrates,106,oryzias_latipes,dir,0,1
vertebrates,106,oryzias_latipes_hni,dir,0,1
vertebrates,106,oryzias_latipes_hsok,dir,0,1
vertebrates,106,oryzias_melastigma,dir,0,1
vertebrates,106,oryzias_sinensis,dir,0,1
vertebrates,106,otolemur_garnettii,dir,0,1
vertebrates,106,otus_sunia,dir,0,1
vertebrates,106,ovis_aries,dir,0,1
vertebrates,106,ovis_aries_rambouillet,dir,0,1
vertebrates,106,pan_paniscus,dir,0,1
vertebrates,106,pan_troglodytes,dir,0,1
vertebrates,106,panthera_leo,dir,0,1
vertebrates,106,panthera_pardus,dir,0,1
vertebrates,106,panthera_tigris_altaica,dir,0,1
vertebrates,106,papio_anubis,dir,0,1
vertebrates,106,parambassis_ranga,dir,0,1
vertebrates,106,paramormyrops_kingsleyae,dir,0,1
vertebrates,106,parus_major,dir,0,1
vertebrates,106,pavo_cristatus,dir,0,1
vertebrates,106,pelodiscus_sinensis,dir,0,1
vertebrates,106,pelusios_castaneus,dir,0,1
vertebrates,106,periophthalmus_magnuspinnatus,dir,0,1
vertebrates,106,peromyscus_maniculatus_bairdii,dir,0,1
vertebrates,106,petromyzon_marinus,dir,0,1
vertebrates,106,phascolarctos_cinereus,dir,0,1
vertebrates,106,phasianus_colchicus,dir,0,1
vertebrates,106,phocoena_sinus,dir,0,1
vertebrates,106,physeter_catodon,dir,0,1
vertebrates,106,piliocolobus_tephrosceles,dir,0,1
vertebrates,106,podarcis_muralis,dir,0,1
vertebrates,106,poecilia_formosa,dir,0,1
vertebrates,106,poecilia_latipinna,dir,0,1
vertebrates,106,poecilia_mexicana,dir,0,1
vertebrates,106,poecilia_reticulata,dir,0,1
vertebrates,106,pogona_vitticeps,dir,0,1
vertebrates,106,pongo_abelii,dir,0,1
vertebrates,106,procavia_capensis,dir,0,1
vertebrates,106,prolemur_simus,dir,0,1
vertebrates,106,propithecus_coquereli,dir,0,1
vertebrates,106,pseudonaja_textilis,dir,0,1
vertebrates,106,pteropus_vampyrus,dir,0,1
vertebrates,106,pundamilia_nyererei,dir,0,1
vertebrates,106,pygocentrus_nattereri,dir,0,1
vertebrates,106,rattus_norvegicus,dir,0,1
vertebrates,106,rhinolophus_ferrumequinum,dir,0,1
vertebrates,106,rhinopithecus_bieti,dir,0,1
vertebrates,106,rhinopithecus_roxellana,dir,0,1
vertebrates,106,saccharomyces_cerevisiae,dir,0,1
vertebrates,106,saimiri_boliviensis_boliviensis,dir,0,1
vertebrates,106,salarias_fasciatus,dir,0,1
vertebrates,106,salmo_salar,dir,0,1
vertebrates,106,salmo_trutta,dir,0,1
vertebrates,106,salvator_merianae,dir,0,1
vertebrates,106,sander_lucioperca,dir,0,1
vertebrates,106,sarcophilus_harrisii,dir,0,1
vertebrates,106,sciurus_vulgaris,dir,0,1
vertebrates,106,scleropages_formosus,dir,0,1
vertebrates,106,scophthalmus_maximus,dir,0,1
vertebrates,106,serinus_canaria,dir,0,1
vertebrates,106,seriola_dumerili,dir,0,1
vertebrates,106,seriola_lalandi_dorsalis,dir,0,1
vertebrates,106,sinocyclocheilus_anshuiensis,dir,0,1
vertebrates,106,sinocyclocheilus_grahami,dir,0,1
vertebrates,106,sinocyclocheilus_rhinocerous,dir,0,1
vertebrates,106,sorex_araneus,dir,0,1
vertebrates,106,sparus_aurata,dir,0,1
vertebrates,106,spermophilus_dauricus,dir,0,1
vertebrates,106,sphaeramia_orbicularis,dir,0,1
vertebrates,106,sphenodon_punctatus,dir,0,1
vertebrates,106,stachyris_ruficeps,dir,0,1
vertebrates,106,stegastes_partitus,dir,0,1
vertebrates,106,strigops_habroptila,dir,0,1
vertebrates,106,strix_occidentalis_caurina,dir,0,1
vertebrates,106,struthio_camelus_australis,dir,0,1
vertebrates,106,suricata_suricatta,dir,0,1
vertebrates,106,sus_scrofa,dir,0,1
vertebrates,106,sus_scrofa_bamei,dir,0,1
vertebrates,106,sus_scrofa_berkshire,dir,0,1
vertebrates,106,sus_scrofa_hampshire,dir,0,1
vertebrates,106,sus_scrofa_jinhua,dir,0,1
vertebrates,106,sus_scrofa_landrace,dir,0,1
vertebrates,106,sus_scrofa_largewhite,dir,0,1
vertebrates,106,sus_scrofa_meishan,dir,0,1
vertebrates,106,sus_scrofa_pietrain,dir,0,1
vertebrates,106,sus_scrofa_rongchang,dir,0,1
vertebrates,106,sus_scrofa_tibetan,dir,0,1
vertebrates,106,sus_scrofa_usmarc,dir,0,1
vertebrates,106,sus_scrofa_wuzhishan,dir,0,1
vertebrates,106,taeniopygia_guttata,dir,0,1
vertebrates,106,takifugu_rubripes,dir,0,1
vertebrates,106,terrapene_carolina_triunguis,dir,0,1
vertebrates,106,tetraodon_nigroviridis,dir,0,1
vertebrates,106,theropithecus_gelada,dir,0,1
vertebrates,106,tupaia_belangeri,dir,0,1
vertebrates,106,tursiops_truncatus,dir,0,1
vertebrates,106,urocitellus_parryii,dir,0,1
vertebrates,106,ursus_americanus,dir,0,1
vertebrates,106,ursus_maritimus,dir,0,1
vertebrates,106,ursus_thibetanus_thibetanus,dir,0,1
vertebrates,106,varanus_komodoensis,dir,0,1
vertebrates,106,vicugna_pacos,dir,0,1
vertebrates,106,vombatus_ursinus,dir,0,1
vertebrates,106,vulpes_vulpes,dir,0,1
vertebrates,106,xenopus_tropicalis,dir,0,1
vertebrates,106,xiphophorus_couchianus,dir,0,1
vertebrates,106,xiphophorus_maculatus,dir,0,1
vertebrates,106,zalophus_californianus,dir,0,1
vertebrates,106,zonotrichia_albicollis,dir,0,1
vertebrates,106,zosterops_lateralis_melanops,dir,0,1
vertebrates,107,acanthochromis_polyacanthus,dir,0,1
vertebrates,107,accipiter_nisus,dir,0,1
vertebrates,107,ailuropoda_melanoleuca,dir,0,1
vertebrates,107,amazona_collaria,dir,0,1
vertebrates,107,amphilophus_citrinellus,dir,0,1
vertebrates,107,amphiprion_ocellaris,dir,0,1
vertebrates,107,amphiprion_percula,dir,0,1
vertebrates,107,anabas_testudineus,dir,0,1
vertebrates,107,anas_platyrhynchos,dir,0,1
vertebrates,107,anas_platyrhynchos_platyrhynchos,dir,0,1
vertebrates,107,anas_zonorhyncha,dir,0,1
vertebrates,107,anolis_carolinensis,dir,0,1
vertebrates,107,anser_brachyrhynchus,dir,0,1
vertebrates,107,anser_cygnoides,dir,0,1
vertebrates,107,aotus_nancymaae,dir,0,1
vertebrates,107,apteryx_haastii,dir,0,1
vertebrates,107,apteryx_owenii,dir,0,1
vertebrates,107,apteryx_rowi,dir,0,1
vertebrates,107,aquila_chrysaetos_chrysaetos,dir,0,1
vertebrates,107,astatotilapia_calliptera,dir,0,1
vertebrates,107,astyanax_mexicanus,dir,0,1
vertebrates,107,astyanax_mexicanus_pachon,dir,0,1
vertebrates,107,athene_cunicularia,dir,0,1
vertebrates,107,balaenoptera_musculus,dir,0,1
vertebrates,107,betta_splendens,dir,0,1
vertebrates,107,bison_bison_bison,dir,0,1
vertebrates,107,bos_grunniens,dir,0,1
vertebrates,107,bos_indicus_hybrid,dir,0,1
vertebrates,107,bos_mutus,dir,0,1
vertebrates,107,bos_taurus,dir,0,1
vertebrates,107,bos_taurus_hybrid,dir,0,1
vertebrates,107,bubo_bubo,dir,0,1
vertebrates,107,buteo_japonicus,dir,0,1
vertebrates,107,caenorhabditis_elegans,dir,0,1
vertebrates,107,cairina_moschata_domestica,dir,0,1
vertebrates,107,calidris_pugnax,dir,0,1
vertebrates,107,calidris_pygmaea,dir,0,1
vertebrates,107,callithrix_jacchus,dir,0,1
vertebrates,107,callorhinchus_milii,dir,0,1
vertebrates,107,camarhynchus_parvulus,dir,0,1
vertebrates,107,camelus_dromedarius,dir,0,1
vertebrates,107,canis_lupus_dingo,dir,0,1
vertebrates,107,canis_lupus_familiaris,dir,0,1
vertebrates,107,canis_lupus_familiarisbasenji,dir,0,1
vertebrates,107,canis_lupus_familiarisboxer,dir,0,1
vertebrates,107,canis_lupus_familiarisgreatdane,dir,0,1
vertebrates,107,canis_lupus_familiarisgsd,dir,0,1
vertebrates,107,capra_hircus,dir,0,1
vertebrates,107,capra_hircus_blackbengal,dir,0,1
vertebrates,107,carassius_auratus,dir,0,1
vertebrates,107,carlito_syrichta,dir,0,1
vertebrates,107,castor_canadensis,dir,0,1
vertebrates,107,catagonus_wagneri,dir,0,1
vertebrates,107,catharus_ustulatus,dir,0,1
vertebrates,107,cavia_aperea,dir,0,1
vertebrates,107,cavia_porcellus,dir,0,1
vertebrates,107,cebus_capucinus,dir,0,1
vertebrates,107,cercocebus_atys,dir,0,1
vertebrates,107,cervus_hanglu_yarkandensis,dir,0,1
vertebrates,107,chelonoidis_abingdonii,dir,0,1
vertebrates,107,chelydra_serpentina,dir,0,1
vertebrates,107,chinchilla_lanigera,dir,0,1
vertebrates,107,chlorocebus_sabaeus,dir,0,1
vertebrates,107,choloepus_hoffmanni,dir,0,1
vertebrates,107,chrysemys_picta_bellii,dir,0,1
vertebrates,107,chrysolophus_pictus,dir,0,1
vertebrates,107,ciona_intestinalis,dir,0,1
vertebrates,107,ciona_savignyi,dir,0,1
vertebrates,107,clupea_harengus,dir,0,1
vertebrates,107,colobus_angolensis_palliatus,dir,0,1
vertebrates,107,corvus_moneduloides,dir,0,1
vertebrates,107,cottoperca_gobio,dir,0,1
vertebrates,107,coturnix_japonica,dir,0,1
vertebrates,107,cricetulus_griseus_chok1gshd,dir,0,1
vertebrates,107,cricetulus_griseus_crigri,dir,0,1
vertebrates,107,cricetulus_griseus_picr,dir,0,1
vertebrates,107,crocodylus_porosus,dir,0,1
vertebrates,107,cyanistes_caeruleus,dir,0,1
vertebrates,107,cyclopterus_lumpus,dir,0,1
vertebrates,107,cynoglossus_semilaevis,dir,0,1
vertebrates,107,cyprinodon_variegatus,dir,0,1
vertebrates,107,cyprinus_carpio,dir,0,1
vertebrates,107,cyprinus_carpio_carpio,dir,0,1
vertebrates,107,cyprinus_carpio_germanmirror,dir,0,1
vertebrates,107,cyprinus_carpio_hebaored,dir,0,1
vertebrates,107,cyprinus_carpio_huanghe,dir,0,1
vertebrates,107,danio_rerio,dir,0,1
vertebrates,107,dasypus_novemcinctus,dir,0,1
vertebrates,107,delphinapterus_leucas,dir,0,1
vertebrates,107,denticeps_clupeoides,dir,0,1
vertebrates,107,dicentrarchus_labrax,dir,0,1
vertebrates,107,dipodomys_ordii,dir,0,1
vertebrates,107,dromaius_novaehollandiae,dir,0,1
vertebrates,107,drosophila_melanogaster,dir,0,1
vertebrates,107,echeneis_naucrates,dir,0,1
vertebrates,107,echinops_telfairi,dir,0,1
vertebrates,107,electrophorus_electricus,dir,0,1
vertebrates,107,eptatretus_burgeri,dir,0,1
vertebrates,107,equus_asinus_asinus,dir,0,1
vertebrates,107,equus_caballus,dir,0,1
vertebrates,107,erinaceus_europaeus,dir,0,1
vertebrates,107,erpetoichthys_calabaricus,dir,0,1
vertebrates,107,erythrura_gouldiae,dir,0,1
vertebrates,107,esox_lucius,dir,0,1
vertebrates,107,falco_tinnunculus,dir,0,1
vertebrates,107,felis_catus,dir,0,1
vertebrates,107,ficedula_albicollis,dir,0,1
vertebrates,107,fukomys_damarensis,dir,0,1
vertebrates,107,fundulus_heteroclitus,dir,0,1
vertebrates,107,gadus_morhua,dir,0,1
vertebrates,107,gallus_gallus,dir,0,1
vertebrates,107,gallus_gallus_gca000002315v5,dir,0,1
vertebrates,107,gallus_gallus_gca016699485v1,dir,0,1
vertebrates,107,gallus_gallus_gca016700215v2,dir,0,1
vertebrates,107,gambusia_affinis,dir,0,1
vertebrates,107,gasterosteus_aculeatus,dir,0,1
vertebrates,107,geospiza_fortis,dir,0,1
vertebrates,107,gopherus_agassizii,dir,0,1
vertebrates,107,gopherus_evgoodei,dir,0,1
vertebrates,107,gorilla_gorilla,dir,0,1
vertebrates,107,gouania_willdenowi,dir,0,1
vertebrates,107,haplochromis_burtoni,dir,0,1
vertebrates,107,heterocephalus_glaber_female,dir,0,1
vertebrates,107,heterocephalus_glaber_male,dir,0,1
vertebrates,107,hippocampus_comes,dir,0,1
vertebrates,107,homo_sapiens,dir,0,1
vertebrates,107,hucho_hucho,dir,0,1
vertebrates,107,ictalurus_punctatus,dir,0,1
vertebrates,107,ictidomys_tridecemlineatus,dir,0,1
vertebrates,107,jaculus_jaculus,dir,0,1
vertebrates,107,junco_hyemalis,dir,0,1
vertebrates,107,kryptolebias_marmoratus,dir,0,1
vertebrates,107,labrus_bergylta,dir,0,1
vertebrates,107,larimichthys_crocea,dir,0,1
vertebrates,107,lates_calcarifer,dir,0,1
vertebrates,107,laticauda_laticaudata,dir,0,1
vertebrates,107,latimeria_chalumnae,dir,0,1
vertebrates,107,lepidothrix_coronata,dir,0,1
vertebrates,107,lepisosteus_oculatus,dir,0,1
vertebrates,107,leptobrachium_leishanense,dir,0,1
vertebrates,107,lonchura_striata_domestica,dir,0,1
vertebrates,107,loxodonta_africana,dir,0,1
vertebrates,107,lynx_canadensis,dir,0,1
vertebrates,107,macaca_fascicularis,dir,0,1
vertebrates,107,macaca_mulatta,dir,0,1
vertebrates,107,macaca_nemestrina,dir,0,1
vertebrates,107,malurus_cyaneus_samueli,dir,0,1
vertebrates,107,manacus_vitellinus,dir,0,1
vertebrates,107,mandrillus_leucophaeus,dir,0,1
vertebrates,107,marmota_marmota_marmota,dir,0,1
vertebrates,107,mastacembelus_armatus,dir,0,1
vertebrates,107,maylandia_zebra,dir,0,1
vertebrates,107,meleagris_gallopavo,dir,0,1
vertebrates,107,melopsittacus_undulatus,dir,0,1
vertebrates,107,meriones_unguiculatus,dir,0,1
vertebrates,107,mesocricetus_auratus,dir,0,1
vertebrates,107,microcebus_murinus,dir,0,1
vertebrates,107,microtus_ochrogaster,dir,0,1
vertebrates,107,mola_mola,dir,0,1
vertebrates,107,monodelphis_domestica,dir,0,1
vertebrates,107,monodon_monoceros,dir,0,1
vertebrates,107,monopterus_albus,dir,0,1
vertebrates,107,moschus_moschiferus,dir,0,1
vertebrates,107,mus_caroli,dir,0,1
vertebrates,107,mus_musculus,dir,0,1
vertebrates,107,mus_musculus_129s1svimj,dir,0,1
vertebrates,107,mus_musculus_aj,dir,0,1
vertebrates,107,mus_musculus_akrj,dir,0,1
vertebrates,107,mus_musculus_balbcj,dir,0,1
vertebrates,107,mus_musculus_c3hhej,dir,0,1
vertebrates,107,mus_musculus_c57bl6nj,dir,0,1
vertebrates,107,mus_musculus_casteij,dir,0,1
vertebrates,107,mus_musculus_cbaj,dir,0,1
vertebrates,107,mus_musculus_dba2j,dir,0,1
vertebrates,107,mus_musculus_fvbnj,dir,0,1
vertebrates,107,mus_musculus_lpj,dir,0,1
vertebrates,107,mus_musculus_nodshiltj,dir,0,1
vertebrates,107,mus_musculus_nzohlltj,dir,0,1
vertebrates,107,mus_musculus_pwkphj,dir,0,1
vertebrates,107,mus_musculus_wsbeij,dir,0,1
vertebrates,107,mus_pahari,dir,0,1
vertebrates,107,mus_spicilegus,dir,0,1
vertebrates,107,mus_spretus,dir,0,1
vertebrates,107,mustela_putorius_furo,dir,0,1
vertebrates,107,myotis_lucifugus,dir,0,1
vertebrates,107,myripristis_murdjan,dir,0,1
vertebrates,107,naja_naja,dir,0,1
vertebrates,107,nannospalax_galili,dir,0,1
vertebrates,107,neogobius_melanostomus,dir,0,1
vertebrates,107,neolamprologus_brichardi,dir,0,1
vertebrates,107,neovison_vison,dir,0,1
vertebrates,107,nomascus_leucogenys,dir,0,1
vertebrates,107,notamacropus_eugenii,dir,0,1
vertebrates,107,notechis_scutatus,dir,0,1
vertebrates,107,nothobranchius_furzeri,dir,0,1
vertebrates,107,nothoprocta_perdicaria,dir,0,1
vertebrates,107,numida_meleagris,dir,0,1
vertebrates,107,ochotona_princeps,dir,0,1
vertebrates,107,octodon_degus,dir,0,1
vertebrates,107,oncorhynchus_kisutch,dir,0,1
vertebrates,107,oncorhynchus_mykiss,dir,0,1
vertebrates,107,oncorhynchus_tshawytscha,dir,0,1
vertebrates,107,oreochromis_aureus,dir,0,1
vertebrates,107,oreochromis_niloticus,dir,0,1
vertebrates,107,ornithorhynchus_anatinus,dir,0,1
vertebrates,107,oryctolagus_cuniculus,dir,0,1
vertebrates,107,oryzias_javanicus,dir,0,1
vertebrates,107,oryzias_latipes,dir,0,1
vertebrates,107,oryzias_latipes_hni,dir,0,1
vertebrates,107,oryzias_latipes_hsok,dir,0,1
vertebrates,107,oryzias_melastigma,dir,0,1
vertebrates,107,oryzias_sinensis,dir,0,1
vertebrates,107,otolemur_garnettii,dir,0,1
vertebrates,107,otus_sunia,dir,0,1
vertebrates,107,ovis_aries,dir,0,1
vertebrates,107,ovis_aries_rambouillet,dir,0,1
vertebrates,107,pan_paniscus,dir,0,1
vertebrates,107,pan_troglodytes,dir,0,1
vertebrates,107,panthera_leo,dir,0,1
vertebrates,107,panthera_pardus,dir,0,1
vertebrates,107,panthera_tigris_altaica,dir,0,1
vertebrates,107,papio_anubis,dir,0,1
vertebrates,107,parambassis_ranga,dir,0,1
vertebrates,107,paramormyrops_kingsleyae,dir,0,1
vertebrates,107,parus_major,dir,0,1
vertebrates,107,pavo_cristatus,dir,0,1
vertebrates,107,pelodiscus_sinensis,dir,0,1
vertebrates,107,pelusios_castaneus,dir,0,1
vertebrates,107,periophthalmus_magnuspinnatus,dir,0,1
vertebrates,107,peromyscus_maniculatus_bairdii,dir,0,1
vertebrates,107,petromyzon_marinus,dir,0,1
vertebrates,107,phascolarctos_cinereus,dir,0,1
vertebrates,107,phasianus_colchicus,dir,0,1
vertebrates,107,phocoena_sinus,dir,0,1
vertebrates,107,physeter_catodon,dir,0,1
vertebrates,107,piliocolobus_tephrosceles,dir,0,1
vertebrates,107,podarcis_muralis,dir,0,1
vertebrates,107,poecilia_formosa,dir,0,1
vertebrates,107,poecilia_latipinna,dir,0,1
vertebrates,107,poecilia_mexicana,dir,0,1
vertebrates,107,poecilia_reticulata,dir,0,1
vertebrates,107,pogona_vitticeps,dir,0,1
vertebrates,107,pongo_abelii,dir,0,1
vertebrates,107,procavia_capensis,dir,0,1
vertebrates,107,prolemur_simus,dir,0,1
vertebrates,107,propithecus_coquereli,dir,0,1
vertebrates,107,pseudonaja_textilis,dir,0,1
vertebrates,107,pteropus_vampyrus,dir,0,1
vertebrates,107,pundamilia_nyererei,dir,0,1
vertebrates,107,pygocentrus_nattereri,dir,0,1
vertebrates,107,rattus_norvegicus,dir,0,1
vertebrates,107,rhinolophus_ferrumequinum,dir,0,1
vertebrates,107,rhinopithecus_bieti,dir,0,1
vertebrates,107,rhinopithecus_roxellana,dir,0,1
vertebrates,107,saccharomyces_cerevisiae,dir,0,1
vertebrates,107,saimiri_boliviensis_boliviensis,dir,0,1
vertebrates,107,salarias_fasciatus,dir,0,1
vertebrates,107,salmo_salar,dir,0,1
vertebrates,107,salmo_trutta,dir,0,1
vertebrates,107,salvator_merianae,dir,0,1
vertebrates,107,sander_lucioperca,dir,0,1
vertebrates,107,sarcophilus_harrisii,dir,0,1
vertebrates,107,sciurus_vulgaris,dir,0,1
vertebrates,107,scleropages_formosus,dir,0,1
vertebrates,107,scophthalmus_maximus,dir,0,1
vertebrates,107,serinus_canaria,dir,0,1
vertebrates,107,seriola_dumerili,dir,0,1
vertebrates,107,seriola_lalandi_dorsalis,dir,0,1
vertebrates,107,sinocyclocheilus_anshuiensis,dir,0,1
vertebrates,107,sinocyclocheilus_grahami,dir,0,1
vertebrates,107,sinocyclocheilus_rhinocerous,dir,0,1
vertebrates,107,sorex_araneus,dir,0,1
vertebrates,107,sparus_aurata,dir,0,1
vertebrates,107,spermophilus_dauricus,dir,0,1
vertebrates,107,sphaeramia_orbicularis,dir,0,1
vertebrates,107,sphenodon_punctatus,dir,0,1
vertebrates,107,stachyris_ruficeps,dir,0,1
vertebrates,107,stegastes_partitus,dir,0,1
vertebrates,107,strigops_habroptila,dir,0,1
vertebrates,107,strix_occidentalis_caurina,dir,0,1
vertebrates,107,struthio_camelus_australis,dir,0,1
vertebrates,107,suricata_suricatta,dir,0,1
vertebrates,107,sus_scrofa,dir,0,1
vertebrates,107,sus_scrofa_bamei,dir,0,1
vertebrates,107,sus_scrofa_berkshire,dir,0,1
vertebrates,107,sus_scrofa_gca000003025v6,dir,0,1
vertebrates,107,sus_scrofa_hampshire,dir,0,1
vertebrates,107,sus_scrofa_jinhua,dir,0,1
vertebrates,107,sus_scrofa_landrace,dir,0,1
vertebrates,107,sus_scrofa_largewhite,dir,0,1
vertebrates,107,sus_scrofa_meishan,dir,0,1
vertebrates,107,sus_scrofa_pietrain,dir,0,1
vertebrates,107,sus_scrofa_rongchang,dir,0,1
vertebrates,107,sus_scrofa_tibetan,dir,0,1
vertebrates,107,sus_scrofa_usmarc,dir,0,1
vertebrates,107,sus_scrofa_wuzhishan,dir,0,1
vertebrates,107,taeniopygia_guttata,dir,0,1
vertebrates,107,takifugu_rubripes,dir,0,1
vertebrates,107,terrapene_carolina_triunguis,dir,0,1
vertebrates,107,tetraodon_nigroviridis,dir,0,1
vertebrates,107,theropithecus_gelada,dir,0,1
vertebrates,107,tupaia_belangeri,dir,0,1
vertebrates,107,tursiops_truncatus,dir,0,1
vertebrates,107,urocitellus_parryii,dir,0,1
vertebrates,107,ursus_americanus,dir,0,1
vertebrates,107,ursus_maritimus,dir,0,1
vertebrates,107,ursus_thibetanus_thibetanus,dir,0,1
vertebrates,107,varanus_komodoensis,dir,0,1
vertebrates,107,vicugna_pacos,dir,0,1
vertebrates,107,vombatus_ursinus,dir,0,1
vertebrates,107,vulpes_vulpes,dir,0,1
vertebrates,107,xenopus_tropicalis,dir,0,1
vertebrates,107,xiphophorus_couchianus,dir,0,1
vertebrates,107,xiphophorus_maculatus,dir,0,1
vertebrates,107,zalophus_californianus,dir,0,1
vertebrates,107,zonotrichia_albicollis,dir,0,1
vertebrates,107,zosterops_lateralis_melanops,dir,0,1
vertebrates,108,acanthochromis_polyacanthus,dir,0,1
vertebrates,108,accipiter_nisus,dir,0,1
vertebrates,108,ailuropoda_melanoleuca,dir,0,1
vertebrates,108,amazona_collaria,dir,0,1
vertebrates,108,amphilophus_citrinellus,dir,0,1
vertebrates,108,amphiprion_ocellaris,dir,0,1
vertebrates,108,amphiprion_percula,dir,0,1
vertebrates,108,anabas_testudineus,dir,0,1
vertebrates,108,anas_platyrhynchos,dir,0,1
vertebrates,108,anas_platyrhynchos_platyrhynchos,dir,0,1
vertebrates,108,anas_zonorhyncha,dir,0,1
vertebrates,108,anolis_carolinensis,dir,0,1
vertebrates,108,anser_brachyrhynchus,dir,0,1
vertebrates,108,anser_cygnoides,dir,0,1
vertebrates,108,aotus_nancymaae,dir,0,1
vertebrates,108,apteryx_haastii,dir,0,1
vertebrates,108,apteryx_owenii,dir,0,1
vertebrates,108,apteryx_rowi,dir,0,1
vertebrates,108,aquila_chrysaetos_chrysaetos,dir,0,1
vertebrates,108,astatotilapia_calliptera,dir,0,1
vertebrates,108,astyanax_mexicanus,dir,0,1
vertebrates,108,astyanax_mexicanus_pachon,dir,0,1
vertebrates,108,athene_cunicularia,dir,0,1
vertebrates,108,balaenoptera_musculus,dir,0,1
vertebrates,108,betta_splendens,dir,0,1
vertebrates,108,bison_bison_bison,dir,0,1
vertebrates,108,bos_grunniens,dir,0,1
vertebrates,108,bos_indicus_hybrid,dir,0,1
vertebrates,108,bos_mutus,dir,0,1
vertebrates,108,bos_taurus,dir,0,1
vertebrates,108,bos_taurus_hybrid,dir,0,1
vertebrates,108,bubo_bubo,dir,0,1
vertebrates,108,buteo_japonicus,dir,0,1
vertebrates,108,caenorhabditis_elegans,dir,0,1
vertebrates,108,cairina_moschata_domestica,dir,0,1
vertebrates,108,calidris_pugnax,dir,0,1
vertebrates,108,calidris_pygmaea,dir,0,1
vertebrates,108,callithrix_jacchus,dir,0,1
vertebrates,108,callorhinchus_milii,dir,0,1
vertebrates,108,camarhynchus_parvulus,dir,0,1
vertebrates,108,camelus_dromedarius,dir,0,1
vertebrates,108,canis_lupus_dingo,dir,0,1
vertebrates,108,canis_lupus_familiaris,dir,0,1
vertebrates,108,canis_lupus_familiarisbasenji,dir,0,1
vertebrates,108,canis_lupus_familiarisboxer,dir,0,1
vertebrates,108,canis_lupus_familiarisgreatdane,dir,0,1
vertebrates,108,canis_lupus_familiarisgsd,dir,0,1
vertebrates,108,capra_hircus,dir,0,1
vertebrates,108,capra_hircus_blackbengal,dir,0,1
vertebrates,108,carassius_auratus,dir,0,1
vertebrates,108,carlito_syrichta,dir,0,1
vertebrates,108,castor_canadensis,dir,0,1
vertebrates,108,catagonus_wagneri,dir,0,1
vertebrates,108,catharus_ustulatus,dir,0,1
vertebrates,108,cavia_aperea,dir,0,1
vertebrates,108,cavia_porcellus,dir,0,1
vertebrates,108,cebus_capucinus,dir,0,1
vertebrates,108,cebus_imitator,dir,0,1
vertebrates,108,cercocebus_atys,dir,0,1
vertebrates,108,cervus_hanglu_yarkandensis,dir,0,1
vertebrates,108,chelonoidis_abingdonii,dir,0,1
vertebrates,108,chelydra_serpentina,dir,0,1
vertebrates,108,chinchilla_lanigera,dir,0,1
vertebrates,108,chlorocebus_sabaeus,dir,0,1
vertebrates,108,choloepus_hoffmanni,dir,0,1
vertebrates,108,chrysemys_picta_bellii,dir,0,1
vertebrates,108,chrysolophus_pictus,dir,0,1
vertebrates,108,ciona_intestinalis,dir,0,1
vertebrates,108,ciona_savignyi,dir,0,1
vertebrates,108,clupea_harengus,dir,0,1
vertebrates,108,colobus_angolensis_palliatus,dir,0,1
vertebrates,108,corvus_moneduloides,dir,0,1
vertebrates,108,cottoperca_gobio,dir,0,1
vertebrates,108,coturnix_japonica,dir,0,1
vertebrates,108,cricetulus_griseus_chok1gshd,dir,0,1
vertebrates,108,cricetulus_griseus_crigri,dir,0,1
vertebrates,108,cricetulus_griseus_picr,dir,0,1
vertebrates,108,crocodylus_porosus,dir,0,1
vertebrates,108,cyanistes_caeruleus,dir,0,1
vertebrates,108,cyclopterus_lumpus,dir,0,1
vertebrates,108,cynoglossus_semilaevis,dir,0,1
vertebrates,108,cyprinodon_variegatus,dir,0,1
vertebrates,108,cyprinus_carpio,dir,0,1
vertebrates,108,cyprinus_carpio_carpio,dir,0,1
vertebrates,108,cyprinus_carpio_germanmirror,dir,0,1
vertebrates,108,cyprinus_carpio_hebaored,dir,0,1
vertebrates,108,cyprinus_carpio_huanghe,dir,0,1
vertebrates,108,danio_rerio,dir,0,1
vertebrates,108,dasypus_novemcinctus,dir,0,1
vertebrates,108,delphinapterus_leucas,dir,0,1
vertebrates,108,denticeps_clupeoides,dir,0,1
vertebrates,108,dicentrarchus_labrax,dir,0,1
vertebrates,108,dipodomys_ordii,dir,0,1
vertebrates,108,dromaius_novaehollandiae,dir,0,1
vertebrates,108,drosophila_melanogaster,dir,0,1
vertebrates,108,echeneis_naucrates,dir,0,1
vertebrates,108,echinops_telfairi,dir,0,1
vertebrates,108,electrophorus_electricus,dir,0,1
vertebrates,108,eptatretus_burgeri,dir,0,1
vertebrates,108,equus_asinus_asinus,dir,0,1
vertebrates,108,equus_caballus,dir,0,1
vertebrates,108,erinaceus_europaeus,dir,0,1
vertebrates,108,erpetoichthys_calabaricus,dir,0,1
vertebrates,108,erythrura_gouldiae,dir,0,1
vertebrates,108,esox_lucius,dir,0,1
vertebrates,108,falco_tinnunculus,dir,0,1
vertebrates,108,felis_catus,dir,0,1
vertebrates,108,ficedula_albicollis,dir,0,1
vertebrates,108,fukomys_damarensis,dir,0,1
vertebrates,108,fundulus_heteroclitus,dir,0,1
vertebrates,108,gadus_morhua,dir,0,1
vertebrates,108,gallus_gallus,dir,0,1
vertebrates,108,gallus_gallus_gca000002315v5,dir,0,1
vertebrates,108,gallus_gallus_gca016700215v2,dir,0,1
vertebrates,108,gambusia_affinis,dir,0,1
vertebrates,108,gasterosteus_aculeatus,dir,0,1
vertebrates,108,geospiza_fortis,dir,0,1
vertebrates,108,gopherus_agassizii,dir,0,1
vertebrates,108,gopherus_evgoodei,dir,0,1
vertebrates,108,gorilla_gorilla,dir,0,1
vertebrates,108,gouania_willdenowi,dir,0,1
vertebrates,108,haplochromis_burtoni,dir,0,1
vertebrates,108,heterocephalus_glaber_female,dir,0,1
vertebrates,108,heterocephalus_glaber_male,dir,0,1
vertebrates,108,hippocampus_comes,dir,0,1
vertebrates,108,homo_sapiens,dir,0,1
vertebrates,108,hucho_hucho,dir,0,1
vertebrates,108,ictalurus_punctatus,dir,0,1
vertebrates,108,ictidomys_tridecemlineatus,dir,0,1
vertebrates,108,jaculus_jaculus,dir,0,1
vertebrates,108,junco_hyemalis,dir,0,1
vertebrates,108,kryptolebias_marmoratus,dir,0,1
vertebrates,108,labrus_bergylta,dir,0,1
vertebrates,108,larimichthys_crocea,dir,0,1
vertebrates,108,lates_calcarifer,dir,0,1
vertebrates,108,laticauda_laticaudata,dir,0,1
vertebrates,108,latimeria_chalumnae,dir,0,1
vertebrates,108,lepidothrix_coronata,dir,0,1
vertebrates,108,lepisosteus_oculatus,dir,0,1
vertebrates,108,leptobrachium_leishanense,dir,0,1
vertebrates,108,lonchura_striata_domestica,dir,0,1
vertebrates,108,loxodonta_africana,dir,0,1
vertebrates,108,lynx_canadensis,dir,0,1
vertebrates,108,macaca_fascicularis,dir,0,1
vertebrates,108,macaca_mulatta,dir,0,1
vertebrates,108,macaca_nemestrina,dir,0,1
vertebrates,108,malurus_cyaneus_samueli,dir,0,1
vertebrates,108,manacus_vitellinus,dir,0,1
vertebrates,108,mandrillus_leucophaeus,dir,0,1
vertebrates,108,marmota_marmota_marmota,dir,0,1
vertebrates,108,mastacembelus_armatus,dir,0,1
vertebrates,108,maylandia_zebra,dir,0,1
vertebrates,108,meleagris_gallopavo,dir,0,1
vertebrates,108,melopsittacus_undulatus,dir,0,1
vertebrates,108,meriones_unguiculatus,dir,0,1
vertebrates,108,mesocricetus_auratus,dir,0,1
vertebrates,108,microcebus_murinus,dir,0,1
vertebrates,108,microtus_ochrogaster,dir,0,1
vertebrates,108,mola_mola,dir,0,1
vertebrates,108,monodelphis_domestica,dir,0,1
vertebrates,108,monodon_monoceros,dir,0,1
vertebrates,108,monopterus_albus,dir,0,1
vertebrates,108,moschus_moschiferus,dir,0,1
vertebrates,108,mus_caroli,dir,0,1
vertebrates,108,mus_musculus,dir,0,1
vertebrates,108,mus_musculus_129s1svimj,dir,0,1
vertebrates,108,mus_musculus_aj,dir,0,1
vertebrates,108,mus_musculus_akrj,dir,0,1
vertebrates,108,mus_musculus_balbcj,dir,0,1
vertebrates,108,mus_musculus_c3hhej,dir,0,1
vertebrates,108,mus_musculus_c57bl6nj,dir,0,1
vertebrates,108,mus_musculus_casteij,dir,0,1
vertebrates,108,mus_musculus_cbaj,dir,0,1
vertebrates,108,mus_musculus_dba2j,dir,0,1
vertebrates,108,mus_musculus_fvbnj,dir,0,1
vertebrates,108,mus_musculus_lpj,dir,0,1
vertebrates,108,mus_musculus_nodshiltj,dir,0,1
vertebrates,108,mus_musculus_nzohlltj,dir,0,1
vertebrates,108,mus_musculus_pwkphj,dir,0,1
vertebrates,108,mus_musculus_wsbeij,dir,0,1
vertebrates,108,mus_pahari,dir,0,1
vertebrates,108,mus_spicilegus,dir,0,1
vertebrates,108,mus_spretus,dir,0,1
vertebrates,108,mustela_putorius_furo,dir,0,1
vertebrates,108,myotis_lucifugus,dir,0,1
vertebrates,108,myripristis_murdjan,dir,0,1
vertebrates,108,naja_naja,dir,0,1
vertebrates,108,nannospalax_galili,dir,0,1
vertebrates,108,neogobius_melanostomus,dir,0,1
vertebrates,108,neolamprologus_brichardi,dir,0,1
vertebrates,108,neovison_vison,dir,0,1
vertebrates,108,nomascus_leucogenys,dir,0,1
vertebrates,108,notamacropus_eugenii,dir,0,1
vertebrates,108,notechis_scutatus,dir,0,1
vertebrates,108,nothobranchius_furzeri,dir,0,1
vertebrates,108,nothoprocta_perdicaria,dir,0,1
vertebrates,108,numida_meleagris,dir,0,1
vertebrates,108,ochotona_princeps,dir,0,1
vertebrates,108,octodon_degus,dir,0,1
vertebrates,108,oncorhynchus_kisutch,dir,0,1
vertebrates,108,oncorhynchus_mykiss,dir,0,1
vertebrates,108,oncorhynchus_tshawytscha,dir,0,1
vertebrates,108,oreochromis_aureus,dir,0,1
vertebrates,108,oreochromis_niloticus,dir,0,1
vertebrates,108,ornithorhynchus_anatinus,dir,0,1
vertebrates,108,oryctolagus_cuniculus,dir,0,1
vertebrates,108,oryzias_javanicus,dir,0,1
vertebrates,108,oryzias_latipes,dir,0,1
vertebrates,108,oryzias_latipes_hni,dir,0,1
vertebrates,108,oryzias_latipes_hsok,dir,0,1
vertebrates,108,oryzias_melastigma,dir,0,1
vertebrates,108,oryzias_sinensis,dir,0,1
vertebrates,108,otolemur_garnettii,dir,0,1
vertebrates,108,otus_sunia,dir,0,1
vertebrates,108,ovis_aries,dir,0,1
vertebrates,108,ovis_aries_rambouillet,dir,0,1
vertebrates,108,pan_paniscus,dir,0,1
vertebrates,108,pan_troglodytes,dir,0,1
vertebrates,108,panthera_leo,dir,0,1
vertebrates,108,panthera_pardus,dir,0,1
vertebrates,108,panthera_tigris_altaica,dir,0,1
vertebrates,108,papio_anubis,dir,0,1
vertebrates,108,parambassis_ranga,dir,0,1
vertebrates,108,paramormyrops_kingsleyae,dir,0,1
vertebrates,108,parus_major,dir,0,1
vertebrates,108,pavo_cristatus,dir,0,1
vertebrates,108,pelodiscus_sinensis,dir,0,1
vertebrates,108,pelusios_castaneus,dir,0,1
vertebrates,108,periophthalmus_magnuspinnatus,dir,0,1
vertebrates,108,peromyscus_maniculatus_bairdii,dir,0,1
vertebrates,108,petromyzon_marinus,dir,0,1
vertebrates,108,phascolarctos_cinereus,dir,0,1
vertebrates,108,phasianus_colchicus,dir,0,1
vertebrates,108,phocoena_sinus,dir,0,1
vertebrates,108,physeter_catodon,dir,0,1
vertebrates,108,piliocolobus_tephrosceles,dir,0,1
vertebrates,108,podarcis_muralis,dir,0,1
vertebrates,108,poecilia_formosa,dir,0,1
vertebrates,108,poecilia_latipinna,dir,0,1
vertebrates,108,poecilia_mexicana,dir,0,1
vertebrates,108,poecilia_reticulata,dir,0,1
vertebrates,108,pogona_vitticeps,dir,0,1
vertebrates,108,pongo_abelii,dir,0,1
vertebrates,108,procavia_capensis,dir,0,1
vertebrates,108,prolemur_simus,dir,0,1
vertebrates,108,propithecus_coquereli,dir,0,1
vertebrates,108,pseudonaja_textilis,dir,0,1
vertebrates,108,pteropus_vampyrus,dir,0,1
vertebrates,108,pundamilia_nyererei,dir,0,1
vertebrates,108,pygocentrus_nattereri,dir,0,1
vertebrates,108,rattus_norvegicus,dir,0,1
vertebrates,108,rhinolophus_ferrumequinum,dir,0,1
vertebrates,108,rhinopithecus_bieti,dir,0,1
vertebrates,108,rhinopithecus_roxellana,dir,0,1
vertebrates,108,saccharomyces_cerevisiae,dir,0,1
vertebrates,108,saimiri_boliviensis_boliviensis,dir,0,1
vertebrates,108,salarias_fasciatus,dir,0,1
vertebrates,108,salmo_salar,dir,0,1
vertebrates,108,salmo_trutta,dir,0,1
vertebrates,108,salvator_merianae,dir,0,1
vertebrates,108,sander_lucioperca,dir,0,1
vertebrates,108,sarcophilus_harrisii,dir,0,1
vertebrates,108,sciurus_vulgaris,dir,0,1
vertebrates,108,scleropages_formosus,dir,0,1
vertebrates,108,scophthalmus_maximus,dir,0,1
vertebrates,108,serinus_canaria,dir,0,1
vertebrates,108,seriola_dumerili,dir,0,1
vertebrates,108,seriola_lalandi_dorsalis,dir,0,1
vertebrates,108,sinocyclocheilus_anshuiensis,dir,0,1
vertebrates,108,sinocyclocheilus_grahami,dir,0,1
vertebrates,108,sinocyclocheilus_rhinocerous,dir,0,1
vertebrates,108,sorex_araneus,dir,0,1
vertebrates,108,sparus_aurata,dir,0,1
vertebrates,108,spermophilus_dauricus,dir,0,1
vertebrates,108,sphaeramia_orbicularis,dir,0,1
vertebrates,108,sphenodon_punctatus,dir,0,1
vertebrates,108,stachyris_ruficeps,dir,0,1
vertebrates,108,stegastes_partitus,dir,0,1
vertebrates,108,strigops_habroptila,dir,0,1
vertebrates,108,strix_occidentalis_caurina,dir,0,1
vertebrates,108,struthio_camelus_australis,dir,0,1
vertebrates,108,suricata_suricatta,dir,0,1
vertebrates,108,sus_scrofa,dir,0,1
vertebrates,108,sus_scrofa_bamei,dir,0,1
vertebrates,108,sus_scrofa_berkshire,dir,0,1
vertebrates,108,sus_scrofa_hampshire,dir,0,1
vertebrates,108,sus_scrofa_jinhua,dir,0,1
vertebrates,108,sus_scrofa_landrace,dir,0,1
vertebrates,108,sus_scrofa_largewhite,dir,0,1
vertebrates,108,sus_scrofa_meishan,dir,0,1
vertebrates,108,sus_scrofa_pietrain,dir,0,1
vertebrates,108,sus_scrofa_rongchang,dir,0,1
vertebrates,108,sus_scrofa_tibetan,dir,0,1
vertebrates,108,sus_scrofa_usmarc,dir,0,1
vertebrates,108,sus_scrofa_wuzhishan,dir,0,1
vertebrates,108,taeniopygia_guttata,dir,0,1
vertebrates,108,takifugu_rubripes,dir,0,1
vertebrates,108,terrapene_carolina_triunguis,dir,0,1
vertebrates,108,tetraodon_nigroviridis,dir,0,1
vertebrates,108,theropithecus_gelada,dir,0,1
vertebrates,108,tupaia_belangeri,dir,0,1
vertebrates,108,tursiops_truncatus,dir,0,1
vertebrates,108,urocitellus_parryii,dir,0,1
vertebrates,108,ursus_americanus,dir,0,1
vertebrates,108,ursus_maritimus,dir,0,1
vertebrates,108,ursus_thibetanus_thibetanus,dir,0,1
vertebrates,108,varanus_komodoensis,dir,0,1
vertebrates,108,vicugna_pacos,dir,0,1
vertebrates,108,vombatus_ursinus,dir,0,1
vertebrates,108,vulpes_vulpes,dir,0,1
vertebrates,108,xenopus_tropicalis,dir,0,1
vertebrates,108,xiphophorus_couchianus,dir,0,1
vertebrates,108,xiphophorus_maculatus,dir,0,1
vertebrates,108,zalophus_californianus,dir,0,1
vertebrates,108,zonotrichia_albicollis,dir,0,1
vertebrates,108,zosterops_lateralis_melanops,dir,0,1
vertebrates,109,acanthochromis_polyacanthus,dir,0,1
vertebrates,109,accipiter_nisus,dir,0,1
vertebrates,109,ailuropoda_melanoleuca,dir,0,1
vertebrates,109,amazona_collaria,dir,0,1
vertebrates,109,amphilophus_citrinellus,dir,0,1
vertebrates,109,amphiprion_ocellaris,dir,0,1
vertebrates,109,amphiprion_percula,dir,0,1
vertebrates,109,anabas_testudineus,dir,0,1
vertebrates,109,anas_platyrhynchos,dir,0,1
vertebrates,109,anas_platyrhynchos_platyrhynchos,dir,0,1
vertebrates,109,anas_zonorhyncha,dir,0,1
vertebrates,109,anolis_carolinensis,dir,0,1
vertebrates,109,anser_brachyrhynchus,dir,0,1
vertebrates,109,anser_cygnoides,dir,0,1
vertebrates,109,aotus_nancymaae,dir,0,1
vertebrates,109,apteryx_haastii,dir,0,1
vertebrates,109,apteryx_owenii,dir,0,1
vertebrates,109,apteryx_rowi,dir,0,1
vertebrates,109,aquila_chrysaetos_chrysaetos,dir,0,1
vertebrates,109,astatotilapia_calliptera,dir,0,1
vertebrates,109,astyanax_mexicanus,dir,0,1
vertebrates,109,astyanax_mexicanus_pachon,dir,0,1
vertebrates,109,athene_cunicularia,dir,0,1
vertebrates,109,balaenoptera_musculus,dir,0,1
vertebrates,109,betta_splendens,dir,0,1
vertebrates,109,bison_bison_bison,dir,0,1
vertebrates,109,bos_grunniens,dir,0,1
vertebrates,109,bos_indicus_hybrid,dir,0,1
vertebrates,109,bos_mutus,dir,0,1
vertebrates,109,bos_taurus,dir,0,1
vertebrates,109,bos_taurus_hybrid,dir,0,1
vertebrates,109,bubo_bubo,dir,0,1
vertebrates,109,buteo_japonicus,dir,0,1
vertebrates,109,caenorhabditis_elegans,dir,0,1
vertebrates,109,cairina_moschata_domestica,dir,0,1
vertebrates,109,calidris_pugnax,dir,0,1
vertebrates,109,calidris_pygmaea,dir,0,1
vertebrates,109,callithrix_jacchus,dir,0,1
vertebrates,109,callorhinchus_milii,dir,0,1
vertebrates,109,camarhynchus_parvulus,dir,0,1
vertebrates,109,camelus_dromedarius,dir,0,1
vertebrates,109,canis_lupus_dingo,dir,0,1
vertebrates,109,canis_lupus_familiaris,dir,0,1
vertebrates,109,canis_lupus_familiarisbasenji,dir,0,1
vertebrates,109,canis_lupus_familiarisboxer,dir,0,1
vertebrates,109,canis_lupus_familiarisgreatdane,dir,0,1
vertebrates,109,canis_lupus_familiarisgsd,dir,0,1
vertebrates,109,capra_hircus,dir,0,1
vertebrates,109,capra_hircus_blackbengal,dir,0,1
vertebrates,109,carassius_auratus,dir,0,1
vertebrates,109,carlito_syrichta,dir,0,1
vertebrates,109,castor_canadensis,dir,0,1
vertebrates,109,catagonus_wagneri,dir,0,1
vertebrates,109,catharus_ustulatus,dir,0,1
vertebrates,109,cavia_aperea,dir,0,1
vertebrates,109,cavia_porcellus,dir,0,1
vertebrates,109,cebus_imitator,dir,0,1
vertebrates,109,cercocebus_atys,dir,0,1
vertebrates,109,cervus_hanglu_yarkandensis,dir,0,1
vertebrates,109,chelonoidis_abingdonii,dir,0,1
vertebrates,109,chelydra_serpentina,dir,0,1
vertebrates,109,chinchilla_lanigera,dir,0,1
vertebrates,109,chlorocebus_sabaeus,dir,0,1
vertebrates,109,choloepus_hoffmanni,dir,0,1
vertebrates,109,chrysemys_picta_bellii,dir,0,1
vertebrates,109,chrysolophus_pictus,dir,0,1
vertebrates,109,ciona_intestinalis,dir,0,1
vertebrates,109,ciona_savignyi,dir,0,1
vertebrates,109,clupea_harengus,dir,0,1
vertebrates,109,colobus_angolensis_palliatus,dir,0,1
vertebrates,109,corvus_moneduloides,dir,0,1
vertebrates,109,cottoperca_gobio,dir,0,1
vertebrates,109,coturnix_japonica,dir,0,1
vertebrates,109,cricetulus_griseus_chok1gshd,dir,0,1
vertebrates,109,cricetulus_griseus_crigri,dir,0,1
vertebrates,109,cricetulus_griseus_picr,dir,0,1
vertebrates,109,crocodylus_porosus,dir,0,1
vertebrates,109,cyanistes_caeruleus,dir,0,1
vertebrates,109,cyclopterus_lumpus,dir,0,1
vertebrates,109,cynoglossus_semilaevis,dir,0,1
vertebrates,109,cyprinodon_variegatus,dir,0,1
vertebrates,109,cyprinus_carpio_carpio,dir,0,1
vertebrates,109,cyprinus_carpio_germanmirror,dir,0,1
vertebrates,109,cyprinus_carpio_hebaored,dir,0,1
vertebrates,109,cyprinus_carpio_huanghe,dir,0,1
vertebrates,109,danio_rerio,dir,0,1
vertebrates,109,dasypus_novemcinctus,dir,0,1
vertebrates,109,delphinapterus_leucas,dir,0,1
vertebrates,109,denticeps_clupeoides,dir,0,1
vertebrates,109,dicentrarchus_labrax,dir,0,1
vertebrates,109,dipodomys_ordii,dir,0,1
vertebrates,109,dromaius_novaehollandiae,dir,0,1
vertebrates,109,drosophila_melanogaster,dir,0,1
vertebrates,109,echeneis_naucrates,dir,0,1
vertebrates,109,echinops_telfairi,dir,0,1
vertebrates,109,electrophorus_electricus,dir,0,1
vertebrates,109,eptatretus_burgeri,dir,0,1
vertebrates,109,equus_asinus,dir,0,1
vertebrates,109,equus_asinus_asinus,dir,0,1
vertebrates,109,equus_caballus,dir,0,1
vertebrates,109,erinaceus_europaeus,dir,0,1
vertebrates,109,erpetoichthys_calabaricus,dir,0,1
vertebrates,109,erythrura_gouldiae,dir,0,1
vertebrates,109,esox_lucius,dir,0,1
vertebrates,109,falco_tinnunculus,dir,0,1
vertebrates,109,felis_catus,dir,0,1
vertebrates,109,ficedula_albicollis,dir,0,1
vertebrates,109,fukomys_damarensis,dir,0,1
vertebrates,109,fundulus_heteroclitus,dir,0,1
vertebrates,109,gadus_morhua,dir,0,1
vertebrates,109,gallus_gallus,dir,0,1
vertebrates,109,gallus_gallus_gca000002315v5,dir,0,1
vertebrates,109,gallus_gallus_gca016700215v2,dir,0,1
vertebrates,109,gambusia_affinis,dir,0,1
vertebrates,109,gasterosteus_aculeatus,dir,0,1
vertebrates,109,geospiza_fortis,dir,0,1
vertebrates,109,gopherus_agassizii,dir,0,1
vertebrates,109,gopherus_evgoodei,dir,0,1
vertebrates,109,gorilla_gorilla,dir,0,1
vertebrates,109,gouania_willdenowi,dir,0,1
vertebrates,109,haplochromis_burtoni,dir,0,1
vertebrates,109,heterocephalus_glaber_female,dir,0,1
vertebrates,109,heterocephalus_glaber_male,dir,0,1
vertebrates,109,hippocampus_comes,dir,0,1
vertebrates,109,homo_sapiens,dir,0,1
vertebrates,109,hucho_hucho,dir,0,1
vertebrates,109,ictalurus_punctatus,dir,0,1
vertebrates,109,ictidomys_tridecemlineatus,dir,0,1
vertebrates,109,jaculus_jaculus,dir,0,1
vertebrates,109,junco_hyemalis,dir,0,1
vertebrates,109,kryptolebias_marmoratus,dir,0,1
vertebrates,109,labrus_bergylta,dir,0,1
vertebrates,109,larimichthys_crocea,dir,0,1
vertebrates,109,lates_calcarifer,dir,0,1
vertebrates,109,laticauda_laticaudata,dir,0,1
vertebrates,109,latimeria_chalumnae,dir,0,1
vertebrates,109,lepidothrix_coronata,dir,0,1
vertebrates,109,lepisosteus_oculatus,dir,0,1
vertebrates,109,leptobrachium_leishanense,dir,0,1
vertebrates,109,lonchura_striata_domestica,dir,0,1
vertebrates,109,loxodonta_africana,dir,0,1
vertebrates,109,lynx_canadensis,dir,0,1
vertebrates,109,macaca_fascicularis,dir,0,1
vertebrates,109,macaca_mulatta,dir,0,1
vertebrates,109,macaca_nemestrina,dir,0,1
vertebrates,109,malurus_cyaneus_samueli,dir,0,1
vertebrates,109,manacus_vitellinus,dir,0,1
vertebrates,109,mandrillus_leucophaeus,dir,0,1
vertebrates,109,marmota_marmota_marmota,dir,0,1
vertebrates,109,mastacembelus_armatus,dir,0,1
vertebrates,109,maylandia_zebra,dir,0,1
vertebrates,109,meleagris_gallopavo,dir,0,1
vertebrates,109,melopsittacus_undulatus,dir,0,1
vertebrates,109,meriones_unguiculatus,dir,0,1
vertebrates,109,mesocricetus_auratus,dir,0,1
vertebrates,109,microcebus_murinus,dir,0,1
vertebrates,109,microtus_ochrogaster,dir,0,1
vertebrates,109,mola_mola,dir,0,1
vertebrates,109,monodelphis_domestica,dir,0,1
vertebrates,109,monodon_monoceros,dir,0,1
vertebrates,109,monopterus_albus,dir,0,1
vertebrates,109,moschus_moschiferus,dir,0,1
vertebrates,109,mus_caroli,dir,0,1
vertebrates,109,mus_musculus,dir,0,1
vertebrates,109,mus_musculus_129s1svimj,dir,0,1
vertebrates,109,mus_musculus_aj,dir,0,1
vertebrates,109,mus_musculus_akrj,dir,0,1
vertebrates,109,mus_musculus_balbcj,dir,0,1
vertebrates,109,mus_musculus_c3hhej,dir,0,1
vertebrates,109,mus_musculus_c57bl6nj,dir,0,1
vertebrates,109,mus_musculus_casteij,dir,0,1
vertebrates,109,mus_musculus_cbaj,dir,0,1
vertebrates,109,mus_musculus_dba2j,dir,0,1
vertebrates,109,mus_musculus_fvbnj,dir,0,1
vertebrates,109,mus_musculus_lpj,dir,0,1
vertebrates,109,mus_musculus_nodshiltj,dir,0,1
vertebrates,109,mus_musculus_nzohlltj,dir,0,1
vertebrates,109,mus_musculus_pwkphj,dir,0,1
vertebrates,109,mus_musculus_wsbeij,dir,0,1
vertebrates,109,mus_pahari,dir,0,1
vertebrates,109,mus_spicilegus,dir,0,1
vertebrates,109,mus_spretus,dir,0,1
vertebrates,109,mustela_putorius_furo,dir,0,1
vertebrates,109,myotis_lucifugus,dir,0,1
vertebrates,109,myripristis_murdjan,dir,0,1
vertebrates,109,naja_naja,dir,0,1
vertebrates,109,nannospalax_galili,dir,0,1
vertebrates,109,neogobius_melanostomus,dir,0,1
vertebrates,109,neolamprologus_brichardi,dir,0,1
vertebrates,109,neovison_vison,dir,0,1
vertebrates,109,nomascus_leucogenys,dir,0,1
vertebrates,109,notamacropus_eugenii,dir,0,1
vertebrates,109,notechis_scutatus,dir,0,1
vertebrates,109,nothobranchius_furzeri,dir,0,1
vertebrates,109,nothoprocta_perdicaria,dir,0,1
vertebrates,109,numida_meleagris,dir,0,1
vertebrates,109,ochotona_princeps,dir,0,1
vertebrates,109,octodon_degus,dir,0,1
vertebrates,109,oncorhynchus_kisutch,dir,0,1
vertebrates,109,oncorhynchus_mykiss,dir,0,1
vertebrates,109,oncorhynchus_tshawytscha,dir,0,1
vertebrates,109,oreochromis_aureus,dir,0,1
vertebrates,109,oreochromis_niloticus,dir,0,1
vertebrates,109,ornithorhynchus_anatinus,dir,0,1
vertebrates,109,oryctolagus_cuniculus,dir,0,1
vertebrates,109,oryzias_javanicus,dir,0,1
vertebrates,109,oryzias_latipes,dir,0,1
vertebrates,109,oryzias_latipes_hni,dir,0,1
vertebrates,109,oryzias_latipes_hsok,dir,0,1
vertebrates,109,oryzias_melastigma,dir,0,1
vertebrates,109,oryzias_sinensis,dir,0,1
vertebrates,109,otolemur_garnettii,dir,0,1
vertebrates,109,otus_sunia,dir,0,1
vertebrates,109,ovis_aries,dir,0,1
vertebrates,109,ovis_aries_rambouillet,dir,0,1
vertebrates,109,pan_paniscus,dir,0,1
vertebrates,109,pan_troglodytes,dir,0,1
vertebrates,109,panthera_leo,dir,0,1
vertebrates,109,panthera_pardus,dir,0,1
vertebrates,109,panthera_tigris_altaica,dir,0,1
vertebrates,109,papio_anubis,dir,0,1
vertebrates,109,parambassis_ranga,dir,0,1
vertebrates,109,paramormyrops_kingsleyae,dir,0,1
vertebrates,109,parus_major,dir,0,1
vertebrates,109,pavo_cristatus,dir,0,1
vertebrates,109,pelodiscus_sinensis,dir,0,1
vertebrates,109,pelusios_castaneus,dir,0,1
vertebrates,109,periophthalmus_magnuspinnatus,dir,0,1
vertebrates,109,peromyscus_maniculatus_bairdii,dir,0,1
vertebrates,109,petromyzon_marinus,dir,0,1
vertebrates,109,phascolarctos_cinereus,dir,0,1
vertebrates,109,phasianus_colchicus,dir,0,1
vertebrates,109,phocoena_sinus,dir,0,1
vertebrates,109,physeter_catodon,dir,0,1
vertebrates,109,piliocolobus_tephrosceles,dir,0,1
vertebrates,109,podarcis_muralis,dir,0,1
vertebrates,109,poecilia_formosa,dir,0,1
vertebrates,109,poecilia_latipinna,dir,0,1
vertebrates,109,poecilia_mexicana,dir,0,1
vertebrates,109,poecilia_reticulata,dir,0,1
vertebrates,109,pogona_vitticeps,dir,0,1
vertebrates,109,pongo_abelii,dir,0,1
vertebrates,109,procavia_capensis,dir,0,1
vertebrates,109,prolemur_simus,dir,0,1
vertebrates,109,propithecus_coquereli,dir,0,1
vertebrates,109,pseudonaja_textilis,dir,0,1
vertebrates,109,pteropus_vampyrus,dir,0,1
vertebrates,109,pundamilia_nyererei,dir,0,1
vertebrates,109,pygocentrus_nattereri,dir,0,1
vertebrates,109,rattus_norvegicus,dir,0,1
vertebrates,109,rhinolophus_ferrumequinum,dir,0,1
vertebrates,109,rhinopithecus_bieti,dir,0,1
vertebrates,109,rhinopithecus_roxellana,dir,0,1
vertebrates,109,saccharomyces_cerevisiae,dir,0,1
vertebrates,109,saimiri_boliviensis_boliviensis,dir,0,1
vertebrates,109,salarias_fasciatus,dir,0,1
vertebrates,109,salmo_salar,dir,0,1
vertebrates,109,salmo_trutta,dir,0,1
vertebrates,109,salvator_merianae,dir,0,1
vertebrates,109,sander_lucioperca,dir,0,1
vertebrates,109,sarcophilus_harrisii,dir,0,1
vertebrates,109,sciurus_vulgaris,dir,0,1
vertebrates,109,scleropages_formosus,dir,0,1
vertebrates,109,scophthalmus_maximus,dir,0,1
vertebrates,109,serinus_canaria,dir,0,1
vertebrates,109,seriola_dumerili,dir,0,1
vertebrates,109,seriola_lalandi_dorsalis,dir,0,1
vertebrates,109,sinocyclocheilus_anshuiensis,dir,0,1
vertebrates,109,sinocyclocheilus_grahami,dir,0,1
vertebrates,109,sinocyclocheilus_rhinocerous,dir,0,1
vertebrates,109,sorex_araneus,dir,0,1
vertebrates,109,sparus_aurata,dir,0,1
vertebrates,109,spermophilus_dauricus,dir,0,1
vertebrates,109,sphaeramia_orbicularis,dir,0,1
vertebrates,109,sphenodon_punctatus,dir,0,1
vertebrates,109,stachyris_ruficeps,dir,0,1
vertebrates,109,stegastes_partitus,dir,0,1
vertebrates,109,strigops_habroptila,dir,0,1
vertebrates,109,strix_occidentalis_caurina,dir,0,1
vertebrates,109,struthio_camelus_australis,dir,0,1
vertebrates,109,suricata_suricatta,dir,0,1
vertebrates,109,sus_scrofa,dir,0,1
vertebrates,109,sus_scrofa_bamei,dir,0,1
vertebrates,109,sus_scrofa_berkshire,dir,0,1
vertebrates,109,sus_scrofa_hampshire,dir,0,1
vertebrates,109,sus_scrofa_jinhua,dir,0,1
vertebrates,109,sus_scrofa_landrace,dir,0,1
vertebrates,109,sus_scrofa_largewhite,dir,0,1
vertebrates,109,sus_scrofa_meishan,dir,0,1
vertebrates,109,sus_scrofa_pietrain,dir,0,1
vertebrates,109,sus_scrofa_rongchang,dir,0,1
vertebrates,109,sus_scrofa_tibetan,dir,0,1
vertebrates,109,sus_scrofa_usmarc,dir,0,1
vertebrates,109,sus_scrofa_wuzhishan,dir,0,1
vertebrates,109,taeniopygia_guttata,dir,0,1
vertebrates,109,takifugu_rubripes,dir,0,1
vertebrates,109,terrapene_carolina_triunguis,dir,0,1
vertebrates,109,tetraodon_nigroviridis,dir,0,1
vertebrates,109,theropithecus_gelada,dir,0,1
vertebrates,109,tupaia_belangeri,dir,0,1
vertebrates,109,tursiops_truncatus,dir,0,1
vertebrates,109,urocitellus_parryii,dir,0,1
vertebrates,109,ursus_americanus,dir,0,1
vertebrates,109,ursus_maritimus,dir,0,1
vertebrates,109,ursus_thibetanus_thibetanus,dir,0,1
vertebrates,109,varanus_komodoensis,dir,0,1
vertebrates,109,vicugna_pacos,dir,0,1
vertebrates,109,vombatus_ursinus,dir,0,1
vertebrates,109,vulpes_vulpes,dir,0,1
vertebrates,109,xenopus_tropicalis,dir,0,1
vertebrates,109,xiphophorus_couchianus,dir,0,1
vertebrates,109,xiphophorus_maculatus,dir,0,1
vertebrates,109,zalophus_californianus,dir,0,1
vertebrates,109,zonotrichia_albicollis,dir,0,1
vertebrates,109,zosterops_lateralis_melanops,dir,0,1
fungi,13,ashbya_gossypii,tgz-only,1,1
fungi,13,aspergillus_clavatus,tgz-only,1,1
fungi,13,aspergillus_flavus,tgz-only,1,1
fungi,13,aspergillus_fumigatus,tgz-only,1,1
fungi,13,aspergillus_fumigatusa1163,tgz-only,1,1
fungi,13,aspergillus_nidulans,tgz-only,1,1
fungi,13,aspergillus_niger,tgz-only,1,1
fungi,13,aspergillus_oryzae,tgz-only,1,1
fungi,13,aspergillus_terreus,tgz-only,1,1
fungi,13,fusarium_oxysporum,tgz-only,1,1
fungi,13,gaeumannomyces_graminis,tgz-only,1,1
fungi,13,gibberella_moniliformis,tgz-only,1,1
fungi,13,gibberella_zeae,tgz-only,1,1
fungi,13,magnaporthe_oryzae,tgz-only,1,1
fungi,13,magnaporthe_poae,tgz-only,1,1
fungi,13,mycosphaerella_graminicola,tgz-only,1,1
fungi,13,nectria_haematococca,tgz-only,1,1
fungi,13,neosartorya_fischeri,tgz-only,1,1
fungi,13,neurospora_crassa,tgz-only,1,1
fungi,13,phaeosphaeria_nodorum,tgz-only,1,1
fungi,13,puccinia_graministritici,tgz-only,1,1
fungi,13,puccinia_triticina,tgz-only,1,1
fungi,13,saccharomyces_cerevisiae,tgz-only,1,1
fungi,13,schizosaccharomyces_pombe,tgz-only,1,1
fungi,13,tuber_melanosporum,tgz-only,1,1
fungi,13,ustilago_maydis,tgz-only,1,1
fungi,16,ashbya_gossypii,tgz-only,1,1
fungi,16,aspergillus_clavatus,tgz-only,1,1
fungi,16,aspergillus_flavus,tgz-only,1,1
fungi,16,aspergillus_fumigatus,tgz-only,1,1
fungi,16,aspergillus_fumigatusa1163,tgz-only,1,1
fungi,16,aspergillus_nidulans,tgz-only,1,1
fungi,16,aspergillus_niger,tgz-only,1,1
fungi,16,aspergillus_oryzae,tgz-only,1,1
fungi,16,aspergillus_terreus,tgz-only,1,1
fungi,16,botryotinia_fuckeliana,tgz-only,1,1
fungi,16,fusarium_oxysporum,tgz-only,1,1
fungi,16,gaeumannomyces_graminis,tgz-only,1,1
fungi,16,gibberella_moniliformis,tgz-only,1,1
fungi,16,gibberella_zeae,tgz-only,1,1
fungi,16,leptosphaeria_maculans,tgz-only,1,1
fungi,16,magnaporthe_oryzae,tgz-only,1,1
fungi,16,magnaporthe_poae,tgz-only,1,1
fungi,16,mycosphaerella_graminicola,tgz-only,1,1
fungi,16,nectria_haematococca,tgz-only,1,1
fungi,16,neosartorya_fischeri,tgz-only,1,1
fungi,16,neurospora_crassa,tgz-only,1,1
fungi,16,phaeosphaeria_nodorum,tgz-only,1,1
fungi,16,puccinia_graminis,tgz-only,1,1
fungi,16,puccinia_triticina,tgz-only,1,1
fungi,16,saccharomyces_cerevisiae,tgz-only,1,1
fungi,16,schizosaccharomyces_pombe,tgz-only,1,1
fungi,16,sclerotinia_sclerotiorum,tgz-only,1,1
fungi,16,trichoderma_virens,tgz-only,1,1
fungi,16,tuber_melanosporum,tgz-only,1,1
fungi,16,ustilago_maydis,tgz-only,1,1
fungi,20,hyaloperonospora_arabidopsidis,dir,1,1
fungi,20,phytophthora_infestans,dir,1,1
fungi,20,phytophthora_sojae,dir,1,1
fungi,24,ashbya_gossypii,tgz-only,1,1
fungi,24,aspergillus_clavatus,tgz-only,1,1
fungi,24,aspergillus_flavus,tgz-only,1,1
fungi,24,aspergillus_fumigatus,tgz-only,1,1
fungi,24,aspergillus_fumigatusa1163,tgz-only,1,1
fungi,24,aspergillus_nidulans,tgz-only,1,1
fungi,24,aspergillus_niger,tgz-only,1,1
fungi,24,aspergillus_oryzae,tgz-only,1,1
fungi,24,aspergillus_terreus,tgz-only,1,1
fungi,24,blumeria_graminis,tgz-only,1,1
fungi,24,botryotinia_fuckeliana,tgz-only,1,1
fungi,24,colletotrichum_gloeosporioides,tgz-only,1,1
fungi,24,colletotrichum_higginsianum,tgz-only,1,1
fungi,24,colletotrichum_orbiculare,tgz-only,1,1
fungi,24,cryptococcus_neoformans,tgz-only,1,1
fungi,24,dothistroma_septosporum,tgz-only,1,1
fungi,24,fusarium_fujikuroi,tgz-only,1,1
fungi,24,fusarium_oxysporum,tgz-only,1,1
fungi,24,fusarium_pseudograminearum,tgz-only,1,1
fungi,24,gaeumannomyces_graminis,tgz-only,1,1
fungi,24,gibberella_moniliformis,tgz-only,1,1
fungi,24,gibberella_zeae,tgz-only,1,1
fungi,24,glomerella_graminicola,tgz-only,1,1
fungi,24,komagataella_pastoris,tgz-only,1,1
fungi,24,leptosphaeria_maculans,tgz-only,1,1
fungi,24,magnaporthe_oryzae,tgz-only,1,1
fungi,24,magnaporthe_poae,tgz-only,1,1
fungi,24,melampsora_laricipopulina,tgz-only,1,1
fungi,24,microbotryum_violaceum,tgz-only,1,1
fungi,24,nectria_haematococca,tgz-only,1,1
fungi,24,neosartorya_fischeri,tgz-only,1,1
fungi,24,neurospora_crassa,tgz-only,1,1
fungi,24,phaeosphaeria_nodorum,tgz-only,1,1
fungi,24,puccinia_graminis,tgz-only,1,1
fungi,24,puccinia_graminisug99,tgz-only,1,1
fungi,24,puccinia_triticina,tgz-only,1,1
fungi,24,pyrenophora_teres,tgz-only,1,1
fungi,24,pyrenophora_triticirepentis,tgz-only,1,1
fungi,24,saccharomyces_cerevisiae,tgz-only,1,1
fungi,24,schizosaccharomyces_cryophilus,tgz-only,1,1
fungi,24,schizosaccharomyces_japonicus,tgz-only,1,1
fungi,24,schizosaccharomyces_octosporus,tgz-only,1,1
fungi,24,schizosaccharomyces_pombe,tgz-only,1,1
fungi,24,sclerotinia_sclerotiorum,tgz-only,1,1
fungi,24,sporisorium_reilianum,tgz-only,1,1
fungi,24,trichoderma_reesei,tgz-only,1,1
fungi,24,trichoderma_virens,tgz-only,1,1
fungi,24,tuber_melanosporum,tgz-only,1,1
fungi,24,ustilago_maydis,tgz-only,1,1
fungi,24,verticillium_dahliae,tgz-only,1,1
fungi,24,yarrowia_lipolytica,tgz-only,1,1
fungi,24,zymoseptoria_tritici,tgz-only,1,1
fungi,49,ashbya_gossypii,tgz-only,1,1
fungi,49,aspergillus_clavatus,tgz-only,1,1
fungi,49,aspergillus_flavus,tgz-only,1,1
fungi,49,aspergillus_fumigatus,tgz-only,1,1
fungi,49,aspergillus_fumigatusa1163,tgz-only,1,1
fungi,49,aspergillus_nidulans,tgz-only,1,1
fungi,49,aspergillus_niger,tgz-only,1,1
fungi,49,aspergillus_oryzae,tgz-only,1,1
fungi,49,aspergillus_terreus,tgz-only,1,1
fungi,49,beauveria_bassiana,tgz-only,1,1
fungi,49,blumeria_graminis,tgz-only,1,1
fungi,49,botrytis_cinerea,tgz-only,1,1
fungi,49,colletotrichum_gloeosporioides,tgz-only,1,1
fungi,49,colletotrichum_graminicola,tgz-only,1,1
fungi,49,colletotrichum_higginsianum,tgz-only,1,1
fungi,49,colletotrichum_orbiculare,tgz-only,1,1
fungi,49,cryptococcus_neoformans,tgz-only,1,1
fungi,49,dothistroma_septosporum,tgz-only,1,1
fungi,49,fusarium_culmorum,tgz-only,1,1
fungi,49,fusarium_fujikuroi,tgz-only,1,1
fungi,49,fusarium_graminearum,tgz-only,1,1
fungi,49,fusarium_oxysporum,tgz-only,1,1
fungi,49,fusarium_pseudograminearum,tgz-only,1,1
fungi,49,fusarium_solani,tgz-only,1,1
fungi,49,fusarium_verticillioides,tgz-only,1,1
fungi,49,gaeumannomyces_graminis,tgz-only,1,1
fungi,49,komagataella_pastoris,tgz-only,1,1
fungi,49,leptosphaeria_maculans,tgz-only,1,1
fungi,49,magnaporthe_oryzae,tgz-only,1,1
fungi,49,magnaporthe_poae,tgz-only,1,1
fungi,49,melampsora_laricipopulina,tgz-only,1,1
fungi,49,microbotryum_violaceum,tgz-only,1,1
fungi,49,neosartorya_fischeri,tgz-only,1,1
fungi,49,neurospora_crassa,tgz-only,1,1
fungi,49,phaeosphaeria_nodorum,tgz-only,1,1
fungi,49,puccinia_graminis,tgz-only,1,1
fungi,49,puccinia_graminisug99,tgz-only,1,1
fungi,49,puccinia_striiformis,tgz-only,1,1
fungi,49,puccinia_triticina,tgz-only,1,1
fungi,49,pyrenophora_teres,tgz-only,1,1
fungi,49,pyrenophora_triticirepentis,tgz-only,1,1
fungi,49,saccharomyces_cerevisiae,tgz-only,1,1
fungi,49,schizosaccharomyces_cryophilus,tgz-only,1,1
fungi,49,schizosaccharomyces_japonicus,tgz-only,1,1
fungi,49,schizosaccharomyces_octosporus,tgz-only,1,1
fungi,49,schizosaccharomyces_pombe,tgz-only,1,1
fungi,49,sclerotinia_sclerotiorum,tgz-only,1,1
fungi,49,sporisorium_reilianum,tgz-only,1,1
fungi,49,trichoderma_reesei,tgz-only,1,1
fungi,49,trichoderma_virens,tgz-only,1,1
fungi,49,tuber_melanosporum,tgz-only,1,1
fungi,49,ustilago_maydis,tgz-only,1,1
fungi,49,verticillium_dahliae,tgz-only,1,1
fungi,49,verticillium_dahliaejr2,tgz-only,1,1
fungi,49,yarrowia_lipolytica,tgz-only,1,1
fungi,49,zymoseptoria_tritici,tgz-only,1,1
fungi,50,ashbya_gossypii,tgz-only,1,1
fungi,50,aspergillus_clavatus,tgz-only,1,1
fungi,50,aspergillus_flavus,tgz-only,1,1
fungi,50,aspergillus_fumigatus,tgz-only,1,1
fungi,50,aspergillus_fumigatusa1163,tgz-only,1,1
fungi,50,aspergillus_nidulans,tgz-only,1,1
fungi,50,aspergillus_niger,tgz-only,1,1
fungi,50,aspergillus_oryzae,tgz-only,1,1
fungi,50,aspergillus_terreus,tgz-only,1,1
fungi,50,beauveria_bassiana,tgz-only,1,1
fungi,50,blumeria_graminis,tgz-only,1,1
fungi,50,botrytis_cinerea,tgz-only,1,1
fungi,50,colletotrichum_gloeosporioides,tgz-only,1,1
fungi,50,colletotrichum_graminicola,tgz-only,1,1
fungi,50,colletotrichum_higginsianum,tgz-only,1,1
fungi,50,colletotrichum_orbiculare,tgz-only,1,1
fungi,50,cryptococcus_neoformans,tgz-only,1,1
fungi,50,dothistroma_septosporum,tgz-only,1,1
fungi,50,fusarium_culmorum,tgz-only,1,1
fungi,50,fusarium_fujikuroi,tgz-only,1,1
fungi,50,fusarium_graminearum,tgz-only,1,1
fungi,50,fusarium_oxysporum,tgz-only,1,1
fungi,50,fusarium_pseudograminearum,tgz-only,1,1
fungi,50,fusarium_solani,tgz-only,1,1
fungi,50,fusarium_verticillioides,tgz-only,1,1
fungi,50,gaeumannomyces_graminis,tgz-only,1,1
fungi,50,komagataella_pastoris,tgz-only,1,1
fungi,50,leptosphaeria_maculans,tgz-only,1,1
fungi,50,magnaporthe_oryzae,tgz-only,1,1
fungi,50,magnaporthe_poae,tgz-only,1,1
fungi,50,melampsora_laricipopulina,tgz-only,1,1
fungi,50,microbotryum_violaceum,tgz-only,1,1
fungi,50,neosartorya_fischeri,tgz-only,1,1
fungi,50,neurospora_crassa,tgz-only,1,1
fungi,50,phaeosphaeria_nodorum,tgz-only,1,1
fungi,50,puccinia_graminis,tgz-only,1,1
fungi,50,puccinia_graminisug99,tgz-only,1,1
fungi,50,puccinia_striiformis,tgz-only,1,1
fungi,50,puccinia_triticina,tgz-only,1,1
fungi,50,pyrenophora_teres,tgz-only,1,1
fungi,50,pyrenophora_triticirepentis,tgz-only,1,1
fungi,50,saccharomyces_cerevisiae,tgz-only,1,1
fungi,50,schizosaccharomyces_cryophilus,tgz-only,1,1
fungi,50,schizosaccharomyces_japonicus,tgz-only,1,1
fungi,50,schizosaccharomyces_octosporus,tgz-only,1,1
fungi,50,schizosaccharomyces_pombe,tgz-only,1,1
fungi,50,sclerotinia_sclerotiorum,tgz-only,1,1
fungi,50,sporisorium_reilianum,tgz-only,1,1
fungi,50,trichoderma_reesei,tgz-only,1,1
fungi,50,trichoderma_virens,tgz-only,1,1
fungi,50,tuber_melanosporum,tgz-only,1,1
fungi,50,ustilago_maydis,tgz-only,1,1
fungi,50,verticillium_dahliae,tgz-only,1,1
fungi,50,verticillium_dahliaejr2,tgz-only,1,1
fungi,50,yarrowia_lipolytica,tgz-only,1,1
fungi,50,zymoseptoria_tritici,tgz-only,1,1
fungi,51,ashbya_gossypii,tgz-only,1,1
fungi,51,aspergillus_clavatus,tgz-only,1,1
fungi,51,aspergillus_flavus,tgz-only,1,1
fungi,51,aspergillus_fumigatus,tgz-only,1,1
fungi,51,aspergillus_fumigatusa1163,tgz-only,1,1
fungi,51,aspergillus_nidulans,tgz-only,1,1
fungi,51,aspergillus_niger,tgz-only,1,1
fungi,51,aspergillus_oryzae,tgz-only,1,1
fungi,51,aspergillus_terreus,tgz-only,1,1
fungi,51,beauveria_bassiana,tgz-only,1,1
fungi,51,blumeria_graminis,tgz-only,1,1
fungi,51,botrytis_cinerea,tgz-only,1,1
fungi,51,colletotrichum_gloeosporioides,tgz-only,1,1
fungi,51,colletotrichum_graminicola,tgz-only,1,1
fungi,51,colletotrichum_higginsianum,tgz-only,1,1
fungi,51,colletotrichum_orbiculare,tgz-only,1,1
fungi,51,cryptococcus_neoformans,tgz-only,1,1
fungi,51,dothistroma_septosporum,tgz-only,1,1
fungi,51,fusarium_culmorum,tgz-only,1,1
fungi,51,fusarium_fujikuroi,tgz-only,1,1
fungi,51,fusarium_graminearum,tgz-only,1,1
fungi,51,fusarium_oxysporum,tgz-only,1,1
fungi,51,fusarium_pseudograminearum,tgz-only,1,1
fungi,51,fusarium_solani,tgz-only,1,1
fungi,51,fusarium_verticillioides,tgz-only,1,1
fungi,51,gaeumannomyces_graminis,tgz-only,1,1
fungi,51,komagataella_pastoris,tgz-only,1,1
fungi,51,leptosphaeria_maculans,tgz-only,1,1
fungi,51,magnaporthe_oryzae,tgz-only,1,1
fungi,51,magnaporthe_poae,tgz-only,1,1
fungi,51,melampsora_laricipopulina,tgz-only,1,1
fungi,51,microbotryum_violaceum,tgz-only,1,1
fungi,51,neosartorya_fischeri,tgz-only,1,1
fungi,51,neurospora_crassa,tgz-only,1,1
fungi,51,phaeosphaeria_nodorum,tgz-only,1,1
fungi,51,puccinia_graminis,tgz-only,1,1
fungi,51,puccinia_graminisug99,tgz-only,1,1
fungi,51,puccinia_striiformis,tgz-only,1,1
fungi,51,puccinia_triticina,tgz-only,1,1
fungi,51,pyrenophora_teres,tgz-only,1,1
fungi,51,pyrenophora_triticirepentis,tgz-only,1,1
fungi,51,saccharomyces_cerevisiae,tgz-only,1,1
fungi,51,schizosaccharomyces_cryophilus,tgz-only,1,1
fungi,51,schizosaccharomyces_japonicus,tgz-only,1,1
fungi,51,schizosaccharomyces_octosporus,tgz-only,1,1
fungi,51,schizosaccharomyces_pombe,tgz-only,1,1
fungi,51,sclerotinia_sclerotiorum,tgz-only,1,1
fungi,51,sporisorium_reilianum,tgz-only,1,1
fungi,51,trichoderma_reesei,tgz-only,1,1
fungi,51,trichoderma_virens,tgz-only,1,1
fungi,51,tuber_melanosporum,tgz-only,1,1
fungi,51,ustilago_maydis,tgz-only,1,1
fungi,51,verticillium_dahliae,tgz-only,1,1
fungi,51,verticillium_dahliaejr2,tgz-only,1,1
fungi,51,yarrowia_lipolytica,tgz-only,1,1
fungi,51,zymoseptoria_tritici,tgz-only,1,1
metazoa,33,tribolium_castaneum,dir,1,0
metazoa,45,acyrthosiphon_pisum,tgz-only,1,1
metazoa,45,adineta_vaga,tgz-only,1,1
metazoa,45,aedes_aegypti,tgz-only,1,1
metazoa,45,amphimedon_queenslandica,tgz-only,1,1
metazoa,45,anopheles_darlingi,tgz-only,1,1
metazoa,45,anopheles_gambiae,tgz-only,1,1
metazoa,45,anoplophora_glabripennis,tgz-only,1,1
metazoa,45,apis_mellifera,tgz-only,1,1
metazoa,45,atta_cephalotes,tgz-only,1,1
metazoa,45,belgica_antarctica,tgz-only,1,1
metazoa,45,bombus_impatiens,tgz-only,1,1
metazoa,45,bombus_terrestris,tgz-only,1,1
metazoa,45,bombyx_mori,tgz-only,1,1
metazoa,45,branchiostoma_lanceolatum,tgz-only,1,1
metazoa,45,brugia_malayi,tgz-only,1,1
metazoa,45,caenorhabditis_brenneri,tgz-only,1,1
metazoa,45,caenorhabditis_briggsae,tgz-only,1,1
metazoa,45,caenorhabditis_elegans,tgz-only,1,1
metazoa,45,caenorhabditis_japonica,tgz-only,1,1
metazoa,45,caenorhabditis_remanei,tgz-only,1,1
metazoa,45,capitella_teleta,tgz-only,1,1
metazoa,45,crassostrea_gigas,tgz-only,1,1
metazoa,45,culex_quinquefasciatus,tgz-only,1,1
metazoa,45,culicoides_sonorensis,tgz-only,1,1
metazoa,45,danaus_plexippus,tgz-only,1,1
metazoa,45,daphnia_magna,tgz-only,1,1
metazoa,45,daphnia_pulex,tgz-only,1,1
metazoa,45,dendroctonus_ponderosae,tgz-only,1,1
metazoa,45,dinothrombium_tinctorium,tgz-only,1,1
metazoa,45,drosophila_ananassae,tgz-only,1,1
metazoa,45,drosophila_erecta,tgz-only,1,1
metazoa,45,drosophila_grimshawi,tgz-only,1,1
metazoa,45,drosophila_melanogaster,tgz-only,1,1
metazoa,45,drosophila_mojavensis,tgz-only,1,1
metazoa,45,drosophila_persimilis,tgz-only,1,1
metazoa,45,drosophila_pseudoobscura,tgz-only,1,1
metazoa,45,drosophila_sechellia,tgz-only,1,1
metazoa,45,drosophila_simulans,tgz-only,1,1
metazoa,45,drosophila_virilis,tgz-only,1,1
metazoa,45,drosophila_willistoni,tgz-only,1,1
metazoa,45,drosophila_yakuba,tgz-only,1,1
metazoa,45,folsomia_candida,tgz-only,1,1
metazoa,45,heliconius_melpomene,tgz-only,1,1
metazoa,45,helobdella_robusta,tgz-only,1,1
metazoa,45,hofstenia_miamia,tgz-only,1,1
metazoa,45,ixodes_scapularis,tgz-only,1,1
metazoa,45,lepeophtheirus_salmonis,tgz-only,1,1
metazoa,45,leptotrombidium_deliense,tgz-only,1,1
metazoa,45,lingula_anatina,tgz-only,1,1
metazoa,45,loa_loa,tgz-only,1,1
metazoa,45,lottia_gigantea,tgz-only,1,1
metazoa,45,lucilia_cuprina,tgz-only,1,1
metazoa,45,mayetiola_destructor,tgz-only,1,1
metazoa,45,megaselia_scalaris,tgz-only,1,1
metazoa,45,melitaea_cinxia,tgz-only,1,1
metazoa,45,mnemiopsis_leidyi,tgz-only,1,1
metazoa,45,nasonia_vitripennis,tgz-only,1,1
metazoa,45,nematostella_vectensis,tgz-only,1,1
metazoa,45,octopus_bimaculoides,tgz-only,1,1
metazoa,45,onchocerca_volvulus,tgz-only,1,1
metazoa,45,orchesella_cincta,tgz-only,1,1
metazoa,45,pediculus_humanus,tgz-only,1,1
metazoa,45,pristionchus_pacificus,tgz-only,1,1
metazoa,45,rhodnius_prolixus,tgz-only,1,1
metazoa,45,sarcoptes_scabiei,tgz-only,1,1
metazoa,45,schistosoma_mansoni,tgz-only,1,1
metazoa,45,solenopsis_invicta,tgz-only,1,1
metazoa,45,stegodyphus_mimosarum,tgz-only,1,1
metazoa,45,strigamia_maritima,tgz-only,1,1
metazoa,45,strongylocentrotus_purpuratus,tgz-only,1,1
metazoa,45,strongyloides_ratti,tgz-only,1,1
metazoa,45,teleopsis_dalmanni,tgz-only,1,1
metazoa,45,tetranychus_urticae,tgz-only,1,1
metazoa,45,thelohanellus_kitauei,tgz-only,1,1
metazoa,45,tribolium_castaneum,tgz-only,1,1
metazoa,45,trichinella_spiralis,tgz-only,1,1
metazoa,45,trichoplax_adhaerens,tgz-only,1,1
metazoa,45,zootermopsis_nevadensis,tgz-only,1,1
metazoa,49,acyrthosiphon_pisum,tgz-only,1,1
metazoa,49,adineta_vaga,tgz-only,1,1
metazoa,49,aedes_aegypti_lvpagwg,tgz-only,1,1
metazoa,49,aedes_albopictus,tgz-only,1,1
metazoa,49,amphimedon_queenslandica,tgz-only,1,1
metazoa,49,anopheles_albimanus,tgz-only,1,1
metazoa,49,anopheles_arabiensis,tgz-only,1,1
metazoa,49,anopheles_atroparvus,tgz-only,1,1
metazoa,49,anopheles_christyi,tgz-only,1,1
metazoa,49,anopheles_coluzzii,tgz-only,1,1
metazoa,49,anopheles_coluzzii_ngousso,tgz-only,1,1
metazoa,49,anopheles_culicifacies,tgz-only,1,1
metazoa,49,anopheles_darlingi,tgz-only,1,1
metazoa,49,anopheles_dirus,tgz-only,1,1
metazoa,49,anopheles_epiroticus,tgz-only,1,1
metazoa,49,anopheles_farauti,tgz-only,1,1
metazoa,49,anopheles_funestus,tgz-only,1,1
metazoa,49,anopheles_gambiae,tgz-only,1,1
metazoa,49,anopheles_maculatus,tgz-only,1,1
metazoa,49,anopheles_melas,tgz-only,1,1
metazoa,49,anopheles_merus,tgz-only,1,1
metazoa,49,anopheles_minimus,tgz-only,1,1
metazoa,49,anopheles_quadriannulatus,tgz-only,1,1
metazoa,49,anopheles_sinensis,tgz-only,1,1
metazoa,49,anopheles_sinensis_china,tgz-only,1,1
metazoa,49,anopheles_stephensi,tgz-only,1,1
metazoa,49,anopheles_stephensi_indian,tgz-only,1,1
metazoa,49,anoplophora_glabripennis,tgz-only,1,1
metazoa,49,apis_mellifera,tgz-only,1,1
metazoa,49,atta_cephalotes,tgz-only,1,1
metazoa,49,belgica_antarctica,tgz-only,1,1
metazoa,49,biomphalaria_glabrata,tgz-only,1,1
metazoa,49,bombus_impatiens,tgz-only,1,1
metazoa,49,bombus_terrestris,tgz-only,1,1
metazoa,49,bombyx_mori,tgz-only,1,1
metazoa,49,branchiostoma_lanceolatum,tgz-only,1,1
metazoa,49,brugia_malayi,tgz-only,1,1
metazoa,49,caenorhabditis_brenneri,tgz-only,1,1
metazoa,49,caenorhabditis_briggsae,tgz-only,1,1
metazoa,49,caenorhabditis_elegans,tgz-only,1,1
metazoa,49,caenorhabditis_japonica,tgz-only,1,1
metazoa,49,caenorhabditis_remanei,tgz-only,1,1
metazoa,49,capitella_teleta,tgz-only,1,1
metazoa,49,cimex_lectularius,tgz-only,1,1
metazoa,49,clytia_hemisphaerica_gca902728285,tgz-only,1,1
metazoa,49,crassostrea_gigas,tgz-only,1,1
metazoa,49,culex_quinquefasciatus,tgz-only,1,1
metazoa,49,culicoides_sonorensis,tgz-only,1,1
metazoa,49,danaus_plexippus,tgz-only,1,1
metazoa,49,daphnia_magna,tgz-only,1,1
metazoa,49,daphnia_pulex,tgz-only,1,1
metazoa,49,dendroctonus_ponderosae,tgz-only,1,1
metazoa,49,dinothrombium_tinctorium,tgz-only,1,1
metazoa,49,drosophila_ananassae,tgz-only,1,1
metazoa,49,drosophila_erecta,tgz-only,1,1
metazoa,49,drosophila_grimshawi,tgz-only,1,1
metazoa,49,drosophila_melanogaster,tgz-only,1,1
metazoa,49,drosophila_mojavensis,tgz-only,1,1
metazoa,49,drosophila_persimilis,tgz-only,1,1
metazoa,49,drosophila_pseudoobscura,tgz-only,1,1
metazoa,49,drosophila_sechellia,tgz-only,1,1
metazoa,49,drosophila_simulans,tgz-only,1,1
metazoa,49,drosophila_virilis,tgz-only,1,1
metazoa,49,drosophila_willistoni,tgz-only,1,1
metazoa,49,drosophila_yakuba,tgz-only,1,1
metazoa,49,folsomia_candida,tgz-only,1,1
metazoa,49,glossina_austeni,tgz-only,1,1
metazoa,49,glossina_brevipalpis,tgz-only,1,1
metazoa,49,glossina_fuscipes,tgz-only,1,1
metazoa,49,glossina_morsitans,tgz-only,1,1
metazoa,49,glossina_pallidipes,tgz-only,1,1
metazoa,49,glossina_palpalis,tgz-only,1,1
metazoa,49,heliconius_melpomene,tgz-only,1,1
metazoa,49,helobdella_robusta,tgz-only,1,1
metazoa,49,hofstenia_miamia,tgz-only,1,1
metazoa,49,ixodes_scapularis,tgz-only,1,1
metazoa,49,ixodes_scapularis_ise6,tgz-only,1,1
metazoa,49,lepeophtheirus_salmonis,tgz-only,1,1
metazoa,49,leptotrombidium_deliense,tgz-only,1,1
metazoa,49,lingula_anatina,tgz-only,1,1
metazoa,49,loa_loa,tgz-only,1,1
metazoa,49,lottia_gigantea,tgz-only,1,1
metazoa,49,lucilia_cuprina,tgz-only,1,1
metazoa,49,lutzomyia_longipalpis,tgz-only,1,1
metazoa,49,mayetiola_destructor,tgz-only,1,1
metazoa,49,megaselia_scalaris,tgz-only,1,1
metazoa,49,melitaea_cinxia,tgz-only,1,1
metazoa,49,mnemiopsis_leidyi,tgz-only,1,1
metazoa,49,musca_domestica,tgz-only,1,1
metazoa,49,nasonia_vitripennis,tgz-only,1,1
metazoa,49,nematostella_vectensis,tgz-only,1,1
metazoa,49,octopus_bimaculoides,tgz-only,1,1
metazoa,49,onchocerca_volvulus,tgz-only,1,1
metazoa,49,orchesella_cincta,tgz-only,1,1
metazoa,49,pediculus_humanus,tgz-only,1,1
metazoa,49,phlebotomus_papatasi,tgz-only,1,1
metazoa,49,pristionchus_pacificus,tgz-only,1,1
metazoa,49,rhodnius_prolixus,tgz-only,1,1
metazoa,49,sarcoptes_scabiei,tgz-only,1,1
metazoa,49,schistosoma_mansoni,tgz-only,1,1
metazoa,49,solenopsis_invicta,tgz-only,1,1
metazoa,49,stegodyphus_mimosarum,tgz-only,1,1
metazoa,49,stomoxys_calcitrans,tgz-only,1,1
metazoa,49,strigamia_maritima,tgz-only,1,1
metazoa,49,strongylocentrotus_purpuratus,tgz-only,1,1
metazoa,49,strongyloides_ratti,tgz-only,1,1
metazoa,49,teleopsis_dalmanni,tgz-only,1,1
metazoa,49,tetranychus_urticae,tgz-only,1,1
metazoa,49,thelohanellus_kitauei,tgz-only,1,1
metazoa,49,tigriopus_californicus_gca007210705,tgz-only,1,1
metazoa,49,tribolium_castaneum,tgz-only,1,1
metazoa,49,trichinella_spiralis,tgz-only,1,1
metazoa,49,trichoplax_adhaerens,tgz-only,1,1
metazoa,49,varroa_destructor_gca002443255,tgz-only,1,1
metazoa,49,zootermopsis_nevadensis,tgz-only,1,1
metazoa,50,actinia_equina_gca011057435,tgz-only,1,1
metazoa,50,acyrthosiphon_pisum,tgz-only,1,1
metazoa,50,adineta_vaga,tgz-only,1,1
metazoa,50,aedes_aegypti_lvpagwg,tgz-only,1,1
metazoa,50,aedes_albopictus,tgz-only,1,1
metazoa,50,amphimedon_queenslandica,tgz-only,1,1
metazoa,50,anopheles_albimanus,tgz-only,1,1
metazoa,50,anopheles_arabiensis,tgz-only,1,1
metazoa,50,anopheles_atroparvus,tgz-only,1,1
metazoa,50,anopheles_christyi,tgz-only,1,1
metazoa,50,anopheles_coluzzii,tgz-only,1,1
metazoa,50,anopheles_coluzzii_ngousso,tgz-only,1,1
metazoa,50,anopheles_culicifacies,tgz-only,1,1
metazoa,50,anopheles_darlingi,tgz-only,1,1
metazoa,50,anopheles_dirus,tgz-only,1,1
metazoa,50,anopheles_epiroticus,tgz-only,1,1
metazoa,50,anopheles_farauti,tgz-only,1,1
metazoa,50,anopheles_funestus,tgz-only,1,1
metazoa,50,anopheles_gambiae,tgz-only,1,1
metazoa,50,anopheles_maculatus,tgz-only,1,1
metazoa,50,anopheles_melas,tgz-only,1,1
metazoa,50,anopheles_merus,tgz-only,1,1
metazoa,50,anopheles_minimus,tgz-only,1,1
metazoa,50,anopheles_quadriannulatus,tgz-only,1,1
metazoa,50,anopheles_sinensis,tgz-only,1,1
metazoa,50,anopheles_sinensis_china,tgz-only,1,1
metazoa,50,anopheles_stephensi,tgz-only,1,1
metazoa,50,anopheles_stephensi_indian,tgz-only,1,1
metazoa,50,anoplophora_glabripennis,tgz-only,1,1
metazoa,50,apis_mellifera,tgz-only,1,1
metazoa,50,atta_cephalotes,tgz-only,1,1
metazoa,50,belgica_antarctica,tgz-only,1,1
metazoa,50,bemisia_tabaci_asiaii5,tgz-only,1,1
metazoa,50,bemisia_tabaci_ssa1nig,tgz-only,1,1
metazoa,50,bemisia_tabaci_ssa1ug,tgz-only,1,1
metazoa,50,bemisia_tabaci_ssa2nig,tgz-only,1,1
metazoa,50,bemisia_tabaci_ssa3nig,tgz-only,1,1
metazoa,50,bemisia_tabaci_sweetpotug,tgz-only,1,1
metazoa,50,biomphalaria_glabrata,tgz-only,1,1
metazoa,50,bombus_impatiens,tgz-only,1,1
metazoa,50,bombus_terrestris,tgz-only,1,1
metazoa,50,bombyx_mori,tgz-only,1,1
metazoa,50,branchiostoma_lanceolatum,tgz-only,1,1
metazoa,50,brugia_malayi,tgz-only,1,1
metazoa,50,caenorhabditis_brenneri,tgz-only,1,1
metazoa,50,caenorhabditis_briggsae,tgz-only,1,1
metazoa,50,caenorhabditis_elegans,tgz-only,1,1
metazoa,50,caenorhabditis_japonica,tgz-only,1,1
metazoa,50,caenorhabditis_remanei,tgz-only,1,1
metazoa,50,capitella_teleta,tgz-only,1,1
metazoa,50,cimex_lectularius,tgz-only,1,1
metazoa,50,clytia_hemisphaerica_gca902728285,tgz-only,1,1
metazoa,50,crassostrea_gigas,tgz-only,1,1
metazoa,50,culex_quinquefasciatus,tgz-only,1,1
metazoa,50,culicoides_sonorensis,tgz-only,1,1
metazoa,50,danaus_plexippus,tgz-only,1,1
metazoa,50,daphnia_magna,tgz-only,1,1
metazoa,50,daphnia_pulex,tgz-only,1,1
metazoa,50,dendroctonus_ponderosae,tgz-only,1,1
metazoa,50,dinothrombium_tinctorium,tgz-only,1,1
metazoa,50,drosophila_ananassae,tgz-only,1,1
metazoa,50,drosophila_erecta,tgz-only,1,1
metazoa,50,drosophila_grimshawi,tgz-only,1,1
metazoa,50,drosophila_melanogaster,tgz-only,1,1
metazoa,50,drosophila_mojavensis,tgz-only,1,1
metazoa,50,drosophila_persimilis,tgz-only,1,1
metazoa,50,drosophila_pseudoobscura,tgz-only,1,1
metazoa,50,drosophila_sechellia,tgz-only,1,1
metazoa,50,drosophila_simulans,tgz-only,1,1
metazoa,50,drosophila_virilis,tgz-only,1,1
metazoa,50,drosophila_willistoni,tgz-only,1,1
metazoa,50,drosophila_yakuba,tgz-only,1,1
metazoa,50,folsomia_candida,tgz-only,1,1
metazoa,50,glossina_austeni,tgz-only,1,1
metazoa,50,glossina_brevipalpis,tgz-only,1,1
metazoa,50,glossina_fuscipes,tgz-only,1,1
metazoa,50,glossina_morsitans,tgz-only,1,1
metazoa,50,glossina_pallidipes,tgz-only,1,1
metazoa,50,glossina_palpalis,tgz-only,1,1
metazoa,50,heliconius_melpomene,tgz-only,1,1
metazoa,50,helobdella_robusta,tgz-only,1,1
metazoa,50,hofstenia_miamia,tgz-only,1,1
metazoa,50,ixodes_scapularis,tgz-only,1,1
metazoa,50,ixodes_scapularis_ise6,tgz-only,1,1
metazoa,50,lepeophtheirus_salmonis,tgz-only,1,1
metazoa,50,leptotrombidium_deliense,tgz-only,1,1
metazoa,50,lingula_anatina,tgz-only,1,1
metazoa,50,loa_loa,tgz-only,1,1
metazoa,50,lottia_gigantea,tgz-only,1,1
metazoa,50,lucilia_cuprina,tgz-only,1,1
metazoa,50,lutzomyia_longipalpis,tgz-only,1,1
metazoa,50,mayetiola_destructor,tgz-only,1,1
metazoa,50,megaselia_scalaris,tgz-only,1,1
metazoa,50,melitaea_cinxia,tgz-only,1,1
metazoa,50,mnemiopsis_leidyi,tgz-only,1,1
metazoa,50,musca_domestica,tgz-only,1,1
metazoa,50,nasonia_vitripennis,tgz-only,1,1
metazoa,50,nematostella_vectensis,tgz-only,1,1
metazoa,50,octopus_bimaculoides,tgz-only,1,1
metazoa,50,onchocerca_volvulus,tgz-only,1,1
metazoa,50,orchesella_cincta,tgz-only,1,1
metazoa,50,pediculus_humanus,tgz-only,1,1
metazoa,50,phlebotomus_papatasi,tgz-only,1,1
metazoa,50,pristionchus_pacificus,tgz-only,1,1
metazoa,50,rhodnius_prolixus,tgz-only,1,1
metazoa,50,sarcoptes_scabiei,tgz-only,1,1
metazoa,50,schistosoma_mansoni,tgz-only,1,1
metazoa,50,solenopsis_invicta,tgz-only,1,1
metazoa,50,stegodyphus_mimosarum,tgz-only,1,1
metazoa,50,stomoxys_calcitrans,tgz-only,1,1
metazoa,50,strigamia_maritima,tgz-only,1,1
metazoa,50,strongylocentrotus_purpuratus,tgz-only,1,1
metazoa,50,strongyloides_ratti,tgz-only,1,1
metazoa,50,teleopsis_dalmanni,tgz-only,1,1
metazoa,50,tetranychus_urticae,tgz-only,1,1
metazoa,50,thelohanellus_kitauei,tgz-only,1,1
metazoa,50,tigriopus_californicus_gca007210705,tgz-only,1,1
metazoa,50,trialeurodes_vaporariorum_gca011764245,tgz-only,1,1
metazoa,50,tribolium_castaneum,tgz-only,1,1
metazoa,50,trichinella_spiralis,tgz-only,1,1
metazoa,50,trichoplax_adhaerens,tgz-only,1,1
metazoa,50,varroa_destructor_gca002443255,tgz-only,1,1
metazoa,50,zootermopsis_nevadensis,tgz-only,1,1
metazoa,51,actinia_equina_gca011057435,tgz-only,1,1
metazoa,51,acyrthosiphon_pisum,tgz-only,1,1
metazoa,51,adineta_vaga,tgz-only,1,1
metazoa,51,aedes_aegypti_lvpagwg,tgz-only,1,1
metazoa,51,aedes_albopictus,tgz-only,1,1
metazoa,51,amphimedon_queenslandica,tgz-only,1,1
metazoa,51,anopheles_albimanus,tgz-only,1,1
metazoa,51,anopheles_arabiensis,tgz-only,1,1
metazoa,51,anopheles_atroparvus,tgz-only,1,1
metazoa,51,anopheles_christyi,tgz-only,1,1
metazoa,51,anopheles_coluzzii,tgz-only,1,1
metazoa,51,anopheles_coluzzii_ngousso,tgz-only,1,1
metazoa,51,anopheles_culicifacies,tgz-only,1,1
metazoa,51,anopheles_darlingi,tgz-only,1,1
metazoa,51,anopheles_dirus,tgz-only,1,1
metazoa,51,anopheles_epiroticus,tgz-only,1,1
metazoa,51,anopheles_farauti,tgz-only,1,1
metazoa,51,anopheles_funestus,tgz-only,1,1
metazoa,51,anopheles_gambiae,tgz-only,1,1
metazoa,51,anopheles_maculatus,tgz-only,1,1
metazoa,51,anopheles_melas,tgz-only,1,1
metazoa,51,anopheles_merus,tgz-only,1,1
metazoa,51,anopheles_minimus,tgz-only,1,1
metazoa,51,anopheles_quadriannulatus,tgz-only,1,1
metazoa,51,anopheles_sinensis,tgz-only,1,1
metazoa,51,anopheles_sinensis_china,tgz-only,1,1
metazoa,51,anopheles_stephensi,tgz-only,1,1
metazoa,51,anopheles_stephensi_indian,tgz-only,1,1
metazoa,51,anoplophora_glabripennis,tgz-only,1,1
metazoa,51,apis_mellifera,tgz-only,1,1
metazoa,51,atta_cephalotes,tgz-only,1,1
metazoa,51,belgica_antarctica,tgz-only,1,1
metazoa,51,bemisia_tabaci_asiaii5,tgz-only,1,1
metazoa,51,bemisia_tabaci_ssa1nig,tgz-only,1,1
metazoa,51,bemisia_tabaci_ssa1ug,tgz-only,1,1
metazoa,51,bemisia_tabaci_ssa2nig,tgz-only,1,1
metazoa,51,bemisia_tabaci_ssa3nig,tgz-only,1,1
metazoa,51,bemisia_tabaci_sweetpotug,tgz-only,1,1
metazoa,51,biomphalaria_glabrata,tgz-only,1,1
metazoa,51,bombus_impatiens,tgz-only,1,1
metazoa,51,bombus_terrestris,tgz-only,1,1
metazoa,51,bombyx_mori,tgz-only,1,1
metazoa,51,branchiostoma_lanceolatum,tgz-only,1,1
metazoa,51,brugia_malayi,tgz-only,1,1
metazoa,51,caenorhabditis_brenneri,tgz-only,1,1
metazoa,51,caenorhabditis_briggsae,tgz-only,1,1
metazoa,51,caenorhabditis_elegans,tgz-only,1,1
metazoa,51,caenorhabditis_japonica,tgz-only,1,1
metazoa,51,caenorhabditis_remanei,tgz-only,1,1
metazoa,51,capitella_teleta,tgz-only,1,1
metazoa,51,cimex_lectularius,tgz-only,1,1
metazoa,51,clytia_hemisphaerica_gca902728285,tgz-only,1,1
metazoa,51,crassostrea_gigas,tgz-only,1,1
metazoa,51,culex_quinquefasciatus,tgz-only,1,1
metazoa,51,culicoides_sonorensis,tgz-only,1,1
metazoa,51,danaus_plexippus,tgz-only,1,1
metazoa,51,daphnia_magna,tgz-only,1,1
metazoa,51,daphnia_pulex,tgz-only,1,1
metazoa,51,dendroctonus_ponderosae,tgz-only,1,1
metazoa,51,dinothrombium_tinctorium,tgz-only,1,1
metazoa,51,drosophila_ananassae,tgz-only,1,1
metazoa,51,drosophila_erecta,tgz-only,1,1
metazoa,51,drosophila_grimshawi,tgz-only,1,1
metazoa,51,drosophila_melanogaster,tgz-only,1,1
metazoa,51,drosophila_mojavensis,tgz-only,1,1
metazoa,51,drosophila_persimilis,tgz-only,1,1
metazoa,51,drosophila_pseudoobscura,tgz-only,1,1
metazoa,51,drosophila_sechellia,tgz-only,1,1
metazoa,51,drosophila_simulans,tgz-only,1,1
metazoa,51,drosophila_virilis,tgz-only,1,1
metazoa,51,drosophila_willistoni,tgz-only,1,1
metazoa,51,drosophila_yakuba,tgz-only,1,1
metazoa,51,folsomia_candida,tgz-only,1,1
metazoa,51,glossina_austeni,tgz-only,1,1
metazoa,51,glossina_brevipalpis,tgz-only,1,1
metazoa,51,glossina_fuscipes,tgz-only,1,1
metazoa,51,glossina_morsitans,tgz-only,1,1
metazoa,51,glossina_pallidipes,tgz-only,1,1
metazoa,51,glossina_palpalis,tgz-only,1,1
metazoa,51,heliconius_melpomene,tgz-only,1,1
metazoa,51,helobdella_robusta,tgz-only,1,1
metazoa,51,hofstenia_miamia,tgz-only,1,1
metazoa,51,ixodes_scapularis,tgz-only,1,1
metazoa,51,ixodes_scapularis_ise6,tgz-only,1,1
metazoa,51,lepeophtheirus_salmonis,tgz-only,1,1
metazoa,51,leptotrombidium_deliense,tgz-only,1,1
metazoa,51,lingula_anatina,tgz-only,1,1
metazoa,51,loa_loa,tgz-only,1,1
metazoa,51,lottia_gigantea,tgz-only,1,1
metazoa,51,lucilia_cuprina,tgz-only,1,1
metazoa,51,lutzomyia_longipalpis,tgz-only,1,1
metazoa,51,mayetiola_destructor,tgz-only,1,1
metazoa,51,megaselia_scalaris,tgz-only,1,1
metazoa,51,melitaea_cinxia,tgz-only,1,1
metazoa,51,mnemiopsis_leidyi,tgz-only,1,1
metazoa,51,musca_domestica,tgz-only,1,1
metazoa,51,nasonia_vitripennis,tgz-only,1,1
metazoa,51,nematostella_vectensis,tgz-only,1,1
metazoa,51,octopus_bimaculoides,tgz-only,1,1
metazoa,51,onchocerca_volvulus,tgz-only,1,1
metazoa,51,orchesella_cincta,tgz-only,1,1
metazoa,51,pediculus_humanus,tgz-only,1,1
metazoa,51,phlebotomus_papatasi,tgz-only,1,1
metazoa,51,pristionchus_pacificus,tgz-only,1,1
metazoa,51,rhodnius_prolixus,tgz-only,1,1
metazoa,51,sarcoptes_scabiei,tgz-only,1,1
metazoa,51,schistosoma_mansoni,tgz-only,1,1
metazoa,51,solenopsis_invicta,tgz-only,1,1
metazoa,51,stegodyphus_mimosarum,tgz-only,1,1
metazoa,51,stomoxys_calcitrans,tgz-only,1,1
metazoa,51,strigamia_maritima,tgz-only,1,1
metazoa,51,strongylocentrotus_purpuratus,tgz-only,1,1
metazoa,51,strongyloides_ratti,tgz-only,1,1
metazoa,51,teleopsis_dalmanni,tgz-only,1,1
metazoa,51,tetranychus_urticae,tgz-only,1,1
metazoa,51,thelohanellus_kitauei,tgz-only,1,1
metazoa,51,tigriopus_californicus_gca007210705,tgz-only,1,1
metazoa,51,trialeurodes_vaporariorum_gca011764245,tgz-only,1,1
metazoa,51,tribolium_castaneum,tgz-only,1,1
metazoa,51,trichinella_spiralis,tgz-only,1,1
metazoa,51,trichoplax_adhaerens,tgz-only,1,1
metazoa,51,varroa_destructor_gca002443255,tgz-only,1,1
metazoa,51,zootermopsis_nevadensis,tgz-only,1,1
metazoa,52,actinia_equina_gca011057435,dir,0,1
metazoa,52,acyrthosiphon_pisum,dir,0,1
metazoa,52,adineta_vaga,dir,0,1
metazoa,52,aedes_aegypti_lvpagwg,dir,0,1
metazoa,52,aedes_albopictus,dir,0,1
metazoa,52,amphimedon_queenslandica,dir,0,1
metazoa,52,anopheles_albimanus,dir,0,1
metazoa,52,anopheles_arabiensis,dir,0,1
metazoa,52,anopheles_atroparvus,dir,0,1
metazoa,52,anopheles_christyi,dir,0,1
metazoa,52,anopheles_coluzzii,dir,0,1
metazoa,52,anopheles_coluzzii_ngousso,dir,0,1
metazoa,52,anopheles_culicifacies,dir,0,1
metazoa,52,anopheles_darlingi,dir,0,1
metazoa,52,anopheles_dirus,dir,0,1
metazoa,52,anopheles_epiroticus,dir,0,1
metazoa,52,anopheles_farauti,dir,0,1
metazoa,52,anopheles_funestus,dir,0,1
metazoa,52,anopheles_gambiae,dir,0,1
metazoa,52,anopheles_maculatus,dir,0,1
metazoa,52,anopheles_melas,dir,0,1
metazoa,52,anopheles_merus,dir,0,1
metazoa,52,anopheles_minimus,dir,0,1
metazoa,52,anopheles_quadriannulatus,dir,0,1
metazoa,52,anopheles_sinensis,dir,0,1
metazoa,52,anopheles_sinensis_china,dir,0,1
metazoa,52,anopheles_stephensi,dir,0,1
metazoa,52,anopheles_stephensi_indian,dir,0,1
metazoa,52,anoplophora_glabripennis,dir,0,1
metazoa,52,apis_mellifera,dir,0,1
metazoa,52,atta_cephalotes,dir,0,1
metazoa,52,belgica_antarctica,dir,0,1
metazoa,52,bemisia_tabaci_asiaii5,dir,0,1
metazoa,52,bemisia_tabaci_ssa1nig,dir,0,1
metazoa,52,bemisia_tabaci_ssa1ug,dir,0,1
metazoa,52,bemisia_tabaci_ssa2nig,dir,0,1
metazoa,52,bemisia_tabaci_ssa3nig,dir,0,1
metazoa,52,bemisia_tabaci_sweetpotug,dir,0,1
metazoa,52,biomphalaria_glabrata,dir,0,1
metazoa,52,bombus_impatiens,dir,0,1
metazoa,52,bombus_terrestris,dir,0,1
metazoa,52,bombyx_mori,dir,0,1
metazoa,52,branchiostoma_lanceolatum,dir,0,1
metazoa,52,brugia_malayi,dir,0,1
metazoa,52,caenorhabditis_brenneri,dir,0,1
metazoa,52,caenorhabditis_briggsae,dir,0,1
metazoa,52,caenorhabditis_elegans,tgz-only,1,1
metazoa,52,caenorhabditis_japonica,dir,0,1
metazoa,52,caenorhabditis_remanei,dir,0,1
metazoa,52,capitella_teleta,dir,0,1
metazoa,52,cimex_lectularius,dir,0,1
metazoa,52,clytia_hemisphaerica_gca902728285,dir,0,1
metazoa,52,crassostrea_gigas,dir,0,1
metazoa,52,culex_quinquefasciatus,dir,0,1
metazoa,52,culicoides_sonorensis,dir,0,1
metazoa,52,danaus_plexippus,dir,0,1
metazoa,52,daphnia_magna,dir,0,1
metazoa,52,daphnia_pulex,dir,0,1
metazoa,52,dendroctonus_ponderosae,dir,0,1
metazoa,52,dinothrombium_tinctorium,dir,0,1
metazoa,52,drosophila_ananassae,dir,0,1
metazoa,52,drosophila_erecta,dir,0,1
metazoa,52,drosophila_grimshawi,dir,0,1
metazoa,52,drosophila_melanogaster,tgz-only,1,1
metazoa,52,drosophila_mojavensis,dir,0,1
metazoa,52,drosophila_persimilis,dir,0,1
metazoa,52,drosophila_pseudoobscura,dir,0,1
metazoa,52,drosophila_sechellia,dir,0,1
metazoa,52,drosophila_simulans,dir,0,1
metazoa,52,drosophila_virilis,dir,0,1
metazoa,52,drosophila_willistoni,dir,0,1
metazoa,52,drosophila_yakuba,dir,0,1
metazoa,52,folsomia_candida,dir,0,1
metazoa,52,glossina_austeni,dir,0,1
metazoa,52,glossina_brevipalpis,dir,0,1
metazoa,52,glossina_fuscipes,dir,0,1
metazoa,52,glossina_morsitans,dir,0,1
metazoa,52,glossina_pallidipes,dir,0,1
metazoa,52,glossina_palpalis,dir,0,1
metazoa,52,heliconius_melpomene,dir,0,1
metazoa,52,helobdella_robusta,dir,0,1
metazoa,52,hofstenia_miamia,dir,0,1
metazoa,52,ixodes_scapularis,dir,0,1
metazoa,52,ixodes_scapularis_ise6,dir,0,1
metazoa,52,lepeophtheirus_salmonis,dir,0,1
metazoa,52,leptotrombidium_deliense,dir,0,1
metazoa,52,lingula_anatina,dir,0,1
metazoa,52,loa_loa,dir,0,1
metazoa,52,lottia_gigantea,dir,0,1
metazoa,52,lucilia_cuprina,dir,0,1
metazoa,52,lutzomyia_longipalpis,dir,0,1
metazoa,52,mayetiola_destructor,dir,0,1
metazoa,52,megaselia_scalaris,dir,0,1
metazoa,52,melitaea_cinxia,dir,0,1
metazoa,52,mnemiopsis_leidyi,dir,0,1
metazoa,52,musca_domestica,dir,0,1
metazoa,52,nasonia_vitripennis,dir,0,1
metazoa,52,nematostella_vectensis,dir,0,1
metazoa,52,octopus_bimaculoides,dir,0,1
metazoa,52,onchocerca_volvulus,dir,0,1
metazoa,52,orchesella_cincta,dir,0,1
metazoa,52,pediculus_humanus,dir,0,1
metazoa,52,phlebotomus_papatasi,dir,0,1
metazoa,52,pristionchus_pacificus,dir,0,1
metazoa,52,rhodnius_prolixus,dir,0,1
metazoa,52,sarcoptes_scabiei,dir,0,1
metazoa,52,schistosoma_mansoni,dir,0,1
metazoa,52,solenopsis_invicta,dir,0,1
metazoa,52,stegodyphus_mimosarum,dir,0,1
metazoa,52,stomoxys_calcitrans,dir,0,1
metazoa,52,strigamia_maritima,dir,0,1
metazoa,52,strongylocentrotus_purpuratus,dir,0,1
metazoa,52,strongyloides_ratti,dir,0,1
metazoa,52,teleopsis_dalmanni,dir,0,1
metazoa,52,tetranychus_urticae,dir,0,1
metazoa,52,thelohanellus_kitauei,dir,0,1
metazoa,52,tigriopus_californicus_gca007210705,dir,0,1
metazoa,52,trialeurodes_vaporariorum_gca011764245,dir,0,1
metazoa,52,tribolium_castaneum,dir,0,1
metazoa,52,trichinella_spiralis,dir,0,1
metazoa,52,trichoplax_adhaerens,dir,0,1
metazoa,52,varroa_destructor_gca002443255,dir,0,1
metazoa,52,zootermopsis_nevadensis,dir,0,1
metazoa,53,actinia_equina_gca011057435,dir,0,1
metazoa,53,acyrthosiphon_pisum,dir,0,1
metazoa,53,adineta_vaga,dir,0,1
metazoa,53,aedes_aegypti_lvpagwg,dir,0,1
metazoa,53,aedes_albopictus,dir,0,1
metazoa,53,amphimedon_queenslandica,dir,0,1
metazoa,53,anopheles_albimanus,dir,0,1
metazoa,53,anopheles_arabiensis,dir,0,1
metazoa,53,anopheles_atroparvus,dir,0,1
metazoa,53,anopheles_christyi,dir,0,1
metazoa,53,anopheles_coluzzii,dir,0,1
metazoa,53,anopheles_coluzzii_ngousso,dir,0,1
metazoa,53,anopheles_culicifacies,dir,0,1
metazoa,53,anopheles_darlingi,dir,0,1
metazoa,53,anopheles_dirus,dir,0,1
metazoa,53,anopheles_epiroticus,dir,0,1
metazoa,53,anopheles_farauti,dir,0,1
metazoa,53,anopheles_funestus,dir,0,1
metazoa,53,anopheles_gambiae,dir,0,1
metazoa,53,anopheles_maculatus,dir,0,1
metazoa,53,anopheles_melas,dir,0,1
metazoa,53,anopheles_merus,dir,0,1
metazoa,53,anopheles_minimus,dir,0,1
metazoa,53,anopheles_quadriannulatus,dir,0,1
metazoa,53,anopheles_sinensis,dir,0,1
metazoa,53,anopheles_sinensis_china,dir,0,1
metazoa,53,anopheles_stephensi,dir,0,1
metazoa,53,anopheles_stephensi_indian,dir,0,1
metazoa,53,anoplophora_glabripennis,dir,0,1
metazoa,53,apis_mellifera,dir,0,1
metazoa,53,ascaris_suum,dir,0,1
metazoa,53,atta_cephalotes,dir,0,1
metazoa,53,belgica_antarctica,dir,0,1
metazoa,53,bemisia_tabaci_asiaii5,dir,0,1
metazoa,53,bemisia_tabaci_ssa1nig,dir,0,1
metazoa,53,bemisia_tabaci_ssa1ug,dir,0,1
metazoa,53,bemisia_tabaci_ssa2nig,dir,0,1
metazoa,53,bemisia_tabaci_ssa3nig,dir,0,1
metazoa,53,bemisia_tabaci_sweetpotug,dir,0,1
metazoa,53,biomphalaria_glabrata,dir,0,1
metazoa,53,bombus_impatiens,dir,0,1
metazoa,53,bombus_terrestris,dir,0,1
metazoa,53,bombyx_mori,dir,0,1
metazoa,53,branchiostoma_lanceolatum,dir,0,1
metazoa,53,brugia_malayi,dir,0,1
metazoa,53,caenorhabditis_brenneri,dir,0,1
metazoa,53,caenorhabditis_briggsae,dir,0,1
metazoa,53,caenorhabditis_elegans,tgz-only,1,1
metazoa,53,caenorhabditis_japonica,dir,0,1
metazoa,53,caenorhabditis_remanei,dir,0,1
metazoa,53,capitella_teleta,dir,0,1
metazoa,53,cimex_lectularius,dir,0,1
metazoa,53,clytia_hemisphaerica_gca902728285,dir,0,1
metazoa,53,crassostrea_gigas,dir,0,1
metazoa,53,culex_quinquefasciatus,dir,0,1
metazoa,53,culex_quinquefasciatus_gca015732765v1,dir,0,1
metazoa,53,culicoides_sonorensis,dir,0,1
metazoa,53,danaus_plexippus,dir,0,1
metazoa,53,daphnia_magna,dir,0,1
metazoa,53,daphnia_pulex,dir,0,1
metazoa,53,dendroctonus_ponderosae,dir,0,1
metazoa,53,dermacentor_silvarum_gca013339745v1,dir,0,1
metazoa,53,dinothrombium_tinctorium,dir,0,1
metazoa,53,drosophila_ananassae,dir,0,1
metazoa,53,drosophila_erecta,dir,0,1
metazoa,53,drosophila_grimshawi,dir,0,1
metazoa,53,drosophila_melanogaster,tgz-only,1,1
metazoa,53,drosophila_mojavensis,dir,0,1
metazoa,53,drosophila_persimilis,dir,0,1
metazoa,53,drosophila_pseudoobscura,dir,0,1
metazoa,53,drosophila_sechellia,dir,0,1
metazoa,53,drosophila_simulans,dir,0,1
metazoa,53,drosophila_virilis,dir,0,1
metazoa,53,drosophila_willistoni,dir,0,1
metazoa,53,drosophila_yakuba,dir,0,1
metazoa,53,folsomia_candida,dir,0,1
metazoa,53,glossina_austeni,dir,0,1
metazoa,53,glossina_brevipalpis,dir,0,1
metazoa,53,glossina_fuscipes,dir,0,1
metazoa,53,glossina_morsitans,dir,0,1
metazoa,53,glossina_pallidipes,dir,0,1
metazoa,53,glossina_palpalis,dir,0,1
metazoa,53,haemaphysalis_longicornis_gca013339765v1,dir,0,1
metazoa,53,heliconius_melpomene,dir,0,1
metazoa,53,helobdella_robusta,dir,0,1
metazoa,53,hofstenia_miamia,dir,0,1
metazoa,53,hyalomma_asiaticum_gca013339685v1,dir,0,1
metazoa,53,hymenolepis_microstoma,dir,0,1
metazoa,53,ixodes_persulcatus_gca013358835v1,dir,0,1
metazoa,53,ixodes_scapularis,dir,0,1
metazoa,53,ixodes_scapularis_gca016920785v2,dir,0,1
metazoa,53,ixodes_scapularis_ise6,dir,0,1
metazoa,53,lepeophtheirus_salmonis,dir,0,1
metazoa,53,leptotrombidium_deliense,dir,0,1
metazoa,53,lingula_anatina,dir,0,1
metazoa,53,loa_loa,dir,0,1
metazoa,53,lottia_gigantea,dir,0,1
metazoa,53,lucilia_cuprina,dir,0,1
metazoa,53,lutzomyia_longipalpis,dir,0,1
metazoa,53,mayetiola_destructor,dir,0,1
metazoa,53,megaselia_scalaris,dir,0,1
metazoa,53,melitaea_cinxia,dir,0,1
metazoa,53,mnemiopsis_leidyi,dir,0,1
metazoa,53,musca_domestica,dir,0,1
metazoa,53,nasonia_vitripennis,dir,0,1
metazoa,53,necator_americanus,dir,0,1
metazoa,53,nematostella_vectensis,dir,0,1
metazoa,53,octopus_bimaculoides,dir,0,1
metazoa,53,onchocerca_volvulus,dir,0,1
metazoa,53,orchesella_cincta,dir,0,1
metazoa,53,pediculus_humanus,dir,0,1
metazoa,53,phlebotomus_papatasi,dir,0,1
metazoa,53,pristionchus_pacificus,dir,0,1
metazoa,53,rhipicephalus_microplus_gca013339725v1,dir,0,1
metazoa,53,rhipicephalus_sanguineus_gca013339695v1,dir,0,1
metazoa,53,rhodnius_prolixus,dir,0,1
metazoa,53,sarcoptes_scabiei,dir,0,1
metazoa,53,schistosoma_mansoni,dir,0,1
metazoa,53,solenopsis_invicta,dir,0,1
metazoa,53,stegodyphus_mimosarum,dir,0,1
metazoa,53,stomoxys_calcitrans,dir,0,1
metazoa,53,strigamia_maritima,dir,0,1
metazoa,53,strongylocentrotus_purpuratus,dir,0,1
metazoa,53,strongyloides_ratti,dir,0,1
metazoa,53,teleopsis_dalmanni,dir,0,1
metazoa,53,tetranychus_urticae,dir,0,1
metazoa,53,thelohanellus_kitauei,dir,0,1
metazoa,53,tigriopus_californicus_gca007210705,dir,0,1
metazoa,53,trialeurodes_vaporariorum_gca011764245,dir,0,1
metazoa,53,tribolium_castaneum,dir,0,1
metazoa,53,trichinella_spiralis,dir,0,1
metazoa,53,trichoplax_adhaerens,dir,0,1
metazoa,53,trichuris_muris,dir,0,1
metazoa,53,varroa_destructor_gca002443255,dir,0,1
metazoa,53,zootermopsis_nevadensis,dir,0,1
metazoa,54,actinia_equina_gca011057435,dir,0,1
metazoa,54,acyrthosiphon_pisum,dir,0,1
metazoa,54,adineta_vaga,dir,0,1
metazoa,54,aedes_aegypti_lvpagwg,dir,0,1
metazoa,54,aedes_albopictus,dir,0,1
metazoa,54,agrilus_planipennis_gca000699045v2,dir,0,1
metazoa,54,amphimedon_queenslandica,dir,0,1
metazoa,54,anneissia_japonica_gca011630105v1,dir,0,1
metazoa,54,anopheles_albimanus,dir,0,1
metazoa,54,anopheles_arabiensis,dir,0,1
metazoa,54,anopheles_atroparvus,dir,0,1
metazoa,54,anopheles_atroparvus_gca914969975,dir,0,1
metazoa,54,anopheles_christyi,dir,0,1
metazoa,54,anopheles_coluzzii,dir,0,1
metazoa,54,anopheles_coluzzii_ngousso,dir,0,1
metazoa,54,anopheles_culicifacies,dir,0,1
metazoa,54,anopheles_darlingi,dir,0,1
metazoa,54,anopheles_dirus,dir,0,1
metazoa,54,anopheles_epiroticus,dir,0,1
metazoa,54,anopheles_farauti,dir,0,1
metazoa,54,anopheles_funestus,dir,0,1
metazoa,54,anopheles_gambiae,dir,0,1
metazoa,54,anopheles_maculatus,dir,0,1
metazoa,54,anopheles_melas,dir,0,1
metazoa,54,anopheles_merus,dir,0,1
metazoa,54,anopheles_minimus,dir,0,1
metazoa,54,anopheles_quadriannulatus,dir,0,1
metazoa,54,anopheles_sinensis,dir,0,1
metazoa,54,anopheles_sinensis_china,dir,0,1
metazoa,54,anopheles_stephensi,dir,0,1
metazoa,54,anopheles_stephensi_indian,dir,0,1
metazoa,54,anoplophora_glabripennis,dir,0,1
metazoa,54,aphidius_gifuensis_gca014905175v1,dir,0,1
metazoa,54,apis_mellifera,dir,0,1
metazoa,54,aplysia_californica_gca000002075v2,dir,0,1
metazoa,54,ascaris_suum,dir,0,1
metazoa,54,athalia_rosae_gca000344095v2,dir,0,1
metazoa,54,atta_cephalotes,dir,0,1
metazoa,54,bactrocera_dorsalis_gca000789215v2,dir,0,1
metazoa,54,bactrocera_latifrons_gca001853355v1,dir,0,1
metazoa,54,bactrocera_tryoni_gca016617805v2,dir,0,1
metazoa,54,belgica_antarctica,dir,0,1
metazoa,54,bemisia_tabaci_asiaii5,dir,0,1
metazoa,54,bemisia_tabaci_ssa1nig,dir,0,1
metazoa,54,bemisia_tabaci_ssa1ug,dir,0,1
metazoa,54,bemisia_tabaci_ssa2nig,dir,0,1
metazoa,54,bemisia_tabaci_ssa3nig,dir,0,1
metazoa,54,bemisia_tabaci_sweetpotug,dir,0,1
metazoa,54,biomphalaria_glabrata,dir,0,1
metazoa,54,bombus_impatiens,dir,0,1
metazoa,54,bombus_terrestris,dir,0,1
metazoa,54,bombyx_mori,dir,0,1
metazoa,54,branchiostoma_lanceolatum,dir,0,1
metazoa,54,brugia_malayi,dir,0,1
metazoa,54,caenorhabditis_brenneri,dir,0,1
metazoa,54,caenorhabditis_briggsae,dir,0,1
metazoa,54,caenorhabditis_elegans,tgz-only,1,1
metazoa,54,caenorhabditis_japonica,dir,0,1
metazoa,54,caenorhabditis_remanei,dir,0,1
metazoa,54,capitella_teleta,dir,0,1
metazoa,54,centruroides_sculpturatus_gca000671375v2,dir,0,1
metazoa,54,ceratitis_capitata_gca000347755v4,dir,0,1
metazoa,54,cimex_lectularius,dir,0,1
metazoa,54,clytia_hemisphaerica_gca902728285,dir,0,1
metazoa,54,copidosoma_floridanum_gca000648655v2,dir,0,1
metazoa,54,cotesia_glomerata_gca020080835v1,dir,0,1
metazoa,54,crassostrea_gigas,dir,0,1
metazoa,54,crassostrea_virginica_gca002022765v4,dir,0,1
metazoa,54,culex_quinquefasciatus,dir,0,1
metazoa,54,culex_quinquefasciatus_gca015732765v1,dir,0,1
metazoa,54,culicoides_sonorensis,dir,0,1
metazoa,54,danaus_plexippus,dir,0,1
metazoa,54,daphnia_magna,dir,0,1
metazoa,54,daphnia_pulex,dir,0,1
metazoa,54,dendroctonus_ponderosae_gca000355655v1,dir,0,1
metazoa,54,dendronephthya_gigantea_gca004324835v1,dir,0,1
metazoa,54,dermacentor_silvarum_gca013339745v1,dir,0,1
metazoa,54,dermatophagoides_pteronyssinus_gca001901225v2,dir,0,1
metazoa,54,diabrotica_virgifera_gca003013835v2,dir,0,1
metazoa,54,dinothrombium_tinctorium,dir,0,1
metazoa,54,diuraphis_noxia_gca001186385v1,dir,0,1
metazoa,54,drosophila_ananassae,dir,0,1
metazoa,54,drosophila_erecta,dir,0,1
metazoa,54,drosophila_grimshawi,dir,0,1
metazoa,54,drosophila_melanogaster,tgz-only,1,1
metazoa,54,drosophila_mojavensis,dir,0,1
metazoa,54,drosophila_persimilis,dir,0,1
metazoa,54,drosophila_pseudoobscura,dir,0,1
metazoa,54,drosophila_sechellia,dir,0,1
metazoa,54,drosophila_simulans,dir,0,1
metazoa,54,drosophila_virilis,dir,0,1
metazoa,54,drosophila_willistoni,dir,0,1
metazoa,54,drosophila_yakuba,dir,0,1
metazoa,54,folsomia_candida,dir,0,1
metazoa,54,gigantopelta_aegis_gca016097555v1,dir,0,1
metazoa,54,glossina_austeni,dir,0,1
metazoa,54,glossina_brevipalpis,dir,0,1
metazoa,54,glossina_fuscipes,dir,0,1
metazoa,54,glossina_morsitans,dir,0,1
metazoa,54,glossina_pallidipes,dir,0,1
metazoa,54,glossina_palpalis,dir,0,1
metazoa,54,haemaphysalis_longicornis_gca013339765v1,dir,0,1
metazoa,54,heliconius_melpomene,dir,0,1
metazoa,54,helobdella_robusta,dir,0,1
metazoa,54,hermetia_illucens_gca905115235v1,dir,0,1
metazoa,54,hofstenia_miamia,dir,0,1
metazoa,54,hyalomma_asiaticum_gca013339685v1,dir,0,1
metazoa,54,hydra_vulgaris_gca000004095v1,dir,0,1
metazoa,54,hymenolepis_microstoma,dir,0,1
metazoa,54,ixodes_persulcatus_gca013358835v1,dir,0,1
metazoa,54,ixodes_scapularis,dir,0,1
metazoa,54,ixodes_scapularis_gca016920785v2,dir,0,1
metazoa,54,ixodes_scapularis_ise6,dir,0,1
metazoa,54,lepeophtheirus_salmonis,dir,0,1
metazoa,54,leptinotarsa_decemlineata_gca000500325v2,dir,0,1
metazoa,54,leptotrombidium_deliense,dir,0,1
metazoa,54,limulus_polyphemus_gca000517525v1,dir,0,1
metazoa,54,lingula_anatina,dir,0,1
metazoa,54,loa_loa,dir,0,1
metazoa,54,lottia_gigantea,dir,0,1
metazoa,54,lucilia_cuprina,dir,0,1
metazoa,54,lutzomyia_longipalpis,dir,0,1
metazoa,54,lytechinus_variegatus_gca018143015v1,dir,0,1
metazoa,54,mayetiola_destructor,dir,0,1
metazoa,54,megaselia_scalaris,dir,0,1
metazoa,54,melitaea_cinxia,dir,0,1
metazoa,54,metaseiulus_occidentalis_gca000255335v1,dir,0,1
metazoa,54,mnemiopsis_leidyi,dir,0,1
metazoa,54,monomorium_pharaonis_gca013373865v2,dir,0,1
metazoa,54,musca_domestica,dir,0,1
metazoa,54,nasonia_vitripennis,dir,0,1
metazoa,54,necator_americanus,dir,0,1
metazoa,54,nematostella_vectensis,dir,0,1
metazoa,54,octopus_bimaculoides,dir,0,1
metazoa,54,onchocerca_volvulus,dir,0,1
metazoa,54,onthophagus_taurus_gca000648695v2,dir,0,1
metazoa,54,ooceraea_biroi_gca003672135v1,dir,0,1
metazoa,54,orbicella_faveolata_gca002042975v1,dir,0,1
metazoa,54,orchesella_cincta,dir,0,1
metazoa,54,orussus_abietinus_gca000612105v2,dir,0,1
metazoa,54,parasteatoda_tepidariorum_gca000365465v3,dir,0,1
metazoa,54,pediculus_humanus,dir,0,1
metazoa,54,penaeus_monodon_gca015228065v1,dir,0,1
metazoa,54,phlebotomus_papatasi,dir,0,1
metazoa,54,phlebotomus_perniciosus_gca918844115,dir,0,1
metazoa,54,pocillopora_damicornis_gca003704095v1,dir,0,1
metazoa,54,pomacea_canaliculata_gca003073045v1,dir,0,1
metazoa,54,priapulus_caudatus_gca000485595v2,dir,0,1
metazoa,54,pristionchus_pacificus,dir,0,1
metazoa,54,rhagoletis_pomonella_gca013731165v1,dir,0,1
metazoa,54,rhipicephalus_microplus_gca013339725v1,dir,0,1
metazoa,54,rhipicephalus_sanguineus_gca013339695v1,dir,0,1
metazoa,54,rhodnius_prolixus,dir,0,1
metazoa,54,rhopalosiphum_maidis_gca003676215v3,dir,0,1
metazoa,54,saccoglossus_kowalevskii_gca000003605v1,dir,0,1
metazoa,54,sarcoptes_scabiei,dir,0,1
metazoa,54,schistosoma_mansoni,dir,0,1
metazoa,54,sipha_flava_gca003268045v1,dir,0,1
metazoa,54,solenopsis_invicta,dir,0,1
metazoa,54,stegodyphus_mimosarum,dir,0,1
metazoa,54,stomoxys_calcitrans,dir,0,1
metazoa,54,strigamia_maritima,dir,0,1
metazoa,54,strongylocentrotus_purpuratus,dir,0,1
metazoa,54,strongyloides_ratti,dir,0,1
metazoa,54,stylophora_pistillata_gca002571385v1,dir,0,1
metazoa,54,teleopsis_dalmanni,dir,0,1
metazoa,54,tetranychus_urticae,dir,0,1
metazoa,54,thelohanellus_kitauei,dir,0,1
metazoa,54,tigriopus_californicus_gca007210705,dir,0,1
metazoa,54,trialeurodes_vaporariorum_gca011764245,dir,0,1
metazoa,54,tribolium_castaneum,dir,0,1
metazoa,54,trichinella_spiralis,dir,0,1
metazoa,54,trichogramma_pretiosum_gca000599845v3,dir,0,1
metazoa,54,trichoplax_adhaerens,dir,0,1
metazoa,54,trichuris_muris,dir,0,1
metazoa,54,varroa_destructor_gca002443255,dir,0,1
metazoa,54,zootermopsis_nevadensis,dir,0,1
metazoa,55,acanthaster_planci_gca001949145v1,dir,0,1
metazoa,55,acropora_millepora_gca013753865v1,dir,0,1
metazoa,55,actinia_equina_gca011057435,dir,0,1
metazoa,55,actinia_tenebrosa_gca009602425v1,dir,0,1
metazoa,55,acyrthosiphon_pisum,dir,0,1
metazoa,55,adineta_vaga,dir,0,1
metazoa,55,aedes_aegypti_lvpagwg,dir,0,1
metazoa,55,aedes_albopictus,dir,0,1
metazoa,55,agrilus_planipennis_gca000699045v2,dir,0,1
metazoa,55,amphibalanus_amphitrite_gca019059575v1,dir,0,1
metazoa,55,amphimedon_queenslandica,dir,0,1
metazoa,55,anneissia_japonica_gca011630105v1,dir,0,1
metazoa,55,anopheles_albimanus,dir,0,1
metazoa,55,anopheles_arabiensis,dir,0,1
metazoa,55,anopheles_atroparvus,dir,0,1
metazoa,55,anopheles_atroparvus_gca914969975,dir,0,1
metazoa,55,anopheles_christyi,dir,0,1
metazoa,55,anopheles_coluzzii,dir,0,1
metazoa,55,anopheles_coluzzii_ngousso,dir,0,1
metazoa,55,anopheles_culicifacies,dir,0,1
metazoa,55,anopheles_darlingi,dir,0,1
metazoa,55,anopheles_dirus,dir,0,1
metazoa,55,anopheles_epiroticus,dir,0,1
metazoa,55,anopheles_farauti,dir,0,1
metazoa,55,anopheles_funestus,dir,0,1
metazoa,55,anopheles_gambiae,dir,0,1
metazoa,55,anopheles_maculatus,dir,0,1
metazoa,55,anopheles_melas,dir,0,1
metazoa,55,anopheles_merus,dir,0,1
metazoa,55,anopheles_minimus,dir,0,1
metazoa,55,anopheles_quadriannulatus,dir,0,1
metazoa,55,anopheles_sinensis,dir,0,1
metazoa,55,anopheles_sinensis_china,dir,0,1
metazoa,55,anopheles_stephensi,dir,0,1
metazoa,55,anopheles_stephensi_indian,dir,0,1
metazoa,55,anoplophora_glabripennis,dir,0,1
metazoa,55,aphidius_gifuensis_gca014905175v1,dir,0,1
metazoa,55,apis_mellifera,dir,0,1
metazoa,55,aplysia_californica_gca000002075v2,dir,0,1
metazoa,55,ascaris_suum,dir,0,1
metazoa,55,asterias_rubens_gca902459465v3,dir,0,1
metazoa,55,athalia_rosae_gca000344095v2,dir,0,1
metazoa,55,atta_cephalotes,dir,0,1
metazoa,55,bactrocera_dorsalis_gca000789215v2,dir,0,1
metazoa,55,bactrocera_latifrons_gca001853355v1,dir,0,1
metazoa,55,bactrocera_tryoni_gca016617805v2,dir,0,1
metazoa,55,belgica_antarctica,dir,0,1
metazoa,55,bemisia_tabaci_asiaii5,dir,0,1
metazoa,55,bemisia_tabaci_ssa1nig,dir,0,1
metazoa,55,bemisia_tabaci_ssa1ug,dir,0,1
metazoa,55,bemisia_tabaci_ssa2nig,dir,0,1
metazoa,55,bemisia_tabaci_ssa3nig,dir,0,1
metazoa,55,bemisia_tabaci_uganda1,dir,0,1
metazoa,55,biomphalaria_glabrata,dir,0,1
metazoa,55,bombus_impatiens,dir,0,1
metazoa,55,bombus_terrestris,dir,0,1
metazoa,55,bombyx_mori,dir,0,1
metazoa,55,branchiostoma_lanceolatum,dir,0,1
metazoa,55,brugia_malayi,dir,0,1
metazoa,55,caenorhabditis_brenneri,dir,0,1
metazoa,55,caenorhabditis_briggsae,dir,0,1
metazoa,55,caenorhabditis_elegans,tgz-only,1,1
metazoa,55,caenorhabditis_japonica,dir,0,1
metazoa,55,caenorhabditis_remanei,dir,0,1
metazoa,55,capitella_teleta,dir,0,1
metazoa,55,centruroides_sculpturatus_gca000671375v2,dir,0,1
metazoa,55,ceratitis_capitata_gca000347755v4,dir,0,1
metazoa,55,cimex_lectularius,dir,0,1
metazoa,55,clytia_hemisphaerica_gca902728285,dir,0,1
metazoa,55,copidosoma_floridanum_gca000648655v2,dir,0,1
metazoa,55,cotesia_glomerata_gca020080835v1,dir,0,1
metazoa,55,crassostrea_gigas,dir,0,1
metazoa,55,crassostrea_virginica_gca002022765v4,dir,0,1
metazoa,55,culex_quinquefasciatus,dir,0,1
metazoa,55,culex_quinquefasciatus_gca015732765v1,dir,0,1
metazoa,55,culicoides_sonorensis,dir,0,1
metazoa,55,danaus_plexippus,dir,0,1
metazoa,55,daphnia_magna,dir,0,1
metazoa,55,daphnia_magna_gca020631705v2,dir,0,1
metazoa,55,daphnia_pulex,dir,0,1
metazoa,55,dendroctonus_ponderosae_gca000355655v1,dir,0,1
metazoa,55,dendronephthya_gigantea_gca004324835v1,dir,0,1
metazoa,55,dermacentor_silvarum_gca013339745v1,dir,0,1
metazoa,55,dermatophagoides_pteronyssinus_gca001901225v2,dir,0,1
metazoa,55,diabrotica_virgifera_gca003013835v2,dir,0,1
metazoa,55,dimorphilus_gyrociliatus_gca904063045v1,dir,0,1
metazoa,55,dinothrombium_tinctorium,dir,0,1
metazoa,55,diuraphis_noxia_gca001186385v1,dir,0,1
metazoa,55,drosophila_ananassae,dir,0,1
metazoa,55,drosophila_erecta,dir,0,1
metazoa,55,drosophila_grimshawi,dir,0,1
metazoa,55,drosophila_melanogaster,tgz-only,1,1
metazoa,55,drosophila_mojavensis,dir,0,1
metazoa,55,drosophila_persimilis,dir,0,1
metazoa,55,drosophila_pseudoobscura,dir,0,1
metazoa,55,drosophila_sechellia,dir,0,1
metazoa,55,drosophila_simulans,dir,0,1
metazoa,55,drosophila_virilis,dir,0,1
metazoa,55,drosophila_willistoni,dir,0,1
metazoa,55,drosophila_yakuba,dir,0,1
metazoa,55,eurytemora_affinis_gca000591075v2,dir,0,1
metazoa,55,exaiptasia_diaphana_gca001417965v1,dir,0,1
metazoa,55,folsomia_candida,dir,0,1
metazoa,55,gigantopelta_aegis_gca016097555v1,dir,0,1
metazoa,55,glossina_austeni,dir,0,1
metazoa,55,glossina_brevipalpis,dir,0,1
metazoa,55,glossina_fuscipes,dir,0,1
metazoa,55,glossina_morsitans,dir,0,1
metazoa,55,glossina_pallidipes,dir,0,1
metazoa,55,glossina_palpalis,dir,0,1
metazoa,55,haemaphysalis_longicornis_gca013339765v1,dir,0,1
metazoa,55,heliconius_melpomene,dir,0,1
metazoa,55,helobdella_robusta,dir,0,1
metazoa,55,hermetia_illucens_gca905115235v1,dir,0,1
metazoa,55,hofstenia_miamia,dir,0,1
metazoa,55,homarus_americanus_gca018991925v1,dir,0,1
metazoa,55,hyalella_azteca_gca000764305v2,dir,0,1
metazoa,55,hyalomma_asiaticum_gca013339685v1,dir,0,1
metazoa,55,hydra_vulgaris_gca000004095v1,dir,0,1
metazoa,55,hymenolepis_microstoma,dir,0,1
metazoa,55,hypsibius_exemplaris_gca002082055v1,dir,0,1
metazoa,55,ixodes_persulcatus_gca013358835v1,dir,0,1
metazoa,55,ixodes_scapularis,dir,0,1
metazoa,55,ixodes_scapularis_gca016920785v2,dir,0,1
metazoa,55,ixodes_scapularis_ise6,dir,0,1
metazoa,55,lepeophtheirus_salmonis,dir,0,1
metazoa,55,leptinotarsa_decemlineata_gca000500325v2,dir,0,1
metazoa,55,leptotrombidium_deliense,dir,0,1
metazoa,55,limulus_polyphemus_gca000517525v1,dir,0,1
metazoa,55,lingula_anatina,dir,0,1
metazoa,55,lingula_anatina_gca001039355v2,dir,0,1
metazoa,55,loa_loa,dir,0,1
metazoa,55,lottia_gigantea,dir,0,1
metazoa,55,lucilia_cuprina,dir,0,1
metazoa,55,lutzomyia_longipalpis,dir,0,1
metazoa,55,lytechinus_variegatus_gca018143015v1,dir,0,1
metazoa,55,mayetiola_destructor,dir,0,1
metazoa,55,megaselia_scalaris,dir,0,1
metazoa,55,melitaea_cinxia,dir,0,1
metazoa,55,mercenaria_mercenaria_gca014805675v2,dir,0,1
metazoa,55,metaseiulus_occidentalis_gca000255335v1,dir,0,1
metazoa,55,mizuhopecten_yessoensis_gca002113885v2,dir,0,1
metazoa,55,mnemiopsis_leidyi,dir,0,1
metazoa,55,monomorium_pharaonis_gca013373865v2,dir,0,1
metazoa,55,musca_domestica,dir,0,1
metazoa,55,nasonia_vitripennis,dir,0,1
metazoa,55,necator_americanus,dir,0,1
metazoa,55,nematostella_vectensis,dir,0,1
metazoa,55,octopus_bimaculoides,dir,0,1
metazoa,55,octopus_bimaculoides_gca001194135v1,dir,0,1
metazoa,55,octopus_sinensis_gca006345805v1,dir,0,1
metazoa,55,onchocerca_volvulus,dir,0,1
metazoa,55,onthophagus_taurus_gca000648695v2,dir,0,1
metazoa,55,ooceraea_biroi_gca003672135v1,dir,0,1
metazoa,55,orbicella_faveolata_gca002042975v1,dir,0,1
metazoa,55,orchesella_cincta,dir,0,1
metazoa,55,orussus_abietinus_gca000612105v2,dir,0,1
metazoa,55,owenia_fusiformis_gca903813345v1,dir,0,1
metazoa,55,parasteatoda_tepidariorum_gca000365465v3,dir,0,1
metazoa,55,patiria_miniata_gca015706575v1,dir,0,1
metazoa,55,pediculus_humanus,dir,0,1
metazoa,55,penaeus_japonicus_gca017312705v1,dir,0,1
metazoa,55,penaeus_monodon_gca015228065v1,dir,0,1
metazoa,55,penaeus_vannamei_gca003789085v1,dir,0,1
metazoa,55,phlebotomus_papatasi,dir,0,1
metazoa,55,phlebotomus_perniciosus_gca918844115,dir,0,1
metazoa,55,pocillopora_damicornis_gca003704095v1,dir,0,1
metazoa,55,pollicipes_pollicipes_gca011947565v2,dir,0,1
metazoa,55,pomacea_canaliculata_gca003073045v1,dir,0,1
metazoa,55,portunus_trituberculatus_gca017591435v1,dir,0,1
metazoa,55,priapulus_caudatus_gca000485595v2,dir,0,1
metazoa,55,pristionchus_pacificus,dir,0,1
metazoa,55,procambarus_clarkii_gca020424385v2,dir,0,1
metazoa,55,rhagoletis_pomonella_gca013731165v1,dir,0,1
metazoa,55,rhipicephalus_microplus_gca013339725v1,dir,0,1
metazoa,55,rhipicephalus_sanguineus_gca013339695v1,dir,0,1
metazoa,55,rhodnius_prolixus,dir,0,1
metazoa,55,rhopalosiphum_maidis_gca003676215v3,dir,0,1
metazoa,55,saccoglossus_kowalevskii_gca000003605v1,dir,0,1
metazoa,55,sarcoptes_scabiei,dir,0,1
metazoa,55,schistosoma_mansoni,dir,0,1
metazoa,55,sipha_flava_gca003268045v1,dir,0,1
metazoa,55,solenopsis_invicta,dir,0,1
metazoa,55,stegodyphus_mimosarum,dir,0,1
metazoa,55,stomoxys_calcitrans,dir,0,1
metazoa,55,strigamia_maritima,dir,0,1
metazoa,55,strongylocentrotus_purpuratus,dir,0,1
metazoa,55,strongyloides_ratti,dir,0,1
metazoa,55,stylophora_pistillata_gca002571385v1,dir,0,1
metazoa,55,teleopsis_dalmanni,dir,0,1
metazoa,55,tetranychus_urticae,dir,0,1
metazoa,55,thelohanellus_kitauei,dir,0,1
metazoa,55,tigriopus_californicus_gca007210705,dir,0,1
metazoa,55,trialeurodes_vaporariorum_gca011764245,dir,0,1
metazoa,55,tribolium_castaneum,dir,0,1
metazoa,55,trichinella_spiralis,dir,0,1
metazoa,55,trichogramma_pretiosum_gca000599845v3,dir,0,1
metazoa,55,trichoplax_adhaerens,dir,0,1
metazoa,55,trichuris_muris,dir,0,1
metazoa,55,varroa_destructor_gca002443255,dir,0,1
metazoa,55,zootermopsis_nevadensis,dir,0,1
metazoa,56,acanthaster_planci_gca001949145v1,dir,0,1
metazoa,56,acromyrmex_echinatior_gca000204515v1rs,dir,0,1
metazoa,56,acropora_millepora_gca013753865v1,dir,0,1
metazoa,56,actinia_equina_gca011057435,dir,0,1
metazoa,56,actinia_tenebrosa_gca009602425v1,dir,0,1
metazoa,56,acyrthosiphon_pisum,dir,0,1
metazoa,56,adineta_vaga,dir,0,1
metazoa,56,aedes_aegypti_lvpagwg,dir,0,1
metazoa,56,aedes_albopictus,dir,0,1
metazoa,56,agrilus_planipennis_gca000699045v2,dir,0,1
metazoa,56,amphibalanus_amphitrite_gca019059575v1,dir,0,1
metazoa,56,amphimedon_queenslandica,dir,0,1
metazoa,56,anneissia_japonica_gca011630105v1,dir,0,1
metazoa,56,anopheles_albimanus,dir,0,1
metazoa,56,anopheles_arabiensis,dir,0,1
metazoa,56,anopheles_atroparvus_gca914969975,dir,0,1
metazoa,56,anopheles_christyi,dir,0,1
metazoa,56,anopheles_coluzzii,dir,0,1
metazoa,56,anopheles_coluzzii_ngousso,dir,0,1
metazoa,56,anopheles_culicifacies,dir,0,1
metazoa,56,anopheles_darlingi,dir,0,1
metazoa,56,anopheles_dirus,dir,0,1
metazoa,56,anopheles_epiroticus,dir,0,1
metazoa,56,anopheles_farauti,dir,0,1
metazoa,56,anopheles_funestus,dir,0,1
metazoa,56,anopheles_gambiae,dir,0,1
metazoa,56,anopheles_maculatus,dir,0,1
metazoa,56,anopheles_melas,dir,0,1
metazoa,56,anopheles_merus,dir,0,1
metazoa,56,anopheles_minimus,dir,0,1
metazoa,56,anopheles_quadriannulatus,dir,0,1
metazoa,56,anopheles_sinensis,dir,0,1
metazoa,56,anopheles_sinensis_china,dir,0,1
metazoa,56,anopheles_stephensi,dir,0,1
metazoa,56,anopheles_stephensi_indian,dir,0,1
metazoa,56,anoplophora_glabripennis,dir,0,1
metazoa,56,aphidius_gifuensis_gca014905175v1,dir,0,1
metazoa,56,apis_dorsata_gca000469605v1rs,dir,0,1
metazoa,56,apis_florea_gca000184785v2rs,dir,0,1
metazoa,56,apis_mellifera,dir,0,1
metazoa,56,aplysia_californica_gca000002075v2,dir,0,1
metazoa,56,ascaris_suum,dir,0,1
metazoa,56,asterias_rubens_gca902459465v3,dir,0,1
metazoa,56,athalia_rosae_gca000344095v2,dir,0,1
metazoa,56,atta_cephalotes,dir,0,1
metazoa,56,bactrocera_dorsalis_gca000789215v2,dir,0,1
metazoa,56,bactrocera_latifrons_gca001853355v1,dir,0,1
metazoa,56,bactrocera_tryoni_gca016617805v2,dir,0,1
metazoa,56,belgica_antarctica,dir,0,1
metazoa,56,bemisia_tabaci_asiaii5,dir,0,1
metazoa,56,bemisia_tabaci_ssa1nig,dir,0,1
metazoa,56,bemisia_tabaci_ssa1ug,dir,0,1
metazoa,56,bemisia_tabaci_ssa2nig,dir,0,1
metazoa,56,bemisia_tabaci_ssa3nig,dir,0,1
metazoa,56,bemisia_tabaci_uganda1,dir,0,1
metazoa,56,biomphalaria_glabrata,dir,0,1
metazoa,56,bombus_impatiens,dir,0,1
metazoa,56,bombus_terrestris,dir,0,1
metazoa,56,bombyx_mandarina_gca003987935v1rs,dir,0,1
metazoa,56,bombyx_mori,dir,0,1
metazoa,56,branchiostoma_lanceolatum,dir,0,1
metazoa,56,brugia_malayi,dir,0,1
metazoa,56,caenorhabditis_brenneri,dir,0,1
metazoa,56,caenorhabditis_briggsae,dir,0,1
metazoa,56,caenorhabditis_elegans,tgz-only,1,1
metazoa,56,caenorhabditis_japonica,dir,0,1
metazoa,56,caenorhabditis_remanei,dir,0,1
metazoa,56,camponotus_floridanus_gca003227725v1rs,dir,0,1
metazoa,56,capitella_teleta,dir,0,1
metazoa,56,centruroides_sculpturatus_gca000671375v2,dir,0,1
metazoa,56,ceratitis_capitata_gca000347755v4,dir,0,1
metazoa,56,cimex_lectularius,dir,0,1
metazoa,56,clytia_hemisphaerica_gca902728285,dir,0,1
metazoa,56,copidosoma_floridanum_gca000648655v2,dir,0,1
metazoa,56,cotesia_glomerata_gca020080835v1,dir,0,1
metazoa,56,crassostrea_gigas,dir,0,1
metazoa,56,crassostrea_virginica_gca002022765v4,dir,0,1
metazoa,56,culex_quinquefasciatus,dir,0,1
metazoa,56,culex_quinquefasciatus_gca015732765v1,dir,0,1
metazoa,56,culicoides_sonorensis,dir,0,1
metazoa,56,danaus_plexippus,dir,0,1
metazoa,56,daphnia_magna_gca020631705v2,dir,0,1
metazoa,56,daphnia_pulex,dir,0,1
metazoa,56,daphnia_pulex_gca021134715v1rs,dir,0,1
metazoa,56,daphnia_pulicaria_gca021234035v2rs,dir,0,1
metazoa,56,dendroctonus_ponderosae_gca000355655v1,dir,0,1
metazoa,56,dendronephthya_gigantea_gca004324835v1,dir,0,1
metazoa,56,dermacentor_silvarum_gca013339745v1,dir,0,1
metazoa,56,dermatophagoides_pteronyssinus_gca001901225v2,dir,0,1
metazoa,56,diabrotica_virgifera_gca003013835v2,dir,0,1
metazoa,56,dimorphilus_gyrociliatus_gca904063045v1,dir,0,1
metazoa,56,dinothrombium_tinctorium,dir,0,1
metazoa,56,diuraphis_noxia_gca001186385v1,dir,0,1
metazoa,56,drosophila_ananassae,dir,0,1
metazoa,56,drosophila_erecta,dir,0,1
metazoa,56,drosophila_grimshawi,dir,0,1
metazoa,56,drosophila_melanogaster,tgz-only,1,1
metazoa,56,drosophila_mojavensis,dir,0,1
metazoa,56,drosophila_persimilis,dir,0,1
metazoa,56,drosophila_pseudoobscura,dir,0,1
metazoa,56,drosophila_sechellia,dir,0,1
metazoa,56,drosophila_simulans,dir,0,1
metazoa,56,drosophila_virilis,dir,0,1
metazoa,56,drosophila_willistoni,dir,0,1
metazoa,56,drosophila_yakuba,dir,0,1
metazoa,56,dufourea_novaeangliae_gca001272555v1rs,dir,0,1
metazoa,56,echinococcus_granulosus_gca000524195v1rs,dir,0,1
metazoa,56,eufriesea_mexicana_gca001483705v1rs,dir,0,1
metazoa,56,eurytemora_affinis_gca000591075v2,dir,0,1
metazoa,56,exaiptasia_diaphana_gca001417965v1,dir,0,1
metazoa,56,folsomia_candida,dir,0,1
metazoa,56,galendromus_occidentalis_gca000255335v2rs,dir,0,1
metazoa,56,gigantopelta_aegis_gca016097555v1,dir,0,1
metazoa,56,glossina_austeni,dir,0,1
metazoa,56,glossina_brevipalpis,dir,0,1
metazoa,56,glossina_fuscipes,dir,0,1
metazoa,56,glossina_morsitans,dir,0,1
metazoa,56,glossina_pallidipes,dir,0,1
metazoa,56,glossina_palpalis,dir,0,1
metazoa,56,habropoda_laboriosa_gca001263275v1rs,dir,0,1
metazoa,56,haemaphysalis_longicornis_gca013339765v1,dir,0,1
metazoa,56,haliotis_rubra_gca003918875v1rs,dir,0,1
metazoa,56,haliotis_rufescens_gca023055435v1rs,dir,0,1
metazoa,56,harpegnathos_saltator_gca003227715v2rs,dir,0,1
metazoa,56,heliconius_melpomene,dir,0,1
metazoa,56,helobdella_robusta,dir,0,1
metazoa,56,hermetia_illucens_gca905115235v1,dir,0,1
metazoa,56,hofstenia_miamia,dir,0,1
metazoa,56,homarus_americanus_gca018991925v1,dir,0,1
metazoa,56,hyalella_azteca_gca000764305v2,dir,0,1
metazoa,56,hyalomma_asiaticum_gca013339685v1,dir,0,1
metazoa,56,hydra_vulgaris_gca000004095v1,dir,0,1
metazoa,56,hydra_vulgaris_gca022113875v1rs,dir,0,1
metazoa,56,hymenolepis_microstoma,dir,0,1
metazoa,56,hypsibius_exemplaris_gca002082055v1,dir,0,1
metazoa,56,ixodes_persulcatus_gca013358835v1,dir,0,1
metazoa,56,ixodes_scapularis,dir,0,1
metazoa,56,ixodes_scapularis_gca016920785v2,dir,0,1
metazoa,56,ixodes_scapularis_ise6,dir,0,1
metazoa,56,lepeophtheirus_salmonis,dir,0,1
metazoa,56,lepeophtheirus_salmonis_gca016086655v3rs,dir,0,1
metazoa,56,leptinotarsa_decemlineata_gca000500325v2,dir,0,1
metazoa,56,leptotrombidium_deliense,dir,0,1
metazoa,56,limulus_polyphemus_gca000517525v1,dir,0,1
metazoa,56,linepithema_humile_gca000217595v1rs,dir,0,1
metazoa,56,lingula_anatina,dir,0,1
metazoa,56,lingula_anatina_gca001039355v2,dir,0,1
metazoa,56,loa_loa,dir,0,1
metazoa,56,lottia_gigantea,dir,0,1
metazoa,56,lucilia_cuprina,dir,0,1
metazoa,56,lutzomyia_longipalpis,dir,0,1
metazoa,56,lytechinus_variegatus_gca018143015v1,dir,0,1
metazoa,56,mayetiola_destructor,dir,0,1
metazoa,56,megachile_rotundata_gca000220905v1rs,dir,0,1
metazoa,56,megaselia_scalaris,dir,0,1
metazoa,56,melitaea_cinxia,dir,0,1
metazoa,56,mercenaria_mercenaria_gca014805675v2,dir,0,1
metazoa,56,mizuhopecten_yessoensis_gca002113885v2,dir,0,1
metazoa,56,mnemiopsis_leidyi,dir,0,1
metazoa,56,monomorium_pharaonis_gca013373865v2,dir,0,1
metazoa,56,musca_domestica,dir,0,1
metazoa,56,nasonia_vitripennis,dir,0,1
metazoa,56,necator_americanus,dir,0,1
metazoa,56,nematostella_vectensis,dir,0,1
metazoa,56,octopus_bimaculoides,dir,0,1
metazoa,56,octopus_bimaculoides_gca001194135v1,dir,0,1
metazoa,56,octopus_sinensis_gca006345805v1,dir,0,1
metazoa,56,onchocerca_volvulus,dir,0,1
metazoa,56,onthophagus_taurus_gca000648695v2,dir,0,1
metazoa,56,ooceraea_biroi_gca003672135v1,dir,0,1
metazoa,56,orbicella_faveolata_gca002042975v1,dir,0,1
metazoa,56,orchesella_cincta,dir,0,1
metazoa,56,orussus_abietinus_gca000612105v2,dir,0,1
metazoa,56,owenia_fusiformis_gca903813345v1,dir,0,1
metazoa,56,parasteatoda_tepidariorum_gca000365465v3,dir,0,1
metazoa,56,patiria_miniata_gca015706575v1,dir,0,1
metazoa,56,pediculus_humanus,dir,0,1
metazoa,56,penaeus_chinensis_gca019202785v2rs,dir,0,1
metazoa,56,penaeus_japonicus_gca017312705v1,dir,0,1
metazoa,56,penaeus_monodon_gca015228065v1,dir,0,1
metazoa,56,penaeus_vannamei_gca003789085v1,dir,0,1
metazoa,56,phlebotomus_papatasi,dir,0,1
metazoa,56,phlebotomus_perniciosus_gca918844115,dir,0,1
metazoa,56,pocillopora_damicornis_gca003704095v1,dir,0,1
metazoa,56,pogonomyrmex_barbatus_gca000187915v1rs,dir,0,1
metazoa,56,pollicipes_pollicipes_gca011947565v2,dir,0,1
metazoa,56,pomacea_canaliculata_gca003073045v1,dir,0,1
metazoa,56,pomphorhynchus_laevis_gca012934845v2gb,dir,0,1
metazoa,56,portunus_trituberculatus_gca017591435v1,dir,0,1
metazoa,56,priapulus_caudatus_gca000485595v2,dir,0,1
metazoa,56,pristionchus_pacificus,dir,0,1
metazoa,56,procambarus_clarkii_gca020424385v2,dir,0,1
metazoa,56,rhagoletis_pomonella_gca013731165v1,dir,0,1
metazoa,56,rhipicephalus_microplus_gca013339725v1,dir,0,1
metazoa,56,rhipicephalus_sanguineus_gca013339695v1,dir,0,1
metazoa,56,rhodnius_prolixus,dir,0,1
metazoa,56,rhopalosiphum_maidis_gca003676215v3,dir,0,1
metazoa,56,saccoglossus_kowalevskii_gca000003605v1,dir,0,1
metazoa,56,sarcoptes_scabiei,dir,0,1
metazoa,56,schistosoma_haematobium_gca000699445v2rs,dir,0,1
metazoa,56,schistosoma_mansoni,dir,0,1
metazoa,56,sipha_flava_gca003268045v1,dir,0,1
metazoa,56,solenopsis_invicta,dir,0,1
metazoa,56,stegodyphus_dumicola_gca010614865v2rs,dir,0,1
metazoa,56,stegodyphus_mimosarum,dir,0,1
metazoa,56,stomoxys_calcitrans,dir,0,1
metazoa,56,strigamia_maritima,dir,0,1
metazoa,56,strongylocentrotus_purpuratus,dir,0,1
metazoa,56,strongyloides_ratti,dir,0,1
metazoa,56,stylophora_pistillata_gca002571385v1,dir,0,1
metazoa,56,teleopsis_dalmanni,dir,0,1
metazoa,56,tetranychus_urticae,dir,0,1
metazoa,56,thelohanellus_kitauei,dir,0,1
metazoa,56,tigriopus_californicus_gca007210705,dir,0,1
metazoa,56,trialeurodes_vaporariorum_gca011764245,dir,0,1
metazoa,56,tribolium_castaneum,dir,0,1
metazoa,56,trichinella_spiralis,dir,0,1
metazoa,56,trichogramma_pretiosum_gca000599845v3,dir,0,1
metazoa,56,trichoplax_adhaerens,dir,0,1
metazoa,56,trichuris_muris,dir,0,1
metazoa,56,varroa_destructor_gca002443255,dir,0,1
metazoa,56,zootermopsis_nevadensis,dir,0,1
metazoa,57,acanthaster_planci_gca001949145v1,dir,0,1
metazoa,57,acromyrmex_echinatior_gca000204515v1rs,dir,0,1
metazoa,57,acropora_millepora_gca013753865v1,dir,0,1
metazoa,57,actinia_equina_gca011057435,dir,0,1
metazoa,57,actinia_tenebrosa_gca009602425v1,dir,0,1
metazoa,57,acyrthosiphon_pisum,dir,0,1
metazoa,57,acyrthosiphon_pisum_gca005508785v2rs,dir,0,1
metazoa,57,adineta_vaga,dir,0,1
metazoa,57,aedes_aegypti_lvpagwg,dir,0,1
metazoa,57,aedes_albopictus,dir,0,1
metazoa,57,agrilus_planipennis_gca000699045v2,dir,0,1
metazoa,57,amphibalanus_amphitrite_gca019059575v1,dir,0,1
metazoa,57,amphimedon_queenslandica,dir,0,1
metazoa,57,amphimedon_queenslandica_gca000090795v2rs,dir,0,1
metazoa,57,amyelois_transitella_gca001186105v1rs,dir,0,1
metazoa,57,anneissia_japonica_gca011630105v1,dir,0,1
metazoa,57,anopheles_albimanus,dir,0,1
metazoa,57,anopheles_arabiensis,dir,0,1
metazoa,57,anopheles_atroparvus_gca914969975,dir,0,1
metazoa,57,anopheles_christyi,dir,0,1
metazoa,57,anopheles_coluzzii,dir,0,1
metazoa,57,anopheles_coluzzii_ngousso,dir,0,1
metazoa,57,anopheles_culicifacies,dir,0,1
metazoa,57,anopheles_darlingi,dir,0,1
metazoa,57,anopheles_dirus,dir,0,1
metazoa,57,anopheles_epiroticus,dir,0,1
metazoa,57,anopheles_farauti,dir,0,1
metazoa,57,anopheles_funestus,dir,0,1
metazoa,57,anopheles_gambiae,dir,0,1
metazoa,57,anopheles_maculatus,dir,0,1
metazoa,57,anopheles_melas,dir,0,1
metazoa,57,anopheles_merus,dir,0,1
metazoa,57,anopheles_minimus,dir,0,1
metazoa,57,anopheles_quadriannulatus,dir,0,1
metazoa,57,anopheles_sinensis,dir,0,1
metazoa,57,anopheles_sinensis_china,dir,0,1
metazoa,57,anopheles_stephensi,dir,0,1
metazoa,57,anopheles_stephensi_indian,dir,0,1
metazoa,57,anoplophora_glabripennis,dir,0,1
metazoa,57,anthonomus_grandis_gca022605725v3rs,dir,0,1
metazoa,57,aphidius_gifuensis_gca014905175v1,dir,0,1
metazoa,57,apis_dorsata_gca000469605v1rs,dir,0,1
metazoa,57,apis_florea_gca000184785v2rs,dir,0,1
metazoa,57,apis_mellifera,dir,0,1
metazoa,57,aplysia_californica_gca000002075v2,dir,0,1
metazoa,57,ascaris_suum,dir,0,1
metazoa,57,asterias_rubens_gca902459465v3,dir,0,1
metazoa,57,athalia_rosae_gca000344095v2,dir,0,1
metazoa,57,athalia_rosae_gca917208135v1,dir,0,1
metazoa,57,atta_cephalotes,dir,0,1
metazoa,57,bactrocera_dorsalis_gca000789215v2,dir,0,1
metazoa,57,bactrocera_latifrons_gca001853355v1,dir,0,1
metazoa,57,bactrocera_tryoni_gca016617805v2,dir,0,1
metazoa,57,belgica_antarctica,dir,0,1
metazoa,57,bemisia_tabaci_asiaii5,dir,0,1
metazoa,57,bemisia_tabaci_ssa1nig,dir,0,1
metazoa,57,bemisia_tabaci_ssa1ug,dir,0,1
metazoa,57,bemisia_tabaci_ssa2nig,dir,0,1
metazoa,57,bemisia_tabaci_ssa3nig,dir,0,1
metazoa,57,bemisia_tabaci_uganda1,dir,0,1
metazoa,57,bicyclus_anynana_gca900239965v1rs,dir,0,1
metazoa,57,biomphalaria_glabrata,dir,0,1
metazoa,57,bombus_impatiens,dir,0,1
metazoa,57,bombus_terrestris,dir,0,1
metazoa,57,bombus_terrestris_gca910591885v2,dir,0,1
metazoa,57,bombyx_mandarina_gca003987935v1rs,dir,0,1
metazoa,57,bombyx_mori,dir,0,1
metazoa,57,branchiostoma_lanceolatum,dir,0,1
metazoa,57,brugia_malayi,dir,0,1
metazoa,57,caenorhabditis_brenneri,dir,0,1
metazoa,57,caenorhabditis_briggsae,dir,0,1
metazoa,57,caenorhabditis_elegans,tgz-only,1,1
metazoa,57,caenorhabditis_japonica,dir,0,1
metazoa,57,caenorhabditis_remanei,dir,0,1
metazoa,57,camponotus_floridanus_gca003227725v1rs,dir,0,1
metazoa,57,capitella_teleta,dir,0,1
metazoa,57,centruroides_sculpturatus_gca000671375v2,dir,0,1
metazoa,57,ceratitis_capitata_gca000347755v4,dir,0,1
metazoa,57,chelonus_insularis_gca013357705v1rs,dir,0,1
metazoa,57,cimex_lectularius,dir,0,1
metazoa,57,clytia_hemisphaerica_gca902728285,dir,0,1
metazoa,57,copidosoma_floridanum_gca000648655v2,dir,0,1
metazoa,57,cotesia_glomerata_gca020080835v1,dir,0,1
metazoa,57,crassostrea_gigas,dir,0,1
metazoa,57,crassostrea_virginica_gca002022765v4,dir,0,1
metazoa,57,culex_quinquefasciatus,dir,0,1
metazoa,57,culex_quinquefasciatus_gca015732765v1,dir,0,1
metazoa,57,culicoides_sonorensis,dir,0,1
metazoa,57,danaus_plexippus,dir,0,1
metazoa,57,daphnia_magna_gca020631705v2,dir,0,1
metazoa,57,daphnia_pulex,dir,0,1
metazoa,57,daphnia_pulex_gca021134715v1rs,dir,0,1
metazoa,57,daphnia_pulicaria_gca021234035v2rs,dir,0,1
metazoa,57,dendroctonus_ponderosae_gca000355655v1,dir,0,1
metazoa,57,dendronephthya_gigantea_gca004324835v1,dir,0,1
metazoa,57,dermacentor_andersoni_gca023375885v2rs,dir,0,1
metazoa,57,dermacentor_silvarum_gca013339745v1,dir,0,1
metazoa,57,dermatophagoides_pteronyssinus_gca001901225v2,dir,0,1
metazoa,57,diabrotica_virgifera_gca003013835v2,dir,0,1
metazoa,57,diabrotica_virgifera_gca917563875v2rs,dir,0,1
metazoa,57,dimorphilus_gyrociliatus_gca904063045v1,dir,0,1
metazoa,57,dinothrombium_tinctorium,dir,0,1
metazoa,57,diuraphis_noxia_gca001186385v1,dir,0,1
metazoa,57,drosophila_ananassae,dir,0,1
metazoa,57,drosophila_erecta,dir,0,1
metazoa,57,drosophila_grimshawi,dir,0,1
metazoa,57,drosophila_melanogaster,tgz-only,1,1
metazoa,57,drosophila_mojavensis,dir,0,1
metazoa,57,drosophila_persimilis,dir,0,1
metazoa,57,drosophila_pseudoobscura,dir,0,1
metazoa,57,drosophila_sechellia,dir,0,1
metazoa,57,drosophila_simulans,dir,0,1
metazoa,57,drosophila_virilis,dir,0,1
metazoa,57,drosophila_willistoni,dir,0,1
metazoa,57,drosophila_yakuba,dir,0,1
metazoa,57,dufourea_novaeangliae_gca001272555v1rs,dir,0,1
metazoa,57,echinococcus_granulosus_gca000524195v1rs,dir,0,1
metazoa,57,eufriesea_mexicana_gca001483705v1rs,dir,0,1
metazoa,57,eurytemora_affinis_gca000591075v2,dir,0,1
metazoa,57,exaiptasia_diaphana_gca001417965v1,dir,0,1
metazoa,57,folsomia_candida,dir,0,1
metazoa,57,galendromus_occidentalis_gca000255335v2rs,dir,0,1
metazoa,57,galleria_mellonella_gca003640425v2rs,dir,0,1
metazoa,57,gigantopelta_aegis_gca016097555v1,dir,0,1
metazoa,57,glossina_austeni,dir,0,1
metazoa,57,glossina_brevipalpis,dir,0,1
metazoa,57,glossina_fuscipes,dir,0,1
metazoa,57,glossina_morsitans,dir,0,1
metazoa,57,glossina_pallidipes,dir,0,1
metazoa,57,glossina_palpalis,dir,0,1
metazoa,57,habropoda_laboriosa_gca001263275v1rs,dir,0,1
metazoa,57,haemaphysalis_longicornis_gca013339765v1,dir,0,1
metazoa,57,haliotis_rubra_gca003918875v1rs,dir,0,1
metazoa,57,haliotis_rufescens_gca023055435v1rs,dir,0,1
metazoa,57,harpegnathos_saltator_gca003227715v2rs,dir,0,1
metazoa,57,heliconius_melpomene,dir,0,1
metazoa,57,helicoverpa_armigera_gca023701775v1rs,dir,0,1
metazoa,57,helicoverpa_zea_gca022581195v1rs,dir,0,1
metazoa,57,helobdella_robusta,dir,0,1
metazoa,57,hermetia_illucens_gca905115235v1,dir,0,1
metazoa,57,hofstenia_miamia,dir,0,1
metazoa,57,homalodisca_vitripennis_gca021130785v2rs,dir,0,1
metazoa,57,homarus_americanus_gca018991925v1,dir,0,1
metazoa,57,hyalella_azteca_gca000764305v2,dir,0,1
metazoa,57,hyalomma_asiaticum_gca013339685v1,dir,0,1
metazoa,57,hydra_vulgaris_gca000004095v1,dir,0,1
metazoa,57,hydra_vulgaris_gca022113875v1rs,dir,0,1
metazoa,57,hymenolepis_microstoma,dir,0,1
metazoa,57,hypsibius_exemplaris_gca002082055v1,dir,0,1
metazoa,57,ixodes_persulcatus_gca013358835v1,dir,0,1
metazoa,57,ixodes_scapularis,dir,0,1
metazoa,57,ixodes_scapularis_gca016920785v2,dir,0,1
metazoa,57,ixodes_scapularis_ise6,dir,0,1
metazoa,57,leguminivora_glycinivorella_gca023078275v1rs,dir,0,1
metazoa,57,lepeophtheirus_salmonis,dir,0,1
metazoa,57,lepeophtheirus_salmonis_gca016086655v3rs,dir,0,1
metazoa,57,leptinotarsa_decemlineata_gca000500325v2,dir,0,1
metazoa,57,leptotrombidium_deliense,dir,0,1
metazoa,57,limulus_polyphemus_gca000517525v1,dir,0,1
metazoa,57,linepithema_humile_gca000217595v1rs,dir,0,1
metazoa,57,lingula_anatina,dir,0,1
metazoa,57,lingula_anatina_gca001039355v2,dir,0,1
metazoa,57,loa_loa,dir,0,1
metazoa,57,lottia_gigantea,dir,0,1
metazoa,57,lucilia_cuprina,dir,0,1
metazoa,57,lucilia_cuprina_gca022045245v1rs,dir,0,1
metazoa,57,lutzomyia_longipalpis,dir,0,1
metazoa,57,lytechinus_variegatus_gca018143015v1,dir,0,1
metazoa,57,manduca_sexta_gca014839805v1rs,dir,0,1
metazoa,57,mayetiola_destructor,dir,0,1
metazoa,57,megachile_rotundata_gca000220905v1rs,dir,0,1
metazoa,57,megaselia_scalaris,dir,0,1
metazoa,57,melitaea_cinxia,dir,0,1
metazoa,57,melitaea_cinxia_gca905220565v1,dir,0,1
metazoa,57,mercenaria_mercenaria_gca014805675v2,dir,0,1
metazoa,57,mizuhopecten_yessoensis_gca002113885v2,dir,0,1
metazoa,57,mnemiopsis_leidyi,dir,0,1
metazoa,57,monomorium_pharaonis_gca013373865v2,dir,0,1
metazoa,57,musca_domestica,dir,0,1
metazoa,57,nasonia_vitripennis,dir,0,1
metazoa,57,necator_americanus,dir,0,1
metazoa,57,nematostella_vectensis,dir,0,1
metazoa,57,neodiprion_lecontei_gca021901455v1rs,dir,0,1
metazoa,57,neodiprion_pinetum_gca021155775v1rs,dir,0,1
metazoa,57,nilaparvata_lugens_gca014356525v1rs,dir,0,1
metazoa,57,octopus_bimaculoides,dir,0,1
metazoa,57,octopus_bimaculoides_gca001194135v1,dir,0,1
metazoa,57,octopus_sinensis_gca006345805v1,dir,0,1
metazoa,57,onchocerca_volvulus,dir,0,1
metazoa,57,onthophagus_taurus_gca000648695v2,dir,0,1
metazoa,57,ooceraea_biroi_gca003672135v1,dir,0,1
metazoa,57,orbicella_faveolata_gca002042975v1,dir,0,1
metazoa,57,orchesella_cincta,dir,0,1
metazoa,57,orussus_abietinus_gca000612105v2,dir,0,1
metazoa,57,owenia_fusiformis_gca903813345v1,dir,0,1
metazoa,57,parasteatoda_tepidariorum_gca000365465v3,dir,0,1
metazoa,57,patiria_miniata_gca015706575v1,dir,0,1
metazoa,57,pectinophora_gossypiella_gca024362695v1rs,dir,0,1
metazoa,57,pediculus_humanus,dir,0,1
metazoa,57,penaeus_chinensis_gca019202785v2rs,dir,0,1
metazoa,57,penaeus_japonicus_gca017312705v1,dir,0,1
metazoa,57,penaeus_monodon_gca015228065v1,dir,0,1
metazoa,57,penaeus_vannamei_gca003789085v1,dir,0,1
metazoa,57,phlebotomus_papatasi,dir,0,1
metazoa,57,phlebotomus_perniciosus_gca918844115,dir,0,1
metazoa,57,phlebotomus_perniciosus_gca918844115v2,dir,0,1
metazoa,57,pocillopora_damicornis_gca003704095v1,dir,0,1
metazoa,57,pogonomyrmex_barbatus_gca000187915v1rs,dir,0,1
metazoa,57,polistes_canadensis_gca001313835v1rs,dir,0,1
metazoa,57,polistes_dominula_gca001465965v1rs,dir,0,1
metazoa,57,polistes_fuscatus_gca010416935v1rs,dir,0,1
metazoa,57,pollicipes_pollicipes_gca011947565v2,dir,0,1
metazoa,57,pomacea_canaliculata_gca003073045v1,dir,0,1
metazoa,57,pomphorhynchus_laevis_gca012934845v2gb,dir,0,1
metazoa,57,portunus_trituberculatus_gca017591435v1,dir,0,1
metazoa,57,priapulus_caudatus_gca000485595v2,dir,0,1
metazoa,57,pristionchus_pacificus,dir,0,1
metazoa,57,procambarus_clarkii_gca020424385v2,dir,0,1
metazoa,57,rhagoletis_pomonella_gca013731165v1,dir,0,1
metazoa,57,rhipicephalus_microplus_gca013339725v1,dir,0,1
metazoa,57,rhipicephalus_sanguineus_gca013339695v1,dir,0,1
metazoa,57,rhodnius_prolixus,dir,0,1
metazoa,57,rhopalosiphum_maidis_gca003676215v3,dir,0,1
metazoa,57,saccoglossus_kowalevskii_gca000003605v1,dir,0,1
metazoa,57,sarcoptes_scabiei,dir,0,1
metazoa,57,schistocerca_americana_gca021461395v2rs,dir,0,1
metazoa,57,schistosoma_haematobium_gca000699445v2rs,dir,0,1
metazoa,57,schistosoma_mansoni,dir,0,1
metazoa,57,sipha_flava_gca003268045v1,dir,0,1
metazoa,57,sitophilus_oryzae_gca002938485v2rs,dir,0,1
metazoa,57,solenopsis_invicta,dir,0,1
metazoa,57,stegodyphus_dumicola_gca010614865v2rs,dir,0,1
metazoa,57,stegodyphus_mimosarum,dir,0,1
metazoa,57,stomoxys_calcitrans,dir,0,1
metazoa,57,strigamia_maritima,dir,0,1
metazoa,57,strongylocentrotus_purpuratus,dir,0,1
metazoa,57,strongyloides_ratti,dir,0,1
metazoa,57,stylophora_pistillata_gca002571385v1,dir,0,1
metazoa,57,teleopsis_dalmanni,dir,0,1
metazoa,57,tetranychus_urticae,dir,0,1
metazoa,57,thelohanellus_kitauei,dir,0,1
metazoa,57,thrips_palmi_gca012932325v1rs,dir,0,1
metazoa,57,tigriopus_californicus_gca007210705,dir,0,1
metazoa,57,trialeurodes_vaporariorum_gca011764245,dir,0,1
metazoa,57,tribolium_castaneum,dir,0,1
metazoa,57,trichinella_spiralis,dir,0,1
metazoa,57,trichogramma_pretiosum_gca000599845v3,dir,0,1
metazoa,57,trichoplax_adhaerens,dir,0,1
metazoa,57,trichuris_muris,dir,0,1
metazoa,57,varroa_destructor_gca002443255,dir,0,1
metazoa,57,venturia_canescens_gca019457755v1rs,dir,0,1
metazoa,57,zerene_cesonia_gca012273895v2rs,dir,0,1
metazoa,57,zootermopsis_nevadensis,dir,0,1
metazoa,58,acanthaster_planci_gca001949145v1,dir,0,1
metazoa,58,acromyrmex_echinatior_gca000204515v1rs,dir,0,1
metazoa,58,acropora_millepora_gca013753865v1,dir,0,1
metazoa,58,actinia_equina_gca011057435,dir,0,1
metazoa,58,actinia_tenebrosa_gca009602425v1,dir,0,1
metazoa,58,acyrthosiphon_pisum_gca005508785v2rs,dir,0,1
metazoa,58,adelges_cooleyi_gca023614345v1rs,dir,0,1
metazoa,58,adineta_vaga,dir,0,1
metazoa,58,aedes_aegypti_lvpagwg,dir,0,1
metazoa,58,aedes_albopictus,dir,0,1
metazoa,58,aethina_tumida_gca024364675v1rs,dir,0,1
metazoa,58,agrilus_planipennis_gca000699045v2,dir,0,1
metazoa,58,amblyteles_armatorius_gca933228735v1,dir,0,1
metazoa,58,amphibalanus_amphitrite_gca019059575v1,dir,0,1
metazoa,58,amphimedon_queenslandica_gca000090795v2rs,dir,0,1
metazoa,58,amyelois_transitella_gca001186105v1rs,dir,0,1
metazoa,58,ancistrocerus_nigricornis_gca916049575v1,dir,0,1
metazoa,58,anneissia_japonica_gca011630105v1,dir,0,1
metazoa,58,anopheles_albimanus,dir,0,1
metazoa,58,anopheles_arabiensis,dir,0,1
metazoa,58,anopheles_atroparvus_gca914969975,dir,0,1
metazoa,58,anopheles_christyi,dir,0,1
metazoa,58,anopheles_coluzzii,dir,0,1
metazoa,58,anopheles_coluzzii_ngousso,dir,0,1
metazoa,58,anopheles_culicifacies,dir,0,1
metazoa,58,anopheles_darlingi,dir,0,1
metazoa,58,anopheles_dirus,dir,0,1
metazoa,58,anopheles_epiroticus,dir,0,1
metazoa,58,anopheles_farauti,dir,0,1
metazoa,58,anopheles_funestus,dir,0,1
metazoa,58,anopheles_gambiae,dir,0,1
metazoa,58,anopheles_maculatus,dir,0,1
metazoa,58,anopheles_melas,dir,0,1
metazoa,58,anopheles_merus,dir,0,1
metazoa,58,anopheles_minimus,dir,0,1
metazoa,58,anopheles_quadriannulatus,dir,0,1
metazoa,58,anopheles_sinensis,dir,0,1
metazoa,58,anopheles_sinensis_china,dir,0,1
metazoa,58,anopheles_stephensi,dir,0,1
metazoa,58,anopheles_stephensi_indian,dir,0,1
metazoa,58,anoplophora_glabripennis,dir,0,1
metazoa,58,anthonomus_grandis_gca022605725v3rs,dir,0,1
metazoa,58,aphidius_gifuensis_gca014905175v1,dir,0,1
metazoa,58,apis_dorsata_gca000469605v1rs,dir,0,1
metazoa,58,apis_florea_gca000184785v2rs,dir,0,1
metazoa,58,apis_mellifera,dir,0,1
metazoa,58,aplysia_californica_gca000002075v2,dir,0,1
metazoa,58,ascaris_suum,dir,0,1
metazoa,58,asterias_rubens_gca902459465v3,dir,0,1
metazoa,58,athalia_rosae_gca000344095v2,dir,0,1
metazoa,58,athalia_rosae_gca917208135v1,dir,0,1
metazoa,58,atta_cephalotes,dir,0,1
metazoa,58,bactrocera_dorsalis_gca000789215v2,dir,0,1
metazoa,58,bactrocera_latifrons_gca001853355v1,dir,0,1
metazoa,58,bactrocera_tryoni_gca016617805v2,dir,0,1
metazoa,58,belgica_antarctica,dir,0,1
metazoa,58,bemisia_tabaci_asiaii5,dir,0,1
metazoa,58,bemisia_tabaci_ssa1nig,dir,0,1
metazoa,58,bemisia_tabaci_ssa1ug,dir,0,1
metazoa,58,bemisia_tabaci_ssa2nig,dir,0,1
metazoa,58,bemisia_tabaci_ssa3nig,dir,0,1
metazoa,58,bemisia_tabaci_uganda1,dir,0,1
metazoa,58,bicyclus_anynana_gca900239965v1rs,dir,0,1
metazoa,58,biomphalaria_glabrata,dir,0,1
metazoa,58,bombus_huntii_gca024542735v1rs,dir,0,1
metazoa,58,bombus_impatiens,dir,0,1
metazoa,58,bombus_terrestris,dir,0,1
metazoa,58,bombus_terrestris_gca910591885v2,dir,0,1
metazoa,58,bombus_vancouverensis_gca011952275v1rs,dir,0,1
metazoa,58,bombyx_mandarina_gca003987935v1rs,dir,0,1
metazoa,58,bombyx_mori,dir,0,1
metazoa,58,branchiostoma_lanceolatum,dir,0,1
metazoa,58,brugia_malayi,dir,0,1
metazoa,58,caenorhabditis_brenneri,dir,0,1
metazoa,58,caenorhabditis_briggsae,dir,0,1
metazoa,58,caenorhabditis_elegans,tgz-only,1,1
metazoa,58,caenorhabditis_japonica,dir,0,1
metazoa,58,caenorhabditis_remanei,dir,0,1
metazoa,58,camponotus_floridanus_gca003227725v1rs,dir,0,1
metazoa,58,capitella_teleta,dir,0,1
metazoa,58,cataglyphis_hispanica_gca021464435v1rs,dir,0,1
metazoa,58,centruroides_sculpturatus_gca000671375v2,dir,0,1
metazoa,58,ceratitis_capitata_gca000347755v4,dir,0,1
metazoa,58,chelonus_insularis_gca013357705v1rs,dir,0,1
metazoa,58,cimex_lectularius,dir,0,1
metazoa,58,clytia_hemisphaerica_gca902728285,dir,0,1
metazoa,58,copidosoma_floridanum_gca000648655v2,dir,0,1
metazoa,58,cotesia_glomerata_gca020080835v1,dir,0,1
metazoa,58,crassostrea_angulata_gca025612915v2rs,dir,0,1
metazoa,58,crassostrea_gigas,dir,0,1
metazoa,58,crassostrea_virginica_gca002022765v4,dir,0,1
metazoa,58,cryptotermes_secundus_gca002891405v2rs,dir,0,1
metazoa,58,culex_quinquefasciatus,dir,0,1
metazoa,58,culex_quinquefasciatus_gca015732765v1,dir,0,1
metazoa,58,culicoides_sonorensis,dir,0,1
metazoa,58,daktulosphaira_vitifoliae_gca025091365v1rs,dir,0,1
metazoa,58,danaus_plexippus,dir,0,1
metazoa,58,daphnia_magna_gca020631705v2,dir,0,1
metazoa,58,daphnia_pulex,dir,0,1
metazoa,58,daphnia_pulex_gca021134715v1rs,dir,0,1
metazoa,58,daphnia_pulicaria_gca021234035v2rs,dir,0,1
metazoa,58,dendroctonus_ponderosae_gca000355655v1,dir,0,1
metazoa,58,dendronephthya_gigantea_gca004324835v1,dir,0,1
metazoa,58,dermacentor_andersoni_gca023375885v2rs,dir,0,1
metazoa,58,dermacentor_silvarum_gca013339745v2rs,dir,0,1
metazoa,58,dermatophagoides_pteronyssinus_gca001901225v2,dir,0,1
metazoa,58,diabrotica_virgifera_gca003013835v2,dir,0,1
metazoa,58,diabrotica_virgifera_gca917563875v2rs,dir,0,1
metazoa,58,dimorphilus_gyrociliatus_gca904063045v1,dir,0,1
metazoa,58,dinothrombium_tinctorium,dir,0,1
metazoa,58,diuraphis_noxia_gca001186385v1,dir,0,1
metazoa,58,dreissena_polymorpha_gca020536995v1rs,dir,0,1
metazoa,58,drosophila_ananassae,dir,0,1
metazoa,58,drosophila_erecta,dir,0,1
metazoa,58,drosophila_grimshawi,dir,0,1
metazoa,58,drosophila_melanogaster,tgz-only,1,1
metazoa,58,drosophila_mojavensis,dir,0,1
metazoa,58,drosophila_persimilis,dir,0,1
metazoa,58,drosophila_pseudoobscura,dir,0,1
metazoa,58,drosophila_sechellia,dir,0,1
metazoa,58,drosophila_simulans,dir,0,1
metazoa,58,drosophila_virilis,dir,0,1
metazoa,58,drosophila_willistoni,dir,0,1
metazoa,58,drosophila_yakuba,dir,0,1
metazoa,58,dufourea_novaeangliae_gca001272555v1rs,dir,0,1
metazoa,58,echinococcus_granulosus_gca000524195v1rs,dir,0,1
metazoa,58,eufriesea_mexicana_gca001483705v1rs,dir,0,1
metazoa,58,eurytemora_affinis_gca000591075v2,dir,0,1
metazoa,58,exaiptasia_diaphana_gca001417965v1,dir,0,1
metazoa,58,folsomia_candida,dir,0,1
metazoa,58,galendromus_occidentalis_gca000255335v2rs,dir,0,1
metazoa,58,galleria_mellonella_gca003640425v2rs,dir,0,1
metazoa,58,gigantopelta_aegis_gca016097555v1,dir,0,1
metazoa,58,glossina_austeni,dir,0,1
metazoa,58,glossina_brevipalpis,dir,0,1
metazoa,58,glossina_fuscipes,dir,0,1
metazoa,58,glossina_morsitans,dir,0,1
metazoa,58,glossina_pallidipes,dir,0,1
metazoa,58,glossina_palpalis,dir,0,1
metazoa,58,glyphotaelius_pellucidus_gca936435175v1,dir,0,1
metazoa,58,habropoda_laboriosa_gca001263275v1rs,dir,0,1
metazoa,58,haemaphysalis_longicornis_gca013339765v1,dir,0,1
metazoa,58,haliotis_rubra_gca003918875v1rs,dir,0,1
metazoa,58,haliotis_rufescens_gca023055435v1rs,dir,0,1
metazoa,58,harpegnathos_saltator_gca003227715v2rs,dir,0,1
metazoa,58,heliconius_melpomene,dir,0,1
metazoa,58,helicoverpa_armigera_gca023701775v1rs,dir,0,1
metazoa,58,helicoverpa_zea_gca022581195v1rs,dir,0,1
metazoa,58,helobdella_robusta,dir,0,1
metazoa,58,hermetia_illucens_gca905115235v1,dir,0,1
metazoa,58,hofstenia_miamia,dir,0,1
metazoa,58,homalodisca_vitripennis_gca021130785v2rs,dir,0,1
metazoa,58,homarus_americanus_gca018991925v1,dir,0,1
metazoa,58,hyalella_azteca_gca000764305v2,dir,0,1
metazoa,58,hyalomma_asiaticum_gca013339685v1,dir,0,1
metazoa,58,hydra_vulgaris_gca000004095v1,dir,0,1
metazoa,58,hydra_vulgaris_gca022113875v1rs,dir,0,1
metazoa,58,hymenolepis_microstoma,dir,0,1
metazoa,58,hypsibius_exemplaris_gca002082055v1,dir,0,1
metazoa,58,ichneumon_xanthorius_gca917499995v1,dir,0,1
metazoa,58,ixodes_persulcatus_gca013358835v1,dir,0,1
metazoa,58,ixodes_scapularis,dir,0,1
metazoa,58,ixodes_scapularis_gca016920785v2,dir,0,1
metazoa,58,ixodes_scapularis_ise6,dir,0,1
metazoa,58,leguminivora_glycinivorella_gca023078275v1rs,dir,0,1
metazoa,58,lepeophtheirus_salmonis_gca016086655v3rs,dir,0,1
metazoa,58,leptinotarsa_decemlineata_gca000500325v2,dir,0,1
metazoa,58,leptotrombidium_deliense,dir,0,1
metazoa,58,limnephilus_lunatus_gca917563855v2,dir,0,1
metazoa,58,limnephilus_marmoratus_gca917880885v1,dir,0,1
metazoa,58,limnephilus_rhombicus_gca929108145v2,dir,0,1
metazoa,58,limnoperna_fortunei_gca944474755v1,dir,0,1
metazoa,58,limulus_polyphemus_gca000517525v1,dir,0,1
metazoa,58,linepithema_humile_gca000217595v1rs,dir,0,1
metazoa,58,lineus_longissimus_gca910592395v2,dir,0,1
metazoa,58,lingula_anatina_gca001039355v2,dir,0,1
metazoa,58,loa_loa,dir,0,1
metazoa,58,lottia_gigantea,dir,0,1
metazoa,58,lucilia_cuprina,dir,0,1
metazoa,58,lucilia_cuprina_gca022045245v1rs,dir,0,1
metazoa,58,lutzomyia_longipalpis,dir,0,1
metazoa,58,lytechinus_variegatus_gca018143015v1,dir,0,1
metazoa,58,macrosteles_quadrilineatus_gca028750875v1rs,dir,0,1
metazoa,58,manduca_sexta_gca014839805v1rs,dir,0,1
metazoa,58,mayetiola_destructor,dir,0,1
metazoa,58,megachile_rotundata_gca000220905v1rs,dir,0,1
metazoa,58,megaselia_scalaris,dir,0,1
metazoa,58,melitaea_cinxia,dir,0,1
metazoa,58,melitaea_cinxia_gca905220565v1,dir,0,1
metazoa,58,mercenaria_mercenaria_gca014805675v2,dir,0,1
metazoa,58,mizuhopecten_yessoensis_gca002113885v2,dir,0,1
metazoa,58,mnemiopsis_leidyi,dir,0,1
metazoa,58,monomorium_pharaonis_gca013373865v2,dir,0,1
metazoa,58,musca_domestica,dir,0,1
metazoa,58,mya_arenaria_gca026914265v1rs,dir,0,1
metazoa,58,nasonia_vitripennis,dir,0,1
metazoa,58,necator_americanus,dir,0,1
metazoa,58,nematostella_vectensis,dir,0,1
metazoa,58,neodiprion_lecontei_gca021901455v1rs,dir,0,1
metazoa,58,neodiprion_pinetum_gca021155775v1rs,dir,0,1
metazoa,58,nilaparvata_lugens_gca014356525v1rs,dir,0,1
metazoa,58,octopus_bimaculoides,dir,0,1
metazoa,58,octopus_bimaculoides_gca001194135v1,dir,0,1
metazoa,58,octopus_sinensis_gca006345805v1,dir,0,1
metazoa,58,onchocerca_volvulus,dir,0,1
metazoa,58,onthophagus_taurus_gca000648695v2,dir,0,1
metazoa,58,ooceraea_biroi_gca003672135v1,dir,0,1
metazoa,58,oppia_nitens_gca028296485v1rs,dir,0,1
metazoa,58,orbicella_faveolata_gca002042975v1,dir,0,1
metazoa,58,orchesella_cincta,dir,0,1
metazoa,58,orussus_abietinus_gca000612105v2,dir,0,1
metazoa,58,ostrea_edulis_gca023158985v1rs,dir,0,1
metazoa,58,owenia_fusiformis_gca903813345v1,dir,0,1
metazoa,58,panonychus_citri_gca014898815v1rs,dir,0,1
metazoa,58,parasteatoda_tepidariorum_gca000365465v3,dir,0,1
metazoa,58,patella_pellucida_gca917208275v1,dir,0,1
metazoa,58,patella_vulgata_gca932274485v1,dir,0,1
metazoa,58,patiria_miniata_gca015706575v1,dir,0,1
metazoa,58,pectinophora_gossypiella_gca024362695v1rs,dir,0,1
metazoa,58,pediculus_humanus,dir,0,1
metazoa,58,penaeus_chinensis_gca019202785v2rs,dir,0,1
metazoa,58,penaeus_japonicus_gca017312705v1,dir,0,1
metazoa,58,penaeus_monodon_gca015228065v1,dir,0,1
metazoa,58,penaeus_vannamei_gca003789085v1,dir,0,1
metazoa,58,phlebotomus_papatasi,dir,0,1
metazoa,58,phlebotomus_perniciosus_gca918844115v2,dir,0,1
metazoa,58,pocillopora_damicornis_gca003704095v1,dir,0,1
metazoa,58,pogonomyrmex_barbatus_gca000187915v1rs,dir,0,1
metazoa,58,polistes_canadensis_gca001313835v1rs,dir,0,1
metazoa,58,polistes_dominula_gca001465965v1rs,dir,0,1
metazoa,58,polistes_fuscatus_gca010416935v1rs,dir,0,1
metazoa,58,pollicipes_pollicipes_gca011947565v2,dir,0,1
metazoa,58,pomacea_canaliculata_gca003073045v1,dir,0,1
metazoa,58,pomphorhynchus_laevis_gca012934845v2gb,dir,0,1
metazoa,58,portunus_trituberculatus_gca017591435v1,dir,0,1
metazoa,58,priapulus_caudatus_gca000485595v2,dir,0,1
metazoa,58,pristionchus_pacificus,dir,0,1
metazoa,58,procambarus_clarkii_gca020424385v2,dir,0,1
metazoa,58,rhagoletis_pomonella_gca013731165v1,dir,0,1
metazoa,58,rhipicephalus_microplus_gca013339725v1,dir,0,1
metazoa,58,rhipicephalus_sanguineus_gca013339695v1,dir,0,1
metazoa,58,rhipicephalus_sanguineus_gca013339695v2rs,dir,0,1
metazoa,58,rhodnius_prolixus,dir,0,1
metazoa,58,rhopalosiphum_maidis_gca003676215v3,dir,0,1
metazoa,58,saccoglossus_kowalevskii_gca000003605v1,dir,0,1
metazoa,58,sarcoptes_scabiei,dir,0,1
metazoa,58,schistocerca_americana_gca021461395v2rs,dir,0,1
metazoa,58,schistocerca_cancellata_gca023864275v2rs,dir,0,1
metazoa,58,schistocerca_gregaria_gca023897955v2rs,dir,0,1
metazoa,58,schistocerca_nitens_gca023898315v2rs,dir,0,1
metazoa,58,schistocerca_piceifrons_gca021461385v2rs,dir,0,1
metazoa,58,schistocerca_serialis_gca023864345v3rs,dir,0,1
metazoa,58,schistosoma_haematobium_gca000699445v2rs,dir,0,1
metazoa,58,schistosoma_mansoni,dir,0,1
metazoa,58,sipha_flava_gca003268045v1,dir,0,1
metazoa,58,sitophilus_oryzae_gca002938485v2rs,dir,0,1
metazoa,58,solenopsis_invicta,dir,0,1
metazoa,58,stegodyphus_dumicola_gca010614865v2rs,dir,0,1
metazoa,58,stegodyphus_mimosarum,dir,0,1
metazoa,58,stomoxys_calcitrans,dir,0,1
metazoa,58,strigamia_maritima,dir,0,1
metazoa,58,strongylocentrotus_purpuratus,dir,0,1
metazoa,58,strongyloides_ratti,dir,0,1
metazoa,58,stylophora_pistillata_gca002571385v1,dir,0,1
metazoa,58,teleopsis_dalmanni,dir,0,1
metazoa,58,tetranychus_urticae,dir,0,1
metazoa,58,thelohanellus_kitauei,dir,0,1
metazoa,58,thrips_palmi_gca012932325v1rs,dir,0,1
metazoa,58,tigriopus_californicus_gca007210705,dir,0,1
metazoa,58,trialeurodes_vaporariorum_gca011764245,dir,0,1
metazoa,58,tribolium_castaneum,dir,0,1
metazoa,58,trichinella_spiralis,dir,0,1
metazoa,58,trichogramma_pretiosum_gca000599845v3,dir,0,1
metazoa,58,trichoplax_adhaerens,dir,0,1
metazoa,58,trichuris_muris,dir,0,1
metazoa,58,varroa_destructor_gca002443255,dir,0,1
metazoa,58,varroa_jacobsoni_gca002532875v1rs,dir,0,1
metazoa,58,venturia_canescens_gca019457755v1rs,dir,0,1
metazoa,58,zerene_cesonia_gca012273895v2rs,dir,0,1
metazoa,58,zootermopsis_nevadensis,dir,0,1
metazoa,59,acanthaster_planci_gca001949145v1,dir,0,1
metazoa,59,acromyrmex_echinatior_gca000204515v1rs,dir,0,1
metazoa,59,acropora_millepora_gca013753865v1,dir,0,1
metazoa,59,actinia_equina_gca011057435,dir,0,1
metazoa,59,actinia_tenebrosa_gca009602425v1,dir,0,1
metazoa,59,acyrthosiphon_pisum_gca005508785v2rs,dir,0,1
metazoa,59,adelges_cooleyi_gca023614345v1rs,dir,0,1
metazoa,59,adineta_vaga,dir,0,1
metazoa,59,aedes_aegypti_lvpagwg,dir,0,1
metazoa,59,aedes_albopictus,dir,0,1
metazoa,59,aethina_tumida_gca024364675v1rs,dir,0,1
metazoa,59,agrilus_planipennis_gca000699045v2,dir,0,1
metazoa,59,amblyteles_armatorius_gca933228735v1,dir,0,1
metazoa,59,amphibalanus_amphitrite_gca019059575v1,dir,0,1
metazoa,59,amphimedon_queenslandica_gca000090795v2rs,dir,0,1
metazoa,59,amyelois_transitella_gca001186105v1rs,dir,0,1
metazoa,59,ancistrocerus_nigricornis_gca916049575v1,dir,0,1
metazoa,59,anneissia_japonica_gca011630105v1,dir,0,1
metazoa,59,anopheles_albimanus,dir,0,1
metazoa,59,anopheles_arabiensis,dir,0,1
metazoa,59,anopheles_atroparvus_gca914969975,dir,0,1
metazoa,59,anopheles_christyi,dir,0,1
metazoa,59,anopheles_coluzzii,dir,0,1
metazoa,59,anopheles_coluzzii_ngousso,dir,0,1
metazoa,59,anopheles_culicifacies,dir,0,1
metazoa,59,anopheles_darlingi,dir,0,1
metazoa,59,anopheles_dirus,dir,0,1
metazoa,59,anopheles_epiroticus,dir,0,1
metazoa,59,anopheles_farauti,dir,0,1
metazoa,59,anopheles_funestus,dir,0,1
metazoa,59,anopheles_gambiae,dir,0,1
metazoa,59,anopheles_maculatus,dir,0,1
metazoa,59,anopheles_melas,dir,0,1
metazoa,59,anopheles_merus,dir,0,1
metazoa,59,anopheles_minimus,dir,0,1
metazoa,59,anopheles_quadriannulatus,dir,0,1
metazoa,59,anopheles_sinensis,dir,0,1
metazoa,59,anopheles_sinensis_china,dir,0,1
metazoa,59,anopheles_stephensi,dir,0,1
metazoa,59,anopheles_stephensi_indian,dir,0,1
metazoa,59,anoplophora_glabripennis,dir,0,1
metazoa,59,anthonomus_grandis_gca022605725v3rs,dir,0,1
metazoa,59,aphidius_gifuensis_gca014905175v1,dir,0,1
metazoa,59,apis_dorsata_gca000469605v1rs,dir,0,1
metazoa,59,apis_florea_gca000184785v2rs,dir,0,1
metazoa,59,apis_mellifera,dir,0,1
metazoa,59,aplysia_californica_gca000002075v2,dir,0,1
metazoa,59,ascaris_suum,dir,0,1
metazoa,59,asterias_rubens_gca902459465v3,dir,0,1
metazoa,59,athalia_rosae_gca000344095v2,dir,0,1
metazoa,59,athalia_rosae_gca917208135v1,dir,0,1
metazoa,59,atta_cephalotes,dir,0,1
metazoa,59,bactrocera_dorsalis_gca000789215v2,dir,0,1
metazoa,59,bactrocera_latifrons_gca001853355v1,dir,0,1
metazoa,59,bactrocera_neohumeralis_gca024586455v2rs,dir,0,1
metazoa,59,bactrocera_tryoni_gca016617805v2,dir,0,1
metazoa,59,belgica_antarctica,dir,0,1
metazoa,59,bemisia_tabaci_asiaii5,dir,0,1
metazoa,59,bemisia_tabaci_ssa1nig,dir,0,1
metazoa,59,bemisia_tabaci_ssa1ug,dir,0,1
metazoa,59,bemisia_tabaci_ssa2nig,dir,0,1
metazoa,59,bemisia_tabaci_ssa3nig,dir,0,1
metazoa,59,bemisia_tabaci_uganda1,dir,0,1
metazoa,59,bicyclus_anynana_gca900239965v1rs,dir,0,1
metazoa,59,biomphalaria_glabrata,dir,0,1
metazoa,59,bombus_huntii_gca024542735v1rs,dir,0,1
metazoa,59,bombus_impatiens,dir,0,1
metazoa,59,bombus_terrestris,dir,0,1
metazoa,59,bombus_terrestris_gca910591885v2,dir,0,1
metazoa,59,bombus_vancouverensis_gca011952275v1rs,dir,0,1
metazoa,59,bombyx_mandarina_gca003987935v1rs,dir,0,1
metazoa,59,bombyx_mori,dir,0,1
metazoa,59,branchiostoma_lanceolatum,dir,0,1
metazoa,59,brugia_malayi,dir,0,1
metazoa,59,caenorhabditis_brenneri,dir,0,1
metazoa,59,caenorhabditis_briggsae,dir,0,1
metazoa,59,caenorhabditis_elegans,tgz-only,1,1
metazoa,59,caenorhabditis_japonica,dir,0,1
metazoa,59,caenorhabditis_remanei,dir,0,1
metazoa,59,camponotus_floridanus_gca003227725v1rs,dir,0,1
metazoa,59,capitella_teleta,dir,0,1
metazoa,59,cataglyphis_hispanica_gca021464435v1rs,dir,0,1
metazoa,59,centruroides_sculpturatus_gca000671375v2,dir,0,1
metazoa,59,ceratitis_capitata_gca000347755v4,dir,0,1
metazoa,59,chelonus_insularis_gca013357705v1rs,dir,0,1
metazoa,59,cherax_quadricarinatus_gca026875155v2rs,dir,0,1
metazoa,59,cimex_lectularius,dir,0,1
metazoa,59,clytia_hemisphaerica_gca902728285,dir,0,1
metazoa,59,copidosoma_floridanum_gca000648655v2,dir,0,1
metazoa,59,coremacera_marginata_gca914767935v1,dir,0,1
metazoa,59,cotesia_glomerata_gca020080835v1,dir,0,1
metazoa,59,crassostrea_angulata_gca025612915v2rs,dir,0,1
metazoa,59,crassostrea_gigas,dir,0,1
metazoa,59,crassostrea_virginica_gca002022765v4,dir,0,1
metazoa,59,cryptotermes_secundus_gca002891405v2rs,dir,0,1
metazoa,59,ctenocephalides_felis_gca003426905v1rs,dir,0,1
metazoa,59,culex_quinquefasciatus,dir,0,1
metazoa,59,culex_quinquefasciatus_gca015732765v1,dir,0,1
metazoa,59,culicoides_sonorensis,dir,0,1
metazoa,59,daktulosphaira_vitifoliae_gca025091365v1rs,dir,0,1
metazoa,59,danaus_plexippus,dir,0,1
metazoa,59,daphnia_carinata_gca022539665v3rs,dir,0,1
metazoa,59,daphnia_magna_gca020631705v2,dir,0,1
metazoa,59,daphnia_pulex_gca021134715v1rs,dir,0,1
metazoa,59,daphnia_pulicaria_gca021234035v2rs,dir,0,1
metazoa,59,dendroctonus_ponderosae_gca000355655v1,dir,0,1
metazoa,59,dendronephthya_gigantea_gca004324835v1,dir,0,1
metazoa,59,dermacentor_andersoni_gca023375885v2rs,dir,0,1
metazoa,59,dermacentor_silvarum_gca013339745v2rs,dir,0,1
metazoa,59,dermatophagoides_pteronyssinus_gca001901225v2,dir,0,1
metazoa,59,diabrotica_virgifera_gca003013835v2,dir,0,1
metazoa,59,diabrotica_virgifera_gca917563875v2rs,dir,0,1
metazoa,59,diaphorina_citri_gca000475195v1rs,dir,0,1
metazoa,59,dimorphilus_gyrociliatus_gca904063045v1,dir,0,1
metazoa,59,dinothrombium_tinctorium,dir,0,1
metazoa,59,diuraphis_noxia_gca001186385v1,dir,0,1
metazoa,59,dreissena_polymorpha_gca020536995v1rs,dir,0,1
metazoa,59,drosophila_albomicans_gca009650485v2rs,dir,0,1
metazoa,59,drosophila_ananassae,dir,0,1
metazoa,59,drosophila_ananassae_gca017639315v2rs,dir,0,1
metazoa,59,drosophila_arizonae_gca001654025v1rs,dir,0,1
metazoa,59,drosophila_biarmipes_gca025231255v1rs,dir,0,1
metazoa,59,drosophila_bipectinata_gca000236285v2rs,dir,0,1
metazoa,59,drosophila_busckii_gca011750605v1rs,dir,0,1
metazoa,59,drosophila_elegans_gca000224195v2rs,dir,0,1
metazoa,59,drosophila_erecta,dir,0,1
metazoa,59,drosophila_erecta_gca003286155v2rs,dir,0,1
metazoa,59,drosophila_eugracilis_gca018153835v1rs,dir,0,1
metazoa,59,drosophila_ficusphila_gca018152265v1rs,dir,0,1
metazoa,59,drosophila_grimshawi,dir,0,1
metazoa,59,drosophila_grimshawi_gca018153295v1rs,dir,0,1
metazoa,59,drosophila_guanche_gca900245975v1rs,dir,0,1
metazoa,59,drosophila_gunungcola_gca025200985v1rs,dir,0,1
metazoa,59,drosophila_hydei_gca003285905v2rs,dir,0,1
metazoa,59,drosophila_innubila_gca004354385v1rs,dir,0,1
metazoa,59,drosophila_kikkawai_gca018152535v1rs,dir,0,1
metazoa,59,drosophila_mauritiana_gca004382145v1rs,dir,0,1
metazoa,59,drosophila_melanogaster,tgz-only,1,1
metazoa,59,drosophila_miranda_gca003369915v2rs,dir,0,1
metazoa,59,drosophila_mojavensis,dir,0,1
metazoa,59,drosophila_mojavensis_gca018153725v1rs,dir,0,1
metazoa,59,drosophila_navojoa_gca001654015v2rs,dir,0,1
metazoa,59,drosophila_obscura_gca018151105v1rs,dir,0,1
metazoa,59,drosophila_persimilis,dir,0,1
metazoa,59,drosophila_persimilis_gca003286085v2rs,dir,0,1
metazoa,59,drosophila_pseudoobscura,dir,0,1
metazoa,59,drosophila_pseudoobscura_gca009870125v2rs,dir,0,1
metazoa,59,drosophila_rhopaloa_gca000236305v2rs,dir,0,1
metazoa,59,drosophila_santomea_gca016746245v2rs,dir,0,1
metazoa,59,drosophila_sechellia,dir,0,1
metazoa,59,drosophila_sechellia_gca004382195v2rs,dir,0,1
metazoa,59,drosophila_simulans,dir,0,1
metazoa,59,drosophila_simulans_gca016746395v2rs,dir,0,1
metazoa,59,drosophila_subobscura_gca008121235v1rs,dir,0,1
metazoa,59,drosophila_subpulchrella_gca014743375v2rs,dir,0,1
metazoa,59,drosophila_suzukii_gca013340165v1rs,dir,0,1
metazoa,59,drosophila_takahashii_gca018152695v1rs,dir,0,1
metazoa,59,drosophila_teissieri_gca016746235v2rs,dir,0,1
metazoa,59,drosophila_virilis,dir,0,1
metazoa,59,drosophila_virilis_gca003285735v2rs,dir,0,1
metazoa,59,drosophila_willistoni,dir,0,1
metazoa,59,drosophila_willistoni_gca018902025v2rs,dir,0,1
metazoa,59,drosophila_yakuba,dir,0,1
metazoa,59,drosophila_yakuba_gca016746365v2rs,dir,0,1
metazoa,59,dufourea_novaeangliae_gca001272555v1rs,dir,0,1
metazoa,59,echinococcus_granulosus_gca000524195v1rs,dir,0,1
metazoa,59,eriocheir_sinensis_gca024679095v1rs,dir,0,1
metazoa,59,eufriesea_mexicana_gca001483705v1rs,dir,0,1
metazoa,59,eurytemora_affinis_gca000591075v2,dir,0,1
metazoa,59,exaiptasia_diaphana_gca001417965v1,dir,0,1
metazoa,59,folsomia_candida,dir,0,1
metazoa,59,galendromus_occidentalis_gca000255335v2rs,dir,0,1
metazoa,59,galleria_mellonella_gca003640425v2rs,dir,0,1
metazoa,59,gigantopelta_aegis_gca016097555v1,dir,0,1
metazoa,59,glossina_austeni,dir,0,1
metazoa,59,glossina_brevipalpis,dir,0,1
metazoa,59,glossina_fuscipes,dir,0,1
metazoa,59,glossina_morsitans,dir,0,1
metazoa,59,glossina_pallidipes,dir,0,1
metazoa,59,glossina_palpalis,dir,0,1
metazoa,59,glyphotaelius_pellucidus_gca936435175v1,dir,0,1
metazoa,59,habropoda_laboriosa_gca001263275v1rs,dir,0,1
metazoa,59,haemaphysalis_longicornis_gca013339765v1,dir,0,1
metazoa,59,haliotis_rubra_gca003918875v1rs,dir,0,1
metazoa,59,haliotis_rufescens_gca023055435v1rs,dir,0,1
metazoa,59,halyomorpha_halys_gca000696795v2rs,dir,0,1
metazoa,59,harpegnathos_saltator_gca003227715v2rs,dir,0,1
metazoa,59,heliconius_melpomene,dir,0,1
metazoa,59,helicoverpa_armigera_gca023701775v1rs,dir,0,1
metazoa,59,helicoverpa_zea_gca022581195v1rs,dir,0,1
metazoa,59,helobdella_robusta,dir,0,1
metazoa,59,hermetia_illucens_gca905115235v1,dir,0,1
metazoa,59,hofstenia_miamia,dir,0,1
metazoa,59,homalodisca_vitripennis_gca021130785v2rs,dir,0,1
metazoa,59,homarus_americanus_gca018991925v1,dir,0,1
metazoa,59,homarus_gammarus_gca958450375v1,dir,0,1
metazoa,59,hyalella_azteca_gca000764305v2,dir,0,1
metazoa,59,hyalomma_asiaticum_gca013339685v1,dir,0,1
metazoa,59,hydra_vulgaris_gca022113875v1rs,dir,0,1
metazoa,59,hydractinia_symbiolongicarpus_gca029227915v2rs,dir,0,1
metazoa,59,hymenolepis_microstoma,dir,0,1
metazoa,59,hypsibius_exemplaris_gca002082055v1,dir,0,1
metazoa,59,ichneumon_xanthorius_gca917499995v1,dir,0,1
metazoa,59,ixodes_persulcatus_gca013358835v1,dir,0,1
metazoa,59,ixodes_scapularis,dir,0,1
metazoa,59,ixodes_scapularis_gca016920785v2,dir,0,1
metazoa,59,ixodes_scapularis_ise6,dir,0,1
metazoa,59,leguminivora_glycinivorella_gca023078275v1rs,dir,0,1
metazoa,59,lepeophtheirus_salmonis_gca016086655v3rs,dir,0,1
metazoa,59,leptinotarsa_decemlineata_gca000500325v2,dir,0,1
metazoa,59,leptotrombidium_deliense,dir,0,1
metazoa,59,limnephilus_lunatus_gca917563855v2,dir,0,1
metazoa,59,limnephilus_marmoratus_gca917880885v1,dir,0,1
metazoa,59,limnephilus_rhombicus_gca929108145v2,dir,0,1
metazoa,59,limnoperna_fortunei_gca944474755v1,dir,0,1
metazoa,59,limulus_polyphemus_gca000517525v1,dir,0,1
metazoa,59,linepithema_humile_gca000217595v1rs,dir,0,1
metazoa,59,lineus_longissimus_gca910592395v2,dir,0,1
metazoa,59,lingula_anatina_gca001039355v2,dir,0,1
metazoa,59,loa_loa,dir,0,1
metazoa,59,lottia_gigantea,dir,0,1
metazoa,59,lucilia_cuprina,dir,0,1
metazoa,59,lucilia_cuprina_gca022045245v1rs,dir,0,1
metazoa,59,lutzomyia_longipalpis,dir,0,1
metazoa,59,lytechinus_pictus_gca015342785v2rs,dir,0,1
metazoa,59,lytechinus_variegatus_gca018143015v1,dir,0,1
metazoa,59,machimus_atricapillus_gca933228815v1,dir,0,1
metazoa,59,macrosteles_quadrilineatus_gca028750875v1rs,dir,0,1
metazoa,59,manduca_sexta_gca014839805v1rs,dir,0,1
metazoa,59,mayetiola_destructor,dir,0,1
metazoa,59,megachile_rotundata_gca000220905v1rs,dir,0,1
metazoa,59,megaselia_scalaris,dir,0,1
metazoa,59,melanaphis_sacchari_gca002803265v2rs,dir,0,1
metazoa,59,melitaea_cinxia,dir,0,1
metazoa,59,melitaea_cinxia_gca905220565v1,dir,0,1
metazoa,59,mercenaria_mercenaria_gca014805675v2,dir,0,1
metazoa,59,microctonus_aethiopoides_gca030272655v1cm,dir,0,1
metazoa,59,microctonus_aethiopoides_gca030272935v1cm,dir,0,1
metazoa,59,microctonus_aethiopoides_gca030347275v1cm,dir,0,1
metazoa,59,microctonus_hyperodae_gca030347285v1cm,dir,0,1
metazoa,59,mizuhopecten_yessoensis_gca002113885v2,dir,0,1
metazoa,59,mnemiopsis_leidyi,dir,0,1
metazoa,59,monomorium_pharaonis_gca013373865v2,dir,0,1
metazoa,59,musca_domestica,dir,0,1
metazoa,59,mya_arenaria_gca026914265v1rs,dir,0,1
metazoa,59,myopa_tessellatipennis_gca943737955v1,dir,0,1
metazoa,59,nasonia_vitripennis,dir,0,1
metazoa,59,necator_americanus,dir,0,1
metazoa,59,nematostella_vectensis,dir,0,1
metazoa,59,neodiprion_lecontei_gca021901455v1rs,dir,0,1
metazoa,59,neodiprion_pinetum_gca021155775v1rs,dir,0,1
metazoa,59,nilaparvata_lugens_gca014356525v1rs,dir,0,1
metazoa,59,octopus_bimaculoides_gca001194135v2rs,dir,0,1
metazoa,59,octopus_sinensis_gca006345805v1,dir,0,1
metazoa,59,onchocerca_volvulus,dir,0,1
metazoa,59,onthophagus_taurus_gca000648695v2,dir,0,1
metazoa,59,ooceraea_biroi_gca003672135v1,dir,0,1
metazoa,59,oppia_nitens_gca028296485v1rs,dir,0,1
metazoa,59,orbicella_faveolata_gca002042975v1,dir,0,1
metazoa,59,orchesella_cincta,dir,0,1
metazoa,59,orussus_abietinus_gca000612105v2,dir,0,1
metazoa,59,ostrea_edulis_gca023158985v1rs,dir,0,1
metazoa,59,owenia_fusiformis_gca903813345v1,dir,0,1
metazoa,59,panonychus_citri_gca014898815v1rs,dir,0,1
metazoa,59,paramacrobiotus_metropolitanus_gca019649055v1rs,dir,0,1
metazoa,59,parasteatoda_tepidariorum_gca000365465v3,dir,0,1
metazoa,59,patella_pellucida_gca917208275v1,dir,0,1
metazoa,59,patella_vulgata_gca932274485v1,dir,0,1
metazoa,59,patiria_miniata_gca015706575v1,dir,0,1
metazoa,59,pecten_maximus_gca902652985v1rs,dir,0,1
metazoa,59,pectinophora_gossypiella_gca024362695v1rs,dir,0,1
metazoa,59,pediculus_humanus,dir,0,1
metazoa,59,penaeus_chinensis_gca019202785v2rs,dir,0,1
metazoa,59,penaeus_japonicus_gca017312705v1,dir,0,1
metazoa,59,penaeus_monodon_gca015228065v1,dir,0,1
metazoa,59,penaeus_vannamei_gca003789085v1,dir,0,1
metazoa,59,phlebotomus_papatasi,dir,0,1
metazoa,59,phlebotomus_perniciosus_gca918844115v2,dir,0,1
metazoa,59,pocillopora_damicornis_gca003704095v1,dir,0,1
metazoa,59,pogonomyrmex_barbatus_gca000187915v1rs,dir,0,1
metazoa,59,polistes_canadensis_gca001313835v1rs,dir,0,1
metazoa,59,polistes_dominula_gca001465965v1rs,dir,0,1
metazoa,59,polistes_fuscatus_gca010416935v1rs,dir,0,1
metazoa,59,pollicipes_pollicipes_gca011947565v2,dir,0,1
metazoa,59,pomacea_canaliculata_gca003073045v1,dir,0,1
metazoa,59,pomphorhynchus_laevis_gca012934845v2gb,dir,0,1
metazoa,59,portunus_trituberculatus_gca017591435v1,dir,0,1
metazoa,59,priapulus_caudatus_gca000485595v2,dir,0,1
metazoa,59,pristionchus_pacificus,dir,0,1
metazoa,59,procambarus_clarkii_gca020424385v2,dir,0,1
metazoa,59,rhagoletis_pomonella_gca013731165v1,dir,0,1
metazoa,59,rhipicephalus_microplus_gca013339725v1,dir,0,1
metazoa,59,rhipicephalus_sanguineus_gca013339695v2rs,dir,0,1
metazoa,59,rhodnius_prolixus,dir,0,1
metazoa,59,rhopalosiphum_maidis_gca003676215v3,dir,0,1
metazoa,59,saccoglossus_kowalevskii_gca000003605v1,dir,0,1
metazoa,59,sarcoptes_scabiei,dir,0,1
metazoa,59,schistocerca_americana_gca021461395v2rs,dir,0,1
metazoa,59,schistocerca_cancellata_gca023864275v2rs,dir,0,1
metazoa,59,schistocerca_gregaria_gca023897955v2rs,dir,0,1
metazoa,59,schistocerca_nitens_gca023898315v2rs,dir,0,1
metazoa,59,schistocerca_piceifrons_gca021461385v2rs,dir,0,1
metazoa,59,schistocerca_serialis_gca023864345v3rs,dir,0,1
metazoa,59,schistosoma_haematobium_gca000699445v2rs,dir,0,1
metazoa,59,schistosoma_mansoni,dir,0,1
metazoa,59,sipha_flava_gca003268045v1,dir,0,1
metazoa,59,sitophilus_oryzae_gca002938485v2rs,dir,0,1
metazoa,59,solenopsis_invicta,dir,0,1
metazoa,59,stegodyphus_dumicola_gca010614865v2rs,dir,0,1
metazoa,59,stegodyphus_mimosarum,dir,0,1
metazoa,59,stomoxys_calcitrans,dir,0,1
metazoa,59,strigamia_maritima,dir,0,1
metazoa,59,strongylocentrotus_purpuratus,dir,0,1
metazoa,59,strongyloides_ratti,dir,0,1
metazoa,59,stylophora_pistillata_gca002571385v1,dir,0,1
metazoa,59,teleopsis_dalmanni,dir,0,1
metazoa,59,tetranychus_urticae,dir,0,1
metazoa,59,thelohanellus_kitauei,dir,0,1
metazoa,59,thrips_palmi_gca012932325v1rs,dir,0,1
metazoa,59,tigriopus_californicus_gca007210705,dir,0,1
metazoa,59,trialeurodes_vaporariorum_gca011764245,dir,0,1
metazoa,59,tribolium_castaneum,dir,0,1
metazoa,59,tribolium_madens_gca015345945v1rs,dir,0,1
metazoa,59,trichinella_spiralis,dir,0,1
metazoa,59,trichogramma_pretiosum_gca000599845v3,dir,0,1
metazoa,59,trichoplax_adhaerens,dir,0,1
metazoa,59,trichuris_muris,dir,0,1
metazoa,59,uloborus_diversus_gca026930045v1rs,dir,0,1
metazoa,59,varroa_destructor_gca002443255,dir,0,1
metazoa,59,varroa_jacobsoni_gca002532875v1rs,dir,0,1
metazoa,59,venturia_canescens_gca019457755v1rs,dir,0,1
metazoa,59,zerene_cesonia_gca012273895v2rs,dir,0,1
metazoa,59,zootermopsis_nevadensis,dir,0,1
plants,40,aegilops_tauschii,tgz-only,1,1
plants,40,amborella_trichopoda,tgz-only,1,1
plants,40,arabidopsis_lyrata,tgz-only,1,1
plants,40,arabidopsis_thaliana,tgz-only,1,1
plants,40,beta_vulgaris,tgz-only,1,1
plants,40,brachypodium_distachyon,tgz-only,1,1
plants,40,brassica_napus,tgz-only,1,1
plants,40,brassica_oleracea,tgz-only,1,1
plants,40,brassica_rapa,tgz-only,1,1
plants,40,cajanus_cajan,tgz-only,1,1
plants,40,chlamydomonas_reinhardtii,tgz-only,1,1
plants,40,chondrus_crispus,tgz-only,1,1
plants,40,corchorus_capsularis,tgz-only,1,1
plants,40,cucumis_sativus,tgz-only,1,1
plants,40,cyanidioschyzon_merolae,tgz-only,1,1
plants,40,daucus_carota,tgz-only,1,1
plants,40,dioscorea_rotundata,tgz-only,1,1
plants,40,galdieria_sulphuraria,tgz-only,1,1
plants,40,glycine_max,tgz-only,1,1
plants,40,gossypium_raimondii,tgz-only,1,1
plants,40,helianthus_annuus,tgz-only,1,1
plants,40,hordeum_vulgare,tgz-only,1,1
plants,40,leersia_perrieri,tgz-only,1,1
plants,40,lupinus_angustifolius,tgz-only,1,1
plants,40,manihot_esculenta,tgz-only,1,1
plants,40,medicago_truncatula,tgz-only,1,1
plants,40,musa_acuminata,tgz-only,1,1
plants,40,nicotiana_attenuata,tgz-only,1,1
plants,40,oryza_barthii,tgz-only,1,1
plants,40,oryza_brachyantha,tgz-only,1,1
plants,40,oryza_glaberrima,tgz-only,1,1
plants,40,oryza_glumaepatula,tgz-only,1,1
plants,40,oryza_indica,tgz-only,1,1
plants,40,oryza_longistaminata,tgz-only,1,1
plants,40,oryza_meridionalis,tgz-only,1,1
plants,40,oryza_nivara,tgz-only,1,1
plants,40,oryza_punctata,tgz-only,1,1
plants,40,oryza_rufipogon,tgz-only,1,1
plants,40,oryza_sativa,tgz-only,1,1
plants,40,ostreococcus_lucimarinus,tgz-only,1,1
plants,40,phaseolus_vulgaris,tgz-only,1,1
plants,40,physcomitrella_patens,tgz-only,1,1
plants,40,populus_trichocarpa,tgz-only,1,1
plants,40,prunus_persica,tgz-only,1,1
plants,40,selaginella_moellendorffii,tgz-only,1,1
plants,40,setaria_italica,tgz-only,1,1
plants,40,solanum_lycopersicum,tgz-only,1,1
plants,40,solanum_tuberosum,tgz-only,1,1
plants,40,sorghum_bicolor,tgz-only,1,1
plants,40,theobroma_cacao,tgz-only,1,1
plants,40,trifolium_pratense,tgz-only,1,1
plants,40,triticum_aestivum,tgz-only,1,1
plants,40,triticum_urartu,tgz-only,1,1
plants,40,vigna_angularis,tgz-only,1,1
plants,40,vitis_vinifera,tgz-only,1,1
plants,40,zea_mays,tgz-only,1,1
plants,47,actinidia_chinensis,tgz-only,1,1
plants,47,aegilops_tauschii,tgz-only,1,1
plants,47,amborella_trichopoda,tgz-only,1,1
plants,47,ananas_comosus,tgz-only,1,1
plants,47,arabidopsis_halleri,tgz-only,1,1
plants,47,arabidopsis_lyrata,tgz-only,1,1
plants,47,arabidopsis_thaliana,tgz-only,1,1
plants,47,beta_vulgaris,tgz-only,1,1
plants,47,brachypodium_distachyon,tgz-only,1,1
plants,47,brassica_napus,tgz-only,1,1
plants,47,brassica_oleracea,tgz-only,1,1
plants,47,brassica_rapa,tgz-only,1,1
plants,47,capsicum_annuum,tgz-only,1,1
plants,47,chara_braunii,tgz-only,1,1
plants,47,chlamydomonas_reinhardtii,tgz-only,1,1
plants,47,chondrus_crispus,tgz-only,1,1
plants,47,citrus_clementina,tgz-only,1,1
plants,47,coffea_canephora,tgz-only,1,1
plants,47,corchorus_capsularis,tgz-only,1,1
plants,47,cucumis_sativus,tgz-only,1,1
plants,47,cyanidioschyzon_merolae,tgz-only,1,1
plants,47,cynara_cardunculus,tgz-only,1,1
plants,47,daucus_carota,tgz-only,1,1
plants,47,dioscorea_rotundata,tgz-only,1,1
plants,47,eragrostis_curvula,tgz-only,1,1
plants,47,eragrostis_tef,tgz-only,1,1
plants,47,galdieria_sulphuraria,tgz-only,1,1
plants,47,glycine_max,tgz-only,1,1
plants,47,gossypium_raimondii,tgz-only,1,1
plants,47,helianthus_annuus,tgz-only,1,1
plants,47,hordeum_vulgare,tgz-only,1,1
plants,47,ipomoea_triloba,tgz-only,1,1
plants,47,leersia_perrieri,tgz-only,1,1
plants,47,lupinus_angustifolius,tgz-only,1,1
plants,47,malus_domestica,tgz-only,1,1
plants,47,manihot_esculenta,tgz-only,1,1
plants,47,marchantia_polymorpha,tgz-only,1,1
plants,47,medicago_truncatula,tgz-only,1,1
plants,47,musa_acuminata,tgz-only,1,1
plants,47,nicotiana_attenuata,tgz-only,1,1
plants,47,olea_europaea_sylvestris,tgz-only,1,1
plants,47,oryza_barthii,tgz-only,1,1
plants,47,oryza_brachyantha,tgz-only,1,1
plants,47,oryza_glaberrima,tgz-only,1,1
plants,47,oryza_glumipatula,tgz-only,1,1
plants,47,oryza_indica,tgz-only,1,1
plants,47,oryza_longistaminata,tgz-only,1,1
plants,47,oryza_meridionalis,tgz-only,1,1
plants,47,oryza_nivara,tgz-only,1,1
plants,47,oryza_punctata,tgz-only,1,1
plants,47,oryza_rufipogon,tgz-only,1,1
plants,47,oryza_sativa,tgz-only,1,1
plants,47,ostreococcus_lucimarinus,tgz-only,1,1
plants,47,panicum_hallii_fil2,tgz-only,1,1
plants,47,panicum_hallii_hal2,tgz-only,1,1
plants,47,phaseolus_vulgaris,tgz-only,1,1
plants,47,physcomitrella_patens,tgz-only,1,1
plants,47,pistacia_vera,tgz-only,1,1
plants,47,populus_trichocarpa,tgz-only,1,1
plants,47,prunus_avium,tgz-only,1,1
plants,47,prunus_dulcis,tgz-only,1,1
plants,47,prunus_persica,tgz-only,1,1
plants,47,saccharum_spontaneum,tgz-only,1,1
plants,47,selaginella_moellendorffii,tgz-only,1,1
plants,47,setaria_italica,tgz-only,1,1
plants,47,solanum_lycopersicum,tgz-only,1,1
plants,47,solanum_tuberosum,tgz-only,1,1
plants,47,sorghum_bicolor,tgz-only,1,1
plants,47,theobroma_cacao_criollo,tgz-only,1,1
plants,47,theobroma_cacao_matina,tgz-only,1,1
plants,47,trifolium_pratense,tgz-only,1,1
plants,47,triticum_aestivum,tgz-only,1,1
plants,47,triticum_dicoccoides,tgz-only,1,1
plants,47,triticum_turgidum,tgz-only,1,1
plants,47,triticum_urartu,tgz-only,1,1
plants,47,vigna_angularis,tgz-only,1,1
plants,47,vigna_radiata,tgz-only,1,1
plants,47,vitis_vinifera,tgz-only,1,1
plants,47,zea_mays,tgz-only,1,1
plants,49,actinidia_chinensis,tgz-only,1,1
plants,49,aegilops_tauschii,tgz-only,1,1
plants,49,amborella_trichopoda,tgz-only,1,1
plants,49,ananas_comosus,tgz-only,1,1
plants,49,arabidopsis_halleri,tgz-only,1,1
plants,49,arabidopsis_lyrata,tgz-only,1,1
plants,49,arabidopsis_thaliana,tgz-only,1,1
plants,49,arabis_alpina,tgz-only,1,1
plants,49,beta_vulgaris,tgz-only,1,1
plants,49,brachypodium_distachyon,tgz-only,1,1
plants,49,brassica_napus,tgz-only,1,1
plants,49,brassica_oleracea,tgz-only,1,1
plants,49,brassica_rapa,tgz-only,1,1
plants,49,camelina_sativa,tgz-only,1,1
plants,49,cannabis_sativa_female,tgz-only,1,1
plants,49,capsicum_annuum,tgz-only,1,1
plants,49,chara_braunii,tgz-only,1,1
plants,49,chlamydomonas_reinhardtii,tgz-only,1,1
plants,49,chondrus_crispus,tgz-only,1,1
plants,49,citrullus_lanatus,tgz-only,1,1
plants,49,citrus_clementina,tgz-only,1,1
plants,49,coffea_canephora,tgz-only,1,1
plants,49,corchorus_capsularis,tgz-only,1,1
plants,49,cucumis_melo,tgz-only,1,1
plants,49,cucumis_sativus,tgz-only,1,1
plants,49,cyanidioschyzon_merolae,tgz-only,1,1
plants,49,cynara_cardunculus,tgz-only,1,1
plants,49,daucus_carota,tgz-only,1,1
plants,49,dioscorea_rotundata,tgz-only,1,1
plants,49,eragrostis_curvula,tgz-only,1,1
plants,49,eragrostis_tef,tgz-only,1,1
plants,49,eutrema_salsugineum,tgz-only,1,1
plants,49,galdieria_sulphuraria,tgz-only,1,1
plants,49,glycine_max,tgz-only,1,1
plants,49,gossypium_raimondii,tgz-only,1,1
plants,49,helianthus_annuus,tgz-only,1,1
plants,49,hordeum_vulgare,tgz-only,1,1
plants,49,hordeum_vulgare_goldenpromise,tgz-only,1,1
plants,49,ipomoea_triloba,tgz-only,1,1
plants,49,kalanchoe_fedtschenkoi,tgz-only,1,1
plants,49,leersia_perrieri,tgz-only,1,1
plants,49,lupinus_angustifolius,tgz-only,1,1
plants,49,malus_domestica_golden,tgz-only,1,1
plants,49,manihot_esculenta,tgz-only,1,1
plants,49,marchantia_polymorpha,tgz-only,1,1
plants,49,medicago_truncatula,tgz-only,1,1
plants,49,musa_acuminata,tgz-only,1,1
plants,49,nicotiana_attenuata,tgz-only,1,1
plants,49,nymphaea_colorata,tgz-only,1,1
plants,49,olea_europaea_sylvestris,tgz-only,1,1
plants,49,oryza_barthii,tgz-only,1,1
plants,49,oryza_brachyantha,tgz-only,1,1
plants,49,oryza_glaberrima,tgz-only,1,1
plants,49,oryza_glumipatula,tgz-only,1,1
plants,49,oryza_indica,tgz-only,1,1
plants,49,oryza_longistaminata,tgz-only,1,1
plants,49,oryza_meridionalis,tgz-only,1,1
plants,49,oryza_nivara,tgz-only,1,1
plants,49,oryza_punctata,tgz-only,1,1
plants,49,oryza_rufipogon,tgz-only,1,1
plants,49,oryza_sativa,tgz-only,1,1
plants,49,ostreococcus_lucimarinus,tgz-only,1,1
plants,49,panicum_hallii_fil2,tgz-only,1,1
plants,49,panicum_hallii_hal2,tgz-only,1,1
plants,49,phaseolus_vulgaris,tgz-only,1,1
plants,49,physcomitrella_patens,tgz-only,1,1
plants,49,pistacia_vera,tgz-only,1,1
plants,49,populus_trichocarpa,tgz-only,1,1
plants,49,prunus_avium,tgz-only,1,1
plants,49,prunus_dulcis,tgz-only,1,1
plants,49,prunus_persica,tgz-only,1,1
plants,49,quercus_lobata,tgz-only,1,1
plants,49,rosa_chinensis,tgz-only,1,1
plants,49,saccharum_spontaneum,tgz-only,1,1
plants,49,selaginella_moellendorffii,tgz-only,1,1
plants,49,setaria_italica,tgz-only,1,1
plants,49,setaria_viridis,tgz-only,1,1
plants,49,solanum_lycopersicum,tgz-only,1,1
plants,49,solanum_tuberosum,tgz-only,1,1
plants,49,sorghum_bicolor,tgz-only,1,1
plants,49,theobroma_cacao_criollo,tgz-only,1,1
plants,49,theobroma_cacao_matina,tgz-only,1,1
plants,49,trifolium_pratense,tgz-only,1,1
plants,49,triticum_aestivum,tgz-only,1,1
plants,49,triticum_aestivum_cadenza,tgz-only,1,1
plants,49,triticum_aestivum_claire,tgz-only,1,1
plants,49,triticum_aestivum_paragon,tgz-only,1,1
plants,49,triticum_aestivum_robigus,tgz-only,1,1
plants,49,triticum_aestivum_weebil,tgz-only,1,1
plants,49,triticum_dicoccoides,tgz-only,1,1
plants,49,triticum_turgidum,tgz-only,1,1
plants,49,triticum_urartu,tgz-only,1,1
plants,49,vigna_angularis,tgz-only,1,1
plants,49,vigna_radiata,tgz-only,1,1
plants,49,vitis_vinifera,tgz-only,1,1
plants,49,zea_mays,tgz-only,1,1
plants,50,actinidia_chinensis,tgz-only,1,1
plants,50,aegilops_tauschii,tgz-only,1,1
plants,50,amborella_trichopoda,tgz-only,1,1
plants,50,ananas_comosus,tgz-only,1,1
plants,50,arabidopsis_halleri,tgz-only,1,1
plants,50,arabidopsis_lyrata,tgz-only,1,1
plants,50,arabidopsis_thaliana,tgz-only,1,1
plants,50,arabis_alpina,tgz-only,1,1
plants,50,asparagus_officinalis,tgz-only,1,1
plants,50,beta_vulgaris,tgz-only,1,1
plants,50,brachypodium_distachyon,tgz-only,1,1
plants,50,brassica_napus,tgz-only,1,1
plants,50,brassica_oleracea,tgz-only,1,1
plants,50,brassica_rapa,tgz-only,1,1
plants,50,camelina_sativa,tgz-only,1,1
plants,50,cannabis_sativa_female,tgz-only,1,1
plants,50,capsicum_annuum,tgz-only,1,1
plants,50,chara_braunii,tgz-only,1,1
plants,50,chenopodium_quinoa,tgz-only,1,1
plants,50,chlamydomonas_reinhardtii,tgz-only,1,1
plants,50,chondrus_crispus,tgz-only,1,1
plants,50,citrullus_lanatus,tgz-only,1,1
plants,50,citrus_clementina,tgz-only,1,1
plants,50,coffea_canephora,tgz-only,1,1
plants,50,corchorus_capsularis,tgz-only,1,1
plants,50,cucumis_melo,tgz-only,1,1
plants,50,cucumis_sativus,tgz-only,1,1
plants,50,cyanidioschyzon_merolae,tgz-only,1,1
plants,50,cynara_cardunculus,tgz-only,1,1
plants,50,daucus_carota,tgz-only,1,1
plants,50,dioscorea_rotundata,tgz-only,1,1
plants,50,eragrostis_curvula,tgz-only,1,1
plants,50,eragrostis_tef,tgz-only,1,1
plants,50,eucalyptus_grandis,tgz-only,1,1
plants,50,eutrema_salsugineum,tgz-only,1,1
plants,50,galdieria_sulphuraria,tgz-only,1,1
plants,50,glycine_max,tgz-only,1,1
plants,50,gossypium_raimondii,tgz-only,1,1
plants,50,helianthus_annuus,tgz-only,1,1
plants,50,hordeum_vulgare,tgz-only,1,1
plants,50,hordeum_vulgare_goldenpromise,tgz-only,1,1
plants,50,ipomoea_triloba,tgz-only,1,1
plants,50,kalanchoe_fedtschenkoi,tgz-only,1,1
plants,50,leersia_perrieri,tgz-only,1,1
plants,50,lupinus_angustifolius,tgz-only,1,1
plants,50,malus_domestica_golden,tgz-only,1,1
plants,50,manihot_esculenta,tgz-only,1,1
plants,50,marchantia_polymorpha,tgz-only,1,1
plants,50,medicago_truncatula,tgz-only,1,1
plants,50,musa_acuminata,tgz-only,1,1
plants,50,nicotiana_attenuata,tgz-only,1,1
plants,50,nymphaea_colorata,tgz-only,1,1
plants,50,olea_europaea_sylvestris,tgz-only,1,1
plants,50,oryza_barthii,tgz-only,1,1
plants,50,oryza_brachyantha,tgz-only,1,1
plants,50,oryza_glaberrima,tgz-only,1,1
plants,50,oryza_glumipatula,tgz-only,1,1
plants,50,oryza_indica,tgz-only,1,1
plants,50,oryza_longistaminata,tgz-only,1,1
plants,50,oryza_meridionalis,tgz-only,1,1
plants,50,oryza_nivara,tgz-only,1,1
plants,50,oryza_punctata,tgz-only,1,1
plants,50,oryza_rufipogon,tgz-only,1,1
plants,50,oryza_sativa,tgz-only,1,1
plants,50,ostreococcus_lucimarinus,tgz-only,1,1
plants,50,panicum_hallii,tgz-only,1,1
plants,50,panicum_hallii_fil2,tgz-only,1,1
plants,50,papaver_somniferum,tgz-only,1,1
plants,50,phaseolus_vulgaris,tgz-only,1,1
plants,50,physcomitrella_patens,dir,0,1
plants,50,pistacia_vera,tgz-only,1,1
plants,50,populus_trichocarpa,tgz-only,1,1
plants,50,prunus_avium,tgz-only,1,1
plants,50,prunus_dulcis,tgz-only,1,1
plants,50,prunus_persica,tgz-only,1,1
plants,50,quercus_lobata,tgz-only,1,1
plants,50,rosa_chinensis,tgz-only,1,1
plants,50,saccharum_spontaneum,tgz-only,1,1
plants,50,selaginella_moellendorffii,tgz-only,1,1
plants,50,setaria_italica,tgz-only,1,1
plants,50,setaria_viridis,tgz-only,1,1
plants,50,solanum_lycopersicum,tgz-only,1,1
plants,50,solanum_tuberosum,tgz-only,1,1
plants,50,sorghum_bicolor,tgz-only,1,1
plants,50,theobroma_cacao,tgz-only,1,1
plants,50,theobroma_cacao_criollo,tgz-only,1,1
plants,50,trifolium_pratense,tgz-only,1,1
plants,50,triticum_aestivum,tgz-only,1,1
plants,50,triticum_aestivum_arinalrfor,tgz-only,1,1
plants,50,triticum_aestivum_cadenza,tgz-only,1,1
plants,50,triticum_aestivum_claire,tgz-only,1,1
plants,50,triticum_aestivum_jagger,tgz-only,1,1
plants,50,triticum_aestivum_julius,tgz-only,1,1
plants,50,triticum_aestivum_lancer,tgz-only,1,1
plants,50,triticum_aestivum_landmark,tgz-only,1,1
plants,50,triticum_aestivum_mace,tgz-only,1,1
plants,50,triticum_aestivum_mattis,tgz-only,1,1
plants,50,triticum_aestivum_norin61,tgz-only,1,1
plants,50,triticum_aestivum_paragon,tgz-only,1,1
plants,50,triticum_aestivum_robigus,tgz-only,1,1
plants,50,triticum_aestivum_stanley,tgz-only,1,1
plants,50,triticum_aestivum_weebil,tgz-only,1,1
plants,50,triticum_dicoccoides,tgz-only,1,1
plants,50,triticum_spelta,tgz-only,1,1
plants,50,triticum_turgidum,tgz-only,1,1
plants,50,triticum_urartu,tgz-only,1,1
plants,50,vigna_angularis,tgz-only,1,1
plants,50,vigna_radiata,tgz-only,1,1
plants,50,vitis_vinifera,tgz-only,1,1
plants,50,zea_mays,tgz-only,1,1
plants,51,actinidia_chinensis,tgz-only,1,1
plants,51,aegilops_tauschii,tgz-only,1,1
plants,51,amborella_trichopoda,tgz-only,1,1
plants,51,ananas_comosus,tgz-only,1,1
plants,51,arabidopsis_halleri,tgz-only,1,1
plants,51,arabidopsis_lyrata,tgz-only,1,1
plants,51,arabidopsis_thaliana,tgz-only,1,1
plants,51,arabis_alpina,tgz-only,1,1
plants,51,asparagus_officinalis,tgz-only,1,1
plants,51,beta_vulgaris,tgz-only,1,1
plants,51,brachypodium_distachyon,tgz-only,1,1
plants,51,brassica_napus,tgz-only,1,1
plants,51,brassica_oleracea,tgz-only,1,1
plants,51,brassica_rapa,tgz-only,1,1
plants,51,camelina_sativa,tgz-only,1,1
plants,51,cannabis_sativa_female,tgz-only,1,1
plants,51,capsicum_annuum,tgz-only,1,1
plants,51,chara_braunii,tgz-only,1,1
plants,51,chenopodium_quinoa,tgz-only,1,1
plants,51,chlamydomonas_reinhardtii,tgz-only,1,1
plants,51,chondrus_crispus,tgz-only,1,1
plants,51,citrullus_lanatus,tgz-only,1,1
plants,51,citrus_clementina,tgz-only,1,1
plants,51,coffea_canephora,tgz-only,1,1
plants,51,corchorus_capsularis,tgz-only,1,1
plants,51,cucumis_melo,tgz-only,1,1
plants,51,cucumis_sativus,tgz-only,1,1
plants,51,cyanidioschyzon_merolae,tgz-only,1,1
plants,51,cynara_cardunculus,tgz-only,1,1
plants,51,daucus_carota,tgz-only,1,1
plants,51,dioscorea_rotundata,tgz-only,1,1
plants,51,eragrostis_curvula,tgz-only,1,1
plants,51,eragrostis_tef,tgz-only,1,1
plants,51,eucalyptus_grandis,tgz-only,1,1
plants,51,eutrema_salsugineum,tgz-only,1,1
plants,51,galdieria_sulphuraria,tgz-only,1,1
plants,51,glycine_max,tgz-only,1,1
plants,51,gossypium_raimondii,tgz-only,1,1
plants,51,helianthus_annuus,tgz-only,1,1
plants,51,hordeum_vulgare,tgz-only,1,1
plants,51,hordeum_vulgare_goldenpromise,tgz-only,1,1
plants,51,hordeum_vulgare_tritex,tgz-only,1,1
plants,51,ipomoea_triloba,tgz-only,1,1
plants,51,juglans_regia,tgz-only,1,1
plants,51,kalanchoe_fedtschenkoi,tgz-only,1,1
plants,51,leersia_perrieri,tgz-only,1,1
plants,51,lupinus_angustifolius,tgz-only,1,1
plants,51,malus_domestica_golden,tgz-only,1,1
plants,51,manihot_esculenta,tgz-only,1,1
plants,51,marchantia_polymorpha,tgz-only,1,1
plants,51,medicago_truncatula,tgz-only,1,1
plants,51,musa_acuminata,tgz-only,1,1
plants,51,nicotiana_attenuata,tgz-only,1,1
plants,51,nymphaea_colorata,tgz-only,1,1
plants,51,olea_europaea_sylvestris,tgz-only,1,1
plants,51,oryza_barthii,tgz-only,1,1
plants,51,oryza_brachyantha,tgz-only,1,1
plants,51,oryza_glaberrima,tgz-only,1,1
plants,51,oryza_glumipatula,tgz-only,1,1
plants,51,oryza_indica,tgz-only,1,1
plants,51,oryza_longistaminata,tgz-only,1,1
plants,51,oryza_meridionalis,tgz-only,1,1
plants,51,oryza_nivara,tgz-only,1,1
plants,51,oryza_punctata,tgz-only,1,1
plants,51,oryza_rufipogon,tgz-only,1,1
plants,51,oryza_sativa,tgz-only,1,1
plants,51,ostreococcus_lucimarinus,tgz-only,1,1
plants,51,panicum_hallii,tgz-only,1,1
plants,51,panicum_hallii_fil2,tgz-only,1,1
plants,51,papaver_somniferum,tgz-only,1,1
plants,51,phaseolus_vulgaris,tgz-only,1,1
plants,51,physcomitrium_patens,tgz-only,1,1
plants,51,pistacia_vera,tgz-only,1,1
plants,51,populus_trichocarpa,tgz-only,1,1
plants,51,prunus_avium,tgz-only,1,1
plants,51,prunus_dulcis,tgz-only,1,1
plants,51,prunus_persica,tgz-only,1,1
plants,51,quercus_lobata,tgz-only,1,1
plants,51,rosa_chinensis,tgz-only,1,1
plants,51,saccharum_spontaneum,tgz-only,1,1
plants,51,selaginella_moellendorffii,tgz-only,1,1
plants,51,sesamum_indicum,tgz-only,1,1
plants,51,setaria_italica,tgz-only,1,1
plants,51,setaria_viridis,tgz-only,1,1
plants,51,solanum_lycopersicum,tgz-only,1,1
plants,51,solanum_tuberosum,tgz-only,1,1
plants,51,solanum_tuberosum_rh8903916,tgz-only,1,1
plants,51,sorghum_bicolor,tgz-only,1,1
plants,51,theobroma_cacao,tgz-only,1,1
plants,51,theobroma_cacao_criollo,tgz-only,1,1
plants,51,trifolium_pratense,tgz-only,1,1
plants,51,triticum_aestivum,tgz-only,1,1
plants,51,triticum_aestivum_arinalrfor,tgz-only,1,1
plants,51,triticum_aestivum_cadenza,tgz-only,1,1
plants,51,triticum_aestivum_claire,tgz-only,1,1
plants,51,triticum_aestivum_jagger,tgz-only,1,1
plants,51,triticum_aestivum_julius,tgz-only,1,1
plants,51,triticum_aestivum_lancer,tgz-only,1,1
plants,51,triticum_aestivum_landmark,tgz-only,1,1
plants,51,triticum_aestivum_mace,tgz-only,1,1
plants,51,triticum_aestivum_mattis,tgz-only,1,1
plants,51,triticum_aestivum_norin61,tgz-only,1,1
plants,51,triticum_aestivum_paragon,tgz-only,1,1
plants,51,triticum_aestivum_robigus,tgz-only,1,1
plants,51,triticum_aestivum_stanley,tgz-only,1,1
plants,51,triticum_aestivum_weebil,tgz-only,1,1
plants,51,triticum_dicoccoides,tgz-only,1,1
plants,51,triticum_spelta,tgz-only,1,1
plants,51,triticum_turgidum,tgz-only,1,1
plants,51,triticum_urartu,tgz-only,1,1
plants,51,vigna_angularis,tgz-only,1,1
plants,51,vigna_radiata,tgz-only,1,1
plants,51,vitis_vinifera,tgz-only,1,1
plants,51,zea_mays,tgz-only,1,1
plants,52,actinidia_chinensis,dir,0,1
plants,52,aegilops_tauschii,dir,0,1
plants,52,amborella_trichopoda,dir,0,1
plants,52,ananas_comosus,dir,0,1
plants,52,arabidopsis_halleri,dir,0,1
plants,52,arabidopsis_lyrata,dir,0,1
plants,52,arabidopsis_thaliana,dir,0,1
plants,52,arabis_alpina,dir,0,1
plants,52,asparagus_officinalis,dir,0,1
plants,52,beta_vulgaris,dir,0,1
plants,52,brachypodium_distachyon,dir,0,1
plants,52,brassica_napus,dir,0,1
plants,52,brassica_oleracea,dir,0,1
plants,52,brassica_rapa,dir,0,1
plants,52,brassica_rapa_ro18,dir,0,1
plants,52,camelina_sativa,dir,0,1
plants,52,cannabis_sativa_female,dir,0,1
plants,52,capsicum_annuum,dir,0,1
plants,52,chara_braunii,dir,0,1
plants,52,chenopodium_quinoa,dir,0,1
plants,52,chlamydomonas_reinhardtii,dir,0,1
plants,52,chondrus_crispus,dir,0,1
plants,52,citrullus_lanatus,dir,0,1
plants,52,citrus_clementina,dir,0,1
plants,52,coffea_canephora,dir,0,1
plants,52,corchorus_capsularis,dir,0,1
plants,52,corylus_avellana,dir,0,1
plants,52,cucumis_melo,dir,0,1
plants,52,cucumis_sativus,dir,0,1
plants,52,cyanidioschyzon_merolae,dir,0,1
plants,52,cynara_cardunculus,dir,0,1
plants,52,daucus_carota,dir,0,1
plants,52,dioscorea_rotundata,dir,0,1
plants,52,eragrostis_curvula,dir,0,1
plants,52,eragrostis_tef,dir,0,1
plants,52,eucalyptus_grandis,dir,0,1
plants,52,eutrema_salsugineum,dir,0,1
plants,52,ficus_carica,dir,0,1
plants,52,galdieria_sulphuraria,dir,0,1
plants,52,glycine_max,dir,0,1
plants,52,gossypium_raimondii,dir,0,1
plants,52,helianthus_annuus,dir,0,1
plants,52,hordeum_vulgare,dir,0,1
plants,52,hordeum_vulgare_goldenpromise,dir,0,1
plants,52,hordeum_vulgare_tritex,dir,0,1
plants,52,ipomoea_triloba,dir,0,1
plants,52,juglans_regia,dir,0,1
plants,52,kalanchoe_fedtschenkoi,dir,0,1
plants,52,lactuca_sativa,dir,0,1
plants,52,leersia_perrieri,dir,0,1
plants,52,lupinus_angustifolius,dir,0,1
plants,52,malus_domestica_golden,dir,0,1
plants,52,manihot_esculenta,dir,0,1
plants,52,marchantia_polymorpha,dir,0,1
plants,52,medicago_truncatula,dir,0,1
plants,52,musa_acuminata,dir,0,1
plants,52,nicotiana_attenuata,dir,0,1
plants,52,nymphaea_colorata,dir,0,1
plants,52,olea_europaea,dir,0,1
plants,52,olea_europaea_sylvestris,dir,0,1
plants,52,oryza_barthii,dir,0,1
plants,52,oryza_brachyantha,dir,0,1
plants,52,oryza_glaberrima,dir,0,1
plants,52,oryza_glumipatula,dir,0,1
plants,52,oryza_indica,dir,0,1
plants,52,oryza_longistaminata,dir,0,1
plants,52,oryza_meridionalis,dir,0,1
plants,52,oryza_nivara,dir,0,1
plants,52,oryza_punctata,dir,0,1
plants,52,oryza_rufipogon,dir,0,1
plants,52,oryza_sativa,dir,0,1
plants,52,ostreococcus_lucimarinus,dir,0,1
plants,52,panicum_hallii,dir,0,1
plants,52,panicum_hallii_fil2,dir,0,1
plants,52,papaver_somniferum,dir,0,1
plants,52,phaseolus_vulgaris,dir,0,1
plants,52,physcomitrium_patens,dir,0,1
plants,52,pistacia_vera,dir,0,1
plants,52,populus_trichocarpa,dir,0,1
plants,52,prunus_avium,dir,0,1
plants,52,prunus_dulcis,dir,0,1
plants,52,prunus_persica,dir,0,1
plants,52,quercus_lobata,dir,0,1
plants,52,rosa_chinensis,dir,0,1
plants,52,saccharum_spontaneum,dir,0,1
plants,52,selaginella_moellendorffii,dir,0,1
plants,52,sesamum_indicum,dir,0,1
plants,52,setaria_italica,dir,0,1
plants,52,setaria_viridis,dir,0,1
plants,52,solanum_lycopersicum,dir,0,1
plants,52,solanum_tuberosum,dir,0,1
plants,52,solanum_tuberosum_rh8903916,dir,0,1
plants,52,sorghum_bicolor,dir,0,1
plants,52,theobroma_cacao,dir,0,1
plants,52,theobroma_cacao_criollo,dir,0,1
plants,52,trifolium_pratense,dir,0,1
plants,52,triticum_aestivum,dir,0,1
plants,52,triticum_aestivum_arinalrfor,dir,0,1
plants,52,triticum_aestivum_cadenza,dir,0,1
plants,52,triticum_aestivum_claire,dir,0,1
plants,52,triticum_aestivum_jagger,dir,0,1
plants,52,triticum_aestivum_julius,dir,0,1
plants,52,triticum_aestivum_lancer,dir,0,1
plants,52,triticum_aestivum_landmark,dir,0,1
plants,52,triticum_aestivum_mace,dir,0,1
plants,52,triticum_aestivum_mattis,dir,0,1
plants,52,triticum_aestivum_norin61,dir,0,1
plants,52,triticum_aestivum_paragon,dir,0,1
plants,52,triticum_aestivum_robigus,dir,0,1
plants,52,triticum_aestivum_stanley,dir,0,1
plants,52,triticum_aestivum_weebil,dir,0,1
plants,52,triticum_dicoccoides,dir,0,1
plants,52,triticum_spelta,dir,0,1
plants,52,triticum_turgidum,dir,0,1
plants,52,triticum_urartu,dir,0,1
plants,52,vigna_angularis,dir,0,1
plants,52,vigna_radiata,dir,0,1
plants,52,vitis_vinifera,dir,0,1
plants,52,zea_mays,dir,0,1
plants,53,actinidia_chinensis,dir,0,1
plants,53,aegilops_tauschii,dir,0,1
plants,53,amborella_trichopoda,dir,0,1
plants,53,ananas_comosus,dir,0,1
plants,53,arabidopsis_halleri,dir,0,1
plants,53,arabidopsis_lyrata,dir,0,1
plants,53,arabidopsis_thaliana,dir,0,1
plants,53,arabis_alpina,dir,0,1
plants,53,asparagus_officinalis,dir,0,1
plants,53,beta_vulgaris,dir,0,1
plants,53,brachypodium_distachyon,dir,0,1
plants,53,brassica_napus,dir,0,1
plants,53,brassica_oleracea,dir,0,1
plants,53,brassica_rapa,dir,0,1
plants,53,brassica_rapa_ro18,dir,0,1
plants,53,camelina_sativa,dir,0,1
plants,53,cannabis_sativa_female,dir,0,1
plants,53,capsicum_annuum,dir,0,1
plants,53,chara_braunii,dir,0,1
plants,53,chenopodium_quinoa,dir,0,1
plants,53,chlamydomonas_reinhardtii,dir,0,1
plants,53,chondrus_crispus,dir,0,1
plants,53,citrullus_lanatus,dir,0,1
plants,53,citrus_clementina,dir,0,1
plants,53,coffea_canephora,dir,0,1
plants,53,corchorus_capsularis,dir,0,1
plants,53,corylus_avellana,dir,0,1
plants,53,corymbia_citriodora,dir,0,1
plants,53,cucumis_melo,dir,0,1
plants,53,cucumis_sativus,dir,0,1
plants,53,cyanidioschyzon_merolae,dir,0,1
plants,53,cynara_cardunculus,dir,0,1
plants,53,daucus_carota,dir,0,1
plants,53,dioscorea_rotundata,dir,0,1
plants,53,eragrostis_curvula,dir,0,1
plants,53,eragrostis_tef,dir,0,1
plants,53,eucalyptus_grandis,dir,0,1
plants,53,eutrema_salsugineum,dir,0,1
plants,53,ficus_carica,dir,0,1
plants,53,galdieria_sulphuraria,dir,0,1
plants,53,glycine_max,dir,0,1
plants,53,gossypium_raimondii,dir,0,1
plants,53,helianthus_annuus,dir,0,1
plants,53,hordeum_vulgare,dir,0,1
plants,53,hordeum_vulgare_goldenpromise,dir,0,1
plants,53,hordeum_vulgare_tritex,dir,0,1
plants,53,ipomoea_triloba,dir,0,1
plants,53,juglans_regia,dir,0,1
plants,53,kalanchoe_fedtschenkoi,dir,0,1
plants,53,lactuca_sativa,dir,0,1
plants,53,leersia_perrieri,dir,0,1
plants,53,lupinus_angustifolius,dir,0,1
plants,53,malus_domestica_golden,dir,0,1
plants,53,manihot_esculenta,dir,0,1
plants,53,marchantia_polymorpha,dir,0,1
plants,53,medicago_truncatula,dir,0,1
plants,53,musa_acuminata,dir,0,1
plants,53,nicotiana_attenuata,dir,0,1
plants,53,nymphaea_colorata,dir,0,1
plants,53,olea_europaea,dir,0,1
plants,53,olea_europaea_sylvestris,dir,0,1
plants,53,oryza_barthii,dir,0,1
plants,53,oryza_brachyantha,dir,0,1
plants,53,oryza_glaberrima,dir,0,1
plants,53,oryza_glumipatula,dir,0,1
plants,53,oryza_indica,dir,0,1
plants,53,oryza_longistaminata,dir,0,1
plants,53,oryza_meridionalis,dir,0,1
plants,53,oryza_nivara,dir,0,1
plants,53,oryza_punctata,dir,0,1
plants,53,oryza_rufipogon,dir,0,1
plants,53,oryza_sativa,dir,0,1
plants,53,ostreococcus_lucimarinus,dir,0,1
plants,53,panicum_hallii,dir,0,1
plants,53,panicum_hallii_fil2,dir,0,1
plants,53,papaver_somniferum,dir,0,1
plants,53,phaseolus_vulgaris,dir,0,1
plants,53,physcomitrium_patens,dir,0,1
plants,53,pistacia_vera,dir,0,1
plants,53,pisum_sativum,dir,0,1
plants,53,populus_trichocarpa,dir,0,1
plants,53,prunus_avium,dir,0,1
plants,53,prunus_dulcis,dir,0,1
plants,53,prunus_persica,dir,0,1
plants,53,quercus_lobata,dir,0,1
plants,53,rosa_chinensis,dir,0,1
plants,53,saccharum_spontaneum,dir,0,1
plants,53,secale_cereale,dir,0,1
plants,53,selaginella_moellendorffii,dir,0,1
plants,53,sesamum_indicum,dir,0,1
plants,53,setaria_italica,dir,0,1
plants,53,setaria_viridis,dir,0,1
plants,53,solanum_lycopersicum,dir,0,1
plants,53,solanum_tuberosum,dir,0,1
plants,53,solanum_tuberosum_rh8903916,dir,0,1
plants,53,sorghum_bicolor,dir,0,1
plants,53,theobroma_cacao,dir,0,1
plants,53,theobroma_cacao_criollo,dir,0,1
plants,53,trifolium_pratense,dir,0,1
plants,53,triticum_aestivum,dir,0,1
plants,53,triticum_aestivum_arinalrfor,dir,0,1
plants,53,triticum_aestivum_cadenza,dir,0,1
plants,53,triticum_aestivum_claire,dir,0,1
plants,53,triticum_aestivum_jagger,dir,0,1
plants,53,triticum_aestivum_julius,dir,0,1
plants,53,triticum_aestivum_lancer,dir,0,1
plants,53,triticum_aestivum_landmark,dir,0,1
plants,53,triticum_aestivum_mace,dir,0,1
plants,53,triticum_aestivum_mattis,dir,0,1
plants,53,triticum_aestivum_norin61,dir,0,1
plants,53,triticum_aestivum_paragon,dir,0,1
plants,53,triticum_aestivum_robigus,dir,0,1
plants,53,triticum_aestivum_stanley,dir,0,1
plants,53,triticum_aestivum_weebil,dir,0,1
plants,53,triticum_dicoccoides,dir,0,1
plants,53,triticum_spelta,dir,0,1
plants,53,triticum_turgidum,dir,0,1
plants,53,triticum_urartu,dir,0,1
plants,53,vigna_angularis,dir,0,1
plants,53,vigna_radiata,dir,0,1
plants,53,vitis_vinifera,dir,0,1
plants,53,zea_mays,dir,0,1
plants,54,actinidia_chinensis,dir,0,1
plants,54,aegilops_tauschii,dir,0,1
plants,54,amborella_trichopoda,dir,0,1
plants,54,ananas_comosus,dir,0,1
plants,54,arabidopsis_halleri,dir,0,1
plants,54,arabidopsis_lyrata,dir,0,1
plants,54,arabidopsis_thaliana,dir,0,1
plants,54,arabis_alpina,dir,0,1
plants,54,asparagus_officinalis,dir,0,1
plants,54,beta_vulgaris,dir,0,1
plants,54,brachypodium_distachyon,dir,0,1
plants,54,brassica_napus,dir,0,1
plants,54,brassica_oleracea,dir,0,1
plants,54,brassica_rapa,dir,0,1
plants,54,brassica_rapa_ro18,dir,0,1
plants,54,camelina_sativa,dir,0,1
plants,54,cannabis_sativa_female,dir,0,1
plants,54,capsicum_annuum,dir,0,1
plants,54,chara_braunii,dir,0,1
plants,54,chenopodium_quinoa,dir,0,1
plants,54,chlamydomonas_reinhardtii,dir,0,1
plants,54,chondrus_crispus,dir,0,1
plants,54,citrullus_lanatus,dir,0,1
plants,54,citrus_clementina,dir,0,1
plants,54,coffea_canephora,dir,0,1
plants,54,corchorus_capsularis,dir,0,1
plants,54,corylus_avellana,dir,0,1
plants,54,corymbia_citriodora,dir,0,1
plants,54,cucumis_melo,dir,0,1
plants,54,cucumis_sativus,dir,0,1
plants,54,cyanidioschyzon_merolae,dir,0,1
plants,54,cynara_cardunculus,dir,0,1
plants,54,daucus_carota,dir,0,1
plants,54,digitaria_exilis,dir,0,1
plants,54,dioscorea_rotundata,dir,0,1
plants,54,echinochloa_crusgalli,dir,0,1
plants,54,eragrostis_curvula,dir,0,1
plants,54,eragrostis_tef,dir,0,1
plants,54,eucalyptus_grandis,dir,0,1
plants,54,eutrema_salsugineum,dir,0,1
plants,54,ficus_carica,dir,0,1
plants,54,galdieria_sulphuraria,dir,0,1
plants,54,glycine_max,dir,0,1
plants,54,gossypium_raimondii,dir,0,1
plants,54,helianthus_annuus,dir,0,1
plants,54,hordeum_vulgare,dir,0,1
plants,54,hordeum_vulgare_goldenpromise,dir,0,1
plants,54,hordeum_vulgare_tritex,dir,0,1
plants,54,ipomoea_triloba,dir,0,1
plants,54,juglans_regia,dir,0,1
plants,54,kalanchoe_fedtschenkoi,dir,0,1
plants,54,lactuca_sativa,dir,0,1
plants,54,leersia_perrieri,dir,0,1
plants,54,lupinus_angustifolius,dir,0,1
plants,54,malus_domestica_golden,dir,0,1
plants,54,manihot_esculenta,dir,0,1
plants,54,marchantia_polymorpha,dir,0,1
plants,54,medicago_truncatula,dir,0,1
plants,54,musa_acuminata,dir,0,1
plants,54,nicotiana_attenuata,dir,0,1
plants,54,nymphaea_colorata,dir,0,1
plants,54,olea_europaea,dir,0,1
plants,54,olea_europaea_sylvestris,dir,0,1
plants,54,oryza_barthii,dir,0,1
plants,54,oryza_brachyantha,dir,0,1
plants,54,oryza_glaberrima,dir,0,1
plants,54,oryza_glumipatula,dir,0,1
plants,54,oryza_indica,dir,0,1
plants,54,oryza_longistaminata,dir,0,1
plants,54,oryza_meridionalis,dir,0,1
plants,54,oryza_nivara,dir,0,1
plants,54,oryza_punctata,dir,0,1
plants,54,oryza_rufipogon,dir,0,1
plants,54,oryza_sativa,dir,0,1
plants,54,ostreococcus_lucimarinus,dir,0,1
plants,54,panicum_hallii,dir,0,1
plants,54,panicum_hallii_fil2,dir,0,1
plants,54,papaver_somniferum,dir,0,1
plants,54,phaseolus_vulgaris,dir,0,1
plants,54,physcomitrium_patens,dir,0,1
plants,54,pistacia_vera,dir,0,1
plants,54,pisum_sativum,dir,0,1
plants,54,populus_trichocarpa,dir,0,1
plants,54,prunus_avium,dir,0,1
plants,54,prunus_dulcis,dir,0,1
plants,54,prunus_persica,dir,0,1
plants,54,quercus_lobata,dir,0,1
plants,54,rosa_chinensis,dir,0,1
plants,54,saccharum_spontaneum,dir,0,1
plants,54,secale_cereale,dir,0,1
plants,54,selaginella_moellendorffii,dir,0,1
plants,54,sesamum_indicum,dir,0,1
plants,54,setaria_italica,dir,0,1
plants,54,setaria_viridis,dir,0,1
plants,54,solanum_lycopersicum,dir,0,1
plants,54,solanum_tuberosum,dir,0,1
plants,54,solanum_tuberosum_rh8903916,dir,0,1
plants,54,sorghum_bicolor,dir,0,1
plants,54,theobroma_cacao,dir,0,1
plants,54,theobroma_cacao_criollo,dir,0,1
plants,54,trifolium_pratense,dir,0,1
plants,54,triticum_aestivum,dir,0,1
plants,54,triticum_aestivum_arinalrfor,dir,0,1
plants,54,triticum_aestivum_cadenza,dir,0,1
plants,54,triticum_aestivum_claire,dir,0,1
plants,54,triticum_aestivum_jagger,dir,0,1
plants,54,triticum_aestivum_julius,dir,0,1
plants,54,triticum_aestivum_lancer,dir,0,1
plants,54,triticum_aestivum_landmark,dir,0,1
plants,54,triticum_aestivum_mace,dir,0,1
plants,54,triticum_aestivum_mattis,dir,0,1
plants,54,triticum_aestivum_norin61,dir,0,1
plants,54,triticum_aestivum_paragon,dir,0,1
plants,54,triticum_aestivum_robigus,dir,0,1
plants,54,triticum_aestivum_stanley,dir,0,1
plants,54,triticum_aestivum_weebil,dir,0,1
plants,54,triticum_dicoccoides,dir,0,1
plants,54,triticum_spelta,dir,0,1
plants,54,triticum_turgidum,dir,0,1
plants,54,triticum_urartu,dir,0,1
plants,54,vigna_angularis,dir,0,1
plants,54,vigna_radiata,dir,0,1
plants,54,vigna_unguiculata,dir,0,1
plants,54,vitis_vinifera,dir,0,1
plants,54,zea_mays,dir,0,1
plants,55,actinidia_chinensis,dir,0,1
plants,55,aegilops_tauschii,dir,0,1
plants,55,amborella_trichopoda,dir,0,1
plants,55,ananas_comosus,dir,0,1
plants,55,arabidopsis_halleri,dir,0,1
plants,55,arabidopsis_lyrata,dir,0,1
plants,55,arabidopsis_thaliana,dir,0,1
plants,55,arabis_alpina,dir,0,1
plants,55,asparagus_officinalis,dir,0,1
plants,55,beta_vulgaris,dir,0,1
plants,55,brachypodium_distachyon,dir,0,1
plants,55,brassica_juncea,dir,0,1
plants,55,brassica_napus,dir,0,1
plants,55,brassica_oleracea,dir,0,1
plants,55,brassica_rapa,dir,0,1
plants,55,brassica_rapa_ro18,dir,0,1
plants,55,camelina_sativa,dir,0,1
plants,55,cannabis_sativa_female,dir,0,1
plants,55,capsicum_annuum,dir,0,1
plants,55,chara_braunii,dir,0,1
plants,55,chenopodium_quinoa,dir,0,1
plants,55,chlamydomonas_reinhardtii,dir,0,1
plants,55,chondrus_crispus,dir,0,1
plants,55,citrullus_lanatus,dir,0,1
plants,55,citrus_clementina,dir,0,1
plants,55,coffea_canephora,dir,0,1
plants,55,corchorus_capsularis,dir,0,1
plants,55,corylus_avellana,dir,0,1
plants,55,corymbia_citriodora,dir,0,1
plants,55,cucumis_melo,dir,0,1
plants,55,cucumis_sativus,dir,0,1
plants,55,cyanidioschyzon_merolae,dir,0,1
plants,55,cynara_cardunculus,dir,0,1
plants,55,daucus_carota,dir,0,1
plants,55,digitaria_exilis,dir,0,1
plants,55,dioscorea_rotundata,dir,0,1
plants,55,echinochloa_crusgalli,dir,0,1
plants,55,eragrostis_curvula,dir,0,1
plants,55,eragrostis_tef,dir,0,1
plants,55,eucalyptus_grandis,dir,0,1
plants,55,eutrema_salsugineum,dir,0,1
plants,55,ficus_carica,dir,0,1
plants,55,galdieria_sulphuraria,dir,0,1
plants,55,glycine_max,dir,0,1
plants,55,gossypium_raimondii,dir,0,1
plants,55,helianthus_annuus,dir,0,1
plants,55,hordeum_vulgare,dir,0,1
plants,55,hordeum_vulgare_goldenpromise,dir,0,1
plants,55,hordeum_vulgare_tritex,dir,0,1
plants,55,ipomoea_triloba,dir,0,1
plants,55,juglans_regia,dir,0,1
plants,55,kalanchoe_fedtschenkoi,dir,0,1
plants,55,lactuca_sativa,dir,0,1
plants,55,leersia_perrieri,dir,0,1
plants,55,lolium_perenne,dir,0,1
plants,55,lupinus_angustifolius,dir,0,1
plants,55,malus_domestica_golden,dir,0,1
plants,55,manihot_esculenta,dir,0,1
plants,55,marchantia_polymorpha,dir,0,1
plants,55,medicago_truncatula,dir,0,1
plants,55,musa_acuminata,dir,0,1
plants,55,nicotiana_attenuata,dir,0,1
plants,55,nymphaea_colorata,dir,0,1
plants,55,olea_europaea,dir,0,1
plants,55,olea_europaea_sylvestris,dir,0,1
plants,55,oryza_barthii,dir,0,1
plants,55,oryza_brachyantha,dir,0,1
plants,55,oryza_glaberrima,dir,0,1
plants,55,oryza_glumipatula,dir,0,1
plants,55,oryza_indica,dir,0,1
plants,55,oryza_longistaminata,dir,0,1
plants,55,oryza_meridionalis,dir,0,1
plants,55,oryza_nivara,dir,0,1
plants,55,oryza_punctata,dir,0,1
plants,55,oryza_rufipogon,dir,0,1
plants,55,oryza_sativa,dir,0,1
plants,55,ostreococcus_lucimarinus,dir,0,1
plants,55,panicum_hallii,dir,0,1
plants,55,panicum_hallii_fil2,dir,0,1
plants,55,papaver_somniferum,dir,0,1
plants,55,phaseolus_vulgaris,dir,0,1
plants,55,physcomitrium_patens,dir,0,1
plants,55,pistacia_vera,dir,0,1
plants,55,pisum_sativum,dir,0,1
plants,55,populus_trichocarpa,dir,0,1
plants,55,prunus_avium,dir,0,1
plants,55,prunus_dulcis,dir,0,1
plants,55,prunus_persica,dir,0,1
plants,55,quercus_lobata,dir,0,1
plants,55,quercus_suber,dir,0,1
plants,55,rosa_chinensis,dir,0,1
plants,55,saccharum_spontaneum,dir,0,1
plants,55,secale_cereale,dir,0,1
plants,55,selaginella_moellendorffii,dir,0,1
plants,55,sesamum_indicum,dir,0,1
plants,55,setaria_italica,dir,0,1
plants,55,setaria_viridis,dir,0,1
plants,55,solanum_lycopersicum,dir,0,1
plants,55,solanum_tuberosum,dir,0,1
plants,55,solanum_tuberosum_rh8903916,dir,0,1
plants,55,sorghum_bicolor,dir,0,1
plants,55,theobroma_cacao,dir,0,1
plants,55,theobroma_cacao_criollo,dir,0,1
plants,55,trifolium_pratense,dir,0,1
plants,55,triticum_aestivum,dir,0,1
plants,55,triticum_aestivum_arinalrfor,dir,0,1
plants,55,triticum_aestivum_cadenza,dir,0,1
plants,55,triticum_aestivum_claire,dir,0,1
plants,55,triticum_aestivum_jagger,dir,0,1
plants,55,triticum_aestivum_julius,dir,0,1
plants,55,triticum_aestivum_lancer,dir,0,1
plants,55,triticum_aestivum_landmark,dir,0,1
plants,55,triticum_aestivum_mace,dir,0,1
plants,55,triticum_aestivum_mattis,dir,0,1
plants,55,triticum_aestivum_norin61,dir,0,1
plants,55,triticum_aestivum_paragon,dir,0,1
plants,55,triticum_aestivum_robigus,dir,0,1
plants,55,triticum_aestivum_stanley,dir,0,1
plants,55,triticum_aestivum_weebil,dir,0,1
plants,55,triticum_dicoccoides,dir,0,1
plants,55,triticum_spelta,dir,0,1
plants,55,triticum_turgidum,dir,0,1
plants,55,triticum_urartu,dir,0,1
plants,55,vigna_angularis,dir,0,1
plants,55,vigna_radiata,dir,0,1
plants,55,vigna_unguiculata,dir,0,1
plants,55,vitis_vinifera,dir,0,1
plants,55,zea_mays,dir,0,1
plants,56,actinidia_chinensis,dir,0,1
plants,56,aegilops_tauschii,dir,0,1
plants,56,amborella_trichopoda,dir,0,1
plants,56,ananas_comosus,dir,0,1
plants,56,arabidopsis_halleri,dir,0,1
plants,56,arabidopsis_lyrata,dir,0,1
plants,56,arabidopsis_thaliana,dir,0,1
plants,56,arabis_alpina,dir,0,1
plants,56,asparagus_officinalis,dir,0,1
plants,56,avena_sativa_ot3098,dir,0,1
plants,56,avena_sativa_sang,dir,0,1
plants,56,beta_vulgaris,dir,0,1
plants,56,brachypodium_distachyon,dir,0,1
plants,56,brassica_juncea,dir,0,1
plants,56,brassica_napus,dir,0,1
plants,56,brassica_oleracea,dir,0,1
plants,56,brassica_rapa,dir,0,1
plants,56,brassica_rapa_ro18,dir,0,1
plants,56,cajanus_cajan,dir,0,1
plants,56,camelina_sativa,dir,0,1
plants,56,cannabis_sativa_female,dir,0,1
plants,56,capsicum_annuum,dir,0,1
plants,56,chara_braunii,dir,0,1
plants,56,chenopodium_quinoa,dir,0,1
plants,56,chlamydomonas_reinhardtii,dir,0,1
plants,56,chondrus_crispus,dir,0,1
plants,56,citrullus_lanatus,dir,0,1
plants,56,citrus_clementina,dir,0,1
plants,56,coffea_canephora,dir,0,1
plants,56,corchorus_capsularis,dir,0,1
plants,56,corylus_avellana,dir,0,1
plants,56,corymbia_citriodora,dir,0,1
plants,56,cucumis_melo,dir,0,1
plants,56,cucumis_sativus,dir,0,1
plants,56,cyanidioschyzon_merolae,dir,0,1
plants,56,cynara_cardunculus,dir,0,1
plants,56,daucus_carota,dir,0,1
plants,56,digitaria_exilis,dir,0,1
plants,56,dioscorea_rotundata,dir,0,1
plants,56,echinochloa_crusgalli,dir,0,1
plants,56,eragrostis_curvula,dir,0,1
plants,56,eragrostis_tef,dir,0,1
plants,56,eucalyptus_grandis,dir,0,1
plants,56,eutrema_salsugineum,dir,0,1
plants,56,ficus_carica,dir,0,1
plants,56,fraxinus_excelsior,dir,0,1
plants,56,galdieria_sulphuraria,dir,0,1
plants,56,glycine_max,dir,0,1
plants,56,gossypium_raimondii,dir,0,1
plants,56,helianthus_annuus,dir,0,1
plants,56,hordeum_vulgare,dir,0,1
plants,56,hordeum_vulgare_goldenpromise,dir,0,1
plants,56,hordeum_vulgare_tritex,dir,0,1
plants,56,ipomoea_triloba,dir,0,1
plants,56,juglans_regia,dir,0,1
plants,56,kalanchoe_fedtschenkoi,dir,0,1
plants,56,lactuca_sativa,dir,0,1
plants,56,leersia_perrieri,dir,0,1
plants,56,lolium_perenne,dir,0,1
plants,56,lupinus_angustifolius,dir,0,1
plants,56,malus_domestica_golden,dir,0,1
plants,56,manihot_esculenta,dir,0,1
plants,56,marchantia_polymorpha,dir,0,1
plants,56,medicago_truncatula,dir,0,1
plants,56,musa_acuminata,dir,0,1
plants,56,nicotiana_attenuata,dir,0,1
plants,56,nymphaea_colorata,dir,0,1
plants,56,olea_europaea,dir,0,1
plants,56,olea_europaea_sylvestris,dir,0,1
plants,56,oryza_barthii,dir,0,1
plants,56,oryza_brachyantha,dir,0,1
plants,56,oryza_glaberrima,dir,0,1
plants,56,oryza_glumipatula,dir,0,1
plants,56,oryza_indica,dir,0,1
plants,56,oryza_longistaminata,dir,0,1
plants,56,oryza_meridionalis,dir,0,1
plants,56,oryza_nivara,dir,0,1
plants,56,oryza_punctata,dir,0,1
plants,56,oryza_rufipogon,dir,0,1
plants,56,oryza_sativa,dir,0,1
plants,56,ostreococcus_lucimarinus,dir,0,1
plants,56,panicum_hallii,dir,0,1
plants,56,panicum_hallii_fil2,dir,0,1
plants,56,papaver_somniferum,dir,0,1
plants,56,phaseolus_vulgaris,dir,0,1
plants,56,physcomitrium_patens,dir,0,1
plants,56,pistacia_vera,dir,0,1
plants,56,pisum_sativum,dir,0,1
plants,56,populus_trichocarpa,dir,0,1
plants,56,prunus_avium,dir,0,1
plants,56,prunus_dulcis,dir,0,1
plants,56,prunus_persica,dir,0,1
plants,56,quercus_lobata,dir,0,1
plants,56,quercus_suber,dir,0,1
plants,56,rosa_chinensis,dir,0,1
plants,56,saccharum_spontaneum,dir,0,1
plants,56,secale_cereale,dir,0,1
plants,56,selaginella_moellendorffii,dir,0,1
plants,56,sesamum_indicum,dir,0,1
plants,56,setaria_italica,dir,0,1
plants,56,setaria_viridis,dir,0,1
plants,56,solanum_lycopersicum,dir,0,1
plants,56,solanum_tuberosum,dir,0,1
plants,56,solanum_tuberosum_rh8903916,dir,0,1
plants,56,sorghum_bicolor,dir,0,1
plants,56,theobroma_cacao,dir,0,1
plants,56,theobroma_cacao_criollo,dir,0,1
plants,56,trifolium_pratense,dir,0,1
plants,56,triticum_aestivum,dir,0,1
plants,56,triticum_aestivum_arinalrfor,dir,0,1
plants,56,triticum_aestivum_cadenza,dir,0,1
plants,56,triticum_aestivum_claire,dir,0,1
plants,56,triticum_aestivum_jagger,dir,0,1
plants,56,triticum_aestivum_julius,dir,0,1
plants,56,triticum_aestivum_kariega,dir,0,1
plants,56,triticum_aestivum_lancer,dir,0,1
plants,56,triticum_aestivum_landmark,dir,0,1
plants,56,triticum_aestivum_mace,dir,0,1
plants,56,triticum_aestivum_mattis,dir,0,1
plants,56,triticum_aestivum_norin61,dir,0,1
plants,56,triticum_aestivum_paragon,dir,0,1
plants,56,triticum_aestivum_robigus,dir,0,1
plants,56,triticum_aestivum_stanley,dir,0,1
plants,56,triticum_aestivum_weebil,dir,0,1
plants,56,triticum_dicoccoides,dir,0,1
plants,56,triticum_spelta,dir,0,1
plants,56,triticum_turgidum,dir,0,1
plants,56,triticum_urartu,dir,0,1
plants,56,vigna_angularis,dir,0,1
plants,56,vigna_radiata,dir,0,1
plants,56,vigna_unguiculata,dir,0,1
plants,56,vitis_vinifera,dir,0,1
plants,56,zea_mays,dir,0,1
plants,57,actinidia_chinensis,dir,0,1
plants,57,aegilops_tauschii,dir,0,1
plants,57,amborella_trichopoda,dir,0,1
plants,57,ananas_comosus,dir,0,1
plants,57,arabidopsis_halleri,dir,0,1
plants,57,arabidopsis_lyrata,dir,0,1
plants,57,arabidopsis_thaliana,dir,0,1
plants,57,arabis_alpina,dir,0,1
plants,57,asparagus_officinalis,dir,0,1
plants,57,avena_sativa_ot3098,dir,0,1
plants,57,avena_sativa_sang,dir,0,1
plants,57,beta_vulgaris,dir,0,1
plants,57,brachypodium_distachyon,dir,0,1
plants,57,brassica_juncea,dir,0,1
plants,57,brassica_napus,dir,0,1
plants,57,brassica_oleracea,dir,0,1
plants,57,brassica_rapa,dir,0,1
plants,57,brassica_rapa_ro18,dir,0,1
plants,57,cajanus_cajan,dir,0,1
plants,57,camelina_sativa,dir,0,1
plants,57,cannabis_sativa_female,dir,0,1
plants,57,capsicum_annuum,dir,0,1
plants,57,chara_braunii,dir,0,1
plants,57,chenopodium_quinoa,dir,0,1
plants,57,chlamydomonas_reinhardtii,dir,0,1
plants,57,chondrus_crispus,dir,0,1
plants,57,citrullus_lanatus,dir,0,1
plants,57,citrus_clementina,dir,0,1
plants,57,coffea_canephora,dir,0,1
plants,57,corchorus_capsularis,dir,0,1
plants,57,corylus_avellana,dir,0,1
plants,57,corymbia_citriodora,dir,0,1
plants,57,cucumis_melo,dir,0,1
plants,57,cucumis_sativus,dir,0,1
plants,57,cyanidioschyzon_merolae,dir,0,1
plants,57,cynara_cardunculus,dir,0,1
plants,57,daucus_carota,dir,0,1
plants,57,digitaria_exilis,dir,0,1
plants,57,dioscorea_rotundata,dir,0,1
plants,57,echinochloa_crusgalli,dir,0,1
plants,57,eragrostis_curvula,dir,0,1
plants,57,eragrostis_tef,dir,0,1
plants,57,eucalyptus_grandis,dir,0,1
plants,57,eutrema_salsugineum,dir,0,1
plants,57,ficus_carica,dir,0,1
plants,57,fraxinus_excelsior,dir,0,1
plants,57,galdieria_sulphuraria,dir,0,1
plants,57,glycine_max,dir,0,1
plants,57,gossypium_raimondii,dir,0,1
plants,57,helianthus_annuus,dir,0,1
plants,57,hordeum_vulgare,dir,0,1
plants,57,hordeum_vulgare_goldenpromise,dir,0,1
plants,57,hordeum_vulgare_tritex,dir,0,1
plants,57,ipomoea_triloba,dir,0,1
plants,57,juglans_regia,dir,0,1
plants,57,kalanchoe_fedtschenkoi,dir,0,1
plants,57,lactuca_sativa,dir,0,1
plants,57,leersia_perrieri,dir,0,1
plants,57,lolium_perenne,dir,0,1
plants,57,lupinus_angustifolius,dir,0,1
plants,57,malus_domestica_golden,dir,0,1
plants,57,manihot_esculenta,dir,0,1
plants,57,marchantia_polymorpha,dir,0,1
plants,57,medicago_truncatula,dir,0,1
plants,57,musa_acuminata,dir,0,1
plants,57,nicotiana_attenuata,dir,0,1
plants,57,nymphaea_colorata,dir,0,1
plants,57,olea_europaea,dir,0,1
plants,57,olea_europaea_sylvestris,dir,0,1
plants,57,oryza_barthii,dir,0,1
plants,57,oryza_brachyantha,dir,0,1
plants,57,oryza_glaberrima,dir,0,1
plants,57,oryza_glumipatula,dir,0,1
plants,57,oryza_indica,dir,0,1
plants,57,oryza_longistaminata,dir,0,1
plants,57,oryza_meridionalis,dir,0,1
plants,57,oryza_nivara,dir,0,1
plants,57,oryza_punctata,dir,0,1
plants,57,oryza_rufipogon,dir,0,1
plants,57,oryza_sativa,dir,0,1
plants,57,oryza_sativa_arc,dir,0,1
plants,57,oryza_sativa_azucena,dir,0,1
plants,57,oryza_sativa_chaomeo,dir,0,1
plants,57,oryza_sativa_gobolsailbalam,dir,0,1
plants,57,oryza_sativa_ir64,dir,0,1
plants,57,oryza_sativa_ketannangka,dir,0,1
plants,57,oryza_sativa_khaoyaiguang,dir,0,1
plants,57,oryza_sativa_larhamugad,dir,0,1
plants,57,oryza_sativa_lima,dir,0,1
plants,57,oryza_sativa_liuxu,dir,0,1
plants,57,oryza_sativa_mh63,dir,0,1
plants,57,oryza_sativa_n22,dir,0,1
plants,57,oryza_sativa_natelboro,dir,0,1
plants,57,oryza_sativa_pr106,dir,0,1
plants,57,oryza_sativa_zs97,dir,0,1
plants,57,ostreococcus_lucimarinus,dir,0,1
plants,57,panicum_hallii,dir,0,1
plants,57,panicum_hallii_fil2,dir,0,1
plants,57,papaver_somniferum,dir,0,1
plants,57,phaseolus_vulgaris,dir,0,1
plants,57,physcomitrium_patens,dir,0,1
plants,57,pistacia_vera,dir,0,1
plants,57,pisum_sativum,dir,0,1
plants,57,populus_trichocarpa,dir,0,1
plants,57,prunus_avium,dir,0,1
plants,57,prunus_dulcis,dir,0,1
plants,57,prunus_persica,dir,0,1
plants,57,quercus_lobata,dir,0,1
plants,57,quercus_suber,dir,0,1
plants,57,rosa_chinensis,dir,0,1
plants,57,saccharum_spontaneum,dir,0,1
plants,57,secale_cereale,dir,0,1
plants,57,selaginella_moellendorffii,dir,0,1
plants,57,sesamum_indicum,dir,0,1
plants,57,setaria_italica,dir,0,1
plants,57,setaria_viridis,dir,0,1
plants,57,solanum_lycopersicum,dir,0,1
plants,57,solanum_tuberosum,dir,0,1
plants,57,solanum_tuberosum_rh8903916,dir,0,1
plants,57,sorghum_bicolor,dir,0,1
plants,57,theobroma_cacao,dir,0,1
plants,57,theobroma_cacao_criollo,dir,0,1
plants,57,trifolium_pratense,dir,0,1
plants,57,triticum_aestivum,dir,0,1
plants,57,triticum_aestivum_arinalrfor,dir,0,1
plants,57,triticum_aestivum_cadenza,dir,0,1
plants,57,triticum_aestivum_claire,dir,0,1
plants,57,triticum_aestivum_jagger,dir,0,1
plants,57,triticum_aestivum_julius,dir,0,1
plants,57,triticum_aestivum_kariega,dir,0,1
plants,57,triticum_aestivum_lancer,dir,0,1
plants,57,triticum_aestivum_landmark,dir,0,1
plants,57,triticum_aestivum_mace,dir,0,1
plants,57,triticum_aestivum_mattis,dir,0,1
plants,57,triticum_aestivum_norin61,dir,0,1
plants,57,triticum_aestivum_paragon,dir,0,1
plants,57,triticum_aestivum_refseqv2,dir,0,1
plants,57,triticum_aestivum_renan,dir,0,1
plants,57,triticum_aestivum_robigus,dir,0,1
plants,57,triticum_aestivum_stanley,dir,0,1
plants,57,triticum_aestivum_weebil,dir,0,1
plants,57,triticum_dicoccoides,dir,0,1
plants,57,triticum_spelta,dir,0,1
plants,57,triticum_turgidum,dir,0,1
plants,57,triticum_urartu,dir,0,1
plants,57,vigna_angularis,dir,0,1
plants,57,vigna_radiata,dir,0,1
plants,57,vigna_unguiculata,dir,0,1
plants,57,vitis_vinifera,dir,0,1
plants,57,zea_mays,dir,0,1
plants,58,actinidia_chinensis,dir,0,1
plants,58,aegilops_tauschii,dir,0,1
plants,58,amborella_trichopoda,dir,0,1
plants,58,ananas_comosus,dir,0,1
plants,58,arabidopsis_halleri,dir,0,1
plants,58,arabidopsis_lyrata,dir,0,1
plants,58,arabidopsis_thaliana,dir,0,1
plants,58,arabis_alpina,dir,0,1
plants,58,asparagus_officinalis,dir,0,1
plants,58,avena_sativa_ot3098,dir,0,1
plants,58,avena_sativa_sang,dir,0,1
plants,58,beta_vulgaris,dir,0,1
plants,58,brachypodium_distachyon,dir,0,1
plants,58,brassica_juncea,dir,0,1
plants,58,brassica_napus,dir,0,1
plants,58,brassica_oleracea,dir,0,1
plants,58,brassica_rapa,dir,0,1
plants,58,brassica_rapa_ro18,dir,0,1
plants,58,cajanus_cajan,dir,0,1
plants,58,camelina_sativa,dir,0,1
plants,58,cannabis_sativa_female,dir,0,1
plants,58,capsicum_annuum,dir,0,1
plants,58,chara_braunii,dir,0,1
plants,58,chenopodium_quinoa,dir,0,1
plants,58,chlamydomonas_reinhardtii,dir,0,1
plants,58,chondrus_crispus,dir,0,1
plants,58,citrullus_lanatus,dir,0,1
plants,58,citrus_clementina,dir,0,1
plants,58,coffea_canephora,dir,0,1
plants,58,corchorus_capsularis,dir,0,1
plants,58,corylus_avellana,dir,0,1
plants,58,corymbia_citriodora,dir,0,1
plants,58,cucumis_melo,dir,0,1
plants,58,cucumis_sativus,dir,0,1
plants,58,cyanidioschyzon_merolae,dir,0,1
plants,58,cynara_cardunculus,dir,0,1
plants,58,daucus_carota,dir,0,1
plants,58,digitaria_exilis,dir,0,1
plants,58,dioscorea_rotundata,dir,0,1
plants,58,echinochloa_crusgalli,dir,0,1
plants,58,eragrostis_curvula,dir,0,1
plants,58,eragrostis_tef,dir,0,1
plants,58,eucalyptus_grandis,dir,0,1
plants,58,eutrema_salsugineum,dir,0,1
plants,58,ficus_carica,dir,0,1
plants,58,fraxinus_excelsior,dir,0,1
plants,58,galdieria_sulphuraria,dir,0,1
plants,58,glycine_max,dir,0,1
plants,58,glycine_soja,dir,0,1
plants,58,gossypium_raimondii,dir,0,1
plants,58,helianthus_annuus,dir,0,1
plants,58,hordeum_vulgare,dir,0,1
plants,58,hordeum_vulgare_goldenpromise,dir,0,1
plants,58,hordeum_vulgare_tritex,dir,0,1
plants,58,ipomoea_triloba,dir,0,1
plants,58,juglans_regia,dir,0,1
plants,58,kalanchoe_fedtschenkoi,dir,0,1
plants,58,lactuca_sativa,dir,0,1
plants,58,leersia_perrieri,dir,0,1
plants,58,lolium_perenne,dir,0,1
plants,58,lupinus_angustifolius,dir,0,1
plants,58,malus_domestica_golden,dir,0,1
plants,58,manihot_esculenta,dir,0,1
plants,58,marchantia_polymorpha,dir,0,1
plants,58,medicago_truncatula,dir,0,1
plants,58,musa_acuminata,dir,0,1
plants,58,nicotiana_attenuata,dir,0,1
plants,58,nymphaea_colorata,dir,0,1
plants,58,olea_europaea,dir,0,1
plants,58,olea_europaea_sylvestris,dir,0,1
plants,58,oryza_barthii,dir,0,1
plants,58,oryza_brachyantha,dir,0,1
plants,58,oryza_glaberrima,dir,0,1
plants,58,oryza_glumipatula,dir,0,1
plants,58,oryza_indica,dir,0,1
plants,58,oryza_longistaminata,dir,0,1
plants,58,oryza_meridionalis,dir,0,1
plants,58,oryza_nivara,dir,0,1
plants,58,oryza_punctata,dir,0,1
plants,58,oryza_rufipogon,dir,0,1
plants,58,oryza_sativa,dir,0,1
plants,58,oryza_sativa_arc,dir,0,1
plants,58,oryza_sativa_azucena,dir,0,1
plants,58,oryza_sativa_chaomeo,dir,0,1
plants,58,oryza_sativa_gobolsailbalam,dir,0,1
plants,58,oryza_sativa_ir64,dir,0,1
plants,58,oryza_sativa_ketannangka,dir,0,1
plants,58,oryza_sativa_khaoyaiguang,dir,0,1
plants,58,oryza_sativa_larhamugad,dir,0,1
plants,58,oryza_sativa_lima,dir,0,1
plants,58,oryza_sativa_liuxu,dir,0,1
plants,58,oryza_sativa_mh63,dir,0,1
plants,58,oryza_sativa_n22,dir,0,1
plants,58,oryza_sativa_natelboro,dir,0,1
plants,58,oryza_sativa_pr106,dir,0,1
plants,58,oryza_sativa_zs97,dir,0,1
plants,58,ostreococcus_lucimarinus,dir,0,1
plants,58,panicum_hallii,dir,0,1
plants,58,panicum_hallii_fil2,dir,0,1
plants,58,papaver_somniferum,dir,0,1
plants,58,phaseolus_vulgaris,dir,0,1
plants,58,physcomitrium_patens,dir,0,1
plants,58,pistacia_vera,dir,0,1
plants,58,pisum_sativum,dir,0,1
plants,58,populus_trichocarpa,dir,0,1
plants,58,prunus_avium,dir,0,1
plants,58,prunus_dulcis,dir,0,1
plants,58,prunus_persica,dir,0,1
plants,58,quercus_lobata,dir,0,1
plants,58,quercus_suber,dir,0,1
plants,58,rosa_chinensis,dir,0,1
plants,58,saccharum_spontaneum,dir,0,1
plants,58,secale_cereale,dir,0,1
plants,58,selaginella_moellendorffii,dir,0,1
plants,58,sesamum_indicum,dir,0,1
plants,58,setaria_italica,dir,0,1
plants,58,setaria_viridis,dir,0,1
plants,58,solanum_lycopersicum,dir,0,1
plants,58,solanum_tuberosum,dir,0,1
plants,58,solanum_tuberosum_rh8903916,dir,0,1
plants,58,sorghum_bicolor,dir,0,1
plants,58,theobroma_cacao,dir,0,1
plants,58,theobroma_cacao_criollo,dir,0,1
plants,58,trifolium_pratense,dir,0,1
plants,58,triticum_aestivum,dir,0,1
plants,58,triticum_aestivum_arinalrfor,dir,0,1
plants,58,triticum_aestivum_cadenza,dir,0,1
plants,58,triticum_aestivum_claire,dir,0,1
plants,58,triticum_aestivum_jagger,dir,0,1
plants,58,triticum_aestivum_julius,dir,0,1
plants,58,triticum_aestivum_kariega,dir,0,1
plants,58,triticum_aestivum_lancer,dir,0,1
plants,58,triticum_aestivum_landmark,dir,0,1
plants,58,triticum_aestivum_mace,dir,0,1
plants,58,triticum_aestivum_mattis,dir,0,1
plants,58,triticum_aestivum_norin61,dir,0,1
plants,58,triticum_aestivum_paragon,dir,0,1
plants,58,triticum_aestivum_refseqv2,dir,0,1
plants,58,triticum_aestivum_renan,dir,0,1
plants,58,triticum_aestivum_robigus,dir,0,1
plants,58,triticum_aestivum_stanley,dir,0,1
plants,58,triticum_aestivum_weebil,dir,0,1
plants,58,triticum_dicoccoides,dir,0,1
plants,58,triticum_spelta,dir,0,1
plants,58,triticum_turgidum,dir,0,1
plants,58,triticum_urartu,dir,0,1
plants,58,vigna_angularis,dir,0,1
plants,58,vigna_radiata,dir,0,1
plants,58,vigna_unguiculata,dir,0,1
plants,58,vitis_vinifera,dir,0,1
plants,58,zea_mays,dir,0,1
plants,59,actinidia_chinensis,dir,0,1
plants,59,aegilops_tauschii,dir,0,1
plants,59,aegilops_umbellulata,dir,0,1
plants,59,amborella_trichopoda,dir,0,1
plants,59,ananas_comosus,dir,0,1
plants,59,arabidopsis_halleri,dir,0,1
plants,59,arabidopsis_lyrata,dir,0,1
plants,59,arabidopsis_thaliana,dir,0,1
plants,59,arabis_alpina,dir,0,1
plants,59,asparagus_officinalis,dir,0,1
plants,59,avena_sativa_ot3098,dir,0,1
plants,59,avena_sativa_sang,dir,0,1
plants,59,beta_vulgaris,dir,0,1
plants,59,brachypodium_distachyon,dir,0,1
plants,59,brassica_juncea,dir,0,1
plants,59,brassica_napus,dir,0,1
plants,59,brassica_oleracea,dir,0,1
plants,59,brassica_rapa,dir,0,1
plants,59,brassica_rapa_ro18,dir,0,1
plants,59,cajanus_cajan,dir,0,1
plants,59,camelina_sativa,dir,0,1
plants,59,cannabis_sativa_female,dir,0,1
plants,59,capsicum_annuum,dir,0,1
plants,59,chara_braunii,dir,0,1
plants,59,chenopodium_quinoa,dir,0,1
plants,59,chlamydomonas_reinhardtii,dir,0,1
plants,59,chondrus_crispus,dir,0,1
plants,59,citrullus_lanatus,dir,0,1
plants,59,citrus_clementina,dir,0,1
plants,59,coffea_canephora,dir,0,1
plants,59,corchorus_capsularis,dir,0,1
plants,59,corylus_avellana,dir,0,1
plants,59,corymbia_citriodora,dir,0,1
plants,59,cucumis_melo,dir,0,1
plants,59,cucumis_sativus,dir,0,1
plants,59,cyanidioschyzon_merolae,dir,0,1
plants,59,cynara_cardunculus,dir,0,1
plants,59,daucus_carota,dir,0,1
plants,59,digitaria_exilis,dir,0,1
plants,59,dioscorea_rotundata,dir,0,1
plants,59,echinochloa_crusgalli,dir,0,1
plants,59,eragrostis_curvula,dir,0,1
plants,59,eragrostis_tef,dir,0,1
plants,59,eucalyptus_grandis,dir,0,1
plants,59,eutrema_salsugineum,dir,0,1
plants,59,ficus_carica,dir,0,1
plants,59,fraxinus_excelsior,dir,0,1
plants,59,galdieria_sulphuraria,dir,0,1
plants,59,glycine_max,dir,0,1
plants,59,glycine_soja,dir,0,1
plants,59,gossypium_raimondii,dir,0,1
plants,59,helianthus_annuus,dir,0,1
plants,59,hordeum_vulgare,dir,0,1
plants,59,hordeum_vulgare_goldenpromise,dir,0,1
plants,59,hordeum_vulgare_tritex,dir,0,1
plants,59,ipomoea_triloba,dir,0,1
plants,59,juglans_regia,dir,0,1
plants,59,kalanchoe_fedtschenkoi,dir,0,1
plants,59,lactuca_sativa,dir,0,1
plants,59,leersia_perrieri,dir,0,1
plants,59,lolium_perenne,dir,0,1
plants,59,lupinus_angustifolius,dir,0,1
plants,59,malus_domestica_golden,dir,0,1
plants,59,manihot_esculenta,dir,0,1
plants,59,marchantia_polymorpha,dir,0,1
plants,59,medicago_truncatula,dir,0,1
plants,59,musa_acuminata,dir,0,1
plants,59,nicotiana_attenuata,dir,0,1
plants,59,nymphaea_colorata,dir,0,1
plants,59,olea_europaea,dir,0,1
plants,59,olea_europaea_sylvestris,dir,0,1
plants,59,oryza_barthii,dir,0,1
plants,59,oryza_brachyantha,dir,0,1
plants,59,oryza_glaberrima,dir,0,1
plants,59,oryza_glumipatula,dir,0,1
plants,59,oryza_indica,dir,0,1
plants,59,oryza_longistaminata,dir,0,1
plants,59,oryza_meridionalis,dir,0,1
plants,59,oryza_nivara,dir,0,1
plants,59,oryza_punctata,dir,0,1
plants,59,oryza_rufipogon,dir,0,1
plants,59,oryza_sativa,dir,0,1
plants,59,oryza_sativa_arc,dir,0,1
plants,59,oryza_sativa_azucena,dir,0,1
plants,59,oryza_sativa_chaomeo,dir,0,1
plants,59,oryza_sativa_gobolsailbalam,dir,0,1
plants,59,oryza_sativa_ir64,dir,0,1
plants,59,oryza_sativa_ketannangka,dir,0,1
plants,59,oryza_sativa_khaoyaiguang,dir,0,1
plants,59,oryza_sativa_larhamugad,dir,0,1
plants,59,oryza_sativa_lima,dir,0,1
plants,59,oryza_sativa_liuxu,dir,0,1
plants,59,oryza_sativa_mh63,dir,0,1
plants,59,oryza_sativa_n22,dir,0,1
plants,59,oryza_sativa_natelboro,dir,0,1
plants,59,oryza_sativa_pr106,dir,0,1
plants,59,oryza_sativa_zs97,dir,0,1
plants,59,ostreococcus_lucimarinus,dir,0,1
plants,59,panicum_hallii,dir,0,1
plants,59,panicum_hallii_fil2,dir,0,1
plants,59,papaver_somniferum,dir,0,1
plants,59,phaseolus_vulgaris,dir,0,1
plants,59,physcomitrium_patens,dir,0,1
plants,59,pistacia_vera,dir,0,1
plants,59,pisum_sativum,dir,0,1
plants,59,populus_trichocarpa,dir,0,1
plants,59,prunus_avium,dir,0,1
plants,59,prunus_dulcis,dir,0,1
plants,59,prunus_persica,dir,0,1
plants,59,quercus_lobata,dir,0,1
plants,59,quercus_suber,dir,0,1
plants,59,rosa_chinensis,dir,0,1
plants,59,saccharum_spontaneum,dir,0,1
plants,59,secale_cereale,dir,0,1
plants,59,selaginella_moellendorffii,dir,0,1
plants,59,sesamum_indicum,dir,0,1
plants,59,setaria_italica,dir,0,1
plants,59,setaria_viridis,dir,0,1
plants,59,solanum_lycopersicum,dir,0,1
plants,59,solanum_tuberosum,dir,0,1
plants,59,solanum_tuberosum_rh8903916,dir,0,1
plants,59,sorghum_bicolor,dir,0,1
plants,59,theobroma_cacao,dir,0,1
plants,59,theobroma_cacao_criollo,dir,0,1
plants,59,trifolium_pratense,dir,0,1
plants,59,triticum_aestivum,dir,0,1
plants,59,triticum_aestivum_arinalrfor,dir,0,1
plants,59,triticum_aestivum_cadenza,dir,0,1
plants,59,triticum_aestivum_claire,dir,0,1
plants,59,triticum_aestivum_jagger,dir,0,1
plants,59,triticum_aestivum_julius,dir,0,1
plants,59,triticum_aestivum_kariega,dir,0,1
plants,59,triticum_aestivum_lancer,dir,0,1
plants,59,triticum_aestivum_landmark,dir,0,1
plants,59,triticum_aestivum_mace,dir,0,1
plants,59,triticum_aestivum_mattis,dir,0,1
plants,59,triticum_aestivum_norin61,dir,0,1
plants,59,triticum_aestivum_paragon,dir,0,1
plants,59,triticum_aestivum_refseqv2,dir,0,1
plants,59,triticum_aestivum_renan,dir,0,1
plants,59,triticum_aestivum_robigus,dir,0,1
plants,59,triticum_aestivum_stanley,dir,0,1
plants,59,triticum_aestivum_weebil,dir,0,1
plants,59,triticum_dicoccoides,dir,0,1
plants,59,triticum_spelta,dir,0,1
plants,59,triticum_turgidum,dir,0,1
plants,59,triticum_urartu,dir,0,1
plants,59,vicia_faba,dir,0,1
plants,59,vigna_angularis,dir,0,1
plants,59,vigna_radiata,dir,0,1
plants,59,vigna_unguiculata,dir,0,1
plants,59,vitis_vinifera,dir,0,1
plants,59,zea_mays,dir,0,1
plants,60,actinidia_chinensis,dir,0,1
plants,60,aegilops_tauschii,dir,0,1
plants,60,aegilops_umbellulata,dir,0,1
plants,60,amborella_trichopoda,dir,0,1
plants,60,ananas_comosus,dir,0,1
plants,60,arabidopsis_halleri,dir,0,1
plants,60,arabidopsis_lyrata,dir,0,1
plants,60,arabidopsis_thaliana,dir,0,1
plants,60,arabis_alpina,dir,0,1
plants,60,arachis_hypogaea,dir,0,1
plants,60,asparagus_officinalis,dir,0,1
plants,60,avena_sativa_ot3098,dir,0,1
plants,60,avena_sativa_sang,dir,0,1
plants,60,beta_vulgaris,dir,0,1
plants,60,brachypodium_distachyon,dir,0,1
plants,60,brassica_juncea,dir,0,1
plants,60,brassica_napus,dir,0,1
plants,60,brassica_oleracea,dir,0,1
plants,60,brassica_rapa,dir,0,1
plants,60,brassica_rapa_ro18,dir,0,1
plants,60,brassica_rapa_z1,dir,0,1
plants,60,cajanus_cajan,dir,0,1
plants,60,camelina_sativa,dir,0,1
plants,60,cannabis_sativa_female,dir,0,1
plants,60,capsicum_annuum,dir,0,1
plants,60,chara_braunii,dir,0,1
plants,60,chenopodium_quinoa,dir,0,1
plants,60,chlamydomonas_reinhardtii,dir,0,1
plants,60,chondrus_crispus,dir,0,1
plants,60,citrullus_lanatus,dir,0,1
plants,60,citrus_clementina,dir,0,1
plants,60,coffea_canephora,dir,0,1
plants,60,corchorus_capsularis,dir,0,1
plants,60,corylus_avellana,dir,0,1
plants,60,corymbia_citriodora,dir,0,1
plants,60,cucumis_melo,dir,0,1
plants,60,cucumis_sativus,dir,0,1
plants,60,cyanidioschyzon_merolae,dir,0,1
plants,60,cynara_cardunculus,dir,0,1
plants,60,daucus_carota,dir,0,1
plants,60,digitaria_exilis,dir,0,1
plants,60,dioscorea_rotundata,dir,0,1
plants,60,echinochloa_crusgalli,dir,0,1
plants,60,eragrostis_curvula,dir,0,1
plants,60,eragrostis_tef,dir,0,1
plants,60,eucalyptus_grandis,dir,0,1
plants,60,eutrema_salsugineum,dir,0,1
plants,60,ficus_carica,dir,0,1
plants,60,fraxinus_excelsior,dir,0,1
plants,60,galdieria_sulphuraria,dir,0,1
plants,60,glycine_max,dir,0,1
plants,60,glycine_soja,dir,0,1
plants,60,gossypium_raimondii,dir,0,1
plants,60,helianthus_annuus,dir,0,1
plants,60,hordeum_vulgare,dir,0,1
plants,60,hordeum_vulgare_goldenpromise,dir,0,1
plants,60,hordeum_vulgare_tritex,dir,0,1
plants,60,ipomoea_triloba,dir,0,1
plants,60,juglans_regia,dir,0,1
plants,60,kalanchoe_fedtschenkoi,dir,0,1
plants,60,lactuca_sativa,dir,0,1
plants,60,lathyrus_sativus,dir,0,1
plants,60,leersia_perrieri,dir,0,1
plants,60,lolium_perenne,dir,0,1
plants,60,lupinus_angustifolius,dir,0,1
plants,60,malus_domestica_golden,dir,0,1
plants,60,manihot_esculenta,dir,0,1
plants,60,marchantia_polymorpha,dir,0,1
plants,60,medicago_truncatula,dir,0,1
plants,60,musa_acuminata,dir,0,1
plants,60,nicotiana_attenuata,dir,0,1
plants,60,nymphaea_colorata,dir,0,1
plants,60,olea_europaea,dir,0,1
plants,60,olea_europaea_sylvestris,dir,0,1
plants,60,oryza_barthii,dir,0,1
plants,60,oryza_brachyantha,dir,0,1
plants,60,oryza_glaberrima,dir,0,1
plants,60,oryza_glumipatula,dir,0,1
plants,60,oryza_indica,dir,0,1
plants,60,oryza_longistaminata,dir,0,1
plants,60,oryza_meridionalis,dir,0,1
plants,60,oryza_nivara,dir,0,1
plants,60,oryza_punctata,dir,0,1
plants,60,oryza_rufipogon,dir,0,1
plants,60,oryza_sativa,dir,0,1
plants,60,oryza_sativa_arc,dir,0,1
plants,60,oryza_sativa_azucena,dir,0,1
plants,60,oryza_sativa_chaomeo,dir,0,1
plants,60,oryza_sativa_gobolsailbalam,dir,0,1
plants,60,oryza_sativa_ir64,dir,0,1
plants,60,oryza_sativa_ketannangka,dir,0,1
plants,60,oryza_sativa_khaoyaiguang,dir,0,1
plants,60,oryza_sativa_larhamugad,dir,0,1
plants,60,oryza_sativa_lima,dir,0,1
plants,60,oryza_sativa_liuxu,dir,0,1
plants,60,oryza_sativa_mh63,dir,0,1
plants,60,oryza_sativa_n22,dir,0,1
plants,60,oryza_sativa_natelboro,dir,0,1
plants,60,oryza_sativa_pr106,dir,0,1
plants,60,oryza_sativa_zs97,dir,0,1
plants,60,ostreococcus_lucimarinus,dir,0,1
plants,60,panicum_hallii,dir,0,1
plants,60,panicum_hallii_fil2,dir,0,1
plants,60,papaver_somniferum,dir,0,1
plants,60,phaseolus_vulgaris,dir,0,1
plants,60,physcomitrium_patens,dir,0,1
plants,60,pistacia_vera,dir,0,1
plants,60,pisum_sativum,dir,0,1
plants,60,populus_trichocarpa,dir,0,1
plants,60,prunus_avium,dir,0,1
plants,60,prunus_dulcis,dir,0,1
plants,60,prunus_persica,dir,0,1
plants,60,quercus_lobata,dir,0,1
plants,60,quercus_suber,dir,0,1
plants,60,rosa_chinensis,dir,0,1
plants,60,saccharum_spontaneum,dir,0,1
plants,60,secale_cereale,dir,0,1
plants,60,selaginella_moellendorffii,dir,0,1
plants,60,sesamum_indicum,dir,0,1
plants,60,setaria_italica,dir,0,1
plants,60,setaria_viridis,dir,0,1
plants,60,solanum_lycopersicum,dir,0,1
plants,60,solanum_tuberosum,dir,0,1
plants,60,solanum_tuberosum_rh8903916,dir,0,1
plants,60,sorghum_bicolor,dir,0,1
plants,60,theobroma_cacao,dir,0,1
plants,60,theobroma_cacao_criollo,dir,0,1
plants,60,trifolium_pratense,dir,0,1
plants,60,triticum_aestivum,dir,0,1
plants,60,triticum_aestivum_arinalrfor,dir,0,1
plants,60,triticum_aestivum_cadenza,dir,0,1
plants,60,triticum_aestivum_claire,dir,0,1
plants,60,triticum_aestivum_jagger,dir,0,1
plants,60,triticum_aestivum_julius,dir,0,1
plants,60,triticum_aestivum_kariega,dir,0,1
plants,60,triticum_aestivum_lancer,dir,0,1
plants,60,triticum_aestivum_landmark,dir,0,1
plants,60,triticum_aestivum_mace,dir,0,1
plants,60,triticum_aestivum_mattis,dir,0,1
plants,60,triticum_aestivum_norin61,dir,0,1
plants,60,triticum_aestivum_paragon,dir,0,1
plants,60,triticum_aestivum_refseqv2,dir,0,1
plants,60,triticum_aestivum_renan,dir,0,1
plants,60,triticum_aestivum_robigus,dir,0,1
plants,60,triticum_aestivum_stanley,dir,0,1
plants,60,triticum_aestivum_weebil,dir,0,1
plants,60,triticum_dicoccoides,dir,0,1
plants,60,triticum_spelta,dir,0,1
plants,60,triticum_timopheevii,dir,0,1
plants,60,triticum_turgidum,dir,0,1
plants,60,triticum_urartu,dir,0,1
plants,60,vicia_faba,dir,0,1
plants,60,vigna_angularis,dir,0,1
plants,60,vigna_radiata,dir,0,1
plants,60,vigna_unguiculata,dir,0,1
plants,60,vitis_vinifera,dir,0,1
plants,60,zea_mays,dir,0,1
plants,61,actinidia_chinensis,dir,0,1
plants,61,aegilops_tauschii,dir,0,1
plants,61,aegilops_umbellulata,dir,0,1
plants,61,amborella_trichopoda,dir,0,1
plants,61,ananas_comosus,dir,0,1
plants,61,arabidopsis_halleri,dir,0,1
plants,61,arabidopsis_lyrata,dir,0,1
plants,61,arabidopsis_thaliana,dir,0,1
plants,61,arabis_alpina,dir,0,1
plants,61,arachis_hypogaea,dir,0,1
plants,61,asparagus_officinalis,dir,0,1
plants,61,avena_sativa_ot3098,dir,0,1
plants,61,avena_sativa_sang,dir,0,1
plants,61,beta_vulgaris,dir,0,1
plants,61,brachypodium_distachyon,dir,0,1
plants,61,brassica_juncea,dir,0,1
plants,61,brassica_napus,dir,0,1
plants,61,brassica_oleracea,dir,0,1
plants,61,brassica_rapa,dir,0,1
plants,61,brassica_rapa_ro18,dir,0,1
plants,61,brassica_rapa_z1,dir,0,1
plants,61,cajanus_cajan,dir,0,1
plants,61,camelina_sativa,dir,0,1
plants,61,cannabis_sativa_female,dir,0,1
plants,61,capsicum_annuum,dir,0,1
plants,61,chara_braunii,dir,0,1
plants,61,chenopodium_quinoa,dir,0,1
plants,61,chlamydomonas_reinhardtii,dir,0,1
plants,61,chondrus_crispus,dir,0,1
plants,61,citrullus_lanatus,dir,0,1
plants,61,citrus_clementina,dir,0,1
plants,61,coffea_canephora,dir,0,1
plants,61,corchorus_capsularis,dir,0,1
plants,61,corylus_avellana,dir,0,1
plants,61,corymbia_citriodora,dir,0,1
plants,61,cucumis_melo,dir,0,1
plants,61,cucumis_sativus,dir,0,1
plants,61,cyanidioschyzon_merolae,dir,0,1
plants,61,cynara_cardunculus,dir,0,1
plants,61,daucus_carota,dir,0,1
plants,61,digitaria_exilis,dir,0,1
plants,61,dioscorea_rotundata,dir,0,1
plants,61,echinochloa_crusgalli,dir,0,1
plants,61,eragrostis_curvula,dir,0,1
plants,61,eragrostis_tef,dir,0,1
plants,61,eucalyptus_grandis,dir,0,1
plants,61,eutrema_salsugineum,dir,0,1
plants,61,ficus_carica,dir,0,1
plants,61,fraxinus_excelsior,dir,0,1
plants,61,galdieria_sulphuraria,dir,0,1
plants,61,glycine_max,dir,0,1
plants,61,glycine_soja,dir,0,1
plants,61,gossypium_raimondii,dir,0,1
plants,61,helianthus_annuus,dir,0,1
plants,61,hordeum_vulgare,dir,0,1
plants,61,hordeum_vulgare_10tj18,dir,0,1
plants,61,hordeum_vulgare_aizu6,dir,0,1
plants,61,hordeum_vulgare_akashinriki,dir,0,1
plants,61,hordeum_vulgare_barke,dir,0,1
plants,61,hordeum_vulgare_bonus,dir,0,1
plants,61,hordeum_vulgare_bowman,dir,0,1
plants,61,hordeum_vulgare_chikurinibaraki1,dir,0,1
plants,61,hordeum_vulgare_foma,dir,0,1
plants,61,hordeum_vulgare_ft11,dir,0,1
plants,61,hordeum_vulgare_ft144,dir,0,1
plants,61,hordeum_vulgare_ft262,dir,0,1
plants,61,hordeum_vulgare_ft286,dir,0,1
plants,61,hordeum_vulgare_ft333,dir,0,1
plants,61,hordeum_vulgare_ft628,dir,0,1
plants,61,hordeum_vulgare_ft67,dir,0,1
plants,61,hordeum_vulgare_ft880,dir,0,1
plants,61,hordeum_vulgare_goldenmelon,dir,0,1
plants,61,hordeum_vulgare_goldenpromise,dir,0,1
plants,61,hordeum_vulgare_hid055,dir,0,1
plants,61,hordeum_vulgare_hid101,dir,0,1
plants,61,hordeum_vulgare_hid249,dir,0,1
plants,61,hordeum_vulgare_hid357,dir,0,1
plants,61,hordeum_vulgare_hid380,dir,0,1
plants,61,hordeum_vulgare_hockett,dir,0,1
plants,61,hordeum_vulgare_hor10096,dir,0,1
plants,61,hordeum_vulgare_hor10350,dir,0,1
plants,61,hordeum_vulgare_hor10892,dir,0,1
plants,61,hordeum_vulgare_hor1168,dir,0,1
plants,61,hordeum_vulgare_hor12184,dir,0,1
plants,61,hordeum_vulgare_hor12541,dir,0,1
plants,61,hordeum_vulgare_hor13594,dir,0,1
plants,61,hordeum_vulgare_hor13663,dir,0,1
plants,61,hordeum_vulgare_hor13821,dir,0,1
plants,61,hordeum_vulgare_hor13942,dir,0,1
plants,61,hordeum_vulgare_hor14061,dir,0,1
plants,61,hordeum_vulgare_hor14121,dir,0,1
plants,61,hordeum_vulgare_hor14273,dir,0,1
plants,61,hordeum_vulgare_hor1702,dir,0,1
plants,61,hordeum_vulgare_hor18321,dir,0,1
plants,61,hordeum_vulgare_hor19184,dir,0,1
plants,61,hordeum_vulgare_hor21256,dir,0,1
plants,61,hordeum_vulgare_hor21322,dir,0,1
plants,61,hordeum_vulgare_hor21595,dir,0,1
plants,61,hordeum_vulgare_hor21599,dir,0,1
plants,61,hordeum_vulgare_hor2180,dir,0,1
plants,61,hordeum_vulgare_hor2779,dir,0,1
plants,61,hordeum_vulgare_hor2830,dir,0,1
plants,61,hordeum_vulgare_hor3081,dir,0,1
plants,61,hordeum_vulgare_hor3365,dir,0,1
plants,61,hordeum_vulgare_hor3474,dir,0,1
plants,61,hordeum_vulgare_hor4224,dir,0,1
plants,61,hordeum_vulgare_hor495,dir,0,1
plants,61,hordeum_vulgare_hor6220,dir,0,1
plants,61,hordeum_vulgare_hor7172,dir,0,1
plants,61,hordeum_vulgare_hor7385,dir,0,1
plants,61,hordeum_vulgare_hor7552,dir,0,1
plants,61,hordeum_vulgare_hor8117,dir,0,1
plants,61,hordeum_vulgare_hor8148,dir,0,1
plants,61,hordeum_vulgare_hor9043,dir,0,1
plants,61,hordeum_vulgare_hor9972,dir,0,1
plants,61,hordeum_vulgare_igri,dir,0,1
plants,61,hordeum_vulgare_maximus,dir,0,1
plants,61,hordeum_vulgare_oun333,dir,0,1
plants,61,hordeum_vulgare_rgtplanet,dir,0,1
plants,61,hordeum_vulgare_tritex,dir,0,1
plants,61,hordeum_vulgare_wbdc078,dir,0,1
plants,61,hordeum_vulgare_wbdc103,dir,0,1
plants,61,hordeum_vulgare_wbdc133,dir,0,1
plants,61,hordeum_vulgare_wbdc184,dir,0,1
plants,61,hordeum_vulgare_wbdc199,dir,0,1
plants,61,hordeum_vulgare_wbdc207,dir,0,1
plants,61,hordeum_vulgare_wbdc237,dir,0,1
plants,61,hordeum_vulgare_wbdc348,dir,0,1
plants,61,hordeum_vulgare_wbdc349,dir,0,1
plants,61,hordeum_vulgare_zdm01467,dir,0,1
plants,61,hordeum_vulgare_zdm02064,dir,0,1
plants,61,ipomoea_triloba,dir,0,1
plants,61,juglans_regia,dir,0,1
plants,61,kalanchoe_fedtschenkoi,dir,0,1
plants,61,lactuca_sativa,dir,0,1
plants,61,lathyrus_sativus,dir,0,1
plants,61,leersia_perrieri,dir,0,1
plants,61,lolium_perenne,dir,0,1
plants,61,lupinus_angustifolius,dir,0,1
plants,61,malus_domestica_golden,dir,0,1
plants,61,manihot_esculenta,dir,0,1
plants,61,marchantia_polymorpha,dir,0,1
plants,61,medicago_truncatula,dir,0,1
plants,61,musa_acuminata,dir,0,1
plants,61,nicotiana_attenuata,dir,0,1
plants,61,nymphaea_colorata,dir,0,1
plants,61,olea_europaea,dir,0,1
plants,61,olea_europaea_sylvestris,dir,0,1
plants,61,oryza_barthii,dir,0,1
plants,61,oryza_brachyantha,dir,0,1
plants,61,oryza_glaberrima,dir,0,1
plants,61,oryza_glumipatula,dir,0,1
plants,61,oryza_indica,dir,0,1
plants,61,oryza_longistaminata,dir,0,1
plants,61,oryza_meridionalis,dir,0,1
plants,61,oryza_nivara,dir,0,1
plants,61,oryza_punctata,dir,0,1
plants,61,oryza_rufipogon,dir,0,1
plants,61,oryza_sativa,dir,0,1
plants,61,oryza_sativa_arc,dir,0,1
plants,61,oryza_sativa_azucena,dir,0,1
plants,61,oryza_sativa_chaomeo,dir,0,1
plants,61,oryza_sativa_gobolsailbalam,dir,0,1
plants,61,oryza_sativa_ir64,dir,0,1
plants,61,oryza_sativa_ketannangka,dir,0,1
plants,61,oryza_sativa_khaoyaiguang,dir,0,1
plants,61,oryza_sativa_larhamugad,dir,0,1
plants,61,oryza_sativa_lima,dir,0,1
plants,61,oryza_sativa_liuxu,dir,0,1
plants,61,oryza_sativa_mh63,dir,0,1
plants,61,oryza_sativa_n22,dir,0,1
plants,61,oryza_sativa_natelboro,dir,0,1
plants,61,oryza_sativa_pr106,dir,0,1
plants,61,oryza_sativa_zs97,dir,0,1
plants,61,ostreococcus_lucimarinus,dir,0,1
plants,61,panicum_hallii,dir,0,1
plants,61,panicum_hallii_fil2,dir,0,1
plants,61,papaver_somniferum,dir,0,1
plants,61,phaseolus_vulgaris,dir,0,1
plants,61,physcomitrium_patens,dir,0,1
plants,61,pistacia_vera,dir,0,1
plants,61,pisum_sativum,dir,0,1
plants,61,populus_trichocarpa,dir,0,1
plants,61,prunus_avium,dir,0,1
plants,61,prunus_dulcis,dir,0,1
plants,61,prunus_persica,dir,0,1
plants,61,quercus_lobata,dir,0,1
plants,61,quercus_suber,dir,0,1
plants,61,rosa_chinensis,dir,0,1
plants,61,saccharum_spontaneum,dir,0,1
plants,61,secale_cereale,dir,0,1
plants,61,selaginella_moellendorffii,dir,0,1
plants,61,sesamum_indicum,dir,0,1
plants,61,setaria_italica,dir,0,1
plants,61,setaria_viridis,dir,0,1
plants,61,solanum_lycopersicum,dir,0,1
plants,61,solanum_tuberosum,dir,0,1
plants,61,solanum_tuberosum_rh8903916,dir,0,1
plants,61,sorghum_bicolor,dir,0,1
plants,61,sphenostylis_stenocarpa,dir,0,1
plants,61,theobroma_cacao,dir,0,1
plants,61,theobroma_cacao_criollo,dir,0,1
plants,61,trifolium_pratense,dir,0,1
plants,61,triticum_aestivum,dir,0,1
plants,61,triticum_aestivum_alchemy,dir,0,1
plants,61,triticum_aestivum_arinalrfor,dir,0,1
plants,61,triticum_aestivum_cadenza,dir,0,1
plants,61,triticum_aestivum_claire,dir,0,1
plants,61,triticum_aestivum_jagger,dir,0,1
plants,61,triticum_aestivum_julius,dir,0,1
plants,61,triticum_aestivum_kariega,dir,0,1
plants,61,triticum_aestivum_lancer,dir,0,1
plants,61,triticum_aestivum_landmark,dir,0,1
plants,61,triticum_aestivum_mace,dir,0,1
plants,61,triticum_aestivum_mattis,dir,0,1
plants,61,triticum_aestivum_norin61,dir,0,1
plants,61,triticum_aestivum_paragon,dir,0,1
plants,61,triticum_aestivum_refseqv2,dir,0,1
plants,61,triticum_aestivum_renan,dir,0,1
plants,61,triticum_aestivum_robigus,dir,0,1
plants,61,triticum_aestivum_stanley,dir,0,1
plants,61,triticum_aestivum_weebil,dir,0,1
plants,61,triticum_dicoccoides,dir,0,1
plants,61,triticum_spelta,dir,0,1
plants,61,triticum_timopheevii,dir,0,1
plants,61,triticum_turgidum,dir,0,1
plants,61,triticum_urartu,dir,0,1
plants,61,vicia_faba,dir,0,1
plants,61,vigna_angularis,dir,0,1
plants,61,vigna_radiata,dir,0,1
plants,61,vigna_unguiculata,dir,0,1
plants,61,vitis_vinifera,dir,0,1
plants,61,zea_mays,dir,0,1
plants,62,actinidia_chinensis,dir,0,1
plants,62,aegilops_tauschii,dir,0,1
plants,62,aegilops_umbellulata,dir,0,1
plants,62,amborella_trichopoda,dir,0,1
plants,62,ananas_comosus,dir,0,1
plants,62,arabidopsis_halleri,dir,0,1
plants,62,arabidopsis_lyrata,dir,0,1
plants,62,arabidopsis_thaliana,dir,0,1
plants,62,arabis_alpina,dir,0,1
plants,62,arachis_hypogaea,dir,0,1
plants,62,arachis_hypogaea_tifrunner,dir,0,1
plants,62,asparagus_officinalis,dir,0,1
plants,62,avena_atlantica_gca910589765v1cm,dir,0,1
plants,62,avena_byzantina_gca910574625v1cm,dir,0,1
plants,62,avena_eriantha_gca910589775v1cm,dir,0,1
plants,62,avena_insularis_gca910574615v1cm,dir,0,1
plants,62,avena_longiglumis_gca910589755v1cm,dir,0,1
plants,62,avena_occidentalis_gca947310975v1cm,dir,0,1
plants,62,avena_sativa_gca947310255v1cm,dir,0,1
plants,62,avena_sativa_gca947310285v1cm,dir,0,1
plants,62,avena_sativa_gca947310875v1cm,dir,0,1
plants,62,avena_sativa_gca947311085v1cm,dir,0,1
plants,62,avena_sativa_gca947311135v1cm,dir,0,1
plants,62,avena_sativa_gca947311155v1cm,dir,0,1
plants,62,avena_sativa_gca947311165v1cm,dir,0,1
plants,62,avena_sativa_gca947311225v1cm,dir,0,1
plants,62,avena_sativa_gca947311235v1cm,dir,0,1
plants,62,avena_sativa_gca947311295v1cm,dir,0,1
plants,62,avena_sativa_gca947311345v1cm,dir,0,1
plants,62,avena_sativa_gca947311355v1cm,dir,0,1
plants,62,avena_sativa_gca947311365v1cm,dir,0,1
plants,62,avena_sativa_gca947311525v1cm,dir,1,0
plants,62,avena_sativa_gca947311555v1cm,dir,0,1
plants,62,avena_sativa_gca947311775v1cm,dir,0,1
plants,62,avena_sativa_gca947311915v1cm,dir,0,1
plants,62,avena_sativa_gca947311925v1cm,dir,0,1
plants,62,avena_sativa_gca947312425v1cm,dir,0,1
plants,62,avena_sativa_gca951802345v1cm,dir,0,1
plants,62,avena_sativa_gca951802355v1cm,dir,0,1
plants,62,avena_sativa_gca951802365v1cm,dir,0,1
plants,62,avena_sativa_ot3098,dir,0,1
plants,62,avena_sativa_sang,dir,0,1
plants,62,avena_sterilis_gca947313225v1cm,dir,0,1
plants,62,avena_sterilis_gca947313515v1cm,dir,0,1
plants,62,beta_vulgaris,dir,0,1
plants,62,brachypodium_distachyon,dir,0,1
plants,62,brassica_juncea,dir,0,1
plants,62,brassica_napus,dir,0,1
plants,62,brassica_oleracea,dir,0,1
plants,62,brassica_rapa,dir,0,1
plants,62,brassica_rapa_ro18,dir,0,1
plants,62,brassica_rapa_z1,dir,0,1
plants,62,cajanus_cajan,dir,0,1
plants,62,camelina_sativa,dir,0,1
plants,62,cannabis_sativa_female,dir,0,1
plants,62,capsicum_annuum,dir,0,1
plants,62,chara_braunii,dir,0,1
plants,62,chenopodium_quinoa,dir,0,1
plants,62,chlamydomonas_reinhardtii,dir,0,1
plants,62,chondrus_crispus,dir,0,1
plants,62,citrullus_lanatus,dir,0,1
plants,62,citrus_clementina,dir,0,1
plants,62,coffea_canephora,dir,0,1
plants,62,corchorus_capsularis,dir,0,1
plants,62,corylus_avellana,dir,0,1
plants,62,corymbia_citriodora,dir,0,1
plants,62,cucumis_melo,dir,0,1
plants,62,cucumis_sativus,dir,0,1
plants,62,cyanidioschyzon_merolae,dir,0,1
plants,62,cynara_cardunculus,dir,0,1
plants,62,daucus_carota,dir,0,1
plants,62,digitaria_exilis,dir,0,1
plants,62,dioscorea_rotundata,dir,0,1
plants,62,echinochloa_crusgalli,dir,0,1
plants,62,eragrostis_curvula,dir,0,1
plants,62,eragrostis_tef,dir,0,1
plants,62,eucalyptus_grandis,dir,0,1
plants,62,eutrema_salsugineum,dir,0,1
plants,62,ficus_carica,dir,0,1
plants,62,fraxinus_excelsior,dir,0,1
plants,62,galdieria_sulphuraria,dir,0,1
plants,62,glycine_max,dir,0,1
plants,62,glycine_soja,dir,0,1
plants,62,gossypium_raimondii,dir,0,1
plants,62,helianthus_annuus,dir,0,1
plants,62,hordeum_vulgare,dir,0,1
plants,62,hordeum_vulgare_10tj18,dir,0,1
plants,62,hordeum_vulgare_aizu6,dir,0,1
plants,62,hordeum_vulgare_akashinriki,dir,0,1
plants,62,hordeum_vulgare_barke,dir,0,1
plants,62,hordeum_vulgare_bonus,dir,0,1
plants,62,hordeum_vulgare_bowman,dir,0,1
plants,62,hordeum_vulgare_chikurinibaraki1,dir,0,1
plants,62,hordeum_vulgare_foma,dir,0,1
plants,62,hordeum_vulgare_ft11,dir,0,1
plants,62,hordeum_vulgare_ft144,dir,0,1
plants,62,hordeum_vulgare_ft262,dir,0,1
plants,62,hordeum_vulgare_ft286,dir,0,1
plants,62,hordeum_vulgare_ft333,dir,0,1
plants,62,hordeum_vulgare_ft628,dir,0,1
plants,62,hordeum_vulgare_ft67,dir,0,1
plants,62,hordeum_vulgare_ft880,dir,0,1
plants,62,hordeum_vulgare_goldenmelon,dir,0,1
plants,62,hordeum_vulgare_goldenpromise,dir,0,1
plants,62,hordeum_vulgare_hid055,dir,0,1
plants,62,hordeum_vulgare_hid101,dir,0,1
plants,62,hordeum_vulgare_hid249,dir,0,1
plants,62,hordeum_vulgare_hid357,dir,0,1
plants,62,hordeum_vulgare_hid380,dir,0,1
plants,62,hordeum_vulgare_hockett,dir,0,1
plants,62,hordeum_vulgare_hor10096,dir,0,1
plants,62,hordeum_vulgare_hor10350,dir,0,1
plants,62,hordeum_vulgare_hor10892,dir,0,1
plants,62,hordeum_vulgare_hor1168,dir,0,1
plants,62,hordeum_vulgare_hor12184,dir,0,1
plants,62,hordeum_vulgare_hor12541,dir,0,1
plants,62,hordeum_vulgare_hor13594,dir,0,1
plants,62,hordeum_vulgare_hor13663,dir,0,1
plants,62,hordeum_vulgare_hor13821,dir,0,1
plants,62,hordeum_vulgare_hor13942,dir,0,1
plants,62,hordeum_vulgare_hor14061,dir,0,1
plants,62,hordeum_vulgare_hor14121,dir,0,1
plants,62,hordeum_vulgare_hor14273,dir,0,1
plants,62,hordeum_vulgare_hor1702,dir,0,1
plants,62,hordeum_vulgare_hor18321,dir,0,1
plants,62,hordeum_vulgare_hor19184,dir,0,1
plants,62,hordeum_vulgare_hor21256,dir,0,1
plants,62,hordeum_vulgare_hor21322,dir,0,1
plants,62,hordeum_vulgare_hor21595,dir,0,1
plants,62,hordeum_vulgare_hor21599,dir,0,1
plants,62,hordeum_vulgare_hor2180,dir,0,1
plants,62,hordeum_vulgare_hor2779,dir,0,1
plants,62,hordeum_vulgare_hor2830,dir,0,1
plants,62,hordeum_vulgare_hor3081,dir,0,1
plants,62,hordeum_vulgare_hor3365,dir,0,1
plants,62,hordeum_vulgare_hor3474,dir,0,1
plants,62,hordeum_vulgare_hor4224,dir,0,1
plants,62,hordeum_vulgare_hor495,dir,0,1
plants,62,hordeum_vulgare_hor6220,dir,0,1
plants,62,hordeum_vulgare_hor7172,dir,0,1
plants,62,hordeum_vulgare_hor7385,dir,0,1
plants,62,hordeum_vulgare_hor7552,dir,0,1
plants,62,hordeum_vulgare_hor8117,dir,0,1
plants,62,hordeum_vulgare_hor8148,dir,0,1
plants,62,hordeum_vulgare_hor9043,dir,0,1
plants,62,hordeum_vulgare_hor9972,dir,0,1
plants,62,hordeum_vulgare_igri,dir,0,1
plants,62,hordeum_vulgare_maximus,dir,0,1
plants,62,hordeum_vulgare_oun333,dir,0,1
plants,62,hordeum_vulgare_rgtplanet,dir,0,1
plants,62,hordeum_vulgare_tritex,dir,0,1
plants,62,hordeum_vulgare_wbdc078,dir,0,1
plants,62,hordeum_vulgare_wbdc103,dir,0,1
plants,62,hordeum_vulgare_wbdc133,dir,0,1
plants,62,hordeum_vulgare_wbdc184,dir,0,1
plants,62,hordeum_vulgare_wbdc199,dir,0,1
plants,62,hordeum_vulgare_wbdc207,dir,0,1
plants,62,hordeum_vulgare_wbdc237,dir,0,1
plants,62,hordeum_vulgare_wbdc348,dir,0,1
plants,62,hordeum_vulgare_wbdc349,dir,0,1
plants,62,hordeum_vulgare_zdm01467,dir,0,1
plants,62,hordeum_vulgare_zdm02064,dir,0,1
plants,62,ipomoea_triloba,dir,0,1
plants,62,juglans_regia,dir,0,1
plants,62,kalanchoe_fedtschenkoi,dir,0,1
plants,62,lablab_purpureus_gca030347555v1cm,dir,0,1
plants,62,lactuca_sativa,dir,0,1
plants,62,lathyrus_sativus,dir,0,1
plants,62,leersia_perrieri,dir,0,1
plants,62,lolium_perenne,dir,0,1
plants,62,lupinus_angustifolius,dir,0,1
plants,62,malus_domestica_golden,dir,0,1
plants,62,manihot_esculenta,dir,0,1
plants,62,marchantia_polymorpha,dir,0,1
plants,62,medicago_truncatula,dir,0,1
plants,62,musa_acuminata,dir,0,1
plants,62,nicotiana_attenuata,dir,0,1
plants,62,nymphaea_colorata,dir,0,1
plants,62,olea_europaea,dir,0,1
plants,62,olea_europaea_sylvestris,dir,0,1
plants,62,oryza_barthii,dir,0,1
plants,62,oryza_brachyantha,dir,0,1
plants,62,oryza_glaberrima,dir,0,1
plants,62,oryza_glumipatula,dir,0,1
plants,62,oryza_indica,dir,0,1
plants,62,oryza_longistaminata,dir,0,1
plants,62,oryza_meridionalis,dir,0,1
plants,62,oryza_nivara,dir,0,1
plants,62,oryza_punctata,dir,0,1
plants,62,oryza_rufipogon,dir,0,1
plants,62,oryza_sativa,dir,0,1
plants,62,oryza_sativa_arc,dir,0,1
plants,62,oryza_sativa_azucena,dir,0,1
plants,62,oryza_sativa_chaomeo,dir,0,1
plants,62,oryza_sativa_gobolsailbalam,dir,0,1
plants,62,oryza_sativa_ir64,dir,0,1
plants,62,oryza_sativa_ketannangka,dir,0,1
plants,62,oryza_sativa_khaoyaiguang,dir,0,1
plants,62,oryza_sativa_larhamugad,dir,0,1
plants,62,oryza_sativa_lima,dir,0,1
plants,62,oryza_sativa_liuxu,dir,0,1
plants,62,oryza_sativa_mh63,dir,0,1
plants,62,oryza_sativa_n22,dir,0,1
plants,62,oryza_sativa_natelboro,dir,0,1
plants,62,oryza_sativa_pr106,dir,0,1
plants,62,oryza_sativa_zs97,dir,0,1
plants,62,ostreococcus_lucimarinus,dir,0,1
plants,62,panicum_hallii,dir,0,1
plants,62,panicum_hallii_fil2,dir,0,1
plants,62,papaver_somniferum,dir,0,1
plants,62,phaseolus_vulgaris,dir,0,1
plants,62,physcomitrium_patens,dir,0,1
plants,62,pistacia_vera,dir,0,1
plants,62,pisum_sativum,dir,0,1
plants,62,pisum_sativum_gca024323335v2gb,dir,0,1
plants,62,pisum_sativum_gca964186695v1gb,dir,0,1
plants,62,populus_trichocarpa,dir,0,1
plants,62,prunus_avium,dir,0,1
plants,62,prunus_dulcis,dir,0,1
plants,62,prunus_persica,dir,0,1
plants,62,quercus_lobata,dir,0,1
plants,62,quercus_suber,dir,0,1
plants,62,rosa_chinensis,dir,0,1
plants,62,saccharum_spontaneum,dir,0,1
plants,62,secale_cereale,dir,0,1
plants,62,selaginella_moellendorffii,dir,0,1
plants,62,sesamum_indicum,dir,0,1
plants,62,setaria_italica,dir,0,1
plants,62,setaria_viridis,dir,0,1
plants,62,solanum_lycopersicum,dir,0,1
plants,62,solanum_tuberosum,dir,0,1
plants,62,solanum_tuberosum_rh8903916,dir,0,1
plants,62,sorghum_bicolor,dir,0,1
plants,62,sphenostylis_stenocarpa,dir,0,1
plants,62,theobroma_cacao,dir,0,1
plants,62,theobroma_cacao_criollo,dir,0,1
plants,62,trifolium_pratense,dir,0,1
plants,62,triticum_aestivum,dir,0,1
plants,62,triticum_aestivum_alchemy,dir,0,1
plants,62,triticum_aestivum_arinalrfor,dir,0,1
plants,62,triticum_aestivum_cadenza,dir,0,1
plants,62,triticum_aestivum_claire,dir,0,1
plants,62,triticum_aestivum_jagger,dir,0,1
plants,62,triticum_aestivum_julius,dir,0,1
plants,62,triticum_aestivum_kariega,dir,0,1
plants,62,triticum_aestivum_lancer,dir,0,1
plants,62,triticum_aestivum_landmark,dir,0,1
plants,62,triticum_aestivum_mace,dir,0,1
plants,62,triticum_aestivum_mattis,dir,0,1
plants,62,triticum_aestivum_norin61,dir,0,1
plants,62,triticum_aestivum_paragon,dir,0,1
plants,62,triticum_aestivum_refseqv2,dir,0,1
plants,62,triticum_aestivum_renan,dir,0,1
plants,62,triticum_aestivum_robigus,dir,0,1
plants,62,triticum_aestivum_stanley,dir,0,1
plants,62,triticum_aestivum_weebil,dir,0,1
plants,62,triticum_dicoccoides,dir,0,1
plants,62,triticum_spelta,dir,0,1
plants,62,triticum_timopheevii,dir,0,1
plants,62,triticum_turgidum,dir,0,1
plants,62,triticum_urartu,dir,0,1
plants,62,vicia_faba,dir,0,1
plants,62,vigna_angularis,dir,0,1
plants,62,vigna_radiata,dir,0,1
plants,62,vigna_unguiculata,dir,0,1
plants,62,vitis_vinifera,dir,0,1
plants,62,zea_mays,dir,0,1
protists,10,dictyostelium_discoideum,dir,1,1
protists,49,albugo_laibachii,tgz-only,1,1
protists,49,bigelowiella_natans,tgz-only,1,1
protists,49,dictyostelium_discoideum,tgz-only,1,1
protists,49,emiliania_huxleyi,tgz-only,1,1
protists,49,entamoeba_histolytica,tgz-only,1,1
protists,49,giardia_lamblia,tgz-only,1,1
protists,49,guillardia_theta,tgz-only,1,1
protists,49,hyaloperonospora_arabidopsidis,tgz-only,1,1
protists,49,leishmania_major,tgz-only,1,1
protists,49,paramecium_tetraurelia,tgz-only,1,1
protists,49,phaeodactylum_tricornutum,tgz-only,1,1
protists,49,phytophthora_infestans,tgz-only,1,1
protists,49,phytophthora_kernoviae,tgz-only,1,1
protists,49,phytophthora_lateralis,tgz-only,1,1
protists,49,phytophthora_parasitica,tgz-only,1,1
protists,49,phytophthora_ramorum,tgz-only,1,1
protists,49,phytophthora_sojae,tgz-only,1,1
protists,49,plasmodium_berghei,tgz-only,1,1
protists,49,plasmodium_chabaudi,tgz-only,1,1
protists,49,plasmodium_falciparum,tgz-only,1,1
protists,49,plasmodium_knowlesi,tgz-only,1,1
protists,49,plasmodium_vivax,tgz-only,1,1
protists,49,pseudonitzschia_multistriata,tgz-only,1,1
protists,49,pythium_aphanidermatum,tgz-only,1,1
protists,49,pythium_arrhenomanes,tgz-only,1,1
protists,49,pythium_irregulare,tgz-only,1,1
protists,49,pythium_iwayamai,tgz-only,1,1
protists,49,pythium_ultimum,tgz-only,1,1
protists,49,pythium_vexans,tgz-only,1,1
protists,49,tetrahymena_thermophila,tgz-only,1,1
protists,49,thalassiosira_pseudonana,tgz-only,1,1
protists,49,toxoplasma_gondii,tgz-only,1,1
protists,49,trypanosoma_brucei,tgz-only,1,1
protists,50,albugo_laibachii,tgz-only,1,1
protists,50,bigelowiella_natans,tgz-only,1,1
protists,50,dictyostelium_discoideum,tgz-only,1,1
protists,50,emiliania_huxleyi,tgz-only,1,1
protists,50,entamoeba_histolytica,tgz-only,1,1
protists,50,giardia_lamblia,tgz-only,1,1
protists,50,guillardia_theta,tgz-only,1,1
protists,50,hyaloperonospora_arabidopsidis,tgz-only,1,1
protists,50,leishmania_major,tgz-only,1,1
protists,50,paramecium_tetraurelia,tgz-only,1,1
protists,50,phaeodactylum_tricornutum,tgz-only,1,1
protists,50,phytophthora_infestans,tgz-only,1,1
protists,50,phytophthora_kernoviae,tgz-only,1,1
protists,50,phytophthora_lateralis,tgz-only,1,1
protists,50,phytophthora_parasitica,tgz-only,1,1
protists,50,phytophthora_ramorum,tgz-only,1,1
protists,50,phytophthora_sojae,tgz-only,1,1
protists,50,plasmodium_berghei,tgz-only,1,1
protists,50,plasmodium_chabaudi,tgz-only,1,1
protists,50,plasmodium_falciparum,tgz-only,1,1
protists,50,plasmodium_knowlesi,tgz-only,1,1
protists,50,plasmodium_vivax,tgz-only,1,1
protists,50,pseudonitzschia_multistriata,tgz-only,1,1
protists,50,pythium_aphanidermatum,tgz-only,1,1
protists,50,pythium_arrhenomanes,tgz-only,1,1
protists,50,pythium_irregulare,tgz-only,1,1
protists,50,pythium_iwayamai,tgz-only,1,1
protists,50,pythium_ultimum,tgz-only,1,1
protists,50,pythium_vexans,tgz-only,1,1
protists,50,tetrahymena_thermophila,tgz-only,1,1
protists,50,thalassiosira_pseudonana,tgz-only,1,1
protists,50,toxoplasma_gondii,tgz-only,1,1
protists,50,trypanosoma_brucei,tgz-only,1,1
protists,51,albugo_laibachii,tgz-only,1,1
protists,51,bigelowiella_natans,tgz-only,1,1
protists,51,dictyostelium_discoideum,tgz-only,1,1
protists,51,emiliania_huxleyi,tgz-only,1,1
protists,51,entamoeba_histolytica,tgz-only,1,1
protists,51,giardia_lamblia,tgz-only,1,1
protists,51,guillardia_theta,tgz-only,1,1
protists,51,hyaloperonospora_arabidopsidis,tgz-only,1,1
protists,51,leishmania_major,tgz-only,1,1
protists,51,paramecium_tetraurelia,tgz-only,1,1
protists,51,phaeodactylum_tricornutum,tgz-only,1,1
protists,51,phytophthora_infestans,tgz-only,1,1
protists,51,phytophthora_kernoviae,tgz-only,1,1
protists,51,phytophthora_lateralis,tgz-only,1,1
protists,51,phytophthora_parasitica,tgz-only,1,1
protists,51,phytophthora_ramorum,tgz-only,1,1
protists,51,phytophthora_sojae,tgz-only,1,1
protists,51,plasmodium_berghei,tgz-only,1,1
protists,51,plasmodium_chabaudi,tgz-only,1,1
protists,51,plasmodium_falciparum,tgz-only,1,1
protists,51,plasmodium_knowlesi,tgz-only,1,1
protists,51,plasmodium_vivax,tgz-only,1,1
protists,51,pseudonitzschia_multistriata,tgz-only,1,1
protists,51,pythium_aphanidermatum,tgz-only,1,1
protists,51,pythium_arrhenomanes,tgz-only,1,1
protists,51,pythium_irregulare,tgz-only,1,1
protists,51,pythium_iwayamai,tgz-only,1,1
protists,51,pythium_ultimum,tgz-only,1,1
protists,51,pythium_vexans,tgz-only,1,1
protists,51,tetrahymena_thermophila,tgz-only,1,1
protists,51,thalassiosira_pseudonana,tgz-only,1,1
protists,51,toxoplasma_gondii,tgz-only,1,1
protists,51,trypanosoma_brucei,tgz-only,1,1
protists,52,albugo_laibachii,dir,0,1
protists,52,bigelowiella_natans,dir,0,1
protists,52,dictyostelium_discoideum,dir,0,1
protists,52,emiliania_huxleyi,dir,0,1
protists,52,entamoeba_histolytica,dir,0,1
protists,52,giardia_lamblia,dir,0,1
protists,52,guillardia_theta,dir,0,1
protists,52,leishmania_major,dir,0,1
protists,52,paramecium_tetraurelia,dir,0,1
protists,52,phaeodactylum_tricornutum,dir,0,1
protists,52,phytophthora_infestans,dir,0,1
protists,52,phytophthora_kernoviae,dir,0,1
protists,52,phytophthora_lateralis,dir,0,1
protists,52,phytophthora_parasitica,dir,0,1
protists,52,phytophthora_ramorum,dir,0,1
protists,52,phytophthora_sojae,dir,0,1
protists,52,plasmodium_berghei,dir,0,1
protists,52,plasmodium_chabaudi,dir,0,1
protists,52,plasmodium_falciparum,dir,0,1
protists,52,plasmodium_knowlesi,dir,0,1
protists,52,plasmodium_vivax,dir,0,1
protists,52,pseudonitzschia_multistriata,dir,0,1
protists,52,pythium_aphanidermatum,dir,0,1
protists,52,pythium_arrhenomanes,dir,0,1
protists,52,pythium_irregulare,dir,0,1
protists,52,pythium_iwayamai,dir,0,1
protists,52,pythium_ultimum,dir,0,1
protists,52,pythium_vexans,dir,0,1
protists,52,tetrahymena_thermophila,dir,0,1
protists,52,thalassiosira_pseudonana,dir,0,1
protists,52,toxoplasma_gondii,dir,0,1
protists,52,trypanosoma_brucei,dir,0,1
protists,53,albugo_laibachii,dir,0,1
protists,53,bigelowiella_natans,dir,0,1
protists,53,dictyostelium_discoideum,dir,0,1
protists,53,emiliania_huxleyi,dir,0,1
protists,53,entamoeba_histolytica,dir,0,1
protists,53,giardia_lamblia,dir,0,1
protists,53,guillardia_theta,dir,0,1
protists,53,hyaloperonospora_arabidopsidis,dir,0,1
protists,53,leishmania_major,dir,0,1
protists,53,paramecium_tetraurelia,dir,0,1
protists,53,phaeodactylum_tricornutum,dir,0,1
protists,53,phytophthora_infestans,dir,0,1
protists,53,phytophthora_kernoviae,dir,0,1
protists,53,phytophthora_lateralis,dir,0,1
protists,53,phytophthora_parasitica,dir,0,1
protists,53,phytophthora_ramorum,dir,0,1
protists,53,phytophthora_sojae,dir,0,1
protists,53,plasmodium_berghei,dir,0,1
protists,53,plasmodium_chabaudi,dir,0,1
protists,53,plasmodium_falciparum,dir,0,1
protists,53,plasmodium_knowlesi,dir,0,1
protists,53,plasmodium_vivax,dir,0,1
protists,53,pseudonitzschia_multistriata,dir,0,1
protists,53,pythium_aphanidermatum,dir,0,1
protists,53,pythium_arrhenomanes,dir,0,1
protists,53,pythium_irregulare,dir,0,1
protists,53,pythium_iwayamai,dir,0,1
protists,53,pythium_ultimum,dir,0,1
protists,53,pythium_vexans,dir,0,1
protists,53,tetrahymena_thermophila,dir,0,1
protists,53,thalassiosira_pseudonana,dir,0,1
protists,53,toxoplasma_gondii,dir,0,1
protists,53,trypanosoma_brucei,dir,0,1
protists,54,albugo_laibachii,dir,0,1
protists,54,bigelowiella_natans,dir,0,1
protists,54,dictyostelium_discoideum,dir,0,1
protists,54,emiliania_huxleyi,dir,0,1
protists,54,entamoeba_histolytica,dir,0,1
protists,54,giardia_lamblia,dir,0,1
protists,54,guillardia_theta,dir,0,1
protists,54,hyaloperonospora_arabidopsidis,dir,0,1
protists,54,leishmania_major,dir,0,1
protists,54,paramecium_tetraurelia,dir,0,1
protists,54,phaeodactylum_tricornutum,dir,0,1
protists,54,phytophthora_infestans,dir,0,1
protists,54,phytophthora_kernoviae,dir,0,1
protists,54,phytophthora_lateralis,dir,0,1
protists,54,phytophthora_parasitica,dir,0,1
protists,54,phytophthora_ramorum,dir,0,1
protists,54,phytophthora_sojae,dir,0,1
protists,54,plasmodium_berghei,dir,0,1
protists,54,plasmodium_chabaudi,dir,0,1
protists,54,plasmodium_falciparum,dir,0,1
protists,54,plasmodium_knowlesi,dir,0,1
protists,54,plasmodium_vivax,dir,0,1
protists,54,pseudonitzschia_multistriata,dir,0,1
protists,54,pythium_aphanidermatum,dir,0,1
protists,54,pythium_arrhenomanes,dir,0,1
protists,54,pythium_irregulare,dir,0,1
protists,54,pythium_iwayamai,dir,0,1
protists,54,pythium_ultimum,dir,0,1
protists,54,pythium_vexans,dir,0,1
protists,54,tetrahymena_thermophila,dir,0,1
protists,54,thalassiosira_pseudonana,dir,0,1
protists,54,toxoplasma_gondii,dir,0,1
protists,54,trypanosoma_brucei,dir,0,1
protists,55,albugo_laibachii,dir,0,1
protists,55,bigelowiella_natans,dir,0,1
protists,55,dictyostelium_discoideum,dir,0,1
protists,55,emiliania_huxleyi,dir,0,1
protists,55,entamoeba_histolytica,dir,0,1
protists,55,giardia_lamblia,dir,0,1
protists,55,guillardia_theta,dir,0,1
protists,55,hyaloperonospora_arabidopsidis,dir,0,1
protists,55,leishmania_major,dir,0,1
protists,55,paramecium_tetraurelia,dir,0,1
protists,55,phaeodactylum_tricornutum,dir,0,1
protists,55,phytophthora_infestans,dir,0,1
protists,55,phytophthora_kernoviae,dir,0,1
protists,55,phytophthora_lateralis,dir,0,1
protists,55,phytophthora_parasitica,dir,0,1
protists,55,phytophthora_ramorum,dir,0,1
protists,55,phytophthora_sojae,dir,0,1
protists,55,plasmodium_berghei,dir,0,1
protists,55,plasmodium_chabaudi,dir,0,1
protists,55,plasmodium_falciparum,dir,0,1
protists,55,plasmodium_knowlesi,dir,0,1
protists,55,plasmodium_vivax,dir,0,1
protists,55,pseudonitzschia_multistriata,dir,0,1
protists,55,pythium_aphanidermatum,dir,0,1
protists,55,pythium_arrhenomanes,dir,0,1
protists,55,pythium_irregulare,dir,0,1
protists,55,pythium_iwayamai,dir,0,1
protists,55,pythium_ultimum,dir,0,1
protists,55,pythium_vexans,dir,0,1
protists,55,tetrahymena_thermophila,dir,0,1
protists,55,thalassiosira_pseudonana,dir,0,1
protists,55,toxoplasma_gondii,dir,0,1
protists,55,trypanosoma_brucei,dir,0,1
protists,56,albugo_laibachii,dir,0,1
protists,56,bigelowiella_natans,dir,0,1
protists,56,dictyostelium_discoideum,dir,0,1
protists,56,emiliania_huxleyi,dir,0,1
protists,56,entamoeba_histolytica,dir,0,1
protists,56,giardia_lamblia,dir,0,1
protists,56,guillardia_theta,dir,0,1
protists,56,hyaloperonospora_arabidopsidis,dir,0,1
protists,56,leishmania_major,dir,0,1
protists,56,paramecium_tetraurelia,dir,0,1
protists,56,phaeodactylum_tricornutum,dir,0,1
protists,56,phytophthora_infestans,dir,0,1
protists,56,phytophthora_kernoviae,dir,0,1
protists,56,phytophthora_lateralis,dir,0,1
protists,56,phytophthora_parasitica,dir,0,1
protists,56,phytophthora_ramorum,dir,0,1
protists,56,phytophthora_sojae,dir,0,1
protists,56,plasmodium_berghei,dir,0,1
protists,56,plasmodium_chabaudi,dir,0,1
protists,56,plasmodium_falciparum,dir,0,1
protists,56,plasmodium_knowlesi,dir,0,1
protists,56,plasmodium_vivax,dir,0,1
protists,56,pseudonitzschia_multistriata,dir,0,1
protists,56,pythium_aphanidermatum,dir,0,1
protists,56,pythium_arrhenomanes,dir,0,1
protists,56,pythium_irregulare,dir,0,1
protists,56,pythium_iwayamai,dir,0,1
protists,56,pythium_ultimum,dir,0,1
protists,56,pythium_vexans,dir,0,1
protists,56,tetrahymena_thermophila,dir,0,1
protists,56,thalassiosira_pseudonana,dir,0,1
protists,56,toxoplasma_gondii,dir,0,1
protists,56,trypanosoma_brucei,dir,0,1
protists,57,albugo_laibachii,dir,0,1
protists,57,bigelowiella_natans,dir,0,1
protists,57,dictyostelium_discoideum,dir,0,1
protists,57,emiliania_huxleyi,dir,0,1
protists,57,entamoeba_histolytica,dir,0,1
protists,57,giardia_lamblia,dir,0,1
protists,57,guillardia_theta,dir,0,1
protists,57,hyaloperonospora_arabidopsidis,dir,0,1
protists,57,leishmania_major,dir,0,1
protists,57,paramecium_tetraurelia,dir,0,1
protists,57,phaeodactylum_tricornutum,dir,0,1
protists,57,phytophthora_infestans,dir,0,1
protists,57,phytophthora_kernoviae,dir,0,1
protists,57,phytophthora_lateralis,dir,0,1
protists,57,phytophthora_parasitica,dir,0,1
protists,57,phytophthora_ramorum,dir,0,1
protists,57,phytophthora_sojae,dir,0,1
protists,57,plasmodium_berghei,dir,0,1
protists,57,plasmodium_chabaudi,dir,0,1
protists,57,plasmodium_falciparum,dir,0,1
protists,57,plasmodium_knowlesi,dir,0,1
protists,57,plasmodium_vivax,dir,0,1
protists,57,pseudonitzschia_multistriata,dir,0,1
protists,57,pythium_aphanidermatum,dir,0,1
protists,57,pythium_arrhenomanes,dir,0,1
protists,57,pythium_irregulare,dir,0,1
protists,57,pythium_iwayamai,dir,0,1
protists,57,pythium_ultimum,dir,0,1
protists,57,pythium_vexans,dir,0,1
protists,57,tetrahymena_thermophila,dir,0,1
protists,57,thalassiosira_pseudonana,dir,0,1
protists,57,toxoplasma_gondii,dir,0,1
protists,57,trypanosoma_brucei,dir,0,1
protists,58,albugo_laibachii,dir,0,1
protists,58,bigelowiella_natans,dir,0,1
protists,58,dictyostelium_discoideum,dir,0,1
protists,58,emiliania_huxleyi,dir,0,1
protists,58,entamoeba_histolytica,dir,0,1
protists,58,giardia_lamblia,dir,0,1
protists,58,guillardia_theta,dir,0,1
protists,58,hyaloperonospora_arabidopsidis,dir,0,1
protists,58,leishmania_major,dir,0,1
protists,58,paramecium_tetraurelia,dir,0,1
protists,58,phaeodactylum_tricornutum,dir,0,1
protists,58,phytophthora_infestans,dir,0,1
protists,58,phytophthora_kernoviae,dir,0,1
protists,58,phytophthora_lateralis,dir,0,1
protists,58,phytophthora_parasitica,dir,0,1
protists,58,phytophthora_ramorum,dir,0,1
protists,58,phytophthora_sojae,dir,0,1
protists,58,plasmodium_berghei,dir,0,1
protists,58,plasmodium_chabaudi,dir,0,1
protists,58,plasmodium_falciparum,dir,0,1
protists,58,plasmodium_knowlesi,dir,0,1
protists,58,plasmodium_vivax,dir,0,1
protists,58,pseudonitzschia_multistriata,dir,0,1
protists,58,pythium_aphanidermatum,dir,0,1
protists,58,pythium_arrhenomanes,dir,0,1
protists,58,pythium_irregulare,dir,0,1
protists,58,pythium_iwayamai,dir,0,1
protists,58,pythium_ultimum,dir,0,1
protists,58,pythium_vexans,dir,0,1
protists,58,tetrahymena_thermophila,dir,0,1
protists,58,thalassiosira_pseudonana,dir,0,1
protists,58,toxoplasma_gondii,dir,0,1
protists,58,trypanosoma_brucei,dir,0,1
protists,59,albugo_laibachii,dir,0,1
protists,59,bigelowiella_natans,dir,0,1
protists,59,dictyostelium_discoideum,dir,0,1
protists,59,emiliania_huxleyi,dir,0,1
protists,59,entamoeba_histolytica,dir,0,1
protists,59,giardia_lamblia,dir,0,1
protists,59,guillardia_theta,dir,0,1
protists,59,hyaloperonospora_arabidopsidis,dir,0,1
protists,59,leishmania_major,dir,0,1
protists,59,paramecium_tetraurelia,dir,0,1
protists,59,phaeodactylum_tricornutum,dir,0,1
protists,59,phytophthora_infestans,dir,0,1
protists,59,phytophthora_kernoviae,dir,0,1
protists,59,phytophthora_lateralis,dir,0,1
protists,59,phytophthora_parasitica,dir,0,1
protists,59,phytophthora_ramorum,dir,0,1
protists,59,phytophthora_sojae,dir,0,1
protists,59,plasmodium_berghei,dir,0,1
protists,59,plasmodium_chabaudi,dir,0,1
protists,59,plasmodium_falciparum,dir,0,1
protists,59,plasmodium_knowlesi,dir,0,1
protists,59,plasmodium_vivax,dir,0,1
protists,59,pseudonitzschia_multistriata,dir,0,1
protists,59,pythium_aphanidermatum,dir,0,1
protists,59,pythium_arrhenomanes,dir,0,1
protists,59,pythium_irregulare,dir,0,1
protists,59,pythium_iwayamai,dir,0,1
protists,59,pythium_ultimum,dir,0,1
protists,59,pythium_vexans,dir,0,1
protists,59,tetrahymena_thermophila,dir,0,1
protists,59,thalassiosira_pseudonana,dir,0,1
protists,59,toxoplasma_gondii,dir,0,1
protists,59,trypanosoma_brucei,dir,0,1
protists,60,albugo_laibachii,dir,0,1
protists,60,bigelowiella_natans,dir,0,1
protists,60,dictyostelium_discoideum,dir,0,1
protists,60,emiliania_huxleyi,dir,0,1
protists,60,entamoeba_histolytica,dir,0,1
protists,60,giardia_lamblia,dir,0,1
protists,60,guillardia_theta,dir,0,1
protists,60,hyaloperonospora_arabidopsidis,dir,0,1
protists,60,leishmania_major,dir,0,1
protists,60,paramecium_tetraurelia,dir,0,1
protists,60,phaeodactylum_tricornutum,dir,0,1
protists,60,phytophthora_infestans,dir,0,1
protists,60,phytophthora_kernoviae,dir,0,1
protists,60,phytophthora_lateralis,dir,0,1
protists,60,phytophthora_parasitica,dir,0,1
protists,60,phytophthora_ramorum,dir,0,1
protists,60,phytophthora_sojae,dir,0,1
protists,60,plasmodium_berghei,dir,0,1
protists,60,plasmodium_chabaudi,dir,0,1
protists,60,plasmodium_falciparum,dir,0,1
protists,60,plasmodium_knowlesi,dir,0,1
protists,60,plasmodium_vivax,dir,0,1
protists,60,pseudonitzschia_multistriata,dir,0,1
protists,60,pythium_aphanidermatum,dir,0,1
protists,60,pythium_arrhenomanes,dir,0,1
protists,60,pythium_irregulare,dir,0,1
protists,60,pythium_iwayamai,dir,0,1
protists,60,pythium_ultimum,dir,0,1
protists,60,pythium_vexans,dir,0,1
protists,60,tetrahymena_thermophila,dir,0,1
protists,60,thalassiosira_pseudonana,dir,0,1
protists,60,toxoplasma_gondii,dir,0,1
protists,60,trypanosoma_brucei,dir,0,1
protists,61,acanthamoeba_castellanii,dir,0,1
protists,61,albugo_laibachii,dir,0,1
protists,61,aphanomyces_astaci_gca000520075,dir,0,1
protists,61,aphanomyces_invadans_gca000520115,dir,0,1
protists,61,babesia_bovis,dir,0,1
protists,61,bigelowiella_natans,dir,0,1
protists,61,dictyostelium_discoideum,dir,0,1
protists,61,eimeria_mitis,dir,0,1
protists,61,emiliania_huxleyi,dir,0,1
protists,61,entamoeba_histolytica,dir,0,1
protists,61,giardia_intestinalis_gca000002435v2,dir,0,1
protists,61,globisporangium_ultimum,dir,0,1
protists,61,globisporangium_ultimum_gca000387525,dir,0,1
protists,61,guillardia_theta,dir,0,1
protists,61,hyaloperonospora_arabidopsidis,dir,0,1
protists,61,leishmania_major,dir,0,1
protists,61,paramecium_tetraurelia,dir,0,1
protists,61,phaeodactylum_tricornutum,dir,0,1
protists,61,phytophthora_infestans,dir,0,1
protists,61,phytophthora_kernoviae,dir,0,1
protists,61,phytophthora_lateralis,dir,0,1
protists,61,phytophthora_parasitica,dir,0,1
protists,61,phytophthora_ramorum,dir,0,1
protists,61,phytophthora_sojae,dir,0,1
protists,61,plasmodium_berghei,dir,0,1
protists,61,plasmodium_chabaudi,dir,0,1
protists,61,plasmodium_falciparum,dir,0,1
protists,61,plasmodium_knowlesi,dir,0,1
protists,61,plasmodium_sp_gca900257145,dir,0,1
protists,61,plasmodium_vivax,dir,0,1
protists,61,plasmodium_vivax_gca900093555,dir,0,1
protists,61,plasmodium_yoelii,dir,0,1
protists,61,pseudonitzschia_multistriata,dir,0,1
protists,61,pythium_aphanidermatum,dir,0,1
protists,61,pythium_arrhenomanes,dir,0,1
protists,61,pythium_irregulare,dir,0,1
protists,61,pythium_iwayamai,dir,0,1
protists,61,pythium_ultimum,dir,0,1
protists,61,pythium_vexans,dir,0,1
protists,61,spironucleus_salmonicida,dir,0,1
protists,61,tetrahymena_thermophila,dir,0,1
protists,61,thalassiosira_pseudonana,dir,0,1
protists,61,theileria_orientalis_gca003072535,dir,0,1
protists,61,theileria_orientalis_gca003072545,dir,0,1
protists,61,toxoplasma_gondii,dir,0,1
protists,61,trypanosoma_brucei,dir,0,1
protists,61,trypanosoma_brucei_gca003072535v3,dir,0,1
protists,62,acanthamoeba_castellanii,dir,0,1
protists,62,albugo_laibachii,dir,0,1
protists,62,aphanomyces_astaci_gca000520075,dir,0,1
protists,62,aphanomyces_invadans_gca000520115,dir,0,1
protists,62,babesia_bovis,dir,0,1
protists,62,bigelowiella_natans,dir,0,1
protists,62,dictyostelium_discoideum,dir,0,1
protists,62,eimeria_mitis,dir,0,1
protists,62,emiliania_huxleyi,dir,0,1
protists,62,entamoeba_histolytica,dir,0,1
protists,62,giardia_intestinalis_gca000002435v2,dir,0,1
protists,62,globisporangium_ultimum,dir,0,1
protists,62,globisporangium_ultimum_gca000387525,dir,0,1
protists,62,guillardia_theta,dir,0,1
protists,62,hyaloperonospora_arabidopsidis,dir,0,1
protists,62,leishmania_major,dir,0,1
protists,62,paramecium_tetraurelia,dir,0,1
protists,62,phaeodactylum_tricornutum,dir,0,1
protists,62,phytophthora_infestans,dir,0,1
protists,62,phytophthora_kernoviae,dir,0,1
protists,62,phytophthora_lateralis,dir,0,1
protists,62,phytophthora_parasitica,dir,0,1
protists,62,phytophthora_ramorum,dir,0,1
protists,62,phytophthora_sojae,dir,0,1
protists,62,plasmodium_berghei,dir,0,1
protists,62,plasmodium_chabaudi,dir,0,1
protists,62,plasmodium_falciparum,dir,0,1
protists,62,plasmodium_knowlesi,dir,0,1
protists,62,plasmodium_sp_gca900257145,dir,0,1
protists,62,plasmodium_vivax,dir,0,1
protists,62,plasmodium_vivax_gca900093555,dir,0,1
protists,62,plasmodium_yoelii,dir,0,1
protists,62,pseudonitzschia_multistriata,dir,0,1
protists,62,pythium_aphanidermatum,dir,0,1
protists,62,pythium_arrhenomanes,dir,0,1
protists,62,pythium_irregulare,dir,0,1
protists,62,pythium_iwayamai,dir,0,1
protists,62,pythium_ultimum,dir,0,1
protists,62,pythium_vexans,dir,0,1
protists,62,spironucleus_salmonicida,dir,0,1
protists,62,tetrahymena_thermophila,dir,0,1
protists,62,thalassiosira_pseudonana,dir,0,1
protists,62,theileria_orientalis_gca003072535,dir,0,1
protists,62,theileria_orientalis_gca003072545,dir,0,1
protists,62,toxoplasma_gondii,dir,0,1
protists,62,trypanosoma_brucei,dir,0,1
protists,62,trypanosoma_brucei_gca000002445,dir,0,1