 Container asap2_test-redis-1  Running
 Container asap_run_test  Running
 Container asap2_test-postgres-1  Running
 Container elasticsearch_asap_test  Running
2026-06-30 09:13:21 +0000: HEAD http://elasticsearch:9200/projects [status:200, request:0.007s, query:n/a]
2026-06-30 09:13:21 +0000: < 
Rebuild Ensembl release fields
  remote db: asap_data_v8
  ensembl data dirs: /mnt/asap_data/ensembl
  vertebrates releases: 54-115
  ensembl genomes releases: 5-62

== Step 3/3: rebuild genes.name, alt_names, obsolete_alt_names from Ensembl xrefs ==
  gibberella_zeae: 16 releases, 13696 genes in db
    release 12: 13696 genes, 34972 xrefs, 10663 changed (2.1s)
[slurm:monitor_jobs] Starting
[SlurmMonitor] No runs with status_id=2 (running)
    release 13: 13696 genes, 34972 xrefs, 0 changed (1.9s)
    release 14: 13696 genes, 34972 xrefs, 0 changed (2.2s)
    release 15: 13696 genes, 34972 xrefs, 0 changed (2.4s)
    release 16: 13696 genes, 34972 xrefs, 0 changed (2.0s)
    release 17: 13696 genes, 34972 xrefs, 0 changed (2.1s)
    release 18: 13696 genes, 34972 xrefs, 0 changed (1.9s)
    release 19: 13696 genes, 34972 xrefs, 0 changed (2.0s)
    release 20: 13696 genes, 34972 xrefs, 0 changed (1.8s)
    release 21: 13696 genes, 34972 xrefs, 0 changed (1.8s)
    release 22: 13696 genes, 34972 xrefs, 0 changed (2.1s)
    release 23: 13696 genes, 34972 xrefs, 0 changed (2.0s)
    release 24: 13696 genes, 34972 xrefs, 0 changed (2.0s)
  nectria_haematococca: 15 releases, 16092 genes in db
    release 12: 16092 genes, 62861 xrefs, 15541 changed (3.1s)
    release 13: 16092 genes, 62861 xrefs, 0 changed (2.9s)
    release 14: 16092 genes, 62861 xrefs, 0 changed (2.7s)
    release 15: 16092 genes, 62861 xrefs, 0 changed (2.8s)
    release 16: 16092 genes, 62861 xrefs, 0 changed (3.2s)
    release 17: 16092 genes, 62861 xrefs, 0 changed (2.9s)
    release 18: 16092 genes, 62861 xrefs, 0 changed (2.7s)
    release 19: 16092 genes, 62861 xrefs, 0 changed (2.7s)
    release 20: 16092 genes, 62861 xrefs, 0 changed (2.9s)
    release 21: 16092 genes, 47404 xrefs, 0 changed (2.7s)
    release 22: 16092 genes, 47404 xrefs, 0 changed (2.7s)
    release 23: 16092 genes, 47404 xrefs, 0 changed (3.0s)
    release 24: 16092 genes, 47404 xrefs, 0 changed (3.6s)
  macropus_eugenii: 34 releases, 18345 genes in db
    release 65: 18258 genes, 13959 xrefs, 3375 changed (3.7s)
    release 66: 18258 genes, 13921 xrefs, 286 changed (3.3s)
    release 67: 18258 genes, 13889 xrefs, 204 changed (3.9s)
    release 68: 18258 genes, 12966 xrefs, 246 changed (3.4s)
    release 69: 18258 genes, 13133 xrefs, 208 changed (3.6s)
    release 70: 18258 genes, 13107 xrefs, 170 changed (3.6s)
    release 71: 18258 genes, 13079 xrefs, 299 changed (4.0s)
    release 72: 18258 genes, 13097 xrefs, 148 changed (3.7s)
    release 73: 18258 genes, 13046 xrefs, 145 changed (5.2s)
    release 74: 18258 genes, 13023 xrefs, 125 changed (4.7s)
    release 75: 18258 genes, 13012 xrefs, 97 changed (4.6s)
    release 76: 18258 genes, 13037 xrefs, 398 changed (4.8s)
    release 77: 18258 genes, 13052 xrefs, 196 changed (5.0s)
    release 78: 18258 genes, 13037 xrefs, 64 changed (4.8s)
    release 79: 18258 genes, 13028 xrefs, 115 changed (4.8s)
    release 80: 18258 genes, 13051 xrefs, 103 changed (5.0s)
    release 81: 18258 genes, 13041 xrefs, 99 changed (4.8s)
    release 82: 18258 genes, 13069 xrefs, 114 changed (4.9s)
    release 83: 18258 genes, 13037 xrefs, 145 changed (4.7s)
    release 84: 18258 genes, 13061 xrefs, 135 changed (4.9s)
    release 85: 18258 genes, 12219 xrefs, 202 changed (4.6s)
    release 86: 18258 genes, 12180 xrefs, 87 changed (4.8s)
    release 87: 18258 genes, 11855 xrefs, 61 changed (3.4s)
    release 88: 18258 genes, 11872 xrefs, 137 changed (2.7s)
  gorilla_gorilla: 62 releases, 43963 genes in db
    release 65: 29216 genes, 34004 xrefs, 16787 changed (4.1s)
    release 66: 29216 genes, 34010 xrefs, 600 changed (4.2s)
    release 67: 29216 genes, 34024 xrefs, 567 changed (5.7s)
    release 68: 29216 genes, 33802 xrefs, 761 changed (4.3s)
    release 69: 29216 genes, 33998 xrefs, 699 changed (4.4s)
    release 70: 29216 genes, 33982 xrefs, 507 changed (4.6s)
    release 71: 29216 genes, 33971 xrefs, 583 changed (4.6s)
    release 72: 29216 genes, 99112 xrefs, 19839 changed (7.0s)
    release 73: 29216 genes, 99138 xrefs, 75 changed (7.2s)
    release 74: 29216 genes, 99140 xrefs, 65 changed (7.8s)
    release 75: 29216 genes, 99136 xrefs, 47 changed (9.6s)
    release 76: 29216 genes, 98252 xrefs, 17405 changed (9.6s)
    release 77: 29216 genes, 98225 xrefs, 11541 changed (8.6s)
    release 78: 29216 genes, 98240 xrefs, 2121 changed (8.8s)
    release 79: 29216 genes, 98209 xrefs, 10220 changed (9.5s)
    release 80: 29216 genes, 98198 xrefs, 1254 changed (9.8s)
    release 81: 29216 genes, 98185 xrefs, 7537 changed (9.4s)
    release 82: 29216 genes, 91443 xrefs, 10076 changed (9.7s)
    release 83: 29216 genes, 91402 xrefs, 3904 changed (9.1s)
    release 84: 29216 genes, 91460 xrefs, 5592 changed (8.8s)
    release 85: 29216 genes, 91071 xrefs, 3517 changed (8.8s)
    release 86: 29216 genes, 91078 xrefs, 479 changed (8.5s)
    release 87: 29216 genes, 62384 xrefs, 14350 changed (8.2s)
    release 88: 29216 genes, 62405 xrefs, 567 changed (7.6s)
    release 90: 29216 genes, 62377 xrefs, 667 changed (7.8s)
    release 91: 29603 genes, 46107 xrefs, 5002 changed (6.7s)
    release 92: 30084 genes, 46687 xrefs, 5845 changed (5.8s)
    release 93: 30084 genes, 66437 xrefs, 13846 changed (7.9s)
    release 94: 30084 genes, 63518 xrefs, 1487 changed (7.9s)
    release 95: 30084 genes, 66757 xrefs, 907 changed (8.8s)
    release 96: 30084 genes, 47618 xrefs, 13272 changed (8.3s)
    release 97: 30084 genes, 47624 xrefs, 355 changed (9.3s)
    release 98: 30084 genes, 65988 xrefs, 18968 changed (9.4s)
    release 99: 30084 genes, 66011 xrefs, 2033 changed (9.5s)
    release 100: 30084 genes, 47731 xrefs, 475 changed (8.2s)
    release 101: 30084 genes, 47758 xrefs, 287 changed (9.2s)
    release 102: 30084 genes, 46989 xrefs, 1438 changed (9.5s)
    release 103: 30084 genes, 46947 xrefs, 275 changed (8.0s)
    release 104: 30084 genes, 46623 xrefs, 845 changed (11.1s)
    release 105: 30084 genes, 47596 xrefs, 1292 changed (8.8s)
    release 106: 30084 genes, 47575 xrefs, 213 changed (9.5s)
    release 107: 30084 genes, 47793 xrefs, 414 changed (9.3s)
    release 108: 30084 genes, 47784 xrefs, 161 changed (9.7s)
    release 109: 30084 genes, 47780 xrefs, 195 changed (9.0s)
    release 110: 30084 genes, 47778 xrefs, 216 changed (8.8s)
    release 111: 30084 genes, 47787 xrefs, 213 changed (9.1s)
    release 112: 30084 genes, 47803 xrefs, 169 changed (9.1s)
    release 113: 30084 genes, 76919 xrefs, 1299 changed (8.1s)
    release 114: 30084 genes, 105702 xrefs, 5313 changed (11.0s)
    release 115: 30084 genes, 105714 xrefs, 87 changed (9.1s)
  homo_sapiens: 62 releases, 130280 genes in db
    release 65: 54843 genes, 204243 xrefs, 40469 changed (30.8s)
    release 66: 56478 genes, 209919 xrefs, 34628 changed (35.1s)
    release 67: 57891 genes, 224263 xrefs, 33439 changed (38.6s)
    release 68: 59807 genes, 228724 xrefs, 20072 changed (35.7s)
    release 69: 60620 genes, 292028 xrefs, 18673 changed (38.0s)
    release 70: 62316 genes, 296526 xrefs, 3130 changed (40.4s)
    release 71: 62192 genes, 296695 xrefs, 1737 changed (40.1s)
    release 72: 63193 genes, 300777 xrefs, 3527 changed (41.5s)
    release 73: 63545 genes, 303939 xrefs, 3931 changed (42.0s)
    release 74: 64078 genes, 306004 xrefs, 4381 changed (42.5s)
    release 75: 64102 genes, 306488 xrefs, 14658 changed (41.3s)
    release 76: 63263 genes, 447207 xrefs, 19817 changed (43.2s)
    release 77: 64769 genes, 423807 xrefs, 5091 changed (43.5s)
    release 78: 64785 genes, 429857 xrefs, 1355 changed (43.3s)
    release 79: 65774 genes, 400038 xrefs, 5301 changed (44.6s)
    release 80: 65774 genes, 398096 xrefs, 3656 changed (49.0s)
    release 81: 66563 genes, 418962 xrefs, 3214 changed (51.3s)
    release 82: 66598 genes, 419128 xrefs, 2341 changed (47.5s)
    release 83: 66858 genes, 410101 xrefs, 2567 changed (47.3s)
    release 84: 66867 genes, 405977 xrefs, 13725 changed (48.7s)
    release 85: 63969 genes, 405864 xrefs, 15003 changed (46.5s)
    release 86: 63970 genes, 407322 xrefs, 13038 changed (48.9s)
    release 87: 63970 genes, 406486 xrefs, 2656 changed (51.3s)
    release 88: 64592 genes, 409144 xrefs, 15878 changed (51.3s)
    release 90: 64661 genes, 246924 xrefs, 21539 changed (42.4s)
    release 91: 64661 genes, 248300 xrefs, 1667 changed (41.4s)
    release 92: 65256 genes, 214628 xrefs, 5631 changed (39.6s)
    release 93: 65256 genes, 254331 xrefs, 1104 changed (41.2s)
    release 94: 65687 genes, 261878 xrefs, 3628 changed (40.6s)
    release 95: 65712 genes, 269236 xrefs, 1875 changed (41.3s)
    release 96: 65868 genes, 257906 xrefs, 2521 changed (44.9s)
    release 97: 67667 genes, 262680 xrefs, 2953 changed (46.0s)
    release 98: 67946 genes, 265032 xrefs, 4075 changed (46.6s)
    release 99: 67998 genes, 265426 xrefs, 4020 changed (49.6s)
    release 100: 68008 genes, 264645 xrefs, 1072 changed (49.7s)
    release 101: 67990 genes, 276555 xrefs, 4404 changed (48.8s)
    release 102: 68001 genes, 277946 xrefs, 2965 changed (49.2s)
    release 103: 67992 genes, 276098 xrefs, 2041 changed (44.8s)
    release 104: 67990 genes, 254611 xrefs, 22103 changed (50.3s)
    release 105: 69329 genes, 257501 xrefs, 1410 changed (46.5s)
    release 106: 69340 genes, 252231 xrefs, 1202 changed (46.9s)
    release 107: 69648 genes, 261191 xrefs, 1276 changed (47.9s)
    release 108: 70616 genes, 265015 xrefs, 1947 changed (40.0s)
    release 109: 70623 genes, 305908 xrefs, 439 changed (41.8s)
    release 110: 71440 genes, 310476 xrefs, 12234 changed (42.1s)
    release 111: 72035 genes, 312177 xrefs, 1513 changed (44.6s)
    release 112: 71935 genes, 313091 xrefs, 1652 changed (44.7s)
    release 113: 87726 genes, 329033 xrefs, 1244 changed (43.6s)
    release 114: 87688 genes, 329259 xrefs, 85 changed (43.9s)
    release 115: 87693 genes, 330776 xrefs, 593 changed (33.7s)
  junco_hyemalis: 20 releases, 17477 genes in db
    release 96: 17477 genes, 10769 xrefs, 10902 changed (2.2s)
    release 97: 17477 genes, 10748 xrefs, 170 changed (2.4s)
    release 98: 17477 genes, 10669 xrefs, 269 changed (2.4s)
    release 99: 17477 genes, 10633 xrefs, 9436 changed (2.3s)
    release 100: 17477 genes, 10665 xrefs, 144 changed (2.2s)
    release 101: 17477 genes, 10604 xrefs, 71 changed (2.3s)
    release 102: 17477 genes, 10526 xrefs, 49 changed (2.1s)
    release 103: 17477 genes, 42 xrefs, 0 changed (1.7s)
    release 104: 17477 genes, 42 xrefs, 0 changed (3.3s)
    release 105: 17477 genes, 42 xrefs, 0 changed (1.9s)
    release 106: 17477 genes, 42 xrefs, 0 changed (2.0s)
    release 107: 17477 genes, 42 xrefs, 0 changed (1.8s)
    release 108: 17477 genes, 42 xrefs, 0 changed (1.9s)
    release 109: 17477 genes, 42 xrefs, 0 changed (1.6s)
    release 110: 17477 genes, 42 xrefs, 0 changed (1.6s)
    release 111: 17477 genes, 42 xrefs, 0 changed (1.7s)
    release 112: 17477 genes, 42 xrefs, 0 changed (1.7s)
    release 113: 17477 genes, 202 xrefs, 127 changed (2.5s)
    release 114: 17477 genes, 202 xrefs, 127 changed (2.9s)
    release 115: 17477 genes, 202 xrefs, 0 changed (3.1s)
  lepidothrix_coronata: 20 releases, 16536 genes in db
    release 96: 16536 genes, 26058 xrefs, 11418 changed (3.9s)
    release 97: 16536 genes, 35532 xrefs, 530 changed (3.9s)
    release 98: 16536 genes, 35469 xrefs, 453 changed (4.1s)
    release 99: 16536 genes, 35447 xrefs, 10071 changed (4.0s)
    release 100: 16536 genes, 35451 xrefs, 212 changed (4.0s)
    release 101: 16536 genes, 35417 xrefs, 191 changed (4.0s)
    release 102: 16536 genes, 35350 xrefs, 193 changed (4.1s)
    release 103: 16536 genes, 24237 xrefs, 10221 changed (3.5s)
    release 104: 16536 genes, 24237 xrefs, 0 changed (4.5s)
    release 105: 16536 genes, 24237 xrefs, 0 changed (3.6s)
    release 106: 16536 genes, 24237 xrefs, 0 changed (3.5s)
    release 107: 16536 genes, 24237 xrefs, 0 changed (3.9s)
    release 108: 16536 genes, 24237 xrefs, 0 changed (4.0s)
    release 109: 16536 genes, 24237 xrefs, 0 changed (3.6s)
    release 110: 16536 genes, 24237 xrefs, 0 changed (3.5s)
    release 111: 16536 genes, 24237 xrefs, 0 changed (3.6s)
    release 112: 16536 genes, 24237 xrefs, 0 changed (3.5s)
    release 113: 16536 genes, 31669 xrefs, 6283 changed (3.7s)
    release 114: 16536 genes, 31669 xrefs, 4 changed (4.1s)
    release 115: 16536 genes, 31669 xrefs, 0 changed (4.1s)
  lonchura_striata_domestica: 20 releases, 18255 genes in db
    release 96: 18255 genes, 30243 xrefs, 12661 changed (4.8s)
    release 97: 18255 genes, 37536 xrefs, 820 changed (4.6s)
    release 98: 18255 genes, 37487 xrefs, 356 changed (4.5s)
    release 99: 18255 genes, 37456 xrefs, 5519 changed (4.3s)
    release 100: 18255 genes, 37488 xrefs, 155 changed (4.7s)
    release 101: 18255 genes, 37428 xrefs, 117 changed (4.8s)
    release 102: 18255 genes, 37381 xrefs, 112 changed (4.9s)
    release 103: 18255 genes, 31340 xrefs, 5277 changed (4.1s)
    release 104: 18255 genes, 31340 xrefs, 0 changed (5.6s)
    release 105: 18255 genes, 31340 xrefs, 0 changed (4.4s)
    release 106: 18255 genes, 31340 xrefs, 0 changed (4.6s)
    release 107: 18255 genes, 31340 xrefs, 0 changed (4.7s)
    release 108: 18255 genes, 31340 xrefs, 0 changed (4.6s)
    release 109: 18255 genes, 31340 xrefs, 0 changed (4.9s)
    release 110: 18255 genes, 29951 xrefs, 6465 changed (3.3s)
    release 111: 18255 genes, 29951 xrefs, 0 changed (3.5s)
    release 112: 18255 genes, 29951 xrefs, 0 changed (3.4s)
    release 113: 18255 genes, 29951 xrefs, 5997 changed (3.4s)
    release 114: 18255 genes, 24018 xrefs, 5897 changed (3.3s)
    release 115: 18255 genes, 24018 xrefs, 0 changed (3.0s)
  manacus_vitellinus: 20 releases, 18621 genes in db
    release 96: 18621 genes, 24243 xrefs, 11071 changed (3.9s)
    release 97: 18621 genes, 34554 xrefs, 1598 changed (4.2s)
    release 98: 18621 genes, 34444 xrefs, 562 changed (4.3s)
    release 99: 18621 genes, 27749 xrefs, 9370 changed (3.9s)
    release 100: 18621 genes, 27797 xrefs, 235 changed (4.1s)
    release 101: 18621 genes, 27719 xrefs, 197 changed (4.0s)
    release 102: 18621 genes, 27637 xrefs, 153 changed (3.7s)
    release 103: 18621 genes, 17610 xrefs, 6865 changed (3.4s)
    release 104: 18621 genes, 17610 xrefs, 0 changed (4.7s)
    release 105: 18621 genes, 17610 xrefs, 0 changed (3.6s)
    release 106: 18621 genes, 17610 xrefs, 0 changed (3.7s)
    release 107: 18621 genes, 17610 xrefs, 0 changed (3.8s)
    release 108: 18621 genes, 17610 xrefs, 0 changed (3.5s)
    release 109: 18621 genes, 17610 xrefs, 0 changed (3.6s)
    release 110: 18621 genes, 17610 xrefs, 101 changed (2.9s)
    release 111: 18621 genes, 17610 xrefs, 0 changed (2.9s)
    release 112: 18621 genes, 17610 xrefs, 0 changed (2.8s)
    release 113: 18621 genes, 5458 xrefs, 70 changed (1.9s)
    release 114: 18621 genes, 17608 xrefs, 92 changed (2.7s)
    release 115: 18621 genes, 17608 xrefs, 0 changed (3.0s)
  melopsittacus_undulatus: 20 releases, 39723 genes in db
    release 96: 16945 genes, 23271 xrefs, 11408 changed (3.6s)
    release 97: 16945 genes, 33600 xrefs, 4764 changed (3.9s)
    release 98: 16945 genes, 33524 xrefs, 536 changed (3.9s)
    release 99: 16945 genes, 33507 xrefs, 9596 changed (3.8s)
    release 100: 16945 genes, 33537 xrefs, 229 changed (3.8s)
    release 101: 16945 genes, 33462 xrefs, 188 changed (3.7s)
    release 102: 16945 genes, 33394 xrefs, 173 changed (3.8s)
    release 103: 16945 genes, 22855 xrefs, 9506 changed (3.1s)
    release 104: 16945 genes, 22855 xrefs, 0 changed (4.1s)
    release 105: 16945 genes, 22855 xrefs, 0 changed (3.0s)
    release 106: 16945 genes, 22855 xrefs, 0 changed (2.9s)
    release 107: 17490 genes, 31864 xrefs, 13729 changed (2.5s)
    release 108: 17490 genes, 31864 xrefs, 1017 changed (3.6s)
    release 109: 17490 genes, 31864 xrefs, 0 changed (3.1s)
    release 110: 17490 genes, 31864 xrefs, 0 changed (3.3s)
    release 111: 17490 genes, 31864 xrefs, 0 changed (3.0s)
    release 112: 17490 genes, 31864 xrefs, 0 changed (3.0s)
    release 113: 17490 genes, 41254 xrefs, 4130 changed (4.0s)
    release 114: 17490 genes, 48811 xrefs, 3869 changed (4.1s)
    release 115: 17490 genes, 48811 xrefs, 0 changed (4.0s)
  mus_musculus_molossinusjf1msj: 2 releases, 58631 genes in db
    release 114: 58631 genes, 25767 xrefs, 262 changed (5.3s)
    release 115: 58631 genes, 25550 xrefs, 35 changed (4.7s)
  mus_musculus_nodshiltj: 30 releases, 95202 genes in db
    release 86: 40078 genes, 122676 xrefs, 23393 changed (11.1s)
    release 87: 40078 genes, 122676 xrefs, 53 changed (12.5s)
    release 88: 40078 genes, 122676 xrefs, 0 changed (11.1s)
    release 90: 40078 genes, 122676 xrefs, 0 changed (11.4s)
    release 91: 40078 genes, 122676 xrefs, 0 changed (11.1s)
    release 92: 40076 genes, 122676 xrefs, 0 changed (11.8s)
    release 93: 40076 genes, 122676 xrefs, 0 changed (11.2s)
    release 94: 40076 genes, 108428 xrefs, 0 changed (12.9s)
    release 95: 40076 genes, 108428 xrefs, 0 changed (14.2s)
    release 96: 40076 genes, 108428 xrefs, 0 changed (13.2s)
    release 97: 40076 genes, 108428 xrefs, 0 changed (12.1s)
    release 98: 40076 genes, 108428 xrefs, 0 changed (13.0s)
    release 99: 40076 genes, 108428 xrefs, 0 changed (13.4s)
    release 100: 40076 genes, 108428 xrefs, 0 changed (12.0s)
    release 101: 40076 genes, 108428 xrefs, 0 changed (11.6s)
    release 102: 40076 genes, 108428 xrefs, 0 changed (11.5s)
    release 103: 40076 genes, 108428 xrefs, 0 changed (11.3s)
    release 104: 40076 genes, 108428 xrefs, 0 changed (13.2s)
    release 105: 40076 genes, 108428 xrefs, 0 changed (11.8s)
    release 106: 40076 genes, 108428 xrefs, 0 changed (11.7s)
    release 107: 40076 genes, 108428 xrefs, 0 changed (11.7s)
    release 108: 40076 genes, 108428 xrefs, 0 changed (11.8s)
    release 109: 40076 genes, 108428 xrefs, 0 changed (11.7s)
    release 110: 40076 genes, 108428 xrefs, 0 changed (11.7s)
    release 111: 40076 genes, 108428 xrefs, 0 changed (13.4s)
    release 112: 40076 genes, 108428 xrefs, 0 changed (13.8s)
    release 113: 40076 genes, 116081 xrefs, 23500 changed (10.9s)
    release 114: 55124 genes, 0 xrefs, 0 changed (3.8s)
    release 115: 55124 genes, 0 xrefs, 0 changed (2.7s)
  mus_musculus_nzohlltj: 30 releases, 96680 genes in db
    release 86: 40961 genes, 125079 xrefs, 23817 changed (11.9s)
    release 87: 40961 genes, 125079 xrefs, 52 changed (12.5s)
    release 88: 40961 genes, 125079 xrefs, 0 changed (12.4s)
    release 90: 40961 genes, 125079 xrefs, 0 changed (12.4s)
    release 91: 40961 genes, 125079 xrefs, 0 changed (12.4s)
    release 92: 40959 genes, 125079 xrefs, 0 changed (11.9s)
    release 93: 40959 genes, 125079 xrefs, 0 changed (11.2s)
    release 94: 40959 genes, 110559 xrefs, 0 changed (12.2s)
    release 95: 40959 genes, 110559 xrefs, 0 changed (11.4s)
    release 96: 40959 genes, 110559 xrefs, 0 changed (11.4s)
    release 97: 40959 genes, 110559 xrefs, 0 changed (12.5s)
    release 98: 40959 genes, 110559 xrefs, 0 changed (13.1s)
    release 99: 40959 genes, 110559 xrefs, 0 changed (12.1s)
    release 100: 40959 genes, 110559 xrefs, 0 changed (13.6s)
    release 101: 40959 genes, 110559 xrefs, 0 changed (13.2s)
    release 102: 40959 genes, 110559 xrefs, 0 changed (13.3s)
    release 103: 40959 genes, 110559 xrefs, 0 changed (13.5s)
    release 104: 40959 genes, 110559 xrefs, 0 changed (14.5s)
    release 105: 40959 genes, 110559 xrefs, 0 changed (13.9s)
    release 106: 40959 genes, 110559 xrefs, 0 changed (14.0s)
    release 107: 40959 genes, 110559 xrefs, 0 changed (14.4s)
    release 108: 40959 genes, 110559 xrefs, 0 changed (12.9s)
    release 109: 40959 genes, 110559 xrefs, 0 changed (12.7s)
    release 110: 40959 genes, 110559 xrefs, 0 changed (13.7s)
    release 111: 40959 genes, 110559 xrefs, 0 changed (13.3s)
    release 112: 40959 genes, 110559 xrefs, 0 changed (12.9s)
    release 113: 40959 genes, 119888 xrefs, 23945 changed (11.8s)
    release 114: 55719 genes, 0 xrefs, 0 changed (4.3s)
    release 115: 55719 genes, 0 xrefs, 0 changed (3.6s)
  mus_musculus_wsbeij: 30 releases, 93825 genes in db
    release 86: 39376 genes, 121315 xrefs, 29388 changed (11.4s)
    release 87: 39376 genes, 121315 xrefs, 54 changed (13.2s)
    release 88: 39376 genes, 121315 xrefs, 0 changed (12.6s)
    release 90: 39376 genes, 121315 xrefs, 0 changed (11.1s)
    release 91: 39376 genes, 121315 xrefs, 0 changed (11.3s)
    release 92: 39375 genes, 121315 xrefs, 0 changed (11.0s)
    release 93: 39375 genes, 121315 xrefs, 0 changed (11.7s)
    release 94: 39375 genes, 107227 xrefs, 0 changed (11.2s)
    release 95: 39375 genes, 107227 xrefs, 0 changed (11.1s)
    release 96: 39375 genes, 107227 xrefs, 0 changed (11.9s)
    release 97: 39375 genes, 107227 xrefs, 0 changed (11.6s)
    release 98: 39375 genes, 107227 xrefs, 0 changed (13.1s)
    release 99: 39375 genes, 107227 xrefs, 0 changed (11.9s)
    release 100: 39375 genes, 107227 xrefs, 0 changed (11.1s)
    release 101: 39375 genes, 107227 xrefs, 0 changed (11.3s)
    release 102: 39375 genes, 107227 xrefs, 0 changed (11.3s)
    release 103: 39375 genes, 107227 xrefs, 0 changed (11.1s)
    release 104: 39375 genes, 107227 xrefs, 0 changed (12.9s)
    release 105: 39375 genes, 107227 xrefs, 0 changed (11.3s)
    release 106: 39375 genes, 107227 xrefs, 0 changed (11.4s)
    release 107: 39375 genes, 107227 xrefs, 0 changed (11.6s)
    release 108: 39375 genes, 107227 xrefs, 0 changed (11.3s)
    release 109: 39375 genes, 107227 xrefs, 0 changed (11.5s)
    release 110: 39375 genes, 107227 xrefs, 0 changed (11.4s)
    release 111: 39375 genes, 107227 xrefs, 0 changed (11.2s)
    release 112: 39375 genes, 107227 xrefs, 0 changed (11.3s)
    release 113: 39375 genes, 57 xrefs, 56 changed (3.4s)
    release 114: 54449 genes, 0 xrefs, 0 changed (3.3s)
    release 115: 54449 genes, 0 xrefs, 0 changed (2.8s)
  mus_spicilegus: 20 releases, 30872 genes in db
    release 96: 30872 genes, 17554 xrefs, 18879 changed (3.8s)
    release 97: 30872 genes, 17203 xrefs, 276 changed (3.5s)
    release 98: 30872 genes, 17061 xrefs, 2422 changed (3.6s)
    release 99: 30872 genes, 17147 xrefs, 14873 changed (3.8s)
    release 100: 30872 genes, 17074 xrefs, 232 changed (3.7s)
    release 101: 30872 genes, 17092 xrefs, 60 changed (3.9s)
    release 102: 30872 genes, 16722 xrefs, 30 changed (3.4s)
    release 103: 30872 genes, 16886 xrefs, 214 changed (3.8s)
    release 104: 30872 genes, 16881 xrefs, 54 changed (5.2s)
    release 105: 30872 genes, 18463 xrefs, 1055 changed (4.3s)
    release 106: 30872 genes, 17227 xrefs, 39 changed (4.2s)
    release 107: 30872 genes, 17262 xrefs, 32 changed (3.9s)
    release 108: 30872 genes, 17305 xrefs, 80 changed (4.1s)
    release 109: 30872 genes, 17238 xrefs, 941 changed (4.0s)
    release 110: 30872 genes, 17195 xrefs, 47 changed (3.9s)
    release 111: 30872 genes, 17194 xrefs, 106 changed (4.2s)
    release 112: 30872 genes, 17180 xrefs, 102 changed (3.9s)
    release 113: 30872 genes, 17483 xrefs, 92 changed (5.1s)
    release 114: 30872 genes, 17437 xrefs, 245 changed (6.2s)
    release 115: 30872 genes, 18394 xrefs, 117 changed (6.2s)
  neovison_vison: 20 releases, 24526 genes in db
    release 96: 24526 genes, 15480 xrefs, 16534 changed (3.9s)
    release 97: 24526 genes, 15431 xrefs, 207 changed (3.6s)
    release 98: 24526 genes, 15220 xrefs, 3298 changed (3.8s)
    release 99: 24526 genes, 15167 xrefs, 11766 changed (3.6s)
    release 100: 24526 genes, 15203 xrefs, 152 changed (3.8s)
    release 101: 24526 genes, 15195 xrefs, 72 changed (3.6s)
    release 102: 24526 genes, 15013 xrefs, 55 changed (3.7s)
    release 103: 24526 genes, 15048 xrefs, 41 changed (3.4s)
    release 104: 24526 genes, 15115 xrefs, 66 changed (5.6s)
    release 105: 24526 genes, 15233 xrefs, 45 changed (4.5s)
    release 106: 24526 genes, 15269 xrefs, 40 changed (4.7s)
    release 107: 24526 genes, 15566 xrefs, 68 changed (4.3s)
    release 108: 24526 genes, 15561 xrefs, 22 changed (4.9s)
    release 109: 24526 genes, 15560 xrefs, 34 changed (4.5s)
    release 110: 24526 genes, 15559 xrefs, 24 changed (4.8s)
    release 111: 24526 genes, 15557 xrefs, 56 changed (4.4s)
    release 112: 24526 genes, 15554 xrefs, 21 changed (4.5s)
    release 113: 24526 genes, 63731 xrefs, 3363 changed (5.5s)
    release 114: 24526 genes, 49122 xrefs, 1300 changed (6.4s)
    release 115: 24526 genes, 49238 xrefs, 134 changed (6.1s)
  notamacropus_eugenii: 26 releases, 18258 genes in db
    release 90: 18258 genes, 11834 xrefs, 10930 changed (3.9s)
    release 91: 18258 genes, 7173 xrefs, 182 changed (3.1s)
    release 92: 18258 genes, 7140 xrefs, 1015 changed (3.1s)
    release 93: 18258 genes, 7157 xrefs, 72 changed (3.5s)
    release 94: 18258 genes, 7239 xrefs, 213 changed (3.3s)
    release 95: 18258 genes, 8575 xrefs, 164 changed (3.1s)
    release 96: 18258 genes, 8523 xrefs, 58 changed (3.2s)
    release 97: 18258 genes, 8524 xrefs, 55 changed (3.4s)
    release 98: 18258 genes, 8467 xrefs, 820 changed (3.7s)
    release 99: 18258 genes, 8467 xrefs, 7465 changed (3.6s)
    release 100: 18258 genes, 8470 xrefs, 98 changed (3.2s)
    release 101: 18258 genes, 8390 xrefs, 54 changed (3.1s)
    release 102: 18258 genes, 8212 xrefs, 30 changed (3.4s)
    release 103: 18258 genes, 8192 xrefs, 17 changed (3.3s)
    release 104: 18258 genes, 8261 xrefs, 70 changed (4.1s)
    release 105: 18258 genes, 8557 xrefs, 47 changed (3.4s)
    release 106: 18258 genes, 8555 xrefs, 23 changed (3.3s)
    release 107: 18258 genes, 8755 xrefs, 69 changed (3.3s)
    release 108: 18258 genes, 8757 xrefs, 12 changed (3.7s)
    release 109: 18258 genes, 8745 xrefs, 15 changed (3.5s)
    release 110: 18258 genes, 8755 xrefs, 15 changed (3.5s)
    release 111: 18258 genes, 8746 xrefs, 22 changed (3.3s)
    release 112: 18258 genes, 8745 xrefs, 9 changed (3.3s)
    release 113: 18258 genes, 8764 xrefs, 8 changed (3.1s)
    release 114: 18258 genes, 8761 xrefs, 11 changed (3.3s)
    release 115: 18258 genes, 8760 xrefs, 7 changed (3.0s)
  ovis_aries_gca022416775v1: 2 releases, 59150 genes in db
    release 114: 59150 genes, 47607 xrefs, 501 changed (6.4s)
    release 115: 59150 genes, 47607 xrefs, 0 changed (5.3s)
  ovis_aries_texel: 1 releases, 27054 genes in db
    release 115: 27054 genes, 47878 xrefs, 122 changed (4.1s)
  prolemur_simus: 20 releases, 26099 genes in db
    release 96: 26099 genes, 15510 xrefs, 18437 changed (3.6s)
    release 97: 26099 genes, 15416 xrefs, 216 changed (3.6s)
    release 98: 26099 genes, 15284 xrefs, 4502 changed (4.9s)
    release 99: 26099 genes, 15248 xrefs, 13337 changed (4.0s)
    release 100: 26099 genes, 15230 xrefs, 144 changed (3.6s)
    release 101: 26099 genes, 15223 xrefs, 73 changed (3.6s)
    release 102: 26099 genes, 15127 xrefs, 60 changed (3.6s)
    release 103: 26099 genes, 15111 xrefs, 45 changed (3.6s)
    release 104: 26099 genes, 15112 xrefs, 53 changed (5.1s)
    release 105: 26099 genes, 15261 xrefs, 52 changed (3.8s)
    release 106: 26099 genes, 15261 xrefs, 28 changed (3.5s)
    release 107: 26099 genes, 15598 xrefs, 50 changed (3.6s)
    release 108: 26099 genes, 15596 xrefs, 20 changed (3.7s)
    release 109: 26099 genes, 15600 xrefs, 33 changed (3.9s)
    release 110: 26099 genes, 15588 xrefs, 25 changed (3.7s)
    release 111: 26099 genes, 15591 xrefs, 52 changed (3.9s)
    release 112: 26099 genes, 15631 xrefs, 21 changed (3.9s)
    release 113: 26099 genes, 47082 xrefs, 140 changed (4.5s)
    release 114: 26099 genes, 46841 xrefs, 228 changed (6.3s)
    release 115: 26099 genes, 46927 xrefs, 151 changed (6.8s)
  spermophilus_dauricus: 20 releases, 24995 genes in db
    release 96: 24995 genes, 12861 xrefs, 15334 changed (3.2s)
    release 97: 24995 genes, 12842 xrefs, 253 changed (3.1s)
    release 98: 24995 genes, 12649 xrefs, 2318 changed (3.1s)
    release 99: 24995 genes, 12628 xrefs, 11118 changed (3.2s)
    release 100: 24995 genes, 12616 xrefs, 201 changed (3.1s)
    release 101: 24995 genes, 12594 xrefs, 117 changed (3.2s)
    release 102: 24995 genes, 12453 xrefs, 85 changed (3.3s)
    release 103: 24995 genes, 56 xrefs, 0 changed (2.5s)
    release 104: 24995 genes, 56 xrefs, 0 changed (3.8s)
    release 105: 24995 genes, 56 xrefs, 0 changed (2.6s)
    release 106: 24995 genes, 56 xrefs, 0 changed (2.7s)
    release 107: 24995 genes, 56 xrefs, 0 changed (2.9s)
    release 108: 24995 genes, 56 xrefs, 0 changed (2.8s)
    release 109: 24995 genes, 56 xrefs, 0 changed (2.4s)
    release 110: 24995 genes, 56 xrefs, 0 changed (2.4s)
    release 111: 24995 genes, 56 xrefs, 0 changed (2.5s)
    release 112: 24995 genes, 56 xrefs, 0 changed (2.5s)
    release 113: 24995 genes, 250 xrefs, 170 changed (3.4s)
    release 114: 24995 genes, 248 xrefs, 168 changed (3.4s)
    release 115: 24995 genes, 248 xrefs, 0 changed (3.4s)
  theropithecus_gelada: 20 releases, 29371 genes in db
    release 96: 29371 genes, 48821 xrefs, 21565 changed (5.7s)
    release 97: 29371 genes, 53062 xrefs, 2871 changed (6.1s)
    release 98: 29371 genes, 53025 xrefs, 5378 changed (6.0s)
    release 99: 29371 genes, 50339 xrefs, 14976 changed (5.5s)
    release 100: 29371 genes, 50360 xrefs, 303 changed (5.7s)
    release 101: 29371 genes, 50363 xrefs, 296 changed (5.9s)
    release 102: 29371 genes, 49867 xrefs, 586 changed (5.8s)
    release 103: 29371 genes, 33520 xrefs, 12987 changed (5.0s)
    release 104: 29371 genes, 33520 xrefs, 0 changed (6.9s)
    release 105: 29371 genes, 33520 xrefs, 0 changed (5.5s)
    release 106: 29371 genes, 33520 xrefs, 0 changed (5.2s)
    release 107: 29371 genes, 33520 xrefs, 0 changed (5.2s)
    release 108: 29371 genes, 33520 xrefs, 0 changed (5.3s)
    release 109: 29371 genes, 33520 xrefs, 0 changed (5.4s)
    release 110: 29371 genes, 33520 xrefs, 0 changed (5.6s)
    release 111: 29371 genes, 33520 xrefs, 0 changed (5.1s)
    release 112: 29371 genes, 33520 xrefs, 0 changed (5.0s)
    release 113: 29371 genes, 59034 xrefs, 1500 changed (5.2s)
    release 114: 29371 genes, 61509 xrefs, 13354 changed (5.8s)
    release 115: 29371 genes, 61509 xrefs, 0 changed (5.7s)
  urocitellus_parryii: 20 releases, 23515 genes in db
    release 96: 23515 genes, 28507 xrefs, 16557 changed (4.6s)
    release 97: 23515 genes, 28443 xrefs, 308 changed (4.8s)
    release 98: 23515 genes, 31012 xrefs, 2346 changed (4.9s)
    release 99: 23515 genes, 30988 xrefs, 13055 changed (4.6s)
    release 100: 23515 genes, 28248 xrefs, 1189 changed (4.6s)
    release 101: 23515 genes, 28216 xrefs, 127 changed (4.5s)
    release 102: 23515 genes, 28091 xrefs, 158 changed (4.6s)
    release 103: 23515 genes, 28084 xrefs, 106 changed (4.4s)
    release 104: 23515 genes, 28095 xrefs, 209 changed (5.8s)
    release 105: 23515 genes, 28328 xrefs, 193 changed (4.6s)
    release 106: 23515 genes, 28315 xrefs, 77 changed (4.8s)
    release 107: 23515 genes, 28659 xrefs, 267 changed (4.8s)
    release 108: 23515 genes, 28626 xrefs, 49 changed (4.7s)
    release 109: 23515 genes, 28644 xrefs, 75 changed (4.7s)
    release 110: 23515 genes, 28636 xrefs, 65 changed (4.8s)
    release 111: 23515 genes, 28661 xrefs, 107 changed (4.8s)
    release 112: 23515 genes, 28678 xrefs, 60 changed (4.6s)
    release 113: 23515 genes, 70194 xrefs, 7968 changed (5.0s)
    release 114: 23515 genes, 70168 xrefs, 474 changed (7.4s)
    release 115: 23515 genes, 70205 xrefs, 206 changed (6.5s)
  tarsius_syrichta: 35 releases, 20679 genes in db
    release 65: 20214 genes, 31325 xrefs, 3473 changed (3.7s)
    release 66: 20214 genes, 26845 xrefs, 510 changed (3.8s)
    release 67: 20214 genes, 26833 xrefs, 485 changed (4.4s)
    release 68: 20214 genes, 25879 xrefs, 715 changed (4.0s)
    release 69: 20214 genes, 25999 xrefs, 668 changed (3.9s)
    release 70: 20214 genes, 25985 xrefs, 481 changed (3.9s)
    release 71: 20214 genes, 25939 xrefs, 579 changed (4.0s)
    release 72: 20251 genes, 25987 xrefs, 458 changed (4.0s)
    release 73: 20251 genes, 25870 xrefs, 577 changed (4.2s)
    release 74: 20251 genes, 25901 xrefs, 511 changed (4.3s)
    release 75: 20251 genes, 25908 xrefs, 370 changed (4.8s)
    release 76: 20251 genes, 25950 xrefs, 746 changed (4.4s)
    release 77: 20251 genes, 25910 xrefs, 505 changed (4.8s)
    release 78: 20251 genes, 25952 xrefs, 298 changed (4.3s)
    release 79: 20251 genes, 36975 xrefs, 1598 changed (5.4s)
    release 80: 20251 genes, 37002 xrefs, 597 changed (5.4s)
    release 81: 20251 genes, 37024 xrefs, 595 changed (5.3s)
    release 82: 20251 genes, 37011 xrefs, 448 changed (5.4s)
    release 83: 20251 genes, 36983 xrefs, 452 changed (5.3s)
    release 84: 20251 genes, 31945 xrefs, 1209 changed (5.5s)
    release 85: 20251 genes, 31207 xrefs, 1157 changed (5.2s)
    release 86: 20251 genes, 31182 xrefs, 352 changed (5.3s)
    release 87: 20251 genes, 30771 xrefs, 652 changed (4.1s)
    release 88: 20251 genes, 24762 xrefs, 996 changed (3.5s)
  candida_duobushaemulonis: 11 releases, 5329 genes in db
    release 52: 5329 genes, 0 xrefs, 0 changed (0.8s)
    release 53: 5329 genes, 0 xrefs, 0 changed (0.8s)
    release 54: 5329 genes, 0 xrefs, 0 changed (0.7s)
    release 55: 5329 genes, 0 xrefs, 0 changed (0.8s)
    release 56: 5329 genes, 0 xrefs, 0 changed (0.9s)
    release 57: 5329 genes, 0 xrefs, 0 changed (0.8s)
    release 58: 5329 genes, 0 xrefs, 0 changed (0.9s)
    release 59: 5329 genes, 0 xrefs, 0 changed (1.0s)
    release 60: 5329 genes, 0 xrefs, 0 changed (1.0s)
    release 61: 5329 genes, 0 xrefs, 0 changed (1.1s)
    release 62: 5329 genes, 0 xrefs, 0 changed (0.8s)
  fusarium_fujikuroi: 40 releases, 15495 genes in db
    release 23: 15100 genes, 23214 xrefs, 0 changed (1.8s)
    release 24: 15100 genes, 23214 xrefs, 0 changed (2.1s)
    release 25: 15101 genes, 23217 xrefs, 0 changed (2.2s)
    release 26: 15101 genes, 23217 xrefs, 0 changed (2.4s)
    release 27: 15101 genes, 23217 xrefs, 0 changed (2.5s)
    release 28: 15101 genes, 23217 xrefs, 0 changed (2.4s)
    release 29: 15101 genes, 23217 xrefs, 0 changed (2.4s)
    release 30: 15101 genes, 23217 xrefs, 0 changed (2.4s)
    release 31: 15101 genes, 23217 xrefs, 0 changed (2.4s)
    release 32: 15101 genes, 23217 xrefs, 0 changed (2.4s)
    release 33: 15101 genes, 23217 xrefs, 0 changed (2.7s)
    release 34: 15101 genes, 23217 xrefs, 0 changed (2.5s)
    release 35: 15101 genes, 23217 xrefs, 0 changed (2.4s)
    release 36: 15101 genes, 23217 xrefs, 0 changed (2.4s)
    release 37: 15455 genes, 23265 xrefs, 0 changed (2.4s)
    release 38: 15455 genes, 23265 xrefs, 0 changed (2.5s)
    release 39: 15455 genes, 23265 xrefs, 0 changed (2.5s)
    release 40: 15455 genes, 23265 xrefs, 0 changed (2.5s)
    release 41: 15455 genes, 23265 xrefs, 0 changed (2.5s)
    release 42: 15455 genes, 23265 xrefs, 0 changed (2.4s)
    release 43: 15455 genes, 23265 xrefs, 0 changed (2.6s)
    release 44: 15455 genes, 23265 xrefs, 0 changed (2.5s)
    release 45: 15455 genes, 23265 xrefs, 0 changed (2.4s)
    release 46: 15455 genes, 23265 xrefs, 0 changed (2.5s)
    release 47: 15455 genes, 23265 xrefs, 0 changed (2.6s)
    release 48: 15455 genes, 23265 xrefs, 0 changed (2.6s)
    release 49: 15455 genes, 23265 xrefs, 0 changed (2.8s)
    release 50: 15455 genes, 23265 xrefs, 0 changed (3.0s)
    release 51: 15455 genes, 23265 xrefs, 0 changed (3.5s)
    release 52: 15455 genes, 23265 xrefs, 0 changed (2.6s)
    release 53: 15455 genes, 23265 xrefs, 0 changed (2.6s)
    release 54: 15455 genes, 23265 xrefs, 0 changed (2.7s)
    release 55: 15455 genes, 23265 xrefs, 0 changed (2.5s)
    release 56: 15455 genes, 23265 xrefs, 0 changed (2.7s)
    release 57: 15455 genes, 23265 xrefs, 0 changed (2.6s)
    release 58: 15455 genes, 23265 xrefs, 0 changed (2.5s)
    release 59: 15455 genes, 23265 xrefs, 0 changed (2.6s)
    release 60: 15455 genes, 23265 xrefs, 0 changed (2.9s)
    release 61: 15455 genes, 23265 xrefs, 0 changed (2.9s)
    release 62: 15455 genes, 23265 xrefs, 0 changed (2.3s)
  acanthochromis_polyacanthus: 22 releases, 24565 genes in db
    release 94: 24565 genes, 42092 xrefs, 16320 changed (3.8s)
    release 95: 24565 genes, 53125 xrefs, 5621 changed (4.4s)
    release 96: 24565 genes, 53062 xrefs, 1075 changed (4.4s)
    release 97: 24565 genes, 53129 xrefs, 979 changed (4.4s)
    release 98: 24565 genes, 55579 xrefs, 1331 changed (4.9s)
    release 99: 24565 genes, 55575 xrefs, 14041 changed (4.7s)
    release 100: 24565 genes, 55775 xrefs, 1196 changed (4.9s)
    release 101: 24565 genes, 55828 xrefs, 1010 changed (4.9s)
    release 102: 24565 genes, 56463 xrefs, 1994 changed (5.2s)
    release 103: 24565 genes, 56459 xrefs, 1034 changed (5.4s)
    release 104: 24565 genes, 56419 xrefs, 992 changed (7.3s)
    release 105: 24565 genes, 56501 xrefs, 934 changed (5.6s)
    release 106: 24565 genes, 56534 xrefs, 828 changed (5.7s)
    release 107: 24565 genes, 56483 xrefs, 831 changed (5.6s)
    release 108: 24565 genes, 56510 xrefs, 772 changed (5.5s)
    release 109: 24565 genes, 56501 xrefs, 802 changed (5.4s)
    release 110: 24565 genes, 54712 xrefs, 4753 changed (5.6s)
    release 111: 24565 genes, 56534 xrefs, 4807 changed (5.5s)
    release 112: 24565 genes, 54816 xrefs, 4769 changed (5.5s)
    release 113: 24565 genes, 56083 xrefs, 10142 changed (5.2s)
    release 114: 24565 genes, 54172 xrefs, 2545 changed (5.9s)
    release 115: 24565 genes, 54177 xrefs, 647 changed (5.5s)
  apteryx_haastii: 20 releases, 19261 genes in db
    release 96: 19261 genes, 11477 xrefs, 11778 changed (2.2s)
    release 97: 19261 genes, 11428 xrefs, 181 changed (2.3s)
    release 98: 19261 genes, 11348 xrefs, 386 changed (2.4s)
    release 99: 19261 genes, 11331 xrefs, 10037 changed (2.3s)
    release 100: 19261 genes, 11355 xrefs, 160 changed (2.7s)
    release 101: 19261 genes, 11301 xrefs, 72 changed (2.8s)
    release 102: 19261 genes, 11247 xrefs, 60 changed (2.4s)
    release 103: 19261 genes, 44 xrefs, 0 changed (1.9s)
    release 104: 19261 genes, 44 xrefs, 0 changed (3.5s)
    release 105: 19261 genes, 75 xrefs, 1 changed (1.9s)
    release 106: 19261 genes, 75 xrefs, 0 changed (1.9s)
    release 107: 19261 genes, 75 xrefs, 0 changed (1.9s)
    release 108: 19261 genes, 75 xrefs, 0 changed (1.7s)
    release 109: 19261 genes, 75 xrefs, 0 changed (1.9s)
    release 110: 19261 genes, 75 xrefs, 0 changed (1.6s)
    release 111: 19261 genes, 75 xrefs, 0 changed (1.7s)
    release 112: 19261 genes, 75 xrefs, 0 changed (1.7s)
    release 113: 19261 genes, 75 xrefs, 0 changed (1.5s)
    release 114: 19261 genes, 75 xrefs, 0 changed (1.8s)
    release 115: 19261 genes, 75 xrefs, 0 changed (1.2s)
  apteryx_owenii: 20 releases, 18894 genes in db
    release 96: 18894 genes, 11669 xrefs, 11952 changed (3.2s)
    release 97: 18894 genes, 11629 xrefs, 179 changed (2.3s)
    release 98: 18894 genes, 11565 xrefs, 397 changed (2.6s)
    release 99: 18894 genes, 11533 xrefs, 10232 changed (2.4s)
    release 100: 18894 genes, 11536 xrefs, 140 changed (2.6s)
    release 101: 18894 genes, 11488 xrefs, 63 changed (2.3s)
    release 102: 18894 genes, 11430 xrefs, 50 changed (2.4s)
    release 103: 18894 genes, 47 xrefs, 0 changed (1.8s)
    release 104: 18894 genes, 47 xrefs, 0 changed (3.5s)
    release 105: 18894 genes, 47 xrefs, 0 changed (2.5s)
    release 106: 18894 genes, 47 xrefs, 0 changed (2.4s)
    release 107: 18894 genes, 47 xrefs, 0 changed (2.4s)
    release 108: 18894 genes, 47 xrefs, 0 changed (2.4s)
    release 109: 18894 genes, 47 xrefs, 0 changed (1.7s)
    release 110: 18894 genes, 47 xrefs, 0 changed (1.7s)
    release 111: 18894 genes, 47 xrefs, 0 changed (1.7s)
    release 112: 18894 genes, 47 xrefs, 0 changed (1.8s)
    release 113: 18894 genes, 315 xrefs, 144 changed (2.8s)
    release 114: 18894 genes, 314 xrefs, 144 changed (3.0s)
    release 115: 18894 genes, 314 xrefs, 0 changed (3.1s)
  bos_taurus_tuli: 1 releases, 40961 genes in db
    release 115: 40961 genes, 73031 xrefs, 741 changed (5.8s)
  bos_taurus_wagyu: 1 releases, 44762 genes in db
    release 115: 44762 genes, 77587 xrefs, 1700 changed (6.4s)
  calidris_pugnax: 20 releases, 20052 genes in db
    release 96: 20052 genes, 29334 xrefs, 12031 changed (3.8s)
    release 97: 20052 genes, 37483 xrefs, 676 changed (3.5s)
    release 98: 20052 genes, 37377 xrefs, 498 changed (3.7s)
    release 99: 20052 genes, 37340 xrefs, 10235 changed (3.5s)
    release 100: 20052 genes, 37377 xrefs, 255 changed (4.0s)
    release 101: 20052 genes, 37323 xrefs, 211 changed (4.0s)
    release 102: 20052 genes, 37263 xrefs, 201 changed (3.9s)
    release 103: 20052 genes, 25976 xrefs, 10319 changed (3.1s)
    release 104: 20052 genes, 25976 xrefs, 0 changed (5.5s)
    release 105: 20052 genes, 25976 xrefs, 0 changed (3.4s)
    release 106: 20052 genes, 25976 xrefs, 0 changed (3.5s)
    release 107: 20052 genes, 25976 xrefs, 0 changed (3.6s)
    release 108: 20052 genes, 25976 xrefs, 0 changed (3.7s)
    release 109: 20052 genes, 25976 xrefs, 0 changed (3.3s)
    release 110: 20052 genes, 25976 xrefs, 0 changed (3.3s)
    release 111: 20052 genes, 25976 xrefs, 0 changed (3.5s)
    release 112: 20052 genes, 25976 xrefs, 0 changed (3.7s)
    release 113: 20052 genes, 25982 xrefs, 142 changed (2.9s)
    release 114: 20052 genes, 25998 xrefs, 5 changed (3.7s)
    release 115: 20052 genes, 25998 xrefs, 0 changed (2.8s)
  cricetulus_griseus_chok1gshd: 26 releases, 25072 genes in db
    release 90: 25072 genes, 46996 xrefs, 19649 changed (4.9s)
    release 91: 25072 genes, 46559 xrefs, 726 changed (5.8s)
    release 92: 25072 genes, 40076 xrefs, 4707 changed (5.9s)
    release 93: 25072 genes, 40064 xrefs, 411 changed (6.2s)
    release 94: 25072 genes, 39995 xrefs, 617 changed (6.4s)
    release 95: 25072 genes, 40233 xrefs, 632 changed (5.9s)
    release 96: 25072 genes, 47443 xrefs, 3280 changed (7.1s)
    release 97: 25072 genes, 47418 xrefs, 326 changed (7.1s)
    release 98: 25072 genes, 44363 xrefs, 3340 changed (6.9s)
    release 99: 25072 genes, 47312 xrefs, 16049 changed (7.2s)
    release 100: 25072 genes, 47329 xrefs, 292 changed (6.9s)
    release 101: 25072 genes, 47340 xrefs, 186 changed (6.8s)
    release 102: 25072 genes, 46763 xrefs, 376 changed (7.0s)
    release 103: 25072 genes, 46711 xrefs, 386 changed (6.8s)
    release 104: 25072 genes, 46654 xrefs, 206 changed (9.1s)
    release 105: 25072 genes, 47120 xrefs, 421 changed (7.7s)
    release 106: 25072 genes, 47139 xrefs, 162 changed (8.1s)
    release 107: 25072 genes, 47222 xrefs, 236 changed (7.7s)
    release 108: 25072 genes, 47289 xrefs, 243 changed (7.7s)
    release 109: 25072 genes, 47290 xrefs, 685 changed (7.3s)
    release 110: 25072 genes, 47301 xrefs, 198 changed (7.6s)
    release 111: 25072 genes, 47296 xrefs, 232 changed (7.8s)
    release 112: 25072 genes, 47278 xrefs, 213 changed (7.7s)
    release 113: 25072 genes, 68674 xrefs, 1507 changed (6.9s)
    release 114: 25072 genes, 69289 xrefs, 1439 changed (7.9s)
    release 115: 25072 genes, 51864 xrefs, 13756 changed (8.3s)
  cricetulus_griseus_picr: 20 releases, 43007 genes in db
    release 96: 28472 genes, 46677 xrefs, 19834 changed (7.1s)
    release 97: 28472 genes, 49835 xrefs, 2248 changed (7.2s)
    release 98: 28472 genes, 46431 xrefs, 3036 changed (6.9s)
    release 99: 28472 genes, 49717 xrefs, 15711 changed (7.3s)
    release 100: 28472 genes, 49654 xrefs, 323 changed (7.1s)
    release 101: 28472 genes, 49632 xrefs, 157 changed (6.9s)
    release 102: 28472 genes, 49552 xrefs, 165 changed (7.2s)
    release 103: 28472 genes, 33562 xrefs, 12425 changed (6.6s)
    release 104: 28472 genes, 33562 xrefs, 0 changed (8.0s)
    release 105: 28472 genes, 33562 xrefs, 0 changed (6.9s)
    release 106: 28472 genes, 33562 xrefs, 0 changed (6.8s)
    release 107: 28472 genes, 33562 xrefs, 0 changed (7.0s)
    release 108: 28472 genes, 33562 xrefs, 0 changed (7.0s)
    release 109: 28472 genes, 33562 xrefs, 0 changed (7.0s)
    release 110: 33701 genes, 44590 xrefs, 9025 changed (5.4s)
    release 111: 33701 genes, 44590 xrefs, 0 changed (5.4s)
    release 112: 33701 genes, 44590 xrefs, 0 changed (5.4s)
    release 113: 33701 genes, 61269 xrefs, 6421 changed (6.6s)
    release 114: 33701 genes, 61244 xrefs, 326 changed (6.6s)
    release 115: 33701 genes, 66921 xrefs, 5310 changed (7.0s)
  drosophila_melanogaster: 62 releases, 26819 genes in db
    release 65: 15222 genes, 306133 xrefs, 15210 changed (10.8s)
    release 66: 15222 genes, 306133 xrefs, 0 changed (12.5s)
    release 67: 15222 genes, 306133 xrefs, 0 changed (11.0s)
    release 68: 15222 genes, 292045 xrefs, 13675 changed (11.5s)
    release 69: 15222 genes, 285086 xrefs, 0 changed (10.8s)
    release 70: 15682 genes, 322287 xrefs, 9906 changed (13.6s)
    release 71: 15682 genes, 322287 xrefs, 0 changed (13.8s)
    release 72: 15682 genes, 322287 xrefs, 0 changed (13.4s)
    release 73: 15682 genes, 322287 xrefs, 0 changed (13.0s)
    release 74: 15682 genes, 322287 xrefs, 0 changed (13.5s)
    release 75: 15682 genes, 322287 xrefs, 0 changed (13.8s)
    release 76: 15682 genes, 322287 xrefs, 0 changed (13.6s)
    release 77: 15682 genes, 322287 xrefs, 0 changed (13.5s)
    release 78: 15682 genes, 322287 xrefs, 0 changed (13.5s)
    release 79: 17559 genes, 134475 xrefs, 16485 changed (11.5s)
    release 80: 17559 genes, 134475 xrefs, 0 changed (10.9s)
    release 81: 17559 genes, 134475 xrefs, 0 changed (11.0s)
    release 82: 17559 genes, 134475 xrefs, 0 changed (10.7s)
    release 83: 17559 genes, 134475 xrefs, 0 changed (11.1s)
    release 84: 17559 genes, 134475 xrefs, 0 changed (10.6s)
    release 85: 17559 genes, 134475 xrefs, 0 changed (10.4s)
    release 86: 17559 genes, 134475 xrefs, 0 changed (8.9s)
    release 87: 17559 genes, 134475 xrefs, 0 changed (9.5s)
    release 88: 17559 genes, 120462 xrefs, 13909 changed (9.1s)
    release 90: 17559 genes, 120462 xrefs, 0 changed (8.9s)
    release 91: 17737 genes, 67345 xrefs, 12392 changed (6.9s)
    release 92: 17737 genes, 67345 xrefs, 0 changed (6.6s)
    release 93: 17737 genes, 67345 xrefs, 0 changed (6.1s)
    release 94: 17737 genes, 67345 xrefs, 0 changed (6.3s)
    release 95: 17737 genes, 67345 xrefs, 0 changed (6.0s)
    release 96: 17753 genes, 49623 xrefs, 2811 changed (6.5s)
    release 97: 17753 genes, 49623 xrefs, 0 changed (6.9s)
    release 98: 17753 genes, 49623 xrefs, 0 changed (6.8s)
    release 99: 17807 genes, 49749 xrefs, 628 changed (7.1s)
    release 100: 17807 genes, 49749 xrefs, 0 changed (6.7s)
    release 101: 17807 genes, 49749 xrefs, 0 changed (6.7s)
    release 102: 17807 genes, 49749 xrefs, 0 changed (7.4s)
    release 103: 23932 genes, 293563 xrefs, 4068 changed (14.4s)
    release 104: 23932 genes, 200701 xrefs, 0 changed (12.3s)
    release 105: 23932 genes, 200701 xrefs, 0 changed (11.6s)
    release 106: 23932 genes, 200701 xrefs, 0 changed (11.1s)
    release 107: 23932 genes, 200701 xrefs, 0 changed (11.1s)
    release 108: 23932 genes, 200701 xrefs, 0 changed (11.0s)
    release 109: 23932 genes, 200701 xrefs, 0 changed (10.9s)
    release 110: 23932 genes, 200701 xrefs, 0 changed (10.6s)
    release 111: 24278 genes, 237558 xrefs, 715 changed (11.7s)
    release 112: 24278 genes, 237558 xrefs, 0 changed (11.5s)
    release 113: 24278 genes, 237558 xrefs, 0 changed (11.8s)
    release 114: 24254 genes, 237389 xrefs, 407 changed (11.7s)
    release 115: 24254 genes, 237389 xrefs, 0 changed (12.6s)
  felis_catus_abyssinian: 2 releases, 29550 genes in db
    release 114: 29550 genes, 106108 xrefs, 219 changed (6.7s)
    release 115: 29550 genes, 106108 xrefs, 0 changed (6.1s)
  gadus_morhua: 51 releases, 37261 genes in db
    release 65: 22154 genes, 34112 xrefs, 18140 changed (3.7s)
    release 66: 22154 genes, 34092 xrefs, 1738 changed (3.5s)
    release 67: 22154 genes, 34005 xrefs, 1605 changed (4.1s)
    release 68: 22154 genes, 31784 xrefs, 1710 changed (3.4s)
    release 69: 22154 genes, 32082 xrefs, 1780 changed (3.6s)
    release 70: 22154 genes, 32001 xrefs, 1390 changed (4.7s)
    release 71: 22154 genes, 32004 xrefs, 1554 changed (3.5s)
    release 72: 22154 genes, 31983 xrefs, 1371 changed (3.6s)
    release 73: 22154 genes, 33959 xrefs, 14366 changed (4.0s)
    release 74: 22154 genes, 43767 xrefs, 2340 changed (4.0s)
    release 75: 22154 genes, 43948 xrefs, 3587 changed (4.2s)
    release 76: 22154 genes, 43700 xrefs, 3216 changed (4.4s)
    release 77: 22154 genes, 43715 xrefs, 1595 changed (4.6s)
    release 78: 22154 genes, 43648 xrefs, 1470 changed (4.1s)
    release 79: 22154 genes, 43696 xrefs, 1381 changed (4.3s)
    release 80: 22154 genes, 44043 xrefs, 4311 changed (4.7s)
    release 81: 22154 genes, 44013 xrefs, 2384 changed (4.2s)
    release 82: 22154 genes, 34468 xrefs, 1638 changed (4.0s)
    release 83: 22154 genes, 34350 xrefs, 1484 changed (3.9s)
    release 84: 22154 genes, 33567 xrefs, 4684 changed (4.5s)
    release 85: 22154 genes, 30991 xrefs, 5147 changed (4.0s)
    release 86: 22154 genes, 31153 xrefs, 1955 changed (3.9s)
    release 87: 22154 genes, 30746 xrefs, 1561 changed (3.8s)
    release 88: 22154 genes, 30678 xrefs, 1437 changed (3.8s)
    release 90: 22154 genes, 30762 xrefs, 1963 changed (3.9s)
    release 91: 22154 genes, 29876 xrefs, 4662 changed (3.7s)
    release 92: 22154 genes, 30030 xrefs, 2782 changed (3.2s)
    release 93: 22154 genes, 29921 xrefs, 1040 changed (3.0s)
    release 94: 22154 genes, 29639 xrefs, 1810 changed (3.1s)
    release 95: 22154 genes, 30378 xrefs, 2301 changed (3.0s)
    release 96: 22154 genes, 30315 xrefs, 919 changed (3.3s)
    release 97: 22154 genes, 30346 xrefs, 820 changed (3.3s)
    release 98: 22154 genes, 30242 xrefs, 1868 changed (3.5s)
    release 99: 22154 genes, 36254 xrefs, 12804 changed (4.1s)
    release 100: 22154 genes, 36168 xrefs, 939 changed (4.2s)
    release 101: 22154 genes, 36214 xrefs, 727 changed (4.7s)
    release 102: 22154 genes, 36188 xrefs, 635 changed (4.7s)
    release 103: 29063 genes, 38504 xrefs, 8021 changed (7.0s)
    release 104: 29063 genes, 38410 xrefs, 694 changed (10.3s)
    release 105: 29063 genes, 38473 xrefs, 669 changed (7.2s)
    release 106: 29063 genes, 38501 xrefs, 544 changed (7.2s)
    release 107: 29063 genes, 38466 xrefs, 529 changed (7.2s)
    release 108: 29063 genes, 38509 xrefs, 488 changed (7.3s)
    release 109: 29063 genes, 38524 xrefs, 520 changed (7.2s)
    release 110: 29063 genes, 36894 xrefs, 2324 changed (7.0s)
    release 111: 29063 genes, 38485 xrefs, 2366 changed (7.1s)
    release 112: 29063 genes, 36957 xrefs, 2342 changed (7.0s)
    release 113: 29063 genes, 69060 xrefs, 4506 changed (8.8s)
    release 114: 29063 genes, 76737 xrefs, 8409 changed (10.8s)
    release 115: 29063 genes, 74933 xrefs, 3272 changed (10.1s)
  gopherus_agassizii: 21 releases, 24254 genes in db
    release 95: 24254 genes, 12268 xrefs, 14389 changed (2.8s)
    release 96: 24254 genes, 12193 xrefs, 190 changed (2.6s)
    release 97: 24254 genes, 12158 xrefs, 152 changed (2.9s)
    release 98: 24254 genes, 32680 xrefs, 1106 changed (3.0s)
    release 99: 24254 genes, 32613 xrefs, 10822 changed (4.1s)
    release 100: 24254 genes, 32761 xrefs, 334 changed (4.6s)
    release 101: 24254 genes, 32731 xrefs, 224 changed (4.2s)
    release 102: 24254 genes, 32657 xrefs, 224 changed (4.8s)
    release 103: 24254 genes, 20732 xrefs, 11733 changed (4.1s)
    release 104: 24254 genes, 20732 xrefs, 0 changed (5.9s)
    release 105: 24254 genes, 20732 xrefs, 0 changed (4.5s)
    release 106: 24254 genes, 20732 xrefs, 0 changed (4.4s)
    release 107: 24254 genes, 20732 xrefs, 0 changed (4.6s)
    release 108: 24254 genes, 20732 xrefs, 0 changed (4.6s)
    release 109: 24254 genes, 20732 xrefs, 0 changed (4.8s)
    release 110: 24254 genes, 267 xrefs, 0 changed (3.0s)
    release 111: 24254 genes, 267 xrefs, 0 changed (3.3s)
    release 112: 24254 genes, 267 xrefs, 0 changed (3.5s)
    release 113: 24254 genes, 256 xrefs, 0 changed (3.5s)
    release 114: 24254 genes, 253 xrefs, 143 changed (3.7s)
    release 115: 24254 genes, 253 xrefs, 0 changed (4.8s)
  mus_musculus_balbcj: 30 releases, 95907 genes in db
    release 86: 40305 genes, 124238 xrefs, 23655 changed (12.2s)
    release 87: 40305 genes, 124238 xrefs, 54 changed (12.6s)
    release 88: 40305 genes, 124238 xrefs, 0 changed (12.5s)
    release 90: 40305 genes, 124238 xrefs, 0 changed (11.9s)
    release 91: 40305 genes, 124238 xrefs, 0 changed (11.3s)
    release 92: 40303 genes, 124238 xrefs, 0 changed (11.7s)
    release 93: 40303 genes, 124238 xrefs, 0 changed (11.4s)
    release 94: 40303 genes, 109826 xrefs, 0 changed (10.7s)
    release 95: 40303 genes, 109826 xrefs, 0 changed (11.2s)
    release 96: 40303 genes, 109826 xrefs, 0 changed (11.4s)
    release 97: 40303 genes, 109826 xrefs, 0 changed (11.0s)
    release 98: 40303 genes, 109826 xrefs, 0 changed (10.9s)
    release 99: 40303 genes, 109826 xrefs, 0 changed (10.7s)
    release 100: 40303 genes, 109826 xrefs, 0 changed (11.4s)
    release 101: 40303 genes, 109826 xrefs, 0 changed (11.3s)
    release 102: 40303 genes, 109826 xrefs, 0 changed (11.6s)
    release 103: 40303 genes, 109826 xrefs, 0 changed (12.7s)
    release 104: 40303 genes, 109826 xrefs, 0 changed (14.4s)
    release 105: 40303 genes, 109826 xrefs, 0 changed (12.4s)
    release 106: 40303 genes, 109826 xrefs, 0 changed (12.4s)
    release 107: 40303 genes, 109826 xrefs, 0 changed (12.0s)
    release 108: 40303 genes, 109826 xrefs, 0 changed (12.7s)
    release 109: 40303 genes, 109826 xrefs, 0 changed (13.2s)
    release 110: 40303 genes, 109826 xrefs, 0 changed (12.2s)
    release 111: 40303 genes, 109826 xrefs, 0 changed (11.9s)
    release 112: 40303 genes, 109826 xrefs, 0 changed (11.8s)
    release 113: 40303 genes, 119183 xrefs, 23772 changed (8.7s)
    release 114: 55602 genes, 0 xrefs, 0 changed (3.2s)
    release 115: 55602 genes, 0 xrefs, 0 changed (2.9s)
  mus_musculus_c57bl6nj: 30 releases, 96921 genes in db
    release 86: 41097 genes, 125420 xrefs, 23874 changed (9.8s)
    release 87: 41097 genes, 125420 xrefs, 52 changed (11.9s)
    release 88: 41097 genes, 125420 xrefs, 0 changed (11.6s)
    release 90: 41097 genes, 125420 xrefs, 0 changed (10.8s)
    release 91: 41097 genes, 125420 xrefs, 0 changed (10.6s)
    release 92: 41096 genes, 125420 xrefs, 0 changed (10.9s)
    release 93: 41096 genes, 125420 xrefs, 0 changed (10.8s)
    release 94: 41096 genes, 110850 xrefs, 0 changed (10.8s)
    release 95: 41096 genes, 110850 xrefs, 0 changed (10.6s)
 Container elasticsearch_asap_test  Running
 Container asap_run_test  Running
 Container asap2_test-redis-1  Running
 Container asap2_test-postgres-1  Running
2026-06-30 11:30:44 +0000: HEAD http://elasticsearch:9200/projects [status:200, request:0.011s, query:n/a]
2026-06-30 11:30:44 +0000: < 
Rebuild Ensembl release fields
  remote db: asap_data_v8
  ensembl data dirs: /mnt/asap_data/ensembl
  vertebrates releases: 54-115
  ensembl genomes releases: 5-62

== Step 3/3: rebuild genes.name, alt_names, obsolete_alt_names from Ensembl xrefs ==
  mus_musculus_c57bl6nj: 30 releases, 96921 genes in db
[slurm:monitor_jobs] Starting
[SlurmMonitor] No runs with status_id=2 (running)
    release 86: 41097 genes, 125420 xrefs, 23874 changed (6.8s)
    release 87: 41097 genes, 125420 xrefs, 52 changed (6.6s)
    release 88: 41097 genes, 125420 xrefs, 0 changed (6.5s)
    release 90: 41097 genes, 125420 xrefs, 0 changed (6.4s)
    release 91: 41097 genes, 125420 xrefs, 0 changed (6.6s)
    release 92: 41096 genes, 125420 xrefs, 0 changed (6.5s)
    release 93: 41096 genes, 125420 xrefs, 0 changed (6.5s)
    release 94: 41096 genes, 110850 xrefs, 0 changed (6.4s)
    release 95: 41096 genes, 110850 xrefs, 0 changed (6.3s)
    release 96: 41096 genes, 110850 xrefs, 0 changed (6.6s)
    release 97: 41096 genes, 110850 xrefs, 0 changed (10.6s)
    release 98: 41096 genes, 110850 xrefs, 0 changed (10.6s)
    release 99: 41096 genes, 110850 xrefs, 0 changed (10.8s)
    release 100: 41096 genes, 110850 xrefs, 0 changed (10.7s)
    release 101: 41096 genes, 110850 xrefs, 0 changed (10.7s)
    release 102: 41096 genes, 110850 xrefs, 0 changed (11.2s)
    release 103: 41096 genes, 110850 xrefs, 0 changed (10.8s)
    release 104: 41096 genes, 110850 xrefs, 0 changed (12.6s)
    release 105: 41096 genes, 110850 xrefs, 0 changed (11.2s)
    release 106: 41096 genes, 110850 xrefs, 0 changed (11.2s)
    release 107: 41096 genes, 110850 xrefs, 0 changed (11.3s)
    release 108: 41096 genes, 110850 xrefs, 0 changed (11.3s)
    release 109: 41096 genes, 110850 xrefs, 0 changed (11.3s)
    release 110: 41096 genes, 110850 xrefs, 0 changed (11.3s)
    release 111: 41096 genes, 110850 xrefs, 0 changed (11.5s)
    release 112: 41096 genes, 110850 xrefs, 0 changed (11.2s)
    release 113: 41096 genes, 102599 xrefs, 23987 changed (8.6s)
    release 114: 55824 genes, 0 xrefs, 0 changed (3.3s)
    release 115: 55824 genes, 0 xrefs, 0 changed (2.3s)
  mus_musculus_fvbnj: 30 releases, 94651 genes in db
    release 86: 39993 genes, 122995 xrefs, 23490 changed (9.3s)
    release 87: 39993 genes, 122995 xrefs, 52 changed (10.6s)
    release 88: 39993 genes, 122995 xrefs, 0 changed (10.7s)
    release 90: 39993 genes, 122995 xrefs, 0 changed (10.4s)
    release 91: 39993 genes, 122995 xrefs, 0 changed (10.9s)
    release 92: 39992 genes, 122995 xrefs, 0 changed (10.1s)
    release 93: 39992 genes, 122995 xrefs, 0 changed (10.1s)
    release 94: 39992 genes, 108717 xrefs, 0 changed (10.0s)
    release 95: 39992 genes, 108717 xrefs, 0 changed (10.2s)
    release 96: 39992 genes, 108717 xrefs, 0 changed (10.3s)
    release 97: 39992 genes, 108717 xrefs, 0 changed (10.5s)
    release 98: 39992 genes, 108717 xrefs, 0 changed (10.5s)
    release 99: 39992 genes, 108717 xrefs, 0 changed (10.4s)
    release 100: 39992 genes, 108717 xrefs, 0 changed (10.8s)
    release 101: 39992 genes, 108717 xrefs, 0 changed (10.4s)
    release 102: 39992 genes, 108717 xrefs, 0 changed (10.7s)
    release 103: 39992 genes, 108717 xrefs, 0 changed (10.9s)
    release 104: 39992 genes, 108717 xrefs, 0 changed (12.7s)
    release 105: 39992 genes, 108717 xrefs, 0 changed (11.2s)
    release 106: 39992 genes, 108717 xrefs, 0 changed (11.1s)
    release 107: 39992 genes, 108717 xrefs, 0 changed (11.3s)
    release 108: 39992 genes, 108717 xrefs, 0 changed (11.0s)
    release 109: 39992 genes, 108717 xrefs, 0 changed (11.0s)
    release 110: 39992 genes, 108717 xrefs, 0 changed (11.0s)
    release 111: 39992 genes, 108717 xrefs, 0 changed (11.1s)
    release 112: 39992 genes, 108717 xrefs, 0 changed (11.1s)
    release 113: 39992 genes, 117011 xrefs, 23601 changed (8.4s)
    release 114: 54658 genes, 0 xrefs, 0 changed (3.1s)
    release 115: 54658 genes, 0 xrefs, 0 changed (2.7s)
  salvator_merianae: 20 releases, 23693 genes in db
    release 96: 23693 genes, 12746 xrefs, 13641 changed (2.5s)
    release 97: 23693 genes, 12736 xrefs, 200 changed (2.5s)
    release 98: 23693 genes, 12679 xrefs, 2475 changed (2.6s)
    release 99: 23693 genes, 12622 xrefs, 11145 changed (3.0s)
    release 100: 23693 genes, 12663 xrefs, 142 changed (2.4s)
    release 101: 23693 genes, 12619 xrefs, 69 changed (2.6s)
    release 102: 23693 genes, 12563 xrefs, 34 changed (3.9s)
    release 103: 23693 genes, 12589 xrefs, 31 changed (3.0s)
    release 104: 23693 genes, 12552 xrefs, 33 changed (4.5s)
    release 105: 23693 genes, 12703 xrefs, 47 changed (3.3s)
    release 106: 23693 genes, 12705 xrefs, 23 changed (3.1s)
    release 107: 23693 genes, 13061 xrefs, 41 changed (3.2s)
    release 108: 23693 genes, 13035 xrefs, 27 changed (3.3s)
    release 109: 23693 genes, 13040 xrefs, 29 changed (3.1s)
    release 110: 23693 genes, 13039 xrefs, 23 changed (3.3s)
    release 111: 23693 genes, 13050 xrefs, 42 changed (3.6s)
    release 112: 23693 genes, 13050 xrefs, 17 changed (3.4s)
    release 113: 23693 genes, 33743 xrefs, 118 changed (3.9s)
    release 114: 23693 genes, 20820 xrefs, 211 changed (5.0s)
    release 115: 23693 genes, 20822 xrefs, 4 changed (5.1s)
  aspergillus_fischeri: 2 releases, 10668 genes in db
    release 61: 10668 genes, 10667 xrefs, 4 changed (1.5s)
    release 62: 10668 genes, 10667 xrefs, 0 changed (2.2s)
  aspergillus_fumigatusa1163: 57 releases, 20495 genes in db
    release 12: 10160 genes, 20269 xrefs, 46 changed (1.4s)
    release 13: 10160 genes, 20269 xrefs, 0 changed (1.3s)
    release 14: 10160 genes, 20269 xrefs, 0 changed (1.3s)
    release 15: 10160 genes, 20234 xrefs, 35 changed (1.3s)
    release 16: 10160 genes, 20234 xrefs, 0 changed (1.3s)
    release 17: 10160 genes, 20234 xrefs, 0 changed (1.1s)
    release 18: 10160 genes, 20234 xrefs, 0 changed (1.1s)
    release 19: 10160 genes, 20234 xrefs, 0 changed (1.1s)
    release 20: 10160 genes, 20234 xrefs, 0 changed (1.2s)
    release 21: 10160 genes, 10307 xrefs, 57 changed (1.4s)
    release 22: 10160 genes, 10112 xrefs, 22 changed (1.5s)
    release 23: 10160 genes, 10112 xrefs, 0 changed (1.3s)
    release 24: 10160 genes, 10112 xrefs, 0 changed (1.4s)
    release 25: 10160 genes, 10112 xrefs, 0 changed (1.4s)
    release 26: 10160 genes, 10112 xrefs, 0 changed (1.7s)
    release 27: 10160 genes, 10112 xrefs, 0 changed (1.7s)
    release 28: 10160 genes, 10112 xrefs, 0 changed (1.6s)
    release 29: 10160 genes, 10112 xrefs, 0 changed (1.7s)
    release 30: 10160 genes, 10112 xrefs, 0 changed (1.7s)
    release 31: 10160 genes, 10112 xrefs, 0 changed (1.6s)
    release 32: 10160 genes, 10112 xrefs, 0 changed (1.7s)
    release 33: 10160 genes, 10112 xrefs, 0 changed (1.6s)
    release 34: 10160 genes, 10112 xrefs, 0 changed (1.6s)
    release 35: 10160 genes, 10112 xrefs, 0 changed (1.7s)
    release 36: 10160 genes, 10112 xrefs, 0 changed (1.5s)
    release 37: 10386 genes, 10158 xrefs, 0 changed (1.4s)
    release 38: 10386 genes, 10158 xrefs, 0 changed (1.5s)
    release 39: 10109 genes, 16804 xrefs, 0 changed (1.8s)
    release 40: 10109 genes, 16804 xrefs, 0 changed (1.9s)
    release 41: 10109 genes, 16804 xrefs, 0 changed (2.0s)
    release 42: 10109 genes, 16804 xrefs, 0 changed (2.1s)
    release 43: 10109 genes, 16804 xrefs, 0 changed (2.0s)
    release 44: 10109 genes, 16804 xrefs, 0 changed (2.1s)
    release 45: 10109 genes, 16804 xrefs, 0 changed (1.9s)
    release 46: 10109 genes, 16804 xrefs, 0 changed (2.0s)
    release 47: 10109 genes, 16804 xrefs, 0 changed (1.9s)
    release 48: 10109 genes, 16804 xrefs, 0 changed (2.2s)
    release 49: 10109 genes, 16804 xrefs, 0 changed (1.9s)
    release 50: 10109 genes, 16804 xrefs, 0 changed (2.0s)
    release 51: 10109 genes, 16804 xrefs, 0 changed (2.6s)
    release 52: 10109 genes, 16804 xrefs, 0 changed (2.1s)
    release 53: 10109 genes, 16804 xrefs, 0 changed (2.0s)
    release 54: 10109 genes, 16804 xrefs, 0 changed (2.2s)
    release 55: 10109 genes, 16804 xrefs, 0 changed (2.0s)
    release 56: 10109 genes, 16804 xrefs, 0 changed (2.1s)
    release 57: 10109 genes, 16804 xrefs, 0 changed (2.0s)
    release 58: 10109 genes, 16804 xrefs, 0 changed (2.2s)
    release 59: 10109 genes, 16804 xrefs, 0 changed (2.1s)
    release 60: 10109 genes, 16804 xrefs, 0 changed (2.4s)
    release 61: 10109 genes, 16804 xrefs, 0 changed (2.2s)
    release 62: 10109 genes, 16804 xrefs, 0 changed (3.2s)
  aspergillus_lentulus: 2 releases, 9916 genes in db
    release 61: 9916 genes, 0 xrefs, 0 changed (1.1s)
    release 62: 9916 genes, 0 xrefs, 0 changed (1.1s)
  aspergillus_terreus: 58 releases, 21341 genes in db
    release 12: 10601 genes, 21003 xrefs, 185 changed (1.4s)
    release 13: 10601 genes, 21003 xrefs, 0 changed (1.5s)
    release 14: 10601 genes, 21003 xrefs, 0 changed (1.6s)
    release 15: 10601 genes, 20840 xrefs, 163 changed (1.4s)
    release 16: 10601 genes, 20840 xrefs, 0 changed (1.5s)
    release 17: 10601 genes, 20840 xrefs, 0 changed (1.7s)
    release 18: 10601 genes, 20840 xrefs, 0 changed (1.4s)
    release 19: 10601 genes, 20840 xrefs, 0 changed (1.4s)
    release 20: 10601 genes, 20840 xrefs, 0 changed (1.4s)
    release 21: 10601 genes, 31550 xrefs, 94 changed (2.1s)
    release 22: 10601 genes, 31234 xrefs, 33 changed (2.2s)
    release 23: 10601 genes, 31234 xrefs, 0 changed (2.1s)
    release 24: 10601 genes, 31234 xrefs, 0 changed (2.1s)
    release 25: 10601 genes, 31234 xrefs, 0 changed (2.2s)
    release 26: 10601 genes, 31234 xrefs, 0 changed (2.3s)
    release 27: 10601 genes, 31234 xrefs, 0 changed (2.2s)
    release 28: 10601 genes, 31234 xrefs, 0 changed (2.3s)
    release 29: 10601 genes, 31234 xrefs, 0 changed (2.3s)
    release 30: 10601 genes, 31234 xrefs, 0 changed (2.3s)
    release 31: 10601 genes, 31234 xrefs, 0 changed (2.4s)
    release 32: 10601 genes, 31234 xrefs, 0 changed (2.3s)
    release 33: 10601 genes, 31234 xrefs, 0 changed (2.5s)
    release 34: 10601 genes, 31234 xrefs, 0 changed (2.2s)
    release 35: 10601 genes, 31234 xrefs, 0 changed (2.3s)
    release 36: 10601 genes, 31234 xrefs, 0 changed (2.1s)
    release 37: 10790 genes, 31258 xrefs, 0 changed (2.1s)
    release 38: 10790 genes, 31258 xrefs, 0 changed (2.2s)
    release 39: 10551 genes, 27905 xrefs, 16 changed (2.5s)
    release 40: 10551 genes, 27905 xrefs, 0 changed (2.4s)
    release 41: 10551 genes, 27905 xrefs, 0 changed (2.6s)
    release 42: 10551 genes, 27905 xrefs, 0 changed (2.5s)
    release 43: 10551 genes, 27905 xrefs, 0 changed (2.5s)
    release 44: 10551 genes, 27905 xrefs, 0 changed (2.5s)
    release 45: 10551 genes, 27905 xrefs, 0 changed (2.4s)
    release 46: 10551 genes, 27905 xrefs, 0 changed (2.5s)
    release 47: 10551 genes, 27905 xrefs, 0 changed (2.5s)
    release 48: 10551 genes, 27905 xrefs, 0 changed (2.5s)
    release 49: 10551 genes, 27905 xrefs, 0 changed (2.5s)
    release 50: 10551 genes, 27905 xrefs, 0 changed (2.6s)
    release 51: 10551 genes, 27905 xrefs, 0 changed (3.1s)
    release 52: 10551 genes, 27893 xrefs, 13 changed (2.6s)
    release 53: 10551 genes, 27893 xrefs, 0 changed (2.5s)
    release 54: 10551 genes, 27893 xrefs, 0 changed (2.4s)
    release 55: 10551 genes, 27893 xrefs, 0 changed (2.6s)
    release 56: 10551 genes, 27893 xrefs, 0 changed (2.4s)
    release 57: 10551 genes, 27893 xrefs, 0 changed (2.6s)
    release 58: 10551 genes, 27893 xrefs, 0 changed (2.7s)
    release 59: 10551 genes, 27893 xrefs, 0 changed (2.6s)
    release 60: 10551 genes, 27893 xrefs, 0 changed (2.8s)
    release 61: 10551 genes, 27893 xrefs, 0 changed (2.6s)
    release 62: 10551 genes, 27893 xrefs, 0 changed (3.2s)
  mucor_lusitanicus: 2 releases, 11936 genes in db
    release 61: 11936 genes, 152 xrefs, 0 changed (1.3s)
    release 62: 11936 genes, 152 xrefs, 0 changed (1.1s)
  schizophyllum_commune: 2 releases, 16467 genes in db
    release 61: 16467 genes, 8051 xrefs, 60 changed (1.7s)
    release 62: 16467 genes, 8051 xrefs, 0 changed (1.9s)
  zymoseptoria_tritici: 46 releases, 11199 genes in db
    release 17: 11075 genes, 11661 xrefs, 10856 changed (1.4s)
    release 18: 11075 genes, 11661 xrefs, 0 changed (1.3s)
    release 19: 11075 genes, 11661 xrefs, 0 changed (1.2s)
    release 20: 11075 genes, 11661 xrefs, 0 changed (1.1s)
    release 21: 11075 genes, 11661 xrefs, 0 changed (1.4s)
    release 22: 11075 genes, 11661 xrefs, 0 changed (1.4s)
    release 23: 11075 genes, 11661 xrefs, 0 changed (1.4s)
    release 24: 11075 genes, 11661 xrefs, 0 changed (1.6s)
    release 25: 11075 genes, 11661 xrefs, 0 changed (1.5s)
    release 26: 11075 genes, 11661 xrefs, 0 changed (1.5s)
    release 27: 11075 genes, 11661 xrefs, 0 changed (1.5s)
    release 28: 11075 genes, 11661 xrefs, 0 changed (1.5s)
    release 29: 11075 genes, 11661 xrefs, 0 changed (1.5s)
    release 30: 11075 genes, 11661 xrefs, 0 changed (1.6s)
    release 31: 11075 genes, 11661 xrefs, 0 changed (1.5s)
    release 32: 11075 genes, 11661 xrefs, 0 changed (1.6s)
    release 33: 11075 genes, 11661 xrefs, 0 changed (1.6s)
    release 34: 11075 genes, 11661 xrefs, 0 changed (1.5s)
    release 35: 11075 genes, 11661 xrefs, 0 changed (1.5s)
    release 36: 11075 genes, 11661 xrefs, 0 changed (1.5s)
    release 37: 11199 genes, 11690 xrefs, 0 changed (1.3s)
    release 38: 11199 genes, 11690 xrefs, 0 changed (1.5s)
    release 39: 11199 genes, 11690 xrefs, 0 changed (1.7s)
    release 40: 11199 genes, 11690 xrefs, 0 changed (1.4s)
    release 41: 11199 genes, 11690 xrefs, 0 changed (1.6s)
    release 42: 11199 genes, 11690 xrefs, 0 changed (1.7s)
    release 43: 11199 genes, 11690 xrefs, 0 changed (1.4s)
    release 44: 11199 genes, 11690 xrefs, 0 changed (1.6s)
    release 45: 11199 genes, 11690 xrefs, 0 changed (1.6s)
    release 46: 11199 genes, 11690 xrefs, 0 changed (1.5s)
    release 47: 11199 genes, 11690 xrefs, 0 changed (1.4s)
    release 48: 11199 genes, 11690 xrefs, 0 changed (1.6s)
    release 49: 11199 genes, 11690 xrefs, 0 changed (1.4s)
    release 50: 11199 genes, 11690 xrefs, 0 changed (1.5s)
    release 51: 11199 genes, 11690 xrefs, 0 changed (2.1s)
    release 52: 11091 genes, 22400 xrefs, 10729 changed (1.8s)
    release 53: 11091 genes, 22400 xrefs, 0 changed (1.9s)
    release 54: 11091 genes, 22400 xrefs, 0 changed (1.8s)
    release 55: 11091 genes, 22400 xrefs, 0 changed (1.9s)
    release 56: 11091 genes, 22400 xrefs, 0 changed (1.9s)
    release 57: 11091 genes, 22400 xrefs, 0 changed (1.8s)
    release 58: 11091 genes, 22400 xrefs, 0 changed (2.3s)
    release 59: 11091 genes, 22400 xrefs, 0 changed (2.0s)
    release 60: 11091 genes, 22400 xrefs, 0 changed (2.1s)
    release 61: 11091 genes, 22400 xrefs, 0 changed (2.1s)
    release 62: 11091 genes, 22400 xrefs, 0 changed (2.3s)
  loa_loa: 42 releases, 15266 genes in db
    release 18: 15045 genes, 24065 xrefs, 869 changed (2.3s)
    release 19: 15045 genes, 24065 xrefs, 0 changed (2.0s)
    release 20: 15045 genes, 24065 xrefs, 0 changed (2.4s)
    release 21: 15045 genes, 24065 xrefs, 0 changed (2.2s)
    release 22: 15045 genes, 24065 xrefs, 0 changed (2.4s)
    release 23: 15129 genes, 24126 xrefs, 0 changed (2.2s)
    release 24: 15129 genes, 24126 xrefs, 0 changed (2.2s)
    release 25: 15129 genes, 22874 xrefs, 0 changed (2.1s)
    release 26: 15129 genes, 22874 xrefs, 0 changed (2.2s)
    release 27: 15129 genes, 22874 xrefs, 0 changed (2.1s)
    release 28: 15129 genes, 22874 xrefs, 0 changed (2.1s)
    release 29: 15129 genes, 22874 xrefs, 0 changed (2.1s)
    release 30: 15129 genes, 22874 xrefs, 0 changed (2.2s)
    release 31: 15129 genes, 22874 xrefs, 0 changed (2.2s)
    release 32: 15129 genes, 22874 xrefs, 0 changed (2.1s)
    release 33: 15129 genes, 22874 xrefs, 0 changed (2.1s)
    release 34: 15129 genes, 22874 xrefs, 0 changed (2.1s)
    release 35: 15129 genes, 22874 xrefs, 0 changed (2.2s)
    release 36: 15129 genes, 22874 xrefs, 0 changed (2.1s)
    release 37: 15129 genes, 22874 xrefs, 0 changed (2.1s)
    release 38: 15129 genes, 22874 xrefs, 0 changed (2.1s)
    release 39: 15129 genes, 22874 xrefs, 0 changed (2.2s)
    release 40: 15129 genes, 22875 xrefs, 27 changed (2.6s)
    release 41: 15129 genes, 22875 xrefs, 0 changed (2.6s)
    release 42: 15129 genes, 22875 xrefs, 0 changed (2.5s)
    release 43: 15129 genes, 22875 xrefs, 0 changed (2.4s)
    release 44: 15129 genes, 22875 xrefs, 0 changed (2.6s)
    release 45: 15129 genes, 22875 xrefs, 0 changed (2.6s)
    release 46: 15129 genes, 22875 xrefs, 0 changed (3.0s)
    release 47: 15129 genes, 22875 xrefs, 0 changed (3.1s)
    release 48: 15129 genes, 22875 xrefs, 0 changed (2.9s)
    release 49: 15129 genes, 22875 xrefs, 0 changed (3.2s)
    release 50: 15129 genes, 22875 xrefs, 0 changed (2.9s)
    release 51: 15129 genes, 22875 xrefs, 0 changed (3.2s)
    release 52: 15129 genes, 22875 xrefs, 0 changed (3.0s)
    release 53: 15129 genes, 22875 xrefs, 0 changed (3.1s)
    release 54: 15129 genes, 22875 xrefs, 0 changed (2.9s)
    release 55: 15129 genes, 22875 xrefs, 0 changed (3.1s)
    release 56: 15129 genes, 22875 xrefs, 0 changed (2.9s)
    release 57: 15129 genes, 22875 xrefs, 0 changed (2.6s)
    release 58: 15129 genes, 22875 xrefs, 0 changed (2.5s)
    release 59: 15129 genes, 22875 xrefs, 0 changed (2.5s)
  bactrocera_latifrons_gca001853355v1: 6 releases, 14128 genes in db
    release 54: 14128 genes, 19547 xrefs, 46 changed (2.3s)
    release 55: 14128 genes, 19547 xrefs, 0 changed (2.3s)
    release 56: 14128 genes, 19547 xrefs, 0 changed (2.2s)
    release 57: 14128 genes, 19547 xrefs, 0 changed (2.4s)
    release 58: 14128 genes, 19547 xrefs, 0 changed (2.5s)
    release 59: 14128 genes, 19547 xrefs, 0 changed (3.0s)
  caenorhabditis_japonica: 55 releases, 70949 genes in db
    release 12: 25870 genes, 25870 xrefs, 4973 changed (1.3s)
    release 13: 25870 genes, 25870 xrefs, 0 changed (1.5s)
    release 14: 25870 genes, 27587 xrefs, 0 changed (1.6s)
    release 15: 25870 genes, 27587 xrefs, 0 changed (1.4s)
    release 16: 29964 genes, 61625 xrefs, 4973 changed (3.7s)
    release 17: 29964 genes, 61625 xrefs, 0 changed (3.9s)
    release 18: 29964 genes, 61625 xrefs, 0 changed (3.8s)
    release 19: 29964 genes, 61625 xrefs, 0 changed (3.5s)
    release 20: 29964 genes, 61625 xrefs, 0 changed (3.7s)
    release 21: 29964 genes, 61625 xrefs, 0 changed (3.8s)
    release 22: 29964 genes, 61625 xrefs, 0 changed (4.0s)
    release 23: 29964 genes, 61625 xrefs, 0 changed (3.7s)
    release 24: 29964 genes, 61625 xrefs, 0 changed (4.0s)
    release 25: 29964 genes, 59928 xrefs, 0 changed (3.8s)
    release 26: 29964 genes, 59928 xrefs, 0 changed (3.7s)
    release 27: 29964 genes, 59928 xrefs, 0 changed (3.2s)
    release 28: 29964 genes, 59928 xrefs, 0 changed (3.8s)
    release 29: 29964 genes, 59928 xrefs, 0 changed (3.6s)
    release 30: 29964 genes, 59928 xrefs, 0 changed (3.7s)
    release 31: 29964 genes, 59928 xrefs, 0 changed (3.9s)
    release 32: 32405 genes, 70131 xrefs, 2953 changed (4.1s)
    release 33: 32405 genes, 70131 xrefs, 0 changed (4.0s)
    release 34: 32405 genes, 70131 xrefs, 0 changed (3.7s)
    release 35: 32405 genes, 70131 xrefs, 0 changed (4.3s)
    release 36: 32405 genes, 70131 xrefs, 0 changed (4.9s)
    release 37: 32405 genes, 70131 xrefs, 0 changed (5.0s)
    release 38: 32405 genes, 70210 xrefs, 5 changed (4.4s)
    release 39: 32405 genes, 70210 xrefs, 0 changed (4.6s)
    release 40: 32405 genes, 70210 xrefs, 0 changed (4.8s)
    release 41: 32405 genes, 70210 xrefs, 0 changed (4.9s)
    release 42: 32405 genes, 70210 xrefs, 0 changed (5.0s)
    release 43: 32405 genes, 70210 xrefs, 0 changed (5.1s)
    release 44: 32405 genes, 70210 xrefs, 0 changed (4.8s)
    release 45: 32405 genes, 70210 xrefs, 0 changed (4.8s)
    release 46: 32405 genes, 70210 xrefs, 0 changed (4.9s)
    release 47: 32405 genes, 70210 xrefs, 0 changed (4.2s)
    release 48: 32405 genes, 70210 xrefs, 0 changed (4.0s)
    release 49: 32405 genes, 70210 xrefs, 0 changed (4.6s)
    release 50: 32405 genes, 70210 xrefs, 0 changed (5.1s)
    release 51: 32405 genes, 70210 xrefs, 0 changed (5.6s)
    release 52: 32405 genes, 70210 xrefs, 0 changed (4.9s)
    release 53: 32410 genes, 71798 xrefs, 2949 changed (5.4s)
    release 54: 32410 genes, 71798 xrefs, 0 changed (5.3s)
    release 55: 32410 genes, 71798 xrefs, 0 changed (5.3s)
    release 56: 32410 genes, 71798 xrefs, 0 changed (5.3s)
    release 57: 32410 genes, 71798 xrefs, 0 changed (5.1s)
    release 58: 32410 genes, 71798 xrefs, 0 changed (4.8s)
    release 59: 32410 genes, 71798 xrefs, 0 changed (4.9s)
  colobus_angolensis_palliatus: 25 releases, 27252 genes in db
    release 91: 27252 genes, 44363 xrefs, 16773 changed (4.7s)
    release 92: 27252 genes, 49760 xrefs, 6977 changed (4.8s)
    release 93: 27252 genes, 79425 xrefs, 496 changed (7.5s)
    release 94: 27252 genes, 81713 xrefs, 814 changed (6.7s)
    release 95: 27252 genes, 82608 xrefs, 820 changed (6.8s)
    release 96: 27252 genes, 81927 xrefs, 483 changed (7.8s)
    release 97: 27252 genes, 82344 xrefs, 445 changed (7.8s)
    release 98: 27252 genes, 83055 xrefs, 4534 changed (7.7s)
    release 99: 27252 genes, 82931 xrefs, 14223 changed (7.2s)
    release 100: 27252 genes, 82854 xrefs, 353 changed (7.0s)
    release 101: 27252 genes, 82858 xrefs, 334 changed (8.9s)
    release 102: 27252 genes, 82656 xrefs, 406 changed (8.0s)
    release 103: 27252 genes, 67077 xrefs, 15542 changed (8.1s)
    release 104: 27252 genes, 67077 xrefs, 0 changed (10.4s)
    release 105: 27252 genes, 35007 xrefs, 168 changed (7.6s)
    release 106: 27252 genes, 34957 xrefs, 59 changed (7.6s)
    release 107: 27252 genes, 35031 xrefs, 89 changed (7.8s)
    release 108: 27252 genes, 31742 xrefs, 11 changed (6.7s)
    release 109: 27252 genes, 31742 xrefs, 0 changed (7.4s)
    release 110: 27252 genes, 35031 xrefs, 41 changed (5.4s)
    release 111: 27252 genes, 35028 xrefs, 60 changed (5.5s)
    release 112: 27252 genes, 35028 xrefs, 0 changed (5.6s)
    release 113: 27252 genes, 35017 xrefs, 26 changed (5.8s)
    release 114: 27252 genes, 35448 xrefs, 195 changed (5.7s)
    release 115: 27252 genes, 35443 xrefs, 12 changed (5.2s)
  danio_rerio: 62 releases, 82410 genes in db
    release 65: 32379 genes, 152916 xrefs, 24780 changed (11.0s)
    release 66: 32379 genes, 152787 xrefs, 1699 changed (11.7s)
    release 67: 32469 genes, 145605 xrefs, 14260 changed (10.4s)
    release 68: 32469 genes, 145371 xrefs, 1429 changed (11.2s)
    release 69: 32434 genes, 174402 xrefs, 9418 changed (12.7s)
    release 70: 32434 genes, 174222 xrefs, 1109 changed (11.8s)
    release 71: 32574 genes, 175027 xrefs, 5061 changed (10.3s)
    release 72: 32574 genes, 174905 xrefs, 994 changed (11.2s)
    release 73: 32677 genes, 163691 xrefs, 10374 changed (10.8s)
    release 74: 32677 genes, 164288 xrefs, 1259 changed (11.2s)
    release 75: 33737 genes, 216255 xrefs, 9362 changed (12.5s)
    release 76: 33737 genes, 216017 xrefs, 1044 changed (12.2s)
    release 77: 33737 genes, 216171 xrefs, 815 changed (12.1s)
    release 78: 33737 genes, 216337 xrefs, 841 changed (11.6s)
    release 79: 33737 genes, 216131 xrefs, 886 changed (12.2s)
    release 80: 31953 genes, 201290 xrefs, 15784 changed (12.3s)
    release 81: 31953 genes, 194160 xrefs, 7026 changed (14.4s)
    release 82: 31953 genes, 194557 xrefs, 7878 changed (16.1s)
    release 83: 31953 genes, 194555 xrefs, 500 changed (17.0s)
    release 84: 32105 genes, 195694 xrefs, 4589 changed (14.3s)
    release 85: 32105 genes, 195076 xrefs, 1726 changed (12.6s)
    release 86: 32189 genes, 196555 xrefs, 7964 changed (12.5s)
    release 87: 32266 genes, 198746 xrefs, 913 changed (13.2s)
    release 88: 32266 genes, 198750 xrefs, 237 changed (13.3s)
    release 90: 35117 genes, 128128 xrefs, 11261 changed (10.2s)
    release 91: 35117 genes, 127673 xrefs, 863 changed (10.6s)
    release 92: 36622 genes, 115869 xrefs, 12104 changed (10.2s)
    release 93: 37241 genes, 144201 xrefs, 6051 changed (11.2s)
    release 94: 37241 genes, 152170 xrefs, 1477 changed (11.9s)
    release 95: 37241 genes, 152015 xrefs, 758 changed (12.7s)
    release 96: 37241 genes, 154270 xrefs, 1130 changed (12.2s)
    release 97: 37241 genes, 154190 xrefs, 775 changed (11.7s)
    release 98: 37241 genes, 153662 xrefs, 4175 changed (11.8s)
    release 99: 37241 genes, 157353 xrefs, 4946 changed (12.7s)
    release 100: 37241 genes, 157373 xrefs, 86 changed (12.2s)
    release 101: 37241 genes, 157386 xrefs, 135 changed (12.2s)
    release 102: 37241 genes, 157479 xrefs, 269 changed (12.0s)
    release 103: 37241 genes, 157502 xrefs, 93 changed (11.7s)
    release 104: 37241 genes, 157488 xrefs, 115 changed (13.9s)
    release 105: 37241 genes, 157535 xrefs, 116 changed (12.9s)
    release 106: 37241 genes, 157535 xrefs, 84 changed (12.6s)
    release 107: 37241 genes, 157536 xrefs, 100 changed (12.1s)
    release 108: 37241 genes, 157534 xrefs, 74 changed (11.9s)
    release 109: 37241 genes, 157535 xrefs, 99 changed (11.9s)
    release 110: 37241 genes, 132261 xrefs, 34962 changed (10.7s)
    release 111: 37241 genes, 157530 xrefs, 34968 changed (11.4s)
    release 112: 37241 genes, 124908 xrefs, 35146 changed (8.7s)
    release 113: 37241 genes, 130971 xrefs, 4560 changed (9.4s)
    release 114: 37241 genes, 157655 xrefs, 22398 changed (10.7s)
    release 115: 37241 genes, 149091 xrefs, 11990 changed (9.0s)
rake aborted!
ActiveRecord::StatementInvalid: PG::ProgramLimitExceeded: ERROR:  index row requires 10384 bytes, maximum size is 8191 (ActiveRecord::StatementInvalid)
/usr/local/bundle/gems/activerecord-8.1.1/lib/active_record/connection_adapters/postgresql/database_statements.rb:167:in 'PG::Connection#exec'
/usr/local/bundle/gems/activerecord-8.1.1/lib/active_record/connection_adapters/postgresql/database_statements.rb:167:in 'ActiveRecord::ConnectionAdapters::PostgreSQL::DatabaseStatements#perform_query'
/usr/local/bundle/gems/activerecord-8.1.1/lib/active_record/connection_adapters/abstract/database_statements.rb:571:in 'block (2 levels) in ActiveRecord::ConnectionAdapters::DatabaseStatements#raw_execute'
/usr/local/bundle/gems/activerecord-8.1.1/lib/active_record/connection_adapters/abstract_adapter.rb:1081:in 'block in ActiveRecord::ConnectionAdapters::AbstractAdapter#with_raw_connection'
/usr/local/bundle/gems/activesupport-8.1.1/lib/active_support/concurrency/null_lock.rb:9:in 'ActiveSupport::Concurrency::NullLock#synchronize'
/usr/local/bundle/gems/activerecord-8.1.1/lib/active_record/connection_adapters/abstract_adapter.rb:1050:in 'ActiveRecord::ConnectionAdapters::AbstractAdapter#with_raw_connection'
/usr/local/bundle/gems/activerecord-8.1.1/lib/active_record/connection_adapters/abstract/database_statements.rb:570:in 'block in ActiveRecord::ConnectionAdapters::DatabaseStatements#raw_execute'
/usr/local/bundle/gems/activesupport-8.1.1/lib/active_support/notifications/instrumenter.rb:58:in 'ActiveSupport::Notifications::Instrumenter#instrument'
/usr/local/bundle/gems/activerecord-8.1.1/lib/active_record/connection_adapters/abstract_adapter.rb:1201:in 'ActiveRecord::ConnectionAdapters::AbstractAdapter#log'
/usr/local/bundle/gems/activerecord-8.1.1/lib/active_record/connection_adapters/abstract/database_statements.rb:569:in 'ActiveRecord::ConnectionAdapters::DatabaseStatements#raw_execute'
/usr/local/bundle/gems/activerecord-8.1.1/lib/active_record/connection_adapters/abstract/database_statements.rb:613:in 'ActiveRecord::ConnectionAdapters::DatabaseStatements#internal_execute'
/usr/local/bundle/gems/activerecord-8.1.1/lib/active_record/connection_adapters/abstract/database_statements.rb:176:in 'ActiveRecord::ConnectionAdapters::DatabaseStatements#exec_update'
/usr/local/bundle/gems/activerecord-8.1.1/lib/active_record/connection_adapters/abstract/database_statements.rb:211:in 'ActiveRecord::ConnectionAdapters::DatabaseStatements#update'
/usr/local/bundle/gems/activerecord-8.1.1/lib/active_record/connection_adapters/abstract/query_cache.rb:25:in 'ActiveRecord::ConnectionAdapters::AbstractAdapter#update'
/app/lib/asap_data/gene_ncbi_alt_names_populator.rb:496:in 'AsapData::GeneNcbiAltNamesPopulator.apply_field_updates!'
/app/lib/asap_data/gene_ncbi_alt_names_populator.rb:470:in 'block (2 levels) in AsapData::GeneNcbiAltNamesPopulator.apply_updates!'
/app/lib/asap_data/gene_ncbi_alt_names_populator.rb:469:in 'Array#each'
/app/lib/asap_data/gene_ncbi_alt_names_populator.rb:469:in 'Enumerable#each_slice'
/app/lib/asap_data/gene_ncbi_alt_names_populator.rb:469:in 'block in AsapData::GeneNcbiAltNamesPopulator.apply_updates!'
/app/lib/asap_data/gene_ncbi_alt_names_populator.rb:465:in 'Array#each'
/app/lib/asap_data/gene_ncbi_alt_names_populator.rb:465:in 'AsapData::GeneNcbiAltNamesPopulator.apply_updates!'
/app/lib/asap_data/gene_ncbi_alt_names_populator.rb:109:in 'block (2 levels) in AsapData::GeneNcbiAltNamesPopulator.populate_for_organism!'
/usr/local/bundle/gems/activerecord-8.1.1/lib/active_record/connection_adapters/abstract/transaction.rb:648:in 'block in ActiveRecord::ConnectionAdapters::TransactionManager#within_new_transaction'
/usr/local/bundle/gems/activesupport-8.1.1/lib/active_support/concurrency/null_lock.rb:9:in 'ActiveSupport::Concurrency::NullLock#synchronize'
/usr/local/bundle/gems/activerecord-8.1.1/lib/active_record/connection_adapters/abstract/transaction.rb:645:in 'ActiveRecord::ConnectionAdapters::TransactionManager#within_new_transaction'
/usr/local/bundle/gems/activerecord-8.1.1/lib/active_record/connection_adapters/abstract/database_statements.rb:386:in 'ActiveRecord::ConnectionAdapters::DatabaseStatements#within_new_transaction'
/usr/local/bundle/gems/activerecord-8.1.1/lib/active_record/connection_adapters/abstract/database_statements.rb:378:in 'ActiveRecord::ConnectionAdapters::DatabaseStatements#transaction'
/app/lib/asap_data/gene_ncbi_alt_names_populator.rb:108:in 'block in AsapData::GeneNcbiAltNamesPopulator.populate_for_organism!'
/app/app/models/asap2_remote_record.rb:12:in 'block in Asap2RemoteRecord.with_remote'
/usr/local/bundle/gems/activerecord-8.1.1/lib/active_record/connection_handling.rb:402:in 'ActiveRecord::ConnectionHandling#with_role_and_shard'
/usr/local/bundle/gems/activerecord-8.1.1/lib/active_record/connection_handling.rb:150:in 'ActiveRecord::ConnectionHandling#connected_to'
/app/app/models/asap2_remote_record.rb:12:in 'Asap2RemoteRecord.with_remote'
/app/lib/asap_data/gene_ncbi_alt_names_populator.rb:106:in 'AsapData::GeneNcbiAltNamesPopulator.populate_for_organism!'
/app/lib/asap_data/gene_ncbi_alt_names_populator.rb:39:in 'block in AsapData::GeneNcbiAltNamesPopulator.populate!'
/app/lib/asap_data/gene_ncbi_alt_names_populator.rb:38:in 'Array#each'
/app/lib/asap_data/gene_ncbi_alt_names_populator.rb:38:in 'AsapData::GeneNcbiAltNamesPopulator.populate!'
/app/lib/tasks/asap_data_rebuild_ensembl_release_fields.rake:74:in 'block (2 levels) in <main>'
/usr/local/bundle/gems/rake-13.3.1/exe/rake:27:in '<top (required)>'

Caused by:
PG::ProgramLimitExceeded: ERROR:  index row requires 10384 bytes, maximum size is 8191 (PG::ProgramLimitExceeded)
/usr/local/bundle/gems/activerecord-8.1.1/lib/active_record/connection_adapters/postgresql/database_statements.rb:167:in 'PG::Connection#exec'
/usr/local/bundle/gems/activerecord-8.1.1/lib/active_record/connection_adapters/postgresql/database_statements.rb:167:in 'ActiveRecord::ConnectionAdapters::PostgreSQL::DatabaseStatements#perform_query'
/usr/local/bundle/gems/activerecord-8.1.1/lib/active_record/connection_adapters/abstract/database_statements.rb:571:in 'block (2 levels) in ActiveRecord::ConnectionAdapters::DatabaseStatements#raw_execute'
/usr/local/bundle/gems/activerecord-8.1.1/lib/active_record/connection_adapters/abstract_adapter.rb:1081:in 'block in ActiveRecord::ConnectionAdapters::AbstractAdapter#with_raw_connection'
/usr/local/bundle/gems/activesupport-8.1.1/lib/active_support/concurrency/null_lock.rb:9:in 'ActiveSupport::Concurrency::NullLock#synchronize'
/usr/local/bundle/gems/activerecord-8.1.1/lib/active_record/connection_adapters/abstract_adapter.rb:1050:in 'ActiveRecord::ConnectionAdapters::AbstractAdapter#with_raw_connection'
/usr/local/bundle/gems/activerecord-8.1.1/lib/active_record/connection_adapters/abstract/database_statements.rb:570:in 'block in ActiveRecord::ConnectionAdapters::DatabaseStatements#raw_execute'
/usr/local/bundle/gems/activesupport-8.1.1/lib/active_support/notifications/instrumenter.rb:58:in 'ActiveSupport::Notifications::Instrumenter#instrument'
/usr/local/bundle/gems/activerecord-8.1.1/lib/active_record/connection_adapters/abstract_adapter.rb:1201:in 'ActiveRecord::ConnectionAdapters::AbstractAdapter#log'
/usr/local/bundle/gems/activerecord-8.1.1/lib/active_record/connection_adapters/abstract/database_statements.rb:569:in 'ActiveRecord::ConnectionAdapters::DatabaseStatements#raw_execute'
/usr/local/bundle/gems/activerecord-8.1.1/lib/active_record/connection_adapters/abstract/database_statements.rb:613:in 'ActiveRecord::ConnectionAdapters::DatabaseStatements#internal_execute'
/usr/local/bundle/gems/activerecord-8.1.1/lib/active_record/connection_adapters/abstract/database_statements.rb:176:in 'ActiveRecord::ConnectionAdapters::DatabaseStatements#exec_update'
/usr/local/bundle/gems/activerecord-8.1.1/lib/active_record/connection_adapters/abstract/database_statements.rb:211:in 'ActiveRecord::ConnectionAdapters::DatabaseStatements#update'
/usr/local/bundle/gems/activerecord-8.1.1/lib/active_record/connection_adapters/abstract/query_cache.rb:25:in 'ActiveRecord::ConnectionAdapters::AbstractAdapter#update'
/app/lib/asap_data/gene_ncbi_alt_names_populator.rb:496:in 'AsapData::GeneNcbiAltNamesPopulator.apply_field_updates!'
/app/lib/asap_data/gene_ncbi_alt_names_populator.rb:470:in 'block (2 levels) in AsapData::GeneNcbiAltNamesPopulator.apply_updates!'
/app/lib/asap_data/gene_ncbi_alt_names_populator.rb:469:in 'Array#each'
/app/lib/asap_data/gene_ncbi_alt_names_populator.rb:469:in 'Enumerable#each_slice'
/app/lib/asap_data/gene_ncbi_alt_names_populator.rb:469:in 'block in AsapData::GeneNcbiAltNamesPopulator.apply_updates!'
/app/lib/asap_data/gene_ncbi_alt_names_populator.rb:465:in 'Array#each'
/app/lib/asap_data/gene_ncbi_alt_names_populator.rb:465:in 'AsapData::GeneNcbiAltNamesPopulator.apply_updates!'
/app/lib/asap_data/gene_ncbi_alt_names_populator.rb:109:in 'block (2 levels) in AsapData::GeneNcbiAltNamesPopulator.populate_for_organism!'
/usr/local/bundle/gems/activerecord-8.1.1/lib/active_record/connection_adapters/abstract/transaction.rb:648:in 'block in ActiveRecord::ConnectionAdapters::TransactionManager#within_new_transaction'
/usr/local/bundle/gems/activesupport-8.1.1/lib/active_support/concurrency/null_lock.rb:9:in 'ActiveSupport::Concurrency::NullLock#synchronize'
/usr/local/bundle/gems/activerecord-8.1.1/lib/active_record/connection_adapters/abstract/transaction.rb:645:in 'ActiveRecord::ConnectionAdapters::TransactionManager#within_new_transaction'
/usr/local/bundle/gems/activerecord-8.1.1/lib/active_record/connection_adapters/abstract/database_statements.rb:386:in 'ActiveRecord::ConnectionAdapters::DatabaseStatements#within_new_transaction'
/usr/local/bundle/gems/activerecord-8.1.1/lib/active_record/connection_adapters/abstract/database_statements.rb:378:in 'ActiveRecord::ConnectionAdapters::DatabaseStatements#transaction'
/app/lib/asap_data/gene_ncbi_alt_names_populator.rb:108:in 'block in AsapData::GeneNcbiAltNamesPopulator.populate_for_organism!'
/app/app/models/asap2_remote_record.rb:12:in 'block in Asap2RemoteRecord.with_remote'
/usr/local/bundle/gems/activerecord-8.1.1/lib/active_record/connection_handling.rb:402:in 'ActiveRecord::ConnectionHandling#with_role_and_shard'
/usr/local/bundle/gems/activerecord-8.1.1/lib/active_record/connection_handling.rb:150:in 'ActiveRecord::ConnectionHandling#connected_to'
/app/app/models/asap2_remote_record.rb:12:in 'Asap2RemoteRecord.with_remote'
/app/lib/asap_data/gene_ncbi_alt_names_populator.rb:106:in 'AsapData::GeneNcbiAltNamesPopulator.populate_for_organism!'
/app/lib/asap_data/gene_ncbi_alt_names_populator.rb:39:in 'block in AsapData::GeneNcbiAltNamesPopulator.populate!'
/app/lib/asap_data/gene_ncbi_alt_names_populator.rb:38:in 'Array#each'
/app/lib/asap_data/gene_ncbi_alt_names_populator.rb:38:in 'AsapData::GeneNcbiAltNamesPopulator.populate!'
/app/lib/tasks/asap_data_rebuild_ensembl_release_fields.rake:74:in 'block (2 levels) in <main>'
/usr/local/bundle/gems/rake-13.3.1/exe/rake:27:in '<top (required)>'
Tasks: TOP => asap_data:rebuild_ensembl_release_fields
(See full trace by running task with --trace)
 Container asap2_test-redis-1  Running
 Container asap_run_test  Running
 Container elasticsearch_asap_test  Running
 Container asap2_test-postgres-1  Running
2026-06-30 13:46:01 +0000: HEAD http://elasticsearch:9200/projects [status:200, request:0.007s, query:n/a]
2026-06-30 13:46:01 +0000: < 
Rebuild Ensembl release fields
  remote db: asap_data_v8
  ensembl data dirs: /mnt/asap_data/ensembl
  vertebrates releases: 54-115
  ensembl genomes releases: 5-62

== Step 3/3: rebuild genes.name, alt_names, obsolete_alt_names from Ensembl xrefs ==
  danio_rerio: 62 releases, 82410 genes in db
[slurm:monitor_jobs] Starting
[SlurmMonitor] No runs with status_id=2 (running)
    release 65: 32379 genes, 152916 xrefs, 24780 changed (8.0s)
    release 66: 32379 genes, 152787 xrefs, 1699 changed (6.6s)
    release 67: 32469 genes, 145605 xrefs, 14260 changed (6.4s)
    release 68: 32469 genes, 145371 xrefs, 1429 changed (6.3s)
    release 69: 32434 genes, 174402 xrefs, 9418 changed (7.0s)
    release 70: 32434 genes, 174222 xrefs, 1109 changed (7.0s)
    release 71: 32574 genes, 175027 xrefs, 5061 changed (6.8s)
    release 72: 32574 genes, 174905 xrefs, 994 changed (6.8s)
    release 73: 32677 genes, 163691 xrefs, 10374 changed (6.5s)
    release 74: 32677 genes, 164288 xrefs, 1259 changed (6.9s)
    release 75: 33737 genes, 216255 xrefs, 9362 changed (8.2s)
    release 76: 33737 genes, 216017 xrefs, 1044 changed (7.8s)
    release 77: 33737 genes, 216171 xrefs, 815 changed (7.7s)
    release 78: 33737 genes, 216337 xrefs, 841 changed (7.7s)
    release 79: 33737 genes, 216131 xrefs, 886 changed (7.8s)
    release 80: 31953 genes, 201290 xrefs, 15784 changed (7.6s)
    release 81: 31953 genes, 194160 xrefs, 7026 changed (7.3s)
    release 82: 31953 genes, 194557 xrefs, 7878 changed (8.7s)
    release 83: 31953 genes, 194555 xrefs, 500 changed (8.6s)
    release 84: 32105 genes, 195694 xrefs, 4589 changed (7.7s)
    release 85: 32105 genes, 195076 xrefs, 1726 changed (7.6s)
    release 86: 32189 genes, 196555 xrefs, 7964 changed (7.9s)
    release 87: 32266 genes, 198746 xrefs, 913 changed (8.4s)
    release 88: 32266 genes, 198750 xrefs, 237 changed (8.5s)
    release 90: 35117 genes, 128128 xrefs, 11261 changed (5.8s)
    release 91: 35117 genes, 127673 xrefs, 863 changed (6.3s)
    release 92: 36622 genes, 115869 xrefs, 12104 changed (5.8s)
    release 93: 37241 genes, 144201 xrefs, 6051 changed (6.6s)
    release 94: 37241 genes, 152170 xrefs, 1477 changed (7.1s)
    release 95: 37241 genes, 152015 xrefs, 758 changed (7.0s)
    release 96: 37241 genes, 154270 xrefs, 1130 changed (7.4s)
    release 97: 37241 genes, 154190 xrefs, 775 changed (7.0s)
    release 98: 37241 genes, 153662 xrefs, 4175 changed (7.2s)
    release 99: 37241 genes, 157353 xrefs, 4946 changed (7.3s)
    release 100: 37241 genes, 157373 xrefs, 86 changed (7.2s)
    release 101: 37241 genes, 157386 xrefs, 135 changed (7.4s)
    release 102: 37241 genes, 157479 xrefs, 269 changed (7.1s)
    release 103: 37241 genes, 157502 xrefs, 93 changed (7.1s)
    release 104: 37241 genes, 157488 xrefs, 115 changed (10.5s)
    release 105: 37241 genes, 157535 xrefs, 116 changed (7.2s)
    release 106: 37241 genes, 157535 xrefs, 84 changed (7.3s)
    release 107: 37241 genes, 157536 xrefs, 100 changed (7.2s)
    release 108: 37241 genes, 157534 xrefs, 74 changed (7.3s)
    release 109: 37241 genes, 157535 xrefs, 99 changed (7.1s)
    release 110: 37241 genes, 132261 xrefs, 34962 changed (6.3s)
    release 111: 37241 genes, 157530 xrefs, 34968 changed (7.1s)
    release 112: 37241 genes, 124908 xrefs, 35146 changed (5.7s)
    release 113: 37241 genes, 130971 xrefs, 4560 changed (5.6s)
    release 114: 37241 genes, 157655 xrefs, 22398 changed (7.1s)
    release 115: 37241 genes, 149091 xrefs, 11990 changed (6.4s)
  dipodomys_ordii: 62 releases, 30251 genes in db
    release 65: 19844 genes, 32927 xrefs, 12074 changed (3.9s)
    release 66: 19844 genes, 30864 xrefs, 396 changed (4.1s)
    release 67: 19844 genes, 30858 xrefs, 399 changed (4.3s)
    release 68: 19844 genes, 30167 xrefs, 593 changed (4.6s)
    release 69: 19844 genes, 30160 xrefs, 317 changed (4.0s)
    release 70: 19844 genes, 30199 xrefs, 616 changed (3.9s)
    release 71: 19844 genes, 30157 xrefs, 287 changed (4.0s)
    release 72: 19844 genes, 30201 xrefs, 705 changed (4.1s)
    release 73: 19844 genes, 30139 xrefs, 405 changed (3.8s)
    release 74: 19844 genes, 30128 xrefs, 515 changed (4.4s)
    release 75: 19844 genes, 30131 xrefs, 269 changed (4.2s)
    release 76: 19844 genes, 30124 xrefs, 609 changed (4.4s)
    release 77: 19844 genes, 30112 xrefs, 292 changed (4.2s)
    release 78: 19844 genes, 30106 xrefs, 7286 changed (4.3s)
    release 79: 19844 genes, 30098 xrefs, 240 changed (4.2s)
    release 80: 19844 genes, 30137 xrefs, 443 changed (4.1s)
    release 81: 19844 genes, 30129 xrefs, 343 changed (4.4s)
    release 82: 19844 genes, 30133 xrefs, 352 changed (4.1s)
    release 83: 19844 genes, 30101 xrefs, 378 changed (4.2s)
    release 84: 19844 genes, 38872 xrefs, 1279 changed (5.4s)
    release 85: 19844 genes, 38150 xrefs, 1033 changed (5.3s)
    release 86: 19844 genes, 38150 xrefs, 337 changed (5.5s)
    release 87: 19844 genes, 37871 xrefs, 638 changed (3.8s)
    release 88: 19844 genes, 37868 xrefs, 428 changed (4.5s)
    release 90: 20542 genes, 36038 xrefs, 5014 changed (3.8s)
    release 91: 20542 genes, 35561 xrefs, 833 changed (4.1s)
    release 92: 20542 genes, 43806 xrefs, 9899 changed (5.0s)
    release 93: 20542 genes, 43814 xrefs, 225 changed (5.1s)
    release 94: 20542 genes, 49504 xrefs, 6071 changed (4.8s)
    release 95: 20542 genes, 49954 xrefs, 655 changed (5.3s)
    release 96: 20542 genes, 44120 xrefs, 5932 changed (5.2s)
    release 97: 20542 genes, 44185 xrefs, 191 changed (5.3s)
    release 98: 20542 genes, 43926 xrefs, 2317 changed (4.8s)
    release 99: 20542 genes, 29212 xrefs, 6500 changed (4.7s)
    release 100: 20542 genes, 49727 xrefs, 1020 changed (5.0s)
    release 101: 20542 genes, 49700 xrefs, 209 changed (4.7s)
    release 102: 20542 genes, 49505 xrefs, 129 changed (5.4s)
    release 103: 20542 genes, 49688 xrefs, 503 changed (5.2s)
    release 104: 20542 genes, 49638 xrefs, 208 changed (6.3s)
    release 105: 20542 genes, 49712 xrefs, 242 changed (5.3s)
    release 106: 20542 genes, 49720 xrefs, 124 changed (5.6s)
    release 107: 20542 genes, 49786 xrefs, 237 changed (5.9s)
    release 108: 20542 genes, 49819 xrefs, 187 changed (5.6s)
    release 109: 20542 genes, 49809 xrefs, 233 changed (5.3s)
    release 110: 20542 genes, 49822 xrefs, 154 changed (5.4s)
    release 111: 20542 genes, 49821 xrefs, 228 changed (5.5s)
    release 112: 20542 genes, 49827 xrefs, 221 changed (5.8s)
    release 113: 20542 genes, 44044 xrefs, 968 changed (5.1s)
    release 114: 20542 genes, 44206 xrefs, 177 changed (5.0s)
    release 115: 20542 genes, 44318 xrefs, 113 changed (5.5s)
  eptatretus_burgeri: 23 releases, 17246 genes in db
    release 93: 17246 genes, 6492 xrefs, 7154 changed (1.8s)
    release 94: 17246 genes, 6526 xrefs, 2801 changed (1.3s)
    release 95: 17246 genes, 6523 xrefs, 980 changed (1.3s)
    release 96: 17246 genes, 6476 xrefs, 788 changed (1.6s)
    release 97: 17246 genes, 6370 xrefs, 678 changed (2.0s)
    release 98: 17246 genes, 6327 xrefs, 1012 changed (1.6s)
    release 99: 17246 genes, 6223 xrefs, 6249 changed (1.6s)
    release 100: 17246 genes, 3677 xrefs, 1273 changed (1.6s)
    release 101: 17246 genes, 3724 xrefs, 261 changed (1.4s)
    release 102: 17246 genes, 3829 xrefs, 303 changed (1.5s)
    release 103: 17246 genes, 3816 xrefs, 207 changed (1.4s)
    release 104: 17246 genes, 3802 xrefs, 172 changed (2.9s)
    release 105: 17246 genes, 3861 xrefs, 164 changed (1.6s)
    release 106: 17246 genes, 3848 xrefs, 149 changed (1.4s)
    release 107: 17246 genes, 3848 xrefs, 144 changed (1.5s)
    release 108: 17246 genes, 3847 xrefs, 123 changed (1.6s)
    release 109: 17246 genes, 3851 xrefs, 135 changed (1.7s)
    release 110: 17246 genes, 3720 xrefs, 509 changed (1.5s)
    release 111: 17246 genes, 3840 xrefs, 497 changed (1.6s)
    release 112: 17246 genes, 3726 xrefs, 514 changed (1.5s)
    release 113: 17246 genes, 5607 xrefs, 624 changed (1.6s)
    release 114: 17246 genes, 4486 xrefs, 629 changed (2.7s)
    release 115: 17246 genes, 4499 xrefs, 338 changed (3.2s)
  equus_caballus: 62 releases, 60385 genes in db
    release 65: 26954 genes, 70220 xrefs, 18272 changed (5.7s)
    release 66: 26954 genes, 70203 xrefs, 403 changed (5.6s)
    release 67: 26954 genes, 70193 xrefs, 382 changed (5.8s)
    release 68: 26954 genes, 70044 xrefs, 589 changed (4.9s)
    release 69: 26954 genes, 95370 xrefs, 5060 changed (6.4s)
    release 70: 26991 genes, 95419 xrefs, 473 changed (6.5s)
    release 71: 26991 genes, 95393 xrefs, 578 changed (6.6s)
    release 72: 26991 genes, 95395 xrefs, 444 changed (6.3s)
    release 73: 26991 genes, 95420 xrefs, 526 changed (6.6s)
    release 74: 26991 genes, 79790 xrefs, 7582 changed (6.7s)
    release 75: 26991 genes, 79809 xrefs, 311 changed (6.6s)
    release 76: 26991 genes, 79801 xrefs, 838 changed (7.2s)
    release 77: 26991 genes, 81417 xrefs, 1814 changed (7.0s)
    release 78: 26991 genes, 81413 xrefs, 369 changed (7.5s)
    release 79: 26991 genes, 81394 xrefs, 349 changed (7.7s)
    release 80: 26991 genes, 81394 xrefs, 334 changed (7.6s)
    release 81: 26991 genes, 81378 xrefs, 455 changed (8.0s)
    release 82: 26991 genes, 70309 xrefs, 2085 changed (7.8s)
    release 83: 26991 genes, 70290 xrefs, 457 changed (8.2s)
    release 84: 26991 genes, 70285 xrefs, 741 changed (6.8s)
    release 85: 26991 genes, 69341 xrefs, 1739 changed (6.5s)
    release 86: 26991 genes, 69342 xrefs, 328 changed (6.2s)
    release 87: 26991 genes, 69310 xrefs, 2402 changed (6.3s)
    release 88: 26991 genes, 69307 xrefs, 433 changed (7.3s)
    release 90: 26991 genes, 69265 xrefs, 524 changed (5.9s)
    release 91: 26991 genes, 70021 xrefs, 9857 changed (6.2s)
    release 92: 26991 genes, 59482 xrefs, 3703 changed (6.0s)
    release 93: 26991 genes, 88864 xrefs, 2327 changed (6.6s)
    release 94: 26991 genes, 86329 xrefs, 2501 changed (7.6s)
    release 95: 31217 genes, 82000 xrefs, 5344 changed (7.8s)
    release 96: 31215 genes, 87852 xrefs, 3084 changed (7.9s)
    release 97: 31216 genes, 89732 xrefs, 1624 changed (8.1s)
    release 98: 30371 genes, 111419 xrefs, 3339 changed (8.7s)
    release 99: 30371 genes, 111395 xrefs, 2575 changed (8.9s)
    release 100: 30371 genes, 111398 xrefs, 141 changed (8.7s)
    release 101: 30371 genes, 125604 xrefs, 1790 changed (9.1s)
    release 102: 30371 genes, 125408 xrefs, 502 changed (9.4s)
    release 103: 30371 genes, 128304 xrefs, 1591 changed (8.0s)
    release 104: 30371 genes, 128353 xrefs, 1037 changed (10.9s)
    release 105: 30371 genes, 129091 xrefs, 1277 changed (8.4s)
    release 106: 30371 genes, 114968 xrefs, 1283 changed (8.7s)
    release 107: 30371 genes, 129283 xrefs, 1376 changed (8.8s)
    release 108: 30371 genes, 129353 xrefs, 206 changed (10.1s)
    release 109: 38849 genes, 112490 xrefs, 1958 changed (10.9s)
    release 110: 38849 genes, 103353 xrefs, 1557 changed (9.7s)
    release 111: 38849 genes, 103355 xrefs, 167 changed (10.5s)
    release 112: 38849 genes, 103355 xrefs, 0 changed (10.4s)
    release 113: 38849 genes, 149027 xrefs, 196 changed (12.5s)
    release 114: 38849 genes, 162206 xrefs, 1134 changed (14.2s)
    release 115: 38849 genes, 131263 xrefs, 2271 changed (10.9s)
  fundulus_heteroclitus: 22 releases, 23469 genes in db
    release 94: 23469 genes, 37149 xrefs, 15515 changed (6.2s)
    release 95: 23469 genes, 50189 xrefs, 5347 changed (7.1s)
    release 96: 23469 genes, 50166 xrefs, 1097 changed (7.4s)
    release 97: 23469 genes, 50243 xrefs, 936 changed (7.3s)
    release 98: 23469 genes, 52447 xrefs, 1278 changed (8.2s)
    release 99: 23469 genes, 52359 xrefs, 13586 changed (7.9s)
    release 100: 23469 genes, 52379 xrefs, 1169 changed (7.5s)
    release 101: 23469 genes, 52411 xrefs, 944 changed (7.8s)
    release 102: 23469 genes, 52907 xrefs, 1460 changed (7.8s)
    release 103: 23469 genes, 52897 xrefs, 947 changed (8.2s)
    release 104: 23469 genes, 52885 xrefs, 899 changed (9.6s)
    release 105: 23469 genes, 52992 xrefs, 845 changed (7.8s)
    release 106: 23469 genes, 52988 xrefs, 743 changed (7.9s)
    release 107: 23469 genes, 52953 xrefs, 768 changed (8.0s)
    release 108: 23469 genes, 52951 xrefs, 702 changed (7.8s)
    release 109: 23469 genes, 52971 xrefs, 735 changed (7.7s)
    release 110: 23469 genes, 51309 xrefs, 4442 changed (7.5s)
    release 111: 23469 genes, 52985 xrefs, 4502 changed (7.8s)
    release 112: 23469 genes, 51388 xrefs, 4460 changed (7.6s)
    release 113: 23469 genes, 21483 xrefs, 9664 changed (4.9s)
    release 114: 23469 genes, 53593 xrefs, 7499 changed (5.7s)
    release 115: 23469 genes, 53580 xrefs, 542 changed (5.7s)
  macaca_mulatta: 62 releases, 60148 genes in db
    release 65: 30246 genes, 43722 xrefs, 13661 changed (5.0s)
    release 66: 30246 genes, 43730 xrefs, 135 changed (5.2s)
    release 67: 30246 genes, 43756 xrefs, 129 changed (6.0s)
    release 68: 30246 genes, 43719 xrefs, 129 changed (5.2s)
    release 69: 30246 genes, 98038 xrefs, 12570 changed (7.8s)
    release 70: 30246 genes, 89654 xrefs, 10729 changed (8.0s)
    release 71: 30246 genes, 89643 xrefs, 272 changed (7.9s)
    release 72: 30246 genes, 89667 xrefs, 216 changed (7.6s)
    release 73: 30246 genes, 89671 xrefs, 267 changed (7.9s)
    release 74: 30246 genes, 97091 xrefs, 10984 changed (9.3s)
    release 75: 30246 genes, 97084 xrefs, 358 changed (9.3s)
    release 76: 30246 genes, 97095 xrefs, 739 changed (9.0s)
    release 77: 30246 genes, 97347 xrefs, 1619 changed (8.9s)
    release 78: 30246 genes, 97347 xrefs, 2272 changed (10.0s)
    release 79: 30246 genes, 97347 xrefs, 2295 changed (11.0s)
    release 80: 30246 genes, 97351 xrefs, 376 changed (10.0s)
    release 81: 30246 genes, 97327 xrefs, 1903 changed (8.9s)
    release 82: 30246 genes, 84512 xrefs, 10726 changed (9.0s)
    release 83: 30246 genes, 84473 xrefs, 882 changed (9.0s)
    release 84: 30246 genes, 84518 xrefs, 861 changed (8.4s)
    release 85: 30246 genes, 83765 xrefs, 1918 changed (8.4s)
    release 86: 32386 genes, 85308 xrefs, 10142 changed (9.7s)
    release 87: 32386 genes, 85199 xrefs, 469 changed (9.6s)
    release 88: 32386 genes, 85249 xrefs, 564 changed (8.6s)
    release 90: 32386 genes, 85198 xrefs, 702 changed (9.6s)
    release 91: 32386 genes, 85270 xrefs, 858 changed (8.5s)
    release 92: 32386 genes, 87271 xrefs, 12270 changed (9.8s)
    release 93: 32386 genes, 118019 xrefs, 393 changed (10.2s)
    release 94: 32386 genes, 118743 xrefs, 672 changed (10.9s)
    release 95: 32386 genes, 119576 xrefs, 753 changed (10.4s)
    release 96: 32386 genes, 119558 xrefs, 866 changed (10.5s)
    release 97: 32386 genes, 119977 xrefs, 312 changed (11.6s)
    release 98: 35395 genes, 92260 xrefs, 15357 changed (8.7s)
    release 99: 35395 genes, 97242 xrefs, 4883 changed (9.7s)
    release 100: 35432 genes, 133167 xrefs, 3770 changed (10.1s)
    release 101: 35432 genes, 128832 xrefs, 3472 changed (10.3s)
    release 102: 35432 genes, 126893 xrefs, 587 changed (13.0s)
    release 103: 35432 genes, 134014 xrefs, 3378 changed (11.7s)
    release 104: 35432 genes, 134033 xrefs, 240 changed (13.4s)
    release 105: 35432 genes, 135008 xrefs, 684 changed (10.5s)
    release 106: 35432 genes, 134064 xrefs, 588 changed (10.2s)
    release 107: 35432 genes, 135151 xrefs, 580 changed (9.9s)
    release 108: 35432 genes, 130433 xrefs, 1345 changed (11.3s)
    release 109: 35432 genes, 130444 xrefs, 130 changed (10.9s)
    release 110: 35432 genes, 135387 xrefs, 1408 changed (11.6s)
    release 111: 35432 genes, 134914 xrefs, 140 changed (10.8s)
    release 112: 35432 genes, 134914 xrefs, 0 changed (11.8s)
    release 113: 35432 genes, 120014 xrefs, 2425 changed (11.8s)
    release 114: 35432 genes, 134232 xrefs, 2511 changed (12.6s)
    release 115: 35432 genes, 134229 xrefs, 47 changed (10.4s)
  nomascus_leucogenys: 54 releases, 36336 genes in db
    release 65: 26525 genes, 30059 xrefs, 14636 changed (3.0s)
    release 66: 26525 genes, 30057 xrefs, 482 changed (2.8s)
    release 67: 26525 genes, 30060 xrefs, 431 changed (3.6s)
    release 68: 26525 genes, 29857 xrefs, 598 changed (3.5s)
    release 69: 26525 genes, 77658 xrefs, 9667 changed (7.3s)
    release 70: 26939 genes, 47955 xrefs, 14603 changed (6.1s)
    release 71: 26939 genes, 47946 xrefs, 94 changed (5.7s)
    release 72: 26939 genes, 47962 xrefs, 74 changed (6.1s)
    release 73: 26939 genes, 47975 xrefs, 108 changed (5.8s)
    release 74: 26939 genes, 49229 xrefs, 15573 changed (7.1s)
    release 75: 26939 genes, 49240 xrefs, 318 changed (7.6s)
    release 76: 26939 genes, 49239 xrefs, 835 changed (6.9s)
    release 77: 26939 genes, 49213 xrefs, 509 changed (6.5s)
    release 78: 26939 genes, 47903 xrefs, 701 changed (6.7s)
    release 79: 26939 genes, 47847 xrefs, 347 changed (7.1s)
    release 80: 26939 genes, 47878 xrefs, 328 changed (6.5s)
    release 81: 26939 genes, 47856 xrefs, 399 changed (6.4s)
    release 82: 26939 genes, 47854 xrefs, 326 changed (6.7s)
    release 83: 26939 genes, 43165 xrefs, 1748 changed (6.4s)
    release 84: 26939 genes, 43187 xrefs, 647 changed (6.4s)
    release 85: 26939 genes, 42686 xrefs, 652 changed (6.3s)
    release 86: 26939 genes, 42689 xrefs, 280 changed (6.1s)
    release 87: 26939 genes, 42518 xrefs, 291 changed (6.1s)
    release 88: 26939 genes, 42519 xrefs, 973 changed (6.5s)
    release 90: 26939 genes, 42494 xrefs, 507 changed (6.3s)
    release 91: 27826 genes, 42474 xrefs, 5007 changed (7.2s)
    release 92: 27826 genes, 48548 xrefs, 6794 changed (6.7s)
    release 93: 27826 genes, 82034 xrefs, 612 changed (8.4s)
    release 94: 27826 genes, 84358 xrefs, 1104 changed (8.9s)
    release 95: 27826 genes, 84526 xrefs, 494 changed (8.7s)
    release 96: 27826 genes, 84672 xrefs, 851 changed (8.3s)
    release 97: 27826 genes, 84651 xrefs, 384 changed (8.8s)
    release 98: 27826 genes, 84075 xrefs, 4786 changed (8.9s)
    release 99: 27826 genes, 72062 xrefs, 14824 changed (8.6s)
    release 100: 27826 genes, 72072 xrefs, 348 changed (8.0s)
    release 101: 27826 genes, 79288 xrefs, 2118 changed (9.3s)
    release 102: 27826 genes, 75064 xrefs, 2259 changed (8.8s)
    release 103: 27826 genes, 81019 xrefs, 3294 changed (8.3s)
    release 104: 27826 genes, 83069 xrefs, 1019 changed (9.9s)
    release 105: 27826 genes, 76279 xrefs, 1470 changed (9.4s)
    release 106: 27826 genes, 83808 xrefs, 1097 changed (8.2s)
    release 107: 27826 genes, 84027 xrefs, 499 changed (8.6s)
    release 108: 27826 genes, 84035 xrefs, 300 changed (8.2s)
    release 109: 27826 genes, 84034 xrefs, 262 changed (8.5s)
    release 110: 27826 genes, 84040 xrefs, 365 changed (8.0s)
    release 111: 27826 genes, 84059 xrefs, 333 changed (8.6s)
    release 112: 27826 genes, 84041 xrefs, 279 changed (11.8s)
    release 113: 27826 genes, 84071 xrefs, 270 changed (9.6s)
    release 114: 27826 genes, 91268 xrefs, 4114 changed (10.3s)
    release 115: 27826 genes, 74988 xrefs, 2209 changed (8.4s)
  ornithorhynchus_anatinus: 62 releases, 51223 genes in db
    release 65: 22369 genes, 46369 xrefs, 14855 changed (4.4s)
    release 66: 22369 genes, 46354 xrefs, 1142 changed (4.5s)
    release 67: 22369 genes, 46319 xrefs, 1111 changed (5.2s)
    release 68: 22369 genes, 46207 xrefs, 1316 changed (4.4s)
    release 69: 26116 genes, 46186 xrefs, 15906 changed (4.6s)
    release 70: 26116 genes, 46201 xrefs, 1423 changed (5.3s)
    release 71: 26116 genes, 46130 xrefs, 1484 changed (5.3s)
    release 72: 26116 genes, 46157 xrefs, 1164 changed (5.4s)
    release 73: 26116 genes, 46163 xrefs, 1462 changed (5.3s)
    release 74: 26116 genes, 60849 xrefs, 4342 changed (6.0s)
    release 75: 26116 genes, 60868 xrefs, 1534 changed (6.4s)
    release 76: 26116 genes, 60843 xrefs, 2100 changed (6.1s)
    release 77: 26116 genes, 66335 xrefs, 9891 changed (7.1s)
    release 78: 26116 genes, 66411 xrefs, 1939 changed (7.6s)
    release 79: 26116 genes, 66390 xrefs, 1480 changed (7.5s)
    release 80: 26116 genes, 66359 xrefs, 1592 changed (6.7s)
    release 81: 26116 genes, 45174 xrefs, 6515 changed (6.5s)
    release 82: 26116 genes, 45163 xrefs, 1339 changed (5.8s)
    release 83: 26116 genes, 45155 xrefs, 1518 changed (6.4s)
    release 84: 26116 genes, 45120 xrefs, 1795 changed (5.9s)
    release 85: 26116 genes, 42252 xrefs, 3461 changed (5.3s)
    release 86: 26116 genes, 52545 xrefs, 3052 changed (5.6s)
    release 87: 29776 genes, 52169 xrefs, 846 changed (6.0s)
    release 88: 29776 genes, 52142 xrefs, 591 changed (5.6s)
    release 90: 29776 genes, 52142 xrefs, 687 changed (5.3s)
    release 91: 29776 genes, 49447 xrefs, 3163 changed (5.3s)
    release 92: 29776 genes, 46225 xrefs, 5760 changed (5.4s)
    release 93: 29776 genes, 56964 xrefs, 387 changed (5.4s)
    release 94: 29776 genes, 54897 xrefs, 697 changed (5.5s)
    release 95: 29776 genes, 56963 xrefs, 2122 changed (5.6s)
    release 96: 29776 genes, 56183 xrefs, 774 changed (5.6s)
    release 97: 29776 genes, 56189 xrefs, 388 changed (5.5s)
    release 98: 29776 genes, 52918 xrefs, 5353 changed (6.3s)
    release 99: 29776 genes, 58748 xrefs, 7429 changed (6.2s)
    release 100: 26272 genes, 58498 xrefs, 12684 changed (5.1s)
    release 101: 26272 genes, 58438 xrefs, 314 changed (5.9s)
    release 102: 26272 genes, 58394 xrefs, 405 changed (5.7s)
    release 103: 26272 genes, 58409 xrefs, 275 changed (5.6s)
    release 104: 26272 genes, 58495 xrefs, 454 changed (7.5s)
    release 105: 26272 genes, 58674 xrefs, 418 changed (6.0s)
    release 106: 26272 genes, 58676 xrefs, 174 changed (6.2s)
    release 107: 26272 genes, 58938 xrefs, 502 changed (6.0s)
    release 108: 26272 genes, 58926 xrefs, 184 changed (6.3s)
    release 109: 26272 genes, 58926 xrefs, 236 changed (6.1s)
    release 110: 26272 genes, 58926 xrefs, 244 changed (6.1s)
    release 111: 26272 genes, 58910 xrefs, 237 changed (6.2s)
    release 112: 26272 genes, 58918 xrefs, 217 changed (6.2s)
    release 113: 26272 genes, 108033 xrefs, 9562 changed (7.5s)
    release 114: 26272 genes, 108166 xrefs, 1510 changed (7.3s)
    release 115: 26272 genes, 108085 xrefs, 147 changed (6.9s)
  spermophilus_tridecemlineatus: 14 releases, 29262 genes in db
    release 65: 18896 genes, 29373 xrefs, 2097 changed (3.6s)
    release 66: 18896 genes, 29342 xrefs, 547 changed (3.5s)
    release 67: 22398 genes, 15195 xrefs, 653 changed (3.2s)
  pongo_pygmaeus: 8 releases, 29363 genes in db
  mus_spretus_spreteij: 6 releases, 38560 genes in db
    release 86: 38560 genes, 135919 xrefs, 15769 changed (11.8s)
    release 87: 38560 genes, 135919 xrefs, 0 changed (13.5s)
    release 88: 38560 genes, 135919 xrefs, 0 changed (13.3s)
    release 90: 38560 genes, 135919 xrefs, 0 changed (12.4s)
    release 91: 38560 genes, 135919 xrefs, 0 changed (12.6s)
  sarcophilus_harrisii: 52 releases, 32396 genes in db
    release 65: 20456 genes, 13543 xrefs, 12560 changed (2.9s)
    release 66: 20456 genes, 13521 xrefs, 413 changed (3.0s)
    release 67: 20456 genes, 13514 xrefs, 289 changed (3.6s)
    release 68: 20456 genes, 13353 xrefs, 316 changed (3.2s)
    release 69: 20456 genes, 13544 xrefs, 253 changed (3.3s)
    release 70: 20456 genes, 13518 xrefs, 221 changed (3.4s)
    release 71: 20456 genes, 13502 xrefs, 295 changed (3.7s)
    release 72: 20456 genes, 13513 xrefs, 196 changed (3.4s)
    release 73: 20456 genes, 13518 xrefs, 215 changed (3.7s)
    release 74: 20456 genes, 41132 xrefs, 4443 changed (5.9s)
    release 75: 20456 genes, 41152 xrefs, 342 changed (5.5s)
    release 76: 20456 genes, 41156 xrefs, 777 changed (6.0s)
    release 77: 20456 genes, 41134 xrefs, 527 changed (5.6s)
    release 78: 20456 genes, 41153 xrefs, 319 changed (5.7s)
    release 79: 20456 genes, 40448 xrefs, 940 changed (6.4s)
    release 80: 20456 genes, 40447 xrefs, 1429 changed (6.0s)
    release 81: 20456 genes, 40436 xrefs, 1020 changed (6.0s)
    release 82: 20456 genes, 40451 xrefs, 335 changed (7.5s)
    release 83: 20456 genes, 35339 xrefs, 2332 changed (5.8s)
    release 84: 20456 genes, 35371 xrefs, 382 changed (5.5s)
    release 85: 20456 genes, 34333 xrefs, 614 changed (5.7s)
    release 86: 20456 genes, 34318 xrefs, 278 changed (5.5s)
    release 87: 20456 genes, 34064 xrefs, 293 changed (5.7s)
    release 88: 20456 genes, 34066 xrefs, 691 changed (5.8s)
    release 90: 20456 genes, 34048 xrefs, 428 changed (5.8s)
    release 91: 20456 genes, 31445 xrefs, 1777 changed (5.7s)
    release 92: 20456 genes, 23898 xrefs, 1603 changed (5.0s)
    release 93: 20456 genes, 41327 xrefs, 2758 changed (6.2s)
    release 94: 20456 genes, 39902 xrefs, 719 changed (6.6s)
    release 95: 20456 genes, 40148 xrefs, 1906 changed (6.8s)
    release 96: 20456 genes, 40212 xrefs, 299 changed (5.8s)
    release 97: 20456 genes, 40197 xrefs, 254 changed (6.3s)
    release 98: 20456 genes, 42467 xrefs, 1244 changed (6.5s)
    release 99: 20456 genes, 42395 xrefs, 9898 changed (6.6s)
    release 100: 20456 genes, 42414 xrefs, 265 changed (6.2s)
    release 101: 20456 genes, 42299 xrefs, 268 changed (6.2s)
    release 102: 23792 genes, 42124 xrefs, 4366 changed (5.4s)
    release 103: 23792 genes, 42117 xrefs, 259 changed (5.3s)
    release 104: 23792 genes, 42133 xrefs, 339 changed (7.9s)
    release 105: 23792 genes, 42270 xrefs, 265 changed (6.3s)
    release 106: 23792 genes, 42263 xrefs, 114 changed (7.2s)
    release 107: 23792 genes, 42491 xrefs, 360 changed (7.1s)
    release 108: 23829 genes, 71344 xrefs, 1126 changed (7.8s)
    release 109: 23829 genes, 71337 xrefs, 209 changed (7.9s)
    release 110: 23829 genes, 71327 xrefs, 197 changed (7.7s)
    release 111: 23829 genes, 72814 xrefs, 1431 changed (8.8s)
    release 112: 23829 genes, 72795 xrefs, 191 changed (8.0s)
    release 113: 23829 genes, 54213 xrefs, 3618 changed (7.2s)
    release 114: 23829 genes, 79965 xrefs, 4249 changed (8.9s)
    release 115: 23829 genes, 79909 xrefs, 108 changed (8.3s)
  sus_scrofa: 60 releases, 63533 genes in db
    release 65: 20460 genes, 67415 xrefs, 14267 changed (5.4s)
    release 66: 20460 genes, 67426 xrefs, 509 changed (5.3s)
    release 67: 25009 genes, 65316 xrefs, 16176 changed (5.8s)
    release 68: 25009 genes, 65300 xrefs, 563 changed (6.5s)
    release 69: 25322 genes, 128903 xrefs, 11431 changed (8.5s)
    release 70: 25322 genes, 102851 xrefs, 12633 changed (7.8s)
    release 71: 25322 genes, 103658 xrefs, 794 changed (7.5s)
    release 72: 25322 genes, 103760 xrefs, 3748 changed (7.8s)
    release 73: 25322 genes, 99829 xrefs, 11979 changed (8.0s)
    release 74: 25322 genes, 99810 xrefs, 1596 changed (8.3s)
    release 75: 25322 genes, 99813 xrefs, 808 changed (9.1s)
    release 76: 25322 genes, 99852 xrefs, 1343 changed (9.9s)
    release 77: 25322 genes, 99752 xrefs, 1023 changed (9.6s)
    release 78: 25322 genes, 100647 xrefs, 10461 changed (9.2s)
    release 79: 25322 genes, 100552 xrefs, 1973 changed (8.5s)
    release 80: 25322 genes, 100576 xrefs, 835 changed (9.9s)
    release 81: 25322 genes, 100559 xrefs, 1293 changed (10.1s)
    release 82: 25322 genes, 100572 xrefs, 1859 changed (9.7s)
    release 83: 25322 genes, 82043 xrefs, 7937 changed (9.3s)
    release 84: 25322 genes, 82073 xrefs, 2113 changed (8.5s)
    release 85: 25322 genes, 80901 xrefs, 2302 changed (8.8s)
    release 86: 25322 genes, 80876 xrefs, 1029 changed (8.6s)
    release 87: 25322 genes, 80677 xrefs, 603 changed (8.5s)
    release 88: 25322 genes, 80699 xrefs, 591 changed (8.4s)
    release 90: 25880 genes, 78855 xrefs, 10277 changed (8.1s)
    release 91: 25880 genes, 78471 xrefs, 964 changed (8.5s)
    release 92: 25880 genes, 80970 xrefs, 4536 changed (10.3s)
    release 93: 25880 genes, 111886 xrefs, 772 changed (10.0s)
    release 94: 25880 genes, 112557 xrefs, 870 changed (9.9s)
    release 95: 25880 genes, 114354 xrefs, 457 changed (11.8s)
    release 96: 25880 genes, 113998 xrefs, 474 changed (11.8s)
    release 97: 25880 genes, 114000 xrefs, 413 changed (11.0s)
    release 98: 31907 genes, 103364 xrefs, 4465 changed (15.3s)
    release 99: 31907 genes, 116379 xrefs, 12335 changed (16.5s)
    release 100: 31908 genes, 141599 xrefs, 486 changed (12.7s)
    release 101: 31908 genes, 154403 xrefs, 817 changed (12.9s)
    release 102: 31908 genes, 154192 xrefs, 508 changed (12.5s)
    release 103: 31908 genes, 154605 xrefs, 707 changed (11.3s)
    release 104: 31908 genes, 154808 xrefs, 437 changed (14.1s)
    release 105: 31908 genes, 155337 xrefs, 502 changed (11.4s)
    release 106: 31908 genes, 155134 xrefs, 233 changed (12.0s)
    release 107: 35670 genes, 147081 xrefs, 1985 changed (10.4s)
    release 108: 35670 genes, 140168 xrefs, 1502 changed (10.7s)
    release 109: 35670 genes, 140171 xrefs, 220 changed (12.8s)
    release 110: 35670 genes, 162594 xrefs, 1603 changed (13.7s)
    release 111: 35670 genes, 161600 xrefs, 242 changed (11.6s)
    release 112: 35670 genes, 155102 xrefs, 309 changed (11.6s)
    release 113: 35682 genes, 161927 xrefs, 324 changed (11.6s)
    release 114: 35682 genes, 161676 xrefs, 186 changed (12.5s)
    release 115: 35682 genes, 156824 xrefs, 964 changed (11.4s)
  takifugu_rubripes: 62 releases, 33476 genes in db
    release 65: 19388 genes, 18185 xrefs, 15328 changed (3.0s)
    release 66: 19388 genes, 18150 xrefs, 974 changed (3.1s)
    release 67: 19388 genes, 18137 xrefs, 543 changed (3.1s)
    release 68: 19388 genes, 17897 xrefs, 477 changed (3.1s)
    release 69: 19388 genes, 18117 xrefs, 461 changed (3.0s)
    release 70: 19388 genes, 18115 xrefs, 381 changed (3.7s)
    release 71: 19388 genes, 45979 xrefs, 15451 changed (6.0s)
    release 72: 19388 genes, 45982 xrefs, 622 changed (5.4s)
    release 73: 19388 genes, 47521 xrefs, 5044 changed (5.5s)
    release 74: 19388 genes, 47642 xrefs, 1104 changed (6.6s)
    release 75: 19388 genes, 47748 xrefs, 11556 changed (6.6s)
    release 76: 19388 genes, 47560 xrefs, 2955 changed (6.8s)
    release 77: 19388 genes, 47556 xrefs, 1400 changed (6.6s)
    release 78: 19388 genes, 47574 xrefs, 1141 changed (7.0s)
    release 79: 19388 genes, 47574 xrefs, 4876 changed (6.6s)
    release 80: 19388 genes, 47843 xrefs, 8288 changed (6.1s)
    release 81: 19388 genes, 47775 xrefs, 4432 changed (6.5s)
    release 82: 19388 genes, 47792 xrefs, 1759 changed (6.8s)
    release 83: 19388 genes, 42259 xrefs, 11804 changed (7.2s)
    release 84: 19388 genes, 41336 xrefs, 4789 changed (7.0s)
    release 85: 19388 genes, 39882 xrefs, 3781 changed (7.1s)
    release 86: 19388 genes, 40083 xrefs, 1930 changed (6.6s)
    release 87: 19388 genes, 39845 xrefs, 1263 changed (6.1s)
    release 88: 19388 genes, 39691 xrefs, 1772 changed (6.2s)
    release 90: 19388 genes, 39775 xrefs, 1816 changed (6.0s)
    release 91: 19388 genes, 38771 xrefs, 3122 changed (6.2s)
    release 92: 19388 genes, 23634 xrefs, 4469 changed (6.2s)
    release 93: 19388 genes, 55592 xrefs, 2155 changed (6.3s)
    release 94: 21109 genes, 36969 xrefs, 7214 changed (4.7s)
    release 95: 21109 genes, 48960 xrefs, 5260 changed (5.3s)
    release 96: 21109 genes, 62747 xrefs, 1357 changed (5.2s)
    release 97: 21109 genes, 62815 xrefs, 902 changed (5.8s)
    release 98: 21109 genes, 69871 xrefs, 1435 changed (5.0s)
    release 99: 24406 genes, 47311 xrefs, 14315 changed (6.7s)
    release 100: 24406 genes, 47461 xrefs, 1428 changed (7.0s)
    release 101: 24406 genes, 47520 xrefs, 782 changed (7.5s)
    release 102: 24406 genes, 47752 xrefs, 948 changed (7.0s)
    release 103: 24406 genes, 47769 xrefs, 776 changed (7.3s)
    release 104: 24406 genes, 47720 xrefs, 699 changed (10.4s)
    release 105: 24406 genes, 47835 xrefs, 687 changed (7.4s)
    release 106: 24406 genes, 47810 xrefs, 609 changed (7.6s)
    release 107: 24406 genes, 47782 xrefs, 664 changed (7.6s)
    release 108: 24406 genes, 47790 xrefs, 591 changed (7.2s)
    release 109: 24406 genes, 47793 xrefs, 566 changed (7.3s)
    release 110: 24406 genes, 46342 xrefs, 3815 changed (6.9s)
    release 111: 24406 genes, 47807 xrefs, 3884 changed (7.4s)
    release 112: 24406 genes, 46394 xrefs, 3861 changed (7.5s)
    release 113: 24406 genes, 87898 xrefs, 9251 changed (8.8s)
    release 114: 24406 genes, 83496 xrefs, 3992 changed (8.5s)
    release 115: 24406 genes, 83252 xrefs, 487 changed (7.7s)
  equus_asinus_asinus: 15 releases, 22929 genes in db
    release 95: 22929 genes, 15214 xrefs, 14531 changed (3.8s)
    release 96: 22928 genes, 15077 xrefs, 193 changed (3.4s)
    release 97: 22928 genes, 15081 xrefs, 169 changed (3.7s)
    release 98: 22928 genes, 14847 xrefs, 997 changed (3.3s)
    release 99: 22928 genes, 14797 xrefs, 13012 changed (3.5s)
    release 100: 22928 genes, 14818 xrefs, 192 changed (3.6s)
    release 101: 22928 genes, 14780 xrefs, 74 changed (3.1s)
    release 102: 22928 genes, 14607 xrefs, 54 changed (3.4s)
    release 103: 22928 genes, 14622 xrefs, 41 changed (3.0s)
    release 104: 22928 genes, 14666 xrefs, 56 changed (4.9s)
    release 105: 22928 genes, 14901 xrefs, 68 changed (3.7s)
    release 106: 22928 genes, 14912 xrefs, 38 changed (3.6s)
    release 107: 22928 genes, 15241 xrefs, 65 changed (4.2s)
    release 108: 22928 genes, 15226 xrefs, 12 changed (3.8s)
    release 109: 22928 genes, 15226 xrefs, 0 changed (3.7s)
  chlorocebus_sabaeus: 39 releases, 27985 genes in db
    release 77: 27982 genes, 51636 xrefs, 18451 changed (6.8s)
    release 78: 27982 genes, 51654 xrefs, 303 changed (6.8s)
    release 79: 27985 genes, 51622 xrefs, 370 changed (6.5s)
    release 80: 27985 genes, 51626 xrefs, 311 changed (6.7s)
    release 81: 27985 genes, 46461 xrefs, 960 changed (6.6s)
    release 82: 27985 genes, 46473 xrefs, 444 changed (6.1s)
    release 83: 27985 genes, 46432 xrefs, 418 changed (6.4s)
    release 84: 27985 genes, 46452 xrefs, 489 changed (5.6s)
    release 85: 27985 genes, 46056 xrefs, 740 changed (5.9s)
    release 86: 27985 genes, 74061 xrefs, 1728 changed (9.1s)
    release 87: 27985 genes, 73859 xrefs, 475 changed (6.1s)
    release 88: 27985 genes, 73881 xrefs, 511 changed (6.8s)
    release 90: 27985 genes, 73818 xrefs, 651 changed (6.7s)
    release 91: 27985 genes, 74036 xrefs, 1002 changed (6.4s)
    release 92: 27985 genes, 68705 xrefs, 6495 changed (7.1s)
    release 93: 27985 genes, 85050 xrefs, 419 changed (7.3s)
    release 94: 27985 genes, 85209 xrefs, 979 changed (6.5s)
    release 95: 27985 genes, 85218 xrefs, 381 changed (7.1s)
    release 96: 27985 genes, 85047 xrefs, 443 changed (7.1s)
    release 97: 27985 genes, 85073 xrefs, 430 changed (7.4s)
    release 98: 27985 genes, 84919 xrefs, 5505 changed (7.5s)
    release 99: 27985 genes, 73314 xrefs, 15292 changed (6.9s)
    release 100: 27985 genes, 73336 xrefs, 288 changed (6.8s)
    release 101: 27985 genes, 85022 xrefs, 895 changed (7.4s)
    release 102: 27985 genes, 84344 xrefs, 1008 changed (7.1s)
    release 103: 27985 genes, 84351 xrefs, 337 changed (6.0s)
    release 104: 27985 genes, 83976 xrefs, 1280 changed (7.2s)
    release 105: 27985 genes, 83819 xrefs, 3794 changed (6.3s)
    release 106: 27985 genes, 83807 xrefs, 246 changed (6.6s)
    release 107: 27985 genes, 84132 xrefs, 602 changed (6.4s)
    release 108: 27985 genes, 84112 xrefs, 279 changed (6.3s)
    release 109: 27985 genes, 84106 xrefs, 219 changed (6.5s)
    release 110: 27985 genes, 84455 xrefs, 419 changed (6.4s)
    release 111: 27985 genes, 84437 xrefs, 262 changed (7.1s)
    release 112: 27985 genes, 84437 xrefs, 0 changed (6.4s)
    release 113: 27985 genes, 81097 xrefs, 677 changed (6.5s)
    release 114: 27985 genes, 86520 xrefs, 2655 changed (7.1s)
    release 115: 27985 genes, 68142 xrefs, 2245 changed (6.6s)
  hordeum_vulgare_hor7385: 2 releases, 49776 genes in db
    release 61: 49776 genes, 33 xrefs, 0 changed (1.7s)
    release 62: 49776 genes, 281 xrefs, 0 changed (1.7s)
  blumeria_graminis: 43 releases, 15645 genes in db
    release 20: 7073 genes, 14146 xrefs, 0 changed (1.1s)
    release 21: 7073 genes, 14146 xrefs, 0 changed (1.2s)
    release 22: 7073 genes, 14146 xrefs, 0 changed (1.2s)
    release 23: 7073 genes, 14146 xrefs, 0 changed (1.2s)
    release 24: 7431 genes, 14187 xrefs, 262 changed (1.3s)
    release 25: 7431 genes, 14187 xrefs, 0 changed (1.3s)
    release 26: 7431 genes, 14187 xrefs, 0 changed (1.4s)
    release 27: 7431 genes, 14187 xrefs, 0 changed (1.5s)
    release 28: 7431 genes, 14187 xrefs, 0 changed (1.6s)
    release 29: 7431 genes, 14187 xrefs, 0 changed (1.6s)
    release 30: 7431 genes, 14187 xrefs, 0 changed (1.6s)
    release 31: 7431 genes, 14187 xrefs, 0 changed (1.7s)
    release 32: 7431 genes, 14187 xrefs, 0 changed (1.6s)
    release 33: 7431 genes, 14187 xrefs, 0 changed (1.7s)
    release 34: 7431 genes, 14187 xrefs, 0 changed (1.6s)
    release 35: 7431 genes, 7114 xrefs, 0 changed (1.7s)
    release 36: 7431 genes, 7114 xrefs, 0 changed (1.3s)
    release 37: 7986 genes, 7155 xrefs, 0 changed (1.4s)
    release 38: 7986 genes, 7126 xrefs, 0 changed (1.6s)
    release 39: 7659 genes, 40 xrefs, 0 changed (0.9s)
    release 40: 7659 genes, 40 xrefs, 0 changed (0.9s)
    release 41: 7659 genes, 40 xrefs, 0 changed (1.1s)
    release 42: 7659 genes, 40 xrefs, 0 changed (0.9s)
    release 43: 7659 genes, 40 xrefs, 0 changed (0.9s)
    release 44: 7659 genes, 40 xrefs, 0 changed (1.0s)
    release 45: 7659 genes, 40 xrefs, 0 changed (0.8s)
    release 46: 7659 genes, 40 xrefs, 0 changed (1.0s)
    release 47: 7659 genes, 40 xrefs, 0 changed (0.8s)
    release 48: 7659 genes, 40 xrefs, 0 changed (1.0s)
    release 49: 7659 genes, 40 xrefs, 0 changed (0.7s)
    release 50: 7659 genes, 40 xrefs, 0 changed (0.9s)
    release 51: 7659 genes, 40 xrefs, 0 changed (1.3s)
    release 52: 7659 genes, 40 xrefs, 0 changed (1.1s)
    release 53: 7659 genes, 40 xrefs, 0 changed (1.1s)
    release 54: 7659 genes, 40 xrefs, 0 changed (1.1s)
    release 55: 7659 genes, 40 xrefs, 0 changed (1.0s)
    release 56: 7659 genes, 40 xrefs, 0 changed (1.2s)
    release 57: 7659 genes, 40 xrefs, 0 changed (1.2s)
    release 58: 7659 genes, 40 xrefs, 0 changed (1.2s)
    release 59: 7659 genes, 40 xrefs, 0 changed (1.1s)
    release 60: 7659 genes, 40 xrefs, 0 changed (1.2s)
    release 61: 7659 genes, 40 xrefs, 0 changed (1.5s)
    release 62: 7659 genes, 40 xrefs, 0 changed (1.1s)
  colletotrichum_higginsianum: 40 releases, 17264 genes in db
    release 23: 16598 genes, 24464 xrefs, 7 changed (2.5s)
    release 24: 16811 genes, 24508 xrefs, 165 changed (2.7s)
    release 25: 16811 genes, 24508 xrefs, 0 changed (2.6s)
    release 26: 16811 genes, 24508 xrefs, 0 changed (2.6s)
    release 27: 16811 genes, 24508 xrefs, 0 changed (2.7s)
    release 28: 16811 genes, 24508 xrefs, 0 changed (2.5s)
    release 29: 16811 genes, 24508 xrefs, 0 changed (2.9s)
    release 30: 16811 genes, 24508 xrefs, 0 changed (2.8s)
    release 31: 16811 genes, 24508 xrefs, 0 changed (2.7s)
    release 32: 16811 genes, 24508 xrefs, 0 changed (2.8s)
    release 33: 16811 genes, 24508 xrefs, 0 changed (2.6s)
    release 34: 16811 genes, 24508 xrefs, 0 changed (2.7s)
    release 35: 16811 genes, 24508 xrefs, 0 changed (3.1s)
    release 36: 16811 genes, 24508 xrefs, 0 changed (2.6s)
    release 37: 17261 genes, 24523 xrefs, 0 changed (2.7s)
    release 38: 17261 genes, 24523 xrefs, 0 changed (2.7s)
    release 39: 17261 genes, 24523 xrefs, 0 changed (3.0s)
    release 40: 17261 genes, 24523 xrefs, 0 changed (2.7s)
    release 41: 17261 genes, 24523 xrefs, 0 changed (2.9s)
    release 42: 17261 genes, 24523 xrefs, 0 changed (2.9s)
    release 43: 17261 genes, 24523 xrefs, 0 changed (2.8s)
    release 44: 17261 genes, 24523 xrefs, 0 changed (2.9s)
    release 45: 17261 genes, 24523 xrefs, 0 changed (2.8s)
    release 46: 17261 genes, 24523 xrefs, 0 changed (2.8s)
    release 47: 17261 genes, 24523 xrefs, 0 changed (2.7s)
    release 48: 17261 genes, 24523 xrefs, 0 changed (2.7s)
    release 49: 17261 genes, 24523 xrefs, 0 changed (2.8s)
    release 50: 17261 genes, 24523 xrefs, 0 changed (2.7s)
    release 51: 17261 genes, 24523 xrefs, 0 changed (3.4s)
    release 52: 17261 genes, 24523 xrefs, 0 changed (2.7s)
    release 53: 17261 genes, 24523 xrefs, 0 changed (2.6s)
    release 54: 17261 genes, 24523 xrefs, 0 changed (2.6s)
    release 55: 17261 genes, 24523 xrefs, 0 changed (2.8s)
    release 56: 17261 genes, 24523 xrefs, 0 changed (2.7s)
    release 57: 17261 genes, 24523 xrefs, 0 changed (2.7s)
    release 58: 17261 genes, 24523 xrefs, 0 changed (2.8s)
    release 59: 17261 genes, 24523 xrefs, 0 changed (2.8s)
    release 60: 17261 genes, 24523 xrefs, 0 changed (3.0s)
    release 61: 17261 genes, 24523 xrefs, 0 changed (2.8s)
    release 62: 17261 genes, 24523 xrefs, 0 changed (3.2s)
  colletotrichum_orbiculare: 40 releases, 14439 genes in db
    release 23: 13930 genes, 20661 xrefs, 516 changed (2.2s)
    release 24: 13910 genes, 20661 xrefs, 0 changed (2.1s)
    release 25: 13910 genes, 20661 xrefs, 0 changed (2.3s)
    release 26: 13910 genes, 20661 xrefs, 0 changed (2.4s)
    release 27: 13910 genes, 20661 xrefs, 0 changed (2.7s)
    release 28: 13910 genes, 20661 xrefs, 0 changed (2.9s)
    release 29: 13910 genes, 20661 xrefs, 0 changed (2.4s)
    release 30: 13910 genes, 20661 xrefs, 0 changed (2.6s)
    release 31: 13910 genes, 20661 xrefs, 0 changed (2.7s)
    release 32: 13910 genes, 20661 xrefs, 0 changed (2.7s)
    release 33: 13910 genes, 20661 xrefs, 0 changed (2.5s)
    release 34: 13910 genes, 20661 xrefs, 0 changed (2.6s)
    release 35: 13910 genes, 20661 xrefs, 0 changed (2.7s)
    release 36: 13910 genes, 20661 xrefs, 0 changed (2.8s)
    release 37: 14419 genes, 20708 xrefs, 0 changed (2.8s)
    release 38: 14419 genes, 20666 xrefs, 0 changed (3.0s)
    release 39: 14419 genes, 20666 xrefs, 0 changed (2.9s)
    release 40: 14419 genes, 20666 xrefs, 0 changed (2.8s)
    release 41: 14419 genes, 20666 xrefs, 0 changed (2.8s)
    release 42: 14419 genes, 20666 xrefs, 0 changed (2.7s)
    release 43: 14419 genes, 20666 xrefs, 0 changed (2.8s)
    release 44: 14419 genes, 20666 xrefs, 0 changed (2.8s)
    release 45: 14419 genes, 20666 xrefs, 0 changed (2.7s)
    release 46: 14419 genes, 20666 xrefs, 0 changed (2.5s)
    release 47: 14419 genes, 20666 xrefs, 0 changed (2.3s)
    release 48: 14419 genes, 20666 xrefs, 0 changed (2.5s)
    release 49: 14419 genes, 20666 xrefs, 0 changed (2.4s)
    release 50: 14419 genes, 20666 xrefs, 0 changed (2.4s)
    release 51: 14419 genes, 20666 xrefs, 0 changed (3.0s)
    release 52: 14419 genes, 20666 xrefs, 0 changed (2.5s)
    release 53: 14419 genes, 20666 xrefs, 0 changed (2.6s)
    release 54: 14419 genes, 20666 xrefs, 0 changed (2.5s)
    release 55: 14419 genes, 20666 xrefs, 0 changed (2.6s)
    release 56: 14419 genes, 20666 xrefs, 0 changed (2.5s)
    release 57: 14419 genes, 20666 xrefs, 0 changed (2.5s)
    release 58: 14419 genes, 20666 xrefs, 0 changed (2.4s)
    release 59: 14419 genes, 20666 xrefs, 0 changed (2.5s)
    release 60: 14419 genes, 20666 xrefs, 0 changed (2.6s)
    release 61: 14419 genes, 20666 xrefs, 0 changed (2.6s)
    release 62: 14419 genes, 20666 xrefs, 0 changed (2.5s)
  komagataella_pastoris: 46 releases, 5392 genes in db
    release 17: 5228 genes, 13351 xrefs, 5180 changed (1.0s)
    release 18: 5228 genes, 13351 xrefs, 0 changed (1.0s)
    release 19: 5228 genes, 13351 xrefs, 0 changed (0.8s)
    release 20: 5228 genes, 13351 xrefs, 0 changed (0.9s)
    release 21: 5228 genes, 13351 xrefs, 0 changed (0.9s)
    release 22: 5228 genes, 13351 xrefs, 0 changed (1.2s)
    release 23: 5228 genes, 13351 xrefs, 0 changed (1.2s)
    release 24: 5228 genes, 13351 xrefs, 0 changed (1.3s)
    release 25: 5228 genes, 13351 xrefs, 0 changed (1.4s)
    release 26: 5228 genes, 13351 xrefs, 0 changed (1.4s)
    release 27: 5228 genes, 13351 xrefs, 0 changed (1.6s)
    release 28: 5228 genes, 13351 xrefs, 0 changed (1.7s)
    release 29: 5228 genes, 13351 xrefs, 0 changed (1.6s)
    release 30: 5228 genes, 13351 xrefs, 0 changed (1.8s)
    release 31: 5228 genes, 13351 xrefs, 0 changed (1.6s)
    release 32: 5228 genes, 13351 xrefs, 0 changed (1.8s)
    release 33: 5228 genes, 13351 xrefs, 0 changed (1.6s)
    release 34: 5228 genes, 13351 xrefs, 0 changed (1.5s)
    release 35: 5228 genes, 8311 xrefs, 0 changed (1.5s)
    release 36: 5228 genes, 8311 xrefs, 0 changed (1.4s)
    release 37: 5392 genes, 8361 xrefs, 0 changed (1.6s)
    release 38: 5392 genes, 8317 xrefs, 0 changed (1.6s)
    release 39: 5392 genes, 8317 xrefs, 0 changed (1.7s)
    release 40: 5392 genes, 8317 xrefs, 0 changed (1.5s)
    release 41: 5392 genes, 8317 xrefs, 0 changed (1.7s)
    release 42: 5392 genes, 8317 xrefs, 0 changed (1.5s)
    release 43: 5392 genes, 8317 xrefs, 0 changed (1.5s)
    release 44: 5392 genes, 8317 xrefs, 0 changed (1.7s)
    release 45: 5392 genes, 8317 xrefs, 0 changed (1.5s)
    release 46: 5392 genes, 8317 xrefs, 0 changed (1.5s)
    release 47: 5392 genes, 8317 xrefs, 0 changed (1.5s)
    release 48: 5392 genes, 8317 xrefs, 0 changed (1.4s)
    release 49: 5392 genes, 8317 xrefs, 0 changed (1.5s)
    release 50: 5392 genes, 8317 xrefs, 0 changed (1.3s)
    release 51: 5392 genes, 8317 xrefs, 0 changed (1.5s)
    release 52: 5392 genes, 13354 xrefs, 5037 changed (1.8s)
    release 53: 5392 genes, 13354 xrefs, 0 changed (1.8s)
    release 54: 5392 genes, 13354 xrefs, 0 changed (1.7s)
    release 55: 5392 genes, 13354 xrefs, 0 changed (2.0s)
    release 56: 5392 genes, 13354 xrefs, 0 changed (2.0s)
    release 57: 5392 genes, 13354 xrefs, 0 changed (1.8s)
    release 58: 5392 genes, 13354 xrefs, 0 changed (1.7s)
    release 59: 5392 genes, 13354 xrefs, 0 changed (1.8s)
    release 60: 5392 genes, 13354 xrefs, 0 changed (1.7s)
    release 61: 5392 genes, 13354 xrefs, 0 changed (1.7s)
    release 62: 5392 genes, 13354 xrefs, 0 changed (1.7s)
  colletotrichum_gloeosporioides: 26 releases, 16419 genes in db
    release 37: 16419 genes, 24190 xrefs, 0 changed (2.5s)
    release 38: 16419 genes, 24190 xrefs, 0 changed (2.7s)
    release 39: 16419 genes, 24190 xrefs, 0 changed (2.8s)
    release 40: 16419 genes, 24190 xrefs, 0 changed (2.6s)
    release 41: 16419 genes, 24190 xrefs, 0 changed (2.7s)
    release 42: 16419 genes, 24190 xrefs, 0 changed (2.6s)
    release 43: 16419 genes, 24190 xrefs, 0 changed (2.7s)
    release 44: 16419 genes, 24190 xrefs, 0 changed (2.6s)
    release 45: 16419 genes, 24190 xrefs, 0 changed (2.5s)
    release 46: 16419 genes, 24190 xrefs, 0 changed (2.4s)
    release 47: 16419 genes, 24190 xrefs, 0 changed (2.5s)
    release 48: 16419 genes, 24190 xrefs, 0 changed (2.4s)
    release 49: 16419 genes, 24190 xrefs, 0 changed (2.6s)
    release 50: 16419 genes, 24190 xrefs, 0 changed (2.5s)
    release 51: 16419 genes, 24190 xrefs, 0 changed (3.5s)
    release 52: 16419 genes, 24190 xrefs, 0 changed (2.9s)
    release 53: 16419 genes, 24190 xrefs, 0 changed (2.8s)
    release 54: 16419 genes, 24190 xrefs, 0 changed (2.8s)
    release 55: 16419 genes, 24190 xrefs, 0 changed (2.9s)
    release 56: 16419 genes, 24190 xrefs, 0 changed (3.1s)
    release 57: 16419 genes, 24190 xrefs, 0 changed (3.1s)
    release 58: 16419 genes, 24190 xrefs, 0 changed (2.8s)
    release 59: 16419 genes, 24190 xrefs, 0 changed (3.1s)
    release 60: 16419 genes, 24190 xrefs, 0 changed (3.2s)
    release 61: 16419 genes, 24190 xrefs, 0 changed (3.1s)
    release 62: 16419 genes, 24190 xrefs, 0 changed (3.6s)
  colletotrichum_graminicola: 38 releases, 12511 genes in db
    release 25: 12435 genes, 30469 xrefs, 12392 changed (2.3s)
    release 26: 12435 genes, 30469 xrefs, 0 changed (2.3s)
    release 27: 12435 genes, 30469 xrefs, 0 changed (2.5s)
    release 28: 12435 genes, 30469 xrefs, 0 changed (2.3s)
    release 29: 12435 genes, 30469 xrefs, 0 changed (2.4s)
    release 30: 12435 genes, 30469 xrefs, 0 changed (2.4s)
    release 31: 12435 genes, 30469 xrefs, 0 changed (2.4s)
    release 32: 12435 genes, 30469 xrefs, 0 changed (2.4s)
    release 33: 12435 genes, 30469 xrefs, 0 changed (2.5s)
    release 34: 12435 genes, 30469 xrefs, 0 changed (2.3s)
    release 35: 12435 genes, 18449 xrefs, 0 changed (2.4s)
    release 36: 12435 genes, 18449 xrefs, 0 changed (2.3s)
    release 37: 12511 genes, 18468 xrefs, 0 changed (2.3s)
    release 38: 12511 genes, 18454 xrefs, 0 changed (2.3s)
    release 39: 12511 genes, 18454 xrefs, 0 changed (2.5s)
    release 40: 12511 genes, 18454 xrefs, 0 changed (2.4s)
    release 41: 12511 genes, 18454 xrefs, 0 changed (2.4s)
    release 42: 12511 genes, 18454 xrefs, 0 changed (2.2s)
    release 43: 12511 genes, 18454 xrefs, 0 changed (2.2s)
    release 44: 12511 genes, 18454 xrefs, 0 changed (2.3s)
    release 45: 12511 genes, 18454 xrefs, 0 changed (2.2s)
    release 46: 12511 genes, 18454 xrefs, 0 changed (2.2s)
    release 47: 12511 genes, 18454 xrefs, 0 changed (2.1s)
    release 48: 12511 genes, 18454 xrefs, 0 changed (2.1s)
    release 49: 12511 genes, 18454 xrefs, 0 changed (2.3s)
    release 50: 12511 genes, 18454 xrefs, 0 changed (2.2s)
    release 51: 12511 genes, 18454 xrefs, 0 changed (2.8s)
    release 52: 12511 genes, 30474 xrefs, 12020 changed (2.9s)
    release 53: 12511 genes, 30474 xrefs, 0 changed (2.8s)
    release 54: 12511 genes, 30474 xrefs, 0 changed (2.7s)
    release 55: 12511 genes, 30474 xrefs, 0 changed (2.7s)
    release 56: 12511 genes, 30474 xrefs, 0 changed (2.6s)
    release 57: 12511 genes, 30474 xrefs, 0 changed (2.9s)
    release 58: 12511 genes, 30474 xrefs, 0 changed (2.8s)
    release 59: 12511 genes, 30474 xrefs, 0 changed (2.8s)
    release 60: 12511 genes, 30474 xrefs, 0 changed (2.9s)
    release 61: 12511 genes, 30474 xrefs, 0 changed (2.9s)
    release 62: 12511 genes, 30474 xrefs, 0 changed (3.2s)
  dothistroma_septosporum: 40 releases, 12622 genes in db
    release 23: 12518 genes, 18335 xrefs, 29 changed (1.7s)
    release 24: 12518 genes, 18337 xrefs, 13 changed (2.0s)
    release 25: 12518 genes, 18337 xrefs, 0 changed (2.0s)
    release 26: 12518 genes, 18337 xrefs, 0 changed (2.1s)
    release 27: 12518 genes, 18337 xrefs, 0 changed (2.5s)
    release 28: 12518 genes, 18337 xrefs, 0 changed (2.1s)
    release 29: 12518 genes, 18337 xrefs, 0 changed (2.1s)
    release 30: 12518 genes, 18337 xrefs, 0 changed (2.1s)
    release 31: 12518 genes, 18337 xrefs, 0 changed (2.1s)
    release 32: 12518 genes, 18337 xrefs, 0 changed (2.2s)
    release 33: 12518 genes, 18337 xrefs, 0 changed (2.2s)
    release 34: 12518 genes, 18337 xrefs, 0 changed (2.2s)
    release 35: 12518 genes, 18337 xrefs, 0 changed (2.1s)
    release 36: 12518 genes, 18337 xrefs, 0 changed (2.0s)
    release 37: 12574 genes, 18368 xrefs, 0 changed (2.1s)
    release 38: 12574 genes, 18347 xrefs, 0 changed (2.0s)
    release 39: 12574 genes, 18347 xrefs, 0 changed (2.2s)
    release 40: 12574 genes, 18347 xrefs, 0 changed (2.1s)
    release 41: 12574 genes, 18347 xrefs, 0 changed (2.3s)
    release 42: 12574 genes, 18347 xrefs, 0 changed (2.0s)
    release 43: 12574 genes, 18347 xrefs, 0 changed (2.0s)
    release 44: 12574 genes, 18347 xrefs, 0 changed (2.1s)
    release 45: 12574 genes, 18347 xrefs, 0 changed (1.9s)
    release 46: 12574 genes, 18347 xrefs, 0 changed (1.9s)
    release 47: 12574 genes, 18347 xrefs, 0 changed (2.0s)
    release 48: 12574 genes, 18347 xrefs, 0 changed (2.0s)
    release 49: 12574 genes, 18347 xrefs, 0 changed (2.0s)
    release 50: 12574 genes, 18347 xrefs, 0 changed (1.9s)
    release 51: 12574 genes, 18347 xrefs, 0 changed (3.0s)
    release 52: 12574 genes, 18347 xrefs, 0 changed (3.8s)
    release 53: 12574 genes, 18347 xrefs, 0 changed (3.4s)
    release 54: 12574 genes, 18347 xrefs, 0 changed (3.5s)
    release 55: 12574 genes, 18347 xrefs, 0 changed (2.2s)
    release 56: 12574 genes, 18347 xrefs, 0 changed (2.3s)
    release 57: 12574 genes, 18347 xrefs, 0 changed (2.3s)
    release 58: 12574 genes, 18347 xrefs, 0 changed (2.3s)
    release 59: 12574 genes, 18347 xrefs, 0 changed (2.1s)
    release 60: 12574 genes, 18347 xrefs, 0 changed (2.3s)
    release 61: 12574 genes, 18347 xrefs, 0 changed (2.5s)
    release 62: 12574 genes, 18347 xrefs, 0 changed (2.5s)
  fusarium_culmorum: 26 releases, 12842 genes in db
    release 37: 12842 genes, 46 xrefs, 0 changed (0.6s)
    release 38: 12842 genes, 46 xrefs, 0 changed (0.8s)
    release 39: 12842 genes, 46 xrefs, 0 changed (0.9s)
    release 40: 12842 genes, 46 xrefs, 0 changed (0.7s)
    release 41: 12842 genes, 46 xrefs, 0 changed (1.0s)
    release 42: 12842 genes, 46 xrefs, 0 changed (0.8s)
    release 43: 12842 genes, 46 xrefs, 0 changed (0.8s)
    release 44: 12842 genes, 46 xrefs, 0 changed (0.8s)
    release 45: 12842 genes, 46 xrefs, 0 changed (0.9s)
    release 46: 12842 genes, 46 xrefs, 0 changed (0.8s)
    release 47: 12842 genes, 46 xrefs, 0 changed (0.7s)
    release 48: 12842 genes, 46 xrefs, 0 changed (0.8s)
    release 49: 12842 genes, 46 xrefs, 0 changed (0.8s)
    release 50: 12842 genes, 46 xrefs, 0 changed (0.8s)
    release 51: 12842 genes, 46 xrefs, 0 changed (1.2s)
    release 52: 12842 genes, 46 xrefs, 0 changed (1.1s)
    release 53: 12842 genes, 46 xrefs, 0 changed (0.9s)
    release 54: 12842 genes, 46 xrefs, 0 changed (1.0s)
    release 55: 12842 genes, 46 xrefs, 0 changed (1.0s)
    release 56: 12842 genes, 46 xrefs, 0 changed (1.0s)
    release 57: 12842 genes, 46 xrefs, 0 changed (1.0s)
    release 58: 12842 genes, 46 xrefs, 0 changed (1.1s)
    release 59: 12842 genes, 46 xrefs, 0 changed (1.0s)
    release 60: 12842 genes, 46 xrefs, 0 changed (1.1s)
    release 61: 12842 genes, 46 xrefs, 0 changed (1.2s)
    release 62: 12842 genes, 46 xrefs, 0 changed (0.9s)
  fusarium_graminearum: 38 releases, 45521 genes in db
    release 25: 16001 genes, 72684 xrefs, 703 changed (3.6s)
    release 26: 16001 genes, 72684 xrefs, 0 changed (3.7s)
    release 27: 16001 genes, 72684 xrefs, 0 changed (4.0s)
    release 28: 16001 genes, 72684 xrefs, 0 changed (3.9s)
    release 29: 16001 genes, 72684 xrefs, 0 changed (4.2s)
    release 30: 16001 genes, 72684 xrefs, 0 changed (3.9s)
    release 31: 16001 genes, 72684 xrefs, 0 changed (3.9s)
    release 32: 16001 genes, 72684 xrefs, 0 changed (4.0s)
    release 33: 16001 genes, 72684 xrefs, 0 changed (4.1s)
    release 34: 16001 genes, 72684 xrefs, 0 changed (3.9s)
    release 35: 14145 genes, 20829 xrefs, 0 changed (2.1s)
    release 36: 14145 genes, 20829 xrefs, 0 changed (1.7s)
    release 37: 14898 genes, 89 xrefs, 0 changed (0.8s)
    release 38: 14898 genes, 89 xrefs, 0 changed (1.1s)
    release 39: 14898 genes, 89 xrefs, 0 changed (1.2s)
    release 40: 14898 genes, 89 xrefs, 0 changed (1.0s)
    release 41: 14898 genes, 89 xrefs, 0 changed (1.0s)
    release 42: 14898 genes, 89 xrefs, 0 changed (1.0s)
    release 43: 14898 genes, 89 xrefs, 0 changed (0.9s)
    release 44: 14898 genes, 89 xrefs, 0 changed (1.0s)
    release 45: 14898 genes, 89 xrefs, 0 changed (0.9s)
    release 46: 14898 genes, 89 xrefs, 0 changed (1.0s)
    release 47: 14898 genes, 89 xrefs, 0 changed (0.9s)
    release 48: 14898 genes, 89 xrefs, 0 changed (0.9s)
    release 49: 14898 genes, 89 xrefs, 0 changed (1.0s)
    release 50: 14898 genes, 89 xrefs, 0 changed (1.0s)
    release 51: 14898 genes, 89 xrefs, 0 changed (1.5s)
    release 52: 14898 genes, 89 xrefs, 0 changed (1.2s)
    release 53: 14898 genes, 89 xrefs, 0 changed (1.2s)
    release 54: 14898 genes, 89 xrefs, 0 changed (1.1s)
    release 55: 14898 genes, 89 xrefs, 0 changed (1.2s)
    release 56: 14898 genes, 89 xrefs, 0 changed (1.4s)
    release 57: 14898 genes, 89 xrefs, 0 changed (1.3s)
    release 58: 14898 genes, 89 xrefs, 0 changed (1.3s)
    release 59: 14898 genes, 89 xrefs, 0 changed (1.4s)
    release 60: 14898 genes, 89 xrefs, 0 changed (1.9s)
    release 61: 14484 genes, 9451 xrefs, 4 changed (1.8s)
    release 62: 14484 genes, 9451 xrefs, 0 changed (2.0s)
  fusarium_oxysporum: 54 releases, 18529 genes in db
    release 12: 18066 genes, 17829 xrefs, 9273 changed (1.4s)
    release 13: 18066 genes, 17829 xrefs, 0 changed (1.3s)
    release 14: 18066 genes, 17829 xrefs, 0 changed (1.3s)
    release 15: 18066 genes, 17829 xrefs, 0 changed (1.3s)
    release 16: 18066 genes, 17829 xrefs, 0 changed (1.3s)
    release 17: 18066 genes, 17829 xrefs, 0 changed (1.4s)
    release 18: 18066 genes, 17829 xrefs, 0 changed (1.6s)
    release 19: 18066 genes, 17829 xrefs, 0 changed (1.3s)
    release 20: 18066 genes, 17829 xrefs, 0 changed (1.4s)
    release 21: 18066 genes, 17829 xrefs, 0 changed (1.4s)
    release 22: 18066 genes, 17829 xrefs, 0 changed (1.8s)
    release 23: 18066 genes, 17829 xrefs, 0 changed (1.6s)
    release 24: 18066 genes, 17829 xrefs, 0 changed (1.7s)
    release 25: 18066 genes, 17829 xrefs, 0 changed (2.0s)
    release 26: 18066 genes, 17829 xrefs, 0 changed (1.9s)
    release 27: 18066 genes, 17829 xrefs, 0 changed (2.0s)
    release 28: 18066 genes, 17829 xrefs, 0 changed (1.9s)
    release 29: 18066 genes, 17829 xrefs, 0 changed (1.9s)
    release 30: 18066 genes, 17829 xrefs, 0 changed (1.8s)
    release 31: 18066 genes, 17829 xrefs, 0 changed (1.8s)
    release 32: 18066 genes, 17829 xrefs, 0 changed (2.0s)
    release 33: 18066 genes, 17829 xrefs, 0 changed (2.2s)
    release 34: 18066 genes, 17829 xrefs, 0 changed (2.0s)
    release 35: 18066 genes, 17829 xrefs, 0 changed (1.8s)
    release 36: 18066 genes, 17829 xrefs, 0 changed (1.7s)
    release 37: 18529 genes, 17876 xrefs, 0 changed (1.6s)
    release 38: 18529 genes, 17876 xrefs, 0 changed (1.9s)
    release 39: 18529 genes, 17876 xrefs, 0 changed (1.8s)
    release 40: 18529 genes, 17876 xrefs, 0 changed (1.8s)
    release 41: 18529 genes, 17876 xrefs, 0 changed (1.9s)
    release 42: 18529 genes, 17876 xrefs, 0 changed (1.8s)
    release 43: 18529 genes, 17876 xrefs, 0 changed (1.8s)
    release 44: 18529 genes, 17876 xrefs, 0 changed (1.9s)
    release 45: 18529 genes, 17876 xrefs, 0 changed (1.8s)
    release 46: 18529 genes, 17876 xrefs, 0 changed (1.9s)
    release 47: 18529 genes, 17876 xrefs, 0 changed (1.9s)
    release 48: 18529 genes, 17876 xrefs, 0 changed (1.8s)
    release 49: 18529 genes, 17876 xrefs, 0 changed (1.8s)
    release 50: 18529 genes, 17876 xrefs, 0 changed (1.8s)
    release 51: 18529 genes, 17876 xrefs, 0 changed (2.6s)
    release 52: 18206 genes, 26710 xrefs, 8944 changed (2.2s)
    release 53: 18206 genes, 26710 xrefs, 0 changed (2.2s)
    release 54: 18206 genes, 26710 xrefs, 0 changed (2.2s)
    release 55: 18206 genes, 26710 xrefs, 0 changed (2.2s)
    release 56: 18206 genes, 26710 xrefs, 0 changed (2.2s)
    release 57: 18206 genes, 26710 xrefs, 0 changed (2.3s)
    release 58: 18206 genes, 26710 xrefs, 0 changed (2.4s)
    release 59: 18206 genes, 26710 xrefs, 0 changed (2.2s)
    release 60: 18206 genes, 26710 xrefs, 0 changed (2.5s)
    release 61: 18206 genes, 26710 xrefs, 0 changed (2.6s)
    release 62: 18206 genes, 26710 xrefs, 0 changed (2.7s)
  fusarium_solani: 38 releases, 16464 genes in db
    release 25: 16092 genes, 47404 xrefs, 420 changed (3.4s)
    release 26: 16092 genes, 47404 xrefs, 0 changed (3.3s)
    release 27: 16092 genes, 47404 xrefs, 0 changed (3.2s)
    release 28: 16092 genes, 47404 xrefs, 0 changed (3.4s)
    release 29: 16092 genes, 47404 xrefs, 0 changed (3.2s)
    release 30: 16092 genes, 47404 xrefs, 0 changed (3.2s)
    release 31: 16092 genes, 47404 xrefs, 0 changed (3.2s)
    release 32: 16092 genes, 47404 xrefs, 0 changed (3.5s)
    release 33: 16092 genes, 47404 xrefs, 0 changed (3.8s)
    release 34: 16092 genes, 47404 xrefs, 0 changed (3.3s)
    release 35: 16092 genes, 47404 xrefs, 0 changed (3.3s)
    release 36: 16092 genes, 47404 xrefs, 0 changed (2.9s)
    release 37: 16464 genes, 47450 xrefs, 0 changed (3.2s)
    release 38: 16464 genes, 47450 xrefs, 0 changed (3.2s)
    release 39: 16464 genes, 47450 xrefs, 0 changed (3.4s)
    release 40: 16464 genes, 47450 xrefs, 0 changed (3.3s)
    release 41: 16464 genes, 47450 xrefs, 0 changed (3.3s)
    release 42: 16464 genes, 47450 xrefs, 0 changed (3.5s)
    release 43: 16464 genes, 47450 xrefs, 0 changed (3.4s)
    release 44: 16464 genes, 47450 xrefs, 0 changed (3.3s)
    release 45: 16464 genes, 47450 xrefs, 0 changed (3.3s)
    release 46: 16464 genes, 47450 xrefs, 0 changed (3.1s)
    release 47: 16464 genes, 47450 xrefs, 0 changed (3.3s)
    release 48: 16464 genes, 47450 xrefs, 0 changed (3.1s)
    release 49: 16464 genes, 47450 xrefs, 0 changed (3.5s)
    release 50: 16464 genes, 47450 xrefs, 0 changed (3.1s)
    release 51: 16464 genes, 47450 xrefs, 0 changed (4.2s)
    release 52: 16163 genes, 47418 xrefs, 32 changed (3.6s)
    release 53: 16163 genes, 47418 xrefs, 0 changed (3.8s)
    release 54: 16163 genes, 47418 xrefs, 0 changed (3.8s)
    release 55: 16163 genes, 47418 xrefs, 0 changed (3.7s)
    release 56: 16163 genes, 47418 xrefs, 0 changed (3.7s)
    release 57: 16163 genes, 47418 xrefs, 0 changed (3.8s)
    release 58: 16163 genes, 47418 xrefs, 0 changed (3.8s)
    release 59: 16163 genes, 47418 xrefs, 0 changed (3.7s)
    release 60: 16163 genes, 47418 xrefs, 0 changed (4.0s)
    release 61: 16163 genes, 47418 xrefs, 0 changed (3.8s)
    release 62: 16163 genes, 47418 xrefs, 0 changed (4.2s)
  fusarium_verticillioides: 38 releases, 15020 genes in db
    release 25: 14602 genes, 14317 xrefs, 7758 changed (1.9s)
    release 26: 14602 genes, 14317 xrefs, 0 changed (1.7s)
    release 27: 14602 genes, 14317 xrefs, 0 changed (1.8s)
    release 28: 14602 genes, 14317 xrefs, 0 changed (1.7s)
    release 29: 14602 genes, 14317 xrefs, 0 changed (1.8s)
    release 30: 14602 genes, 14317 xrefs, 0 changed (1.9s)
    release 31: 14602 genes, 14317 xrefs, 0 changed (2.0s)
    release 32: 14602 genes, 14317 xrefs, 0 changed (1.9s)
    release 33: 14602 genes, 14317 xrefs, 0 changed (1.9s)
    release 34: 14602 genes, 14317 xrefs, 0 changed (1.9s)
    release 35: 14602 genes, 14317 xrefs, 0 changed (1.8s)
    release 36: 14602 genes, 14317 xrefs, 0 changed (1.6s)
    release 37: 15020 genes, 14367 xrefs, 0 changed (1.5s)
    release 38: 15020 genes, 14367 xrefs, 0 changed (1.6s)
    release 39: 15020 genes, 14367 xrefs, 0 changed (1.9s)
    release 40: 15020 genes, 14367 xrefs, 0 changed (1.6s)
    release 41: 15020 genes, 14367 xrefs, 0 changed (1.7s)
    release 42: 15020 genes, 14367 xrefs, 0 changed (1.8s)
    release 43: 15020 genes, 14367 xrefs, 0 changed (1.7s)
    release 44: 15020 genes, 14367 xrefs, 0 changed (1.8s)
    release 45: 15020 genes, 14367 xrefs, 0 changed (1.7s)
    release 46: 15020 genes, 14367 xrefs, 0 changed (1.7s)
    release 47: 15020 genes, 14367 xrefs, 0 changed (1.8s)
    release 48: 15020 genes, 14367 xrefs, 0 changed (1.6s)
    release 49: 15020 genes, 14367 xrefs, 0 changed (1.8s)
    release 50: 15020 genes, 14367 xrefs, 0 changed (1.7s)
    release 51: 15020 genes, 14367 xrefs, 0 changed (2.6s)
    release 52: 14697 genes, 21691 xrefs, 7356 changed (2.3s)
    release 53: 14697 genes, 21691 xrefs, 0 changed (2.0s)
    release 54: 14697 genes, 21691 xrefs, 0 changed (1.9s)
    release 55: 14697 genes, 21691 xrefs, 0 changed (1.9s)
    release 56: 14697 genes, 21691 xrefs, 0 changed (2.0s)
    release 57: 14697 genes, 21691 xrefs, 0 changed (1.9s)
    release 58: 14697 genes, 21691 xrefs, 0 changed (1.9s)
    release 59: 14697 genes, 21691 xrefs, 0 changed (2.0s)
    release 60: 14697 genes, 21691 xrefs, 0 changed (2.1s)
    release 61: 14697 genes, 21691 xrefs, 0 changed (2.6s)
    release 62: 14697 genes, 21691 xrefs, 0 changed (2.3s)
  magnaporthe_poae: 50 releases, 12594 genes in db
    release 13: 12389 genes, 22466 xrefs, 193 changed (1.1s)
    release 14: 12389 genes, 22466 xrefs, 0 changed (1.3s)
    release 15: 12389 genes, 22466 xrefs, 0 changed (1.3s)
    release 16: 12389 genes, 22466 xrefs, 0 changed (1.1s)
    release 17: 12389 genes, 22466 xrefs, 0 changed (1.1s)
    release 18: 12389 genes, 22466 xrefs, 0 changed (1.2s)
    release 19: 12389 genes, 22466 xrefs, 0 changed (1.2s)
    release 20: 12389 genes, 22466 xrefs, 0 changed (1.2s)
    release 21: 12389 genes, 11257 xrefs, 0 changed (1.3s)
    release 22: 12389 genes, 11257 xrefs, 0 changed (1.4s)
    release 23: 12389 genes, 11257 xrefs, 0 changed (1.4s)
    release 24: 12389 genes, 11257 xrefs, 0 changed (1.6s)
    release 25: 12389 genes, 11257 xrefs, 0 changed (1.6s)
    release 26: 12389 genes, 11257 xrefs, 0 changed (1.6s)
    release 27: 12389 genes, 11257 xrefs, 0 changed (1.5s)
    release 28: 12389 genes, 11257 xrefs, 0 changed (1.5s)
    release 29: 12389 genes, 11257 xrefs, 0 changed (1.5s)
    release 30: 12389 genes, 11257 xrefs, 0 changed (1.6s)
    release 31: 12389 genes, 11257 xrefs, 0 changed (1.5s)
    release 32: 12389 genes, 11257 xrefs, 0 changed (1.7s)
    release 33: 12389 genes, 11257 xrefs, 0 changed (1.7s)
    release 34: 12389 genes, 11257 xrefs, 0 changed (1.6s)
    release 35: 12389 genes, 11257 xrefs, 0 changed (1.7s)
    release 36: 12389 genes, 11257 xrefs, 0 changed (1.5s)
    release 37: 12594 genes, 11262 xrefs, 0 changed (1.5s)
    release 38: 12594 genes, 11262 xrefs, 0 changed (1.6s)
    release 39: 12594 genes, 11262 xrefs, 0 changed (1.8s)
    release 40: 12594 genes, 11262 xrefs, 0 changed (1.5s)
    release 41: 12594 genes, 11262 xrefs, 0 changed (1.6s)
    release 42: 12594 genes, 11262 xrefs, 0 changed (1.6s)
    release 43: 12594 genes, 11262 xrefs, 0 changed (1.6s)
    release 44: 12594 genes, 11262 xrefs, 0 changed (1.7s)
    release 45: 12594 genes, 11262 xrefs, 0 changed (1.6s)
    release 46: 12594 genes, 11262 xrefs, 0 changed (1.7s)
    release 47: 12594 genes, 11262 xrefs, 0 changed (1.6s)
    release 48: 12594 genes, 11262 xrefs, 0 changed (1.6s)
    release 49: 12594 genes, 11262 xrefs, 0 changed (1.5s)
    release 50: 12594 genes, 11262 xrefs, 0 changed (1.6s)
    release 51: 12594 genes, 11262 xrefs, 0 changed (1.9s)
    release 52: 12594 genes, 11262 xrefs, 0 changed (1.5s)
    release 53: 12594 genes, 11262 xrefs, 0 changed (1.7s)
    release 54: 12594 genes, 11262 xrefs, 0 changed (1.7s)
    release 55: 12594 genes, 11262 xrefs, 0 changed (1.7s)
    release 56: 12594 genes, 11262 xrefs, 0 changed (1.9s)
    release 57: 12594 genes, 11262 xrefs, 0 changed (1.8s)
    release 58: 12594 genes, 11262 xrefs, 0 changed (1.8s)
    release 59: 12594 genes, 11262 xrefs, 0 changed (1.8s)
    release 60: 12594 genes, 11262 xrefs, 0 changed (2.1s)
    release 61: 12594 genes, 11262 xrefs, 0 changed (2.2s)
    release 62: 12594 genes, 11262 xrefs, 0 changed (2.3s)
  puccinia_graminis: 49 releases, 16851 genes in db
    release 14: 16481 genes, 36048 xrefs, 16322 changed (3.1s)
    release 15: 16481 genes, 36027 xrefs, 0 changed (2.8s)
    release 16: 16481 genes, 36027 xrefs, 0 changed (2.7s)
    release 17: 16481 genes, 36027 xrefs, 0 changed (2.7s)
    release 18: 16481 genes, 36027 xrefs, 0 changed (2.5s)
    release 19: 16481 genes, 36027 xrefs, 0 changed (2.8s)
    release 20: 16481 genes, 36027 xrefs, 0 changed (2.7s)
    release 21: 16481 genes, 36027 xrefs, 0 changed (2.7s)
    release 22: 16481 genes, 36027 xrefs, 0 changed (2.9s)
    release 23: 16481 genes, 36027 xrefs, 0 changed (2.7s)
    release 24: 16476 genes, 36027 xrefs, 0 changed (2.8s)
    release 25: 16476 genes, 36027 xrefs, 0 changed (3.2s)
    release 26: 16476 genes, 36027 xrefs, 0 changed (3.1s)
    release 27: 16476 genes, 36027 xrefs, 0 changed (3.3s)
    release 28: 16476 genes, 36027 xrefs, 0 changed (3.2s)
    release 29: 16476 genes, 36027 xrefs, 0 changed (3.1s)
    release 30: 16476 genes, 36027 xrefs, 0 changed (2.9s)
    release 31: 16476 genes, 36027 xrefs, 0 changed (3.0s)
    release 32: 16476 genes, 36027 xrefs, 0 changed (3.1s)
    release 33: 16476 genes, 36027 xrefs, 0 changed (3.0s)
    release 34: 16476 genes, 36027 xrefs, 0 changed (2.9s)
    release 35: 16476 genes, 20227 xrefs, 0 changed (3.0s)
    release 36: 16476 genes, 20227 xrefs, 0 changed (2.7s)
    release 37: 16846 genes, 20260 xrefs, 0 changed (2.8s)
    release 38: 16846 genes, 20260 xrefs, 0 changed (2.9s)
    release 39: 16846 genes, 20260 xrefs, 0 changed (3.0s)
    release 40: 16846 genes, 20260 xrefs, 0 changed (2.8s)
    release 41: 16846 genes, 20260 xrefs, 0 changed (2.9s)
    release 42: 16846 genes, 20260 xrefs, 0 changed (3.1s)
    release 43: 16846 genes, 20260 xrefs, 0 changed (2.9s)
    release 44: 16846 genes, 20260 xrefs, 0 changed (3.1s)
    release 45: 16846 genes, 20260 xrefs, 0 changed (3.0s)
    release 46: 16846 genes, 20260 xrefs, 0 changed (2.8s)
    release 47: 16846 genes, 20260 xrefs, 0 changed (2.8s)
    release 48: 16846 genes, 20260 xrefs, 0 changed (2.8s)
    release 49: 16846 genes, 20260 xrefs, 0 changed (2.8s)
    release 50: 16846 genes, 20260 xrefs, 0 changed (2.9s)
    release 51: 16846 genes, 20260 xrefs, 0 changed (3.5s)
    release 52: 16373 genes, 36032 xrefs, 15799 changed (3.8s)
    release 53: 16373 genes, 36032 xrefs, 0 changed (3.8s)
    release 54: 16373 genes, 36032 xrefs, 0 changed (3.7s)
    release 55: 16373 genes, 36032 xrefs, 0 changed (3.5s)
    release 56: 16373 genes, 36032 xrefs, 0 changed (3.5s)
    release 57: 16373 genes, 36032 xrefs, 0 changed (3.6s)
    release 58: 16373 genes, 36032 xrefs, 0 changed (3.6s)
    release 59: 16373 genes, 36032 xrefs, 0 changed (3.6s)
    release 60: 16373 genes, 36032 xrefs, 0 changed (3.7s)
    release 61: 16373 genes, 36032 xrefs, 0 changed (3.8s)
    release 62: 16373 genes, 36032 xrefs, 0 changed (4.0s)
  puccinia_graminisug99: 40 releases, 25416 genes in db
    release 23: 25124 genes, 36 xrefs, 604 changed (1.0s)
    release 24: 25020 genes, 36 xrefs, 0 changed (1.0s)
    release 25: 25020 genes, 36 xrefs, 0 changed (1.2s)
    release 26: 25020 genes, 36 xrefs, 0 changed (1.3s)
    release 27: 25020 genes, 36 xrefs, 0 changed (1.3s)
    release 28: 25020 genes, 36 xrefs, 0 changed (1.6s)
    release 29: 25020 genes, 36 xrefs, 0 changed (1.4s)
    release 30: 25020 genes, 36 xrefs, 0 changed (1.3s)
    release 31: 25020 genes, 36 xrefs, 0 changed (1.2s)
    release 32: 25020 genes, 36 xrefs, 0 changed (1.3s)
    release 33: 25020 genes, 36 xrefs, 0 changed (1.3s)
    release 34: 25020 genes, 36 xrefs, 0 changed (1.4s)
    release 35: 25020 genes, 36 xrefs, 0 changed (1.4s)
    release 36: 25020 genes, 36 xrefs, 0 changed (1.1s)
    release 37: 25312 genes, 66 xrefs, 0 changed (1.3s)
    release 38: 25312 genes, 42 xrefs, 0 changed (1.5s)
    release 39: 25312 genes, 42 xrefs, 0 changed (1.4s)
    release 40: 25312 genes, 42 xrefs, 0 changed (1.4s)
    release 41: 25312 genes, 42 xrefs, 0 changed (1.5s)
    release 42: 25312 genes, 42 xrefs, 0 changed (1.4s)
    release 43: 25312 genes, 42 xrefs, 0 changed (1.3s)
    release 44: 25312 genes, 42 xrefs, 0 changed (1.5s)
    release 45: 25312 genes, 42 xrefs, 0 changed (1.4s)
    release 46: 25312 genes, 42 xrefs, 0 changed (1.3s)
    release 47: 25312 genes, 42 xrefs, 0 changed (1.4s)
    release 48: 25312 genes, 42 xrefs, 0 changed (1.4s)
    release 49: 25312 genes, 42 xrefs, 0 changed (1.4s)
    release 50: 25312 genes, 42 xrefs, 0 changed (1.5s)
    release 51: 25312 genes, 42 xrefs, 0 changed (1.8s)
    release 52: 25312 genes, 42 xrefs, 0 changed (1.3s)
    release 53: 25312 genes, 42 xrefs, 0 changed (1.5s)
    release 54: 25312 genes, 42 xrefs, 0 changed (1.5s)
    release 55: 25312 genes, 42 xrefs, 0 changed (1.3s)
    release 56: 25312 genes, 42 xrefs, 0 changed (1.4s)
    release 57: 25312 genes, 42 xrefs, 0 changed (1.4s)
    release 58: 25312 genes, 42 xrefs, 0 changed (1.3s)
    release 59: 25312 genes, 42 xrefs, 0 changed (1.4s)
    release 60: 25312 genes, 42 xrefs, 0 changed (1.4s)
    release 61: 25312 genes, 42 xrefs, 0 changed (1.5s)
    release 62: 25312 genes, 42 xrefs, 0 changed (1.3s)
  pyrenophora_teres: 46 releases, 12103 genes in db
    release 17: 11958 genes, 29208 xrefs, 124 changed (1.9s)
    release 18: 11958 genes, 29208 xrefs, 0 changed (1.8s)
    release 19: 11958 genes, 29208 xrefs, 0 changed (1.9s)
    release 20: 11958 genes, 29208 xrefs, 0 changed (1.7s)
    release 21: 11958 genes, 29208 xrefs, 0 changed (2.0s)
    release 22: 11958 genes, 29208 xrefs, 0 changed (1.8s)
    release 23: 11958 genes, 29208 xrefs, 0 changed (1.9s)
    release 24: 11958 genes, 29208 xrefs, 0 changed (1.9s)
    release 25: 11958 genes, 29208 xrefs, 0 changed (2.2s)
    release 26: 11958 genes, 29208 xrefs, 0 changed (2.3s)
    release 27: 11958 genes, 29208 xrefs, 0 changed (2.3s)
    release 28: 11958 genes, 29208 xrefs, 0 changed (2.3s)
    release 29: 11958 genes, 29208 xrefs, 0 changed (2.3s)
    release 30: 11958 genes, 29208 xrefs, 0 changed (2.1s)
    release 31: 11958 genes, 29208 xrefs, 0 changed (2.3s)
    release 32: 11958 genes, 29208 xrefs, 0 changed (2.3s)
    release 33: 11958 genes, 29208 xrefs, 0 changed (2.3s)
    release 34: 11958 genes, 29208 xrefs, 0 changed (2.3s)
    release 35: 11958 genes, 17409 xrefs, 0 changed (2.2s)
    release 36: 11958 genes, 17409 xrefs, 0 changed (1.9s)
    release 37: 12103 genes, 17464 xrefs, 0 changed (2.1s)
    release 38: 12103 genes, 17420 xrefs, 0 changed (2.2s)
    release 39: 12103 genes, 17420 xrefs, 0 changed (2.4s)
    release 40: 12103 genes, 17420 xrefs, 0 changed (2.6s)
    release 41: 12103 genes, 17420 xrefs, 0 changed (2.4s)
    release 42: 12103 genes, 17420 xrefs, 0 changed (2.5s)
    release 43: 12103 genes, 17420 xrefs, 0 changed (2.3s)
    release 44: 12103 genes, 17420 xrefs, 0 changed (2.4s)
    release 45: 12103 genes, 17420 xrefs, 0 changed (2.2s)
    release 46: 12103 genes, 17420 xrefs, 0 changed (2.2s)
    release 47: 12103 genes, 17420 xrefs, 0 changed (2.5s)
    release 48: 12103 genes, 17420 xrefs, 0 changed (2.2s)
    release 49: 12103 genes, 17420 xrefs, 0 changed (2.3s)
    release 50: 12103 genes, 17420 xrefs, 0 changed (2.6s)
    release 51: 12103 genes, 17420 xrefs, 0 changed (3.0s)
    release 52: 12103 genes, 17420 xrefs, 0 changed (2.5s)
    release 53: 12103 genes, 17420 xrefs, 0 changed (2.5s)
    release 54: 12103 genes, 17420 xrefs, 0 changed (2.7s)
    release 55: 12103 genes, 17420 xrefs, 0 changed (2.5s)
    release 56: 12103 genes, 17420 xrefs, 0 changed (2.6s)
    release 57: 12103 genes, 17420 xrefs, 0 changed (2.5s)
    release 58: 12103 genes, 17420 xrefs, 0 changed (2.6s)
    release 59: 12103 genes, 17420 xrefs, 0 changed (2.6s)
    release 60: 12103 genes, 17420 xrefs, 0 changed (2.9s)
    release 61: 12103 genes, 17420 xrefs, 0 changed (2.9s)
    release 62: 12103 genes, 17420 xrefs, 0 changed (2.9s)
  microbotryum_violaceum: 43 releases, 7634 genes in db
    release 20: 7500 genes, 14890 xrefs, 0 changed (1.0s)
    release 21: 7500 genes, 7526 xrefs, 0 changed (1.0s)
    release 22: 7500 genes, 7526 xrefs, 0 changed (1.3s)
    release 23: 7500 genes, 7526 xrefs, 0 changed (1.1s)
    release 24: 7500 genes, 7526 xrefs, 0 changed (1.4s)
    release 25: 7500 genes, 7526 xrefs, 0 changed (1.5s)
    release 26: 7500 genes, 7526 xrefs, 0 changed (1.4s)
    release 27: 7500 genes, 7526 xrefs, 0 changed (1.2s)
    release 28: 7500 genes, 7526 xrefs, 0 changed (1.4s)
    release 29: 7500 genes, 7526 xrefs, 0 changed (1.3s)
    release 30: 7500 genes, 7526 xrefs, 0 changed (1.4s)
    release 31: 7500 genes, 7526 xrefs, 0 changed (1.3s)
    release 32: 7500 genes, 7526 xrefs, 0 changed (1.4s)
    release 33: 7500 genes, 7526 xrefs, 0 changed (1.3s)
    release 34: 7500 genes, 7526 xrefs, 0 changed (1.4s)
    release 35: 7500 genes, 7526 xrefs, 0 changed (1.2s)
    release 36: 7500 genes, 7526 xrefs, 0 changed (1.3s)
    release 37: 7634 genes, 7558 xrefs, 0 changed (1.3s)
    release 38: 7634 genes, 7538 xrefs, 0 changed (1.2s)
    release 39: 7634 genes, 7538 xrefs, 0 changed (1.3s)
    release 40: 7634 genes, 7538 xrefs, 0 changed (1.4s)
    release 41: 7634 genes, 7538 xrefs, 0 changed (1.4s)
    release 42: 7634 genes, 7538 xrefs, 0 changed (1.5s)
    release 43: 7634 genes, 7538 xrefs, 0 changed (1.5s)
    release 44: 7634 genes, 7538 xrefs, 0 changed (1.3s)
    release 45: 7634 genes, 7538 xrefs, 0 changed (1.3s)
    release 46: 7634 genes, 7538 xrefs, 0 changed (1.5s)
    release 47: 7634 genes, 7538 xrefs, 0 changed (1.3s)
    release 48: 7634 genes, 7538 xrefs, 0 changed (1.4s)
    release 49: 7634 genes, 7538 xrefs, 0 changed (1.3s)
    release 50: 7634 genes, 7538 xrefs, 0 changed (1.3s)
    release 51: 7634 genes, 7538 xrefs, 0 changed (1.5s)
    release 52: 7634 genes, 7538 xrefs, 0 changed (1.4s)
    release 53: 7634 genes, 7538 xrefs, 0 changed (1.1s)
    release 54: 7634 genes, 7538 xrefs, 0 changed (1.3s)
    release 55: 7634 genes, 7538 xrefs, 0 changed (1.3s)
    release 56: 7634 genes, 7538 xrefs, 0 changed (1.2s)
    release 57: 7634 genes, 7538 xrefs, 0 changed (1.3s)
    release 58: 7634 genes, 7538 xrefs, 0 changed (1.3s)
    release 59: 7634 genes, 7538 xrefs, 0 changed (1.2s)
    release 60: 7634 genes, 7538 xrefs, 0 changed (1.5s)
    release 61: 7634 genes, 7538 xrefs, 0 changed (1.4s)
    release 62: 7634 genes, 7538 xrefs, 0 changed (1.2s)
  trichoderma_reesei: 45 releases, 9682 genes in db
    release 18: 9393 genes, 23520 xrefs, 9336 changed (1.7s)
    release 19: 9393 genes, 23520 xrefs, 0 changed (1.8s)
    release 20: 9393 genes, 23520 xrefs, 0 changed (1.7s)
    release 21: 9393 genes, 23520 xrefs, 0 changed (1.8s)
    release 22: 9393 genes, 23520 xrefs, 0 changed (1.7s)
    release 23: 9393 genes, 23520 xrefs, 0 changed (1.8s)
    release 24: 9393 genes, 23520 xrefs, 0 changed (2.0s)
    release 25: 9393 genes, 23520 xrefs, 0 changed (2.0s)
    release 26: 9393 genes, 23520 xrefs, 0 changed (2.1s)
    release 27: 9393 genes, 23520 xrefs, 0 changed (2.5s)
    release 28: 9393 genes, 23520 xrefs, 0 changed (2.1s)
    release 29: 9393 genes, 23520 xrefs, 0 changed (2.3s)
    release 30: 9393 genes, 23520 xrefs, 0 changed (2.3s)
    release 31: 9393 genes, 23520 xrefs, 0 changed (2.2s)
    release 32: 9393 genes, 23520 xrefs, 235 changed (2.3s)
    release 33: 9393 genes, 23520 xrefs, 0 changed (2.2s)
    release 34: 9393 genes, 23520 xrefs, 0 changed (2.2s)
    release 35: 9393 genes, 14635 xrefs, 0 changed (2.0s)
    release 36: 9393 genes, 14635 xrefs, 0 changed (1.8s)
    release 37: 9651 genes, 14680 xrefs, 0 changed (1.9s)
    release 38: 9651 genes, 14639 xrefs, 0 changed (2.0s)
    release 39: 9651 genes, 14639 xrefs, 0 changed (2.0s)
    release 40: 9651 genes, 14639 xrefs, 0 changed (1.9s)
    release 41: 9651 genes, 14639 xrefs, 0 changed (2.1s)
    release 42: 9651 genes, 14639 xrefs, 0 changed (2.1s)
    release 43: 9651 genes, 14639 xrefs, 0 changed (2.0s)
    release 44: 9651 genes, 14639 xrefs, 0 changed (1.9s)
    release 45: 9651 genes, 14639 xrefs, 0 changed (1.9s)
    release 46: 9651 genes, 14639 xrefs, 0 changed (2.0s)
    release 47: 9651 genes, 14639 xrefs, 0 changed (2.0s)
    release 48: 9651 genes, 14639 xrefs, 0 changed (1.9s)
    release 49: 9651 genes, 14639 xrefs, 0 changed (2.0s)
    release 50: 9651 genes, 14639 xrefs, 0 changed (2.0s)
    release 51: 9651 genes, 14639 xrefs, 0 changed (2.4s)
    release 52: 9651 genes, 23739 xrefs, 9100 changed (2.6s)
    release 53: 9651 genes, 23739 xrefs, 0 changed (2.3s)
    release 54: 9651 genes, 23739 xrefs, 0 changed (2.3s)
    release 55: 9651 genes, 23739 xrefs, 0 changed (2.3s)
    release 56: 9651 genes, 23739 xrefs, 0 changed (2.3s)
    release 57: 9651 genes, 23739 xrefs, 0 changed (2.3s)
    release 58: 9651 genes, 23739 xrefs, 0 changed (2.2s)
    release 59: 9651 genes, 23739 xrefs, 0 changed (2.7s)
    release 60: 9651 genes, 23739 xrefs, 0 changed (2.5s)
    release 61: 9138 genes, 9177 xrefs, 31 changed (2.0s)
    release 62: 9138 genes, 9177 xrefs, 0 changed (1.7s)
  trichoderma_virens: 48 releases, 13284 genes in db
    release 15: 12698 genes, 31601 xrefs, 12398 changed (2.2s)
    release 16: 12698 genes, 31601 xrefs, 0 changed (2.3s)
    release 17: 12698 genes, 31601 xrefs, 24 changed (2.3s)
    release 18: 12698 genes, 31601 xrefs, 0 changed (2.1s)
    release 19: 12698 genes, 31601 xrefs, 0 changed (2.2s)
    release 20: 12698 genes, 31601 xrefs, 0 changed (2.1s)
    release 21: 12698 genes, 31601 xrefs, 0 changed (2.1s)
    release 22: 12698 genes, 31601 xrefs, 0 changed (2.4s)
    release 23: 12698 genes, 31601 xrefs, 0 changed (2.2s)
    release 24: 12698 genes, 31601 xrefs, 0 changed (2.4s)
    release 25: 12698 genes, 31601 xrefs, 0 changed (2.5s)
    release 26: 12698 genes, 31601 xrefs, 0 changed (2.8s)
    release 27: 12698 genes, 31601 xrefs, 0 changed (2.7s)
    release 28: 12698 genes, 31601 xrefs, 0 changed (2.6s)
    release 29: 12698 genes, 31601 xrefs, 0 changed (2.6s)
    release 30: 12698 genes, 31601 xrefs, 0 changed (2.8s)
    release 31: 12698 genes, 31601 xrefs, 0 changed (2.7s)
    release 32: 12698 genes, 31601 xrefs, 88 changed (2.8s)
    release 33: 12698 genes, 31601 xrefs, 0 changed (2.7s)
    release 34: 12698 genes, 31601 xrefs, 0 changed (2.7s)
    release 35: 12698 genes, 19289 xrefs, 0 changed (2.5s)
    release 36: 12698 genes, 19289 xrefs, 0 changed (2.3s)
    release 37: 12986 genes, 19338 xrefs, 0 changed (3.3s)
    release 38: 12986 genes, 19338 xrefs, 0 changed (2.4s)
    release 39: 12986 genes, 19338 xrefs, 0 changed (2.6s)
    release 40: 12986 genes, 19338 xrefs, 0 changed (2.5s)
    release 41: 12986 genes, 19338 xrefs, 0 changed (2.6s)
    release 42: 12986 genes, 19338 xrefs, 0 changed (2.5s)
    release 43: 12986 genes, 19338 xrefs, 0 changed (2.6s)
    release 44: 12986 genes, 19338 xrefs, 0 changed (2.6s)
    release 45: 12986 genes, 19338 xrefs, 0 changed (2.5s)
    release 46: 12986 genes, 19338 xrefs, 0 changed (2.4s)
    release 47: 12986 genes, 19338 xrefs, 0 changed (2.3s)
    release 48: 12986 genes, 19338 xrefs, 0 changed (2.5s)
    release 49: 12986 genes, 19338 xrefs, 0 changed (2.5s)
    release 50: 12986 genes, 19338 xrefs, 0 changed (2.5s)
    release 51: 12986 genes, 19338 xrefs, 0 changed (3.2s)
    release 52: 12758 genes, 31701 xrefs, 12398 changed (2.9s)
    release 53: 12758 genes, 31701 xrefs, 0 changed (2.9s)
    release 54: 12758 genes, 31701 xrefs, 0 changed (2.8s)
    release 55: 12758 genes, 31701 xrefs, 0 changed (2.8s)
    release 56: 12758 genes, 31701 xrefs, 0 changed (3.0s)
    release 57: 12758 genes, 31701 xrefs, 0 changed (2.8s)
    release 58: 12758 genes, 31701 xrefs, 0 changed (2.9s)
    release 59: 12758 genes, 31701 xrefs, 0 changed (2.9s)
    release 60: 12758 genes, 31701 xrefs, 0 changed (3.1s)
    release 61: 12758 genes, 31701 xrefs, 0 changed (3.1s)
    release 62: 12758 genes, 31701 xrefs, 0 changed (3.1s)
  yarrowia_lipolytica: 45 releases, 8382 genes in db
    release 18: 7739 genes, 18154 xrefs, 7060 changed (1.1s)
    release 19: 7739 genes, 18154 xrefs, 0 changed (0.9s)
    release 20: 7739 genes, 18154 xrefs, 0 changed (1.0s)
    release 21: 7739 genes, 18154 xrefs, 0 changed (1.0s)
    release 22: 7739 genes, 18154 xrefs, 0 changed (1.1s)
    release 23: 7739 genes, 18154 xrefs, 0 changed (1.2s)
    release 24: 7739 genes, 18154 xrefs, 0 changed (1.2s)
    release 25: 7739 genes, 18154 xrefs, 0 changed (1.4s)
    release 26: 7739 genes, 18154 xrefs, 0 changed (1.6s)
    release 27: 7739 genes, 18154 xrefs, 0 changed (1.5s)
    release 28: 7739 genes, 18154 xrefs, 0 changed (1.6s)
    release 29: 7739 genes, 18154 xrefs, 0 changed (1.6s)
    release 30: 7739 genes, 18154 xrefs, 0 changed (1.5s)
    release 31: 7739 genes, 18154 xrefs, 0 changed (1.7s)
    release 32: 7739 genes, 18154 xrefs, 12 changed (1.4s)
    release 33: 7739 genes, 18154 xrefs, 0 changed (1.6s)
    release 34: 7739 genes, 18154 xrefs, 0 changed (1.5s)
    release 35: 7739 genes, 11079 xrefs, 0 changed (1.5s)
    release 36: 7739 genes, 11079 xrefs, 0 changed (1.5s)
    release 37: 8382 genes, 11085 xrefs, 0 changed (1.5s)
    release 38: 8382 genes, 11085 xrefs, 0 changed (1.4s)
    release 39: 8382 genes, 11085 xrefs, 0 changed (1.4s)
    release 40: 8382 genes, 11085 xrefs, 0 changed (1.6s)
    release 41: 8382 genes, 11085 xrefs, 0 changed (1.7s)
    release 42: 8382 genes, 11085 xrefs, 0 changed (1.8s)
    release 43: 8382 genes, 11085 xrefs, 0 changed (1.5s)
    release 44: 8382 genes, 11085 xrefs, 0 changed (1.6s)
    release 45: 8382 genes, 11085 xrefs, 0 changed (1.4s)
    release 46: 8382 genes, 11085 xrefs, 0 changed (1.5s)
    release 47: 8382 genes, 11085 xrefs, 0 changed (1.6s)
    release 48: 8382 genes, 11085 xrefs, 0 changed (1.5s)
    release 49: 8382 genes, 11085 xrefs, 0 changed (1.5s)
    release 50: 8382 genes, 11085 xrefs, 0 changed (1.7s)
    release 51: 8382 genes, 11085 xrefs, 0 changed (1.6s)
    release 52: 8382 genes, 17515 xrefs, 6430 changed (1.7s)
    release 53: 8382 genes, 17515 xrefs, 0 changed (1.8s)
    release 54: 8382 genes, 17515 xrefs, 0 changed (1.7s)
    release 55: 8382 genes, 17515 xrefs, 0 changed (1.8s)
    release 56: 8382 genes, 17515 xrefs, 0 changed (1.6s)
    release 57: 8382 genes, 17515 xrefs, 0 changed (1.8s)
    release 58: 8382 genes, 17515 xrefs, 0 changed (1.8s)
    release 59: 8382 genes, 17515 xrefs, 0 changed (2.0s)
    release 60: 8382 genes, 17515 xrefs, 0 changed (1.8s)
    release 61: 8382 genes, 17515 xrefs, 0 changed (2.2s)
    release 62: 8382 genes, 17515 xrefs, 0 changed (2.1s)
  gaeumannomyces_graminis: 50 releases, 15314 genes in db
    release 13: 14771 genes, 28967 xrefs, 14765 changed (1.2s)
    release 14: 14771 genes, 28967 xrefs, 0 changed (1.6s)
    release 15: 14771 genes, 28967 xrefs, 0 changed (1.4s)
    release 16: 14771 genes, 28967 xrefs, 0 changed (1.4s)
    release 17: 14771 genes, 28967 xrefs, 0 changed (1.4s)
    release 18: 14789 genes, 26168 xrefs, 306 changed (2.1s)
    release 19: 14789 genes, 26168 xrefs, 0 changed (2.3s)
    release 20: 14789 genes, 26168 xrefs, 0 changed (2.3s)
    release 21: 14789 genes, 14516 xrefs, 0 changed (2.0s)
    release 22: 14789 genes, 14516 xrefs, 0 changed (2.1s)
    release 23: 14789 genes, 14516 xrefs, 0 changed (2.3s)
    release 24: 14789 genes, 14516 xrefs, 0 changed (2.2s)
    release 25: 14789 genes, 14516 xrefs, 0 changed (2.3s)
    release 26: 14789 genes, 14516 xrefs, 0 changed (2.6s)
    release 27: 14789 genes, 14516 xrefs, 0 changed (2.6s)
    release 28: 14789 genes, 14516 xrefs, 0 changed (2.5s)
    release 29: 14789 genes, 14516 xrefs, 0 changed (2.4s)
    release 30: 14789 genes, 14516 xrefs, 0 changed (2.5s)
    release 31: 14789 genes, 14516 xrefs, 0 changed (2.6s)
    release 32: 14789 genes, 14516 xrefs, 0 changed (2.4s)
    release 33: 14789 genes, 14516 xrefs, 0 changed (2.6s)
    release 34: 14789 genes, 14516 xrefs, 0 changed (2.5s)
    release 35: 14789 genes, 14516 xrefs, 0 changed (2.5s)
    release 36: 14789 genes, 14516 xrefs, 0 changed (2.2s)
    release 37: 15028 genes, 14559 xrefs, 0 changed (2.2s)
    release 38: 15028 genes, 14520 xrefs, 0 changed (2.3s)
    release 39: 14744 genes, 36641 xrefs, 14458 changed (3.8s)
    release 40: 14744 genes, 36641 xrefs, 0 changed (3.6s)
    release 41: 14744 genes, 36641 xrefs, 0 changed (3.8s)
    release 42: 14744 genes, 36641 xrefs, 0 changed (3.6s)
    release 43: 14744 genes, 36641 xrefs, 0 changed (3.4s)
    release 44: 14744 genes, 36641 xrefs, 0 changed (3.6s)
    release 45: 14744 genes, 36641 xrefs, 0 changed (3.7s)
    release 46: 14744 genes, 36641 xrefs, 0 changed (3.5s)
    release 47: 14744 genes, 36641 xrefs, 0 changed (3.6s)
    release 48: 14744 genes, 36641 xrefs, 0 changed (3.4s)
    release 49: 14744 genes, 36641 xrefs, 0 changed (3.5s)
    release 50: 14744 genes, 36641 xrefs, 0 changed (3.6s)
    release 51: 14744 genes, 36641 xrefs, 0 changed (4.1s)
    release 52: 14744 genes, 36641 xrefs, 0 changed (3.4s)
    release 53: 14744 genes, 36641 xrefs, 0 changed (3.4s)
    release 54: 14744 genes, 36641 xrefs, 0 changed (3.6s)
    release 55: 14744 genes, 36641 xrefs, 0 changed (3.5s)
    release 56: 14744 genes, 36641 xrefs, 0 changed (3.4s)
    release 57: 14744 genes, 36641 xrefs, 0 changed (3.4s)
    release 58: 14744 genes, 36641 xrefs, 0 changed (3.4s)
    release 59: 14744 genes, 36641 xrefs, 0 changed (3.7s)
    release 60: 14744 genes, 36641 xrefs, 0 changed (3.8s)
    release 61: 14744 genes, 36641 xrefs, 0 changed (3.7s)
    release 62: 14744 genes, 36641 xrefs, 0 changed (4.1s)
  beauveria_bassiana: 26 releases, 10286 genes in db
    release 37: 10286 genes, 44 xrefs, 0 changed (0.8s)
    release 38: 10286 genes, 44 xrefs, 0 changed (1.0s)
    release 39: 10286 genes, 44 xrefs, 0 changed (1.4s)
    release 40: 10286 genes, 44 xrefs, 0 changed (1.2s)
    release 41: 10286 genes, 44 xrefs, 0 changed (1.2s)
    release 42: 10286 genes, 44 xrefs, 0 changed (1.2s)
    release 43: 10286 genes, 44 xrefs, 0 changed (1.2s)
    release 44: 10286 genes, 44 xrefs, 0 changed (1.2s)
    release 45: 10286 genes, 44 xrefs, 0 changed (1.1s)
    release 46: 10286 genes, 44 xrefs, 0 changed (1.0s)
    release 47: 10286 genes, 44 xrefs, 0 changed (1.2s)
    release 48: 10286 genes, 44 xrefs, 0 changed (1.0s)
    release 49: 10286 genes, 44 xrefs, 0 changed (1.1s)
    release 50: 10286 genes, 44 xrefs, 0 changed (1.0s)
    release 51: 10286 genes, 44 xrefs, 0 changed (1.4s)
    release 52: 10286 genes, 44 xrefs, 0 changed (1.3s)
    release 53: 10286 genes, 44 xrefs, 0 changed (1.3s)
    release 54: 10286 genes, 44 xrefs, 0 changed (1.3s)
    release 55: 10286 genes, 44 xrefs, 0 changed (1.4s)
    release 56: 10286 genes, 44 xrefs, 0 changed (1.5s)
    release 57: 10286 genes, 44 xrefs, 0 changed (1.4s)
    release 58: 10286 genes, 44 xrefs, 0 changed (1.4s)
    release 59: 10286 genes, 44 xrefs, 0 changed (1.3s)
    release 60: 10286 genes, 44 xrefs, 0 changed (1.5s)
    release 61: 10286 genes, 44 xrefs, 0 changed (1.6s)
    release 62: 10286 genes, 44 xrefs, 0 changed (1.7s)
  belgica_antarctica: 24 releases, 13803 genes in db
    release 36: 13803 genes, 68 xrefs, 0 changed (1.1s)
    release 37: 13803 genes, 68 xrefs, 0 changed (1.0s)
    release 38: 13803 genes, 68 xrefs, 0 changed (1.0s)
    release 39: 13803 genes, 68 xrefs, 0 changed (1.0s)
    release 40: 13803 genes, 68 xrefs, 0 changed (0.8s)
    release 41: 13803 genes, 68 xrefs, 0 changed (0.9s)
    release 42: 13803 genes, 68 xrefs, 0 changed (0.9s)
    release 43: 13803 genes, 68 xrefs, 0 changed (0.9s)
    release 44: 13803 genes, 68 xrefs, 0 changed (1.0s)
    release 45: 13803 genes, 68 xrefs, 0 changed (1.0s)
    release 46: 13803 genes, 68 xrefs, 0 changed (1.0s)
    release 47: 13803 genes, 68 xrefs, 0 changed (1.0s)
    release 48: 13803 genes, 66 xrefs, 0 changed (0.9s)
    release 49: 13803 genes, 66 xrefs, 0 changed (1.0s)
    release 50: 13803 genes, 66 xrefs, 0 changed (0.9s)
    release 51: 13803 genes, 66 xrefs, 0 changed (1.4s)
    release 52: 13803 genes, 66 xrefs, 0 changed (1.0s)
    release 53: 13803 genes, 66 xrefs, 0 changed (1.2s)
    release 54: 13803 genes, 66 xrefs, 0 changed (1.1s)
    release 55: 13803 genes, 66 xrefs, 0 changed (1.0s)
    release 56: 13803 genes, 66 xrefs, 0 changed (1.2s)
    release 57: 13803 genes, 66 xrefs, 0 changed (1.1s)
    release 58: 13803 genes, 66 xrefs, 0 changed (1.1s)
    release 59: 13803 genes, 66 xrefs, 0 changed (0.9s)
  adineta_vaga: 25 releases, 50037 genes in db
    release 35: 49300 genes, 0 xrefs, 0 changed (2.6s)
    release 36: 50037 genes, 51 xrefs, 0 changed (2.4s)
    release 37: 50037 genes, 51 xrefs, 0 changed (2.8s)
    release 38: 50037 genes, 51 xrefs, 0 changed (2.6s)
    release 39: 50037 genes, 51 xrefs, 0 changed (2.8s)
    release 40: 50037 genes, 51 xrefs, 0 changed (2.7s)
    release 41: 50037 genes, 51 xrefs, 0 changed (2.8s)
    release 42: 50037 genes, 51 xrefs, 0 changed (2.7s)
    release 43: 50037 genes, 51 xrefs, 0 changed (2.7s)
    release 44: 50037 genes, 51 xrefs, 0 changed (2.6s)
    release 45: 50037 genes, 51 xrefs, 0 changed (2.7s)
    release 46: 50037 genes, 51 xrefs, 0 changed (2.6s)
    release 47: 50037 genes, 51 xrefs, 0 changed (2.7s)
    release 48: 50037 genes, 51 xrefs, 0 changed (2.7s)
    release 49: 50037 genes, 51 xrefs, 0 changed (2.7s)
    release 50: 50037 genes, 51 xrefs, 0 changed (2.5s)
    release 51: 50037 genes, 51 xrefs, 0 changed (4.6s)
    release 52: 50037 genes, 51 xrefs, 0 changed (2.8s)
    release 53: 50037 genes, 51 xrefs, 0 changed (2.7s)
    release 54: 50037 genes, 51 xrefs, 0 changed (2.7s)
    release 55: 50037 genes, 51 xrefs, 0 changed (2.9s)
    release 56: 50037 genes, 51 xrefs, 0 changed (2.8s)
    release 57: 50037 genes, 51 xrefs, 0 changed (2.8s)
    release 58: 50037 genes, 51 xrefs, 0 changed (2.8s)
    release 59: 50037 genes, 51 xrefs, 0 changed (2.2s)
  leptotrombidium_deliense: 16 releases, 15015 genes in db
    release 44: 14667 genes, 14667 xrefs, 0 changed (1.4s)
    release 45: 14667 genes, 14667 xrefs, 0 changed (1.3s)
    release 46: 15015 genes, 14733 xrefs, 0 changed (1.7s)
    release 47: 15015 genes, 14733 xrefs, 0 changed (2.1s)
    release 48: 15015 genes, 14733 xrefs, 0 changed (1.6s)
    release 49: 15015 genes, 14733 xrefs, 0 changed (1.9s)
    release 50: 15015 genes, 14733 xrefs, 0 changed (1.8s)
    release 51: 15015 genes, 14733 xrefs, 0 changed (2.5s)
    release 52: 15015 genes, 14733 xrefs, 0 changed (2.0s)
    release 53: 15015 genes, 14733 xrefs, 0 changed (2.1s)
    release 54: 15015 genes, 14733 xrefs, 0 changed (2.0s)
    release 55: 15015 genes, 14733 xrefs, 0 changed (1.9s)
    release 56: 15015 genes, 14733 xrefs, 0 changed (1.9s)
    release 57: 15015 genes, 14733 xrefs, 0 changed (1.8s)
    release 58: 15015 genes, 14733 xrefs, 0 changed (1.9s)
    release 59: 15015 genes, 14733 xrefs, 0 changed (1.8s)
  mayetiola_destructor: 24 releases, 20393 genes in db
    release 36: 20393 genes, 93 xrefs, 0 changed (1.1s)
    release 37: 20393 genes, 93 xrefs, 0 changed (1.3s)
    release 38: 20393 genes, 93 xrefs, 0 changed (1.4s)
    release 39: 20393 genes, 93 xrefs, 0 changed (1.3s)
    release 40: 20393 genes, 93 xrefs, 0 changed (1.1s)
    release 41: 20393 genes, 93 xrefs, 0 changed (1.3s)
    release 42: 20393 genes, 93 xrefs, 0 changed (1.1s)
    release 43: 20393 genes, 93 xrefs, 0 changed (1.2s)
    release 44: 20393 genes, 93 xrefs, 0 changed (1.4s)
    release 45: 20393 genes, 93 xrefs, 0 changed (1.1s)
    release 46: 20393 genes, 93 xrefs, 0 changed (1.2s)
    release 47: 20393 genes, 93 xrefs, 0 changed (1.2s)
    release 48: 20393 genes, 93 xrefs, 0 changed (1.3s)
    release 49: 20393 genes, 93 xrefs, 0 changed (1.2s)
    release 50: 20393 genes, 93 xrefs, 0 changed (1.4s)
    release 51: 20393 genes, 93 xrefs, 0 changed (1.9s)
    release 52: 20393 genes, 93 xrefs, 0 changed (1.3s)
    release 53: 20393 genes, 93 xrefs, 0 changed (1.2s)
    release 54: 20393 genes, 93 xrefs, 0 changed (1.3s)
    release 55: 20393 genes, 93 xrefs, 0 changed (1.5s)
    release 56: 20393 genes, 93 xrefs, 0 changed (1.4s)
    release 57: 20393 genes, 93 xrefs, 0 changed (1.3s)
    release 58: 20393 genes, 93 xrefs, 0 changed (1.3s)
    release 59: 20393 genes, 93 xrefs, 0 changed (1.0s)
  mnemiopsis_leidyi: 37 releases, 18066 genes in db
    release 23: 17829 genes, 181 xrefs, 11 changed (1.0s)
    release 24: 17829 genes, 181 xrefs, 0 changed (1.0s)
    release 25: 17829 genes, 181 xrefs, 0 changed (1.0s)
    release 26: 17829 genes, 181 xrefs, 0 changed (0.9s)
    release 27: 17829 genes, 181 xrefs, 0 changed (1.0s)
    release 28: 17829 genes, 181 xrefs, 0 changed (1.1s)
    release 29: 17829 genes, 181 xrefs, 0 changed (1.0s)
    release 30: 17829 genes, 181 xrefs, 0 changed (1.0s)
    release 31: 17829 genes, 181 xrefs, 0 changed (1.2s)
    release 32: 17829 genes, 181 xrefs, 0 changed (1.1s)
    release 33: 17829 genes, 181 xrefs, 0 changed (1.0s)
    release 34: 17829 genes, 181 xrefs, 0 changed (1.0s)
    release 35: 17829 genes, 181 xrefs, 0 changed (1.1s)
    release 36: 16798 genes, 186 xrefs, 11 changed (1.0s)
    release 37: 16798 genes, 186 xrefs, 0 changed (0.9s)
    release 38: 16798 genes, 186 xrefs, 0 changed (1.0s)
    release 39: 16798 genes, 186 xrefs, 0 changed (1.0s)
    release 40: 16798 genes, 186 xrefs, 0 changed (0.9s)
    release 41: 16798 genes, 186 xrefs, 0 changed (1.0s)
    release 42: 16798 genes, 186 xrefs, 0 changed (1.0s)
    release 43: 16798 genes, 186 xrefs, 0 changed (0.8s)
    release 44: 16798 genes, 186 xrefs, 0 changed (1.0s)
    release 45: 16798 genes, 186 xrefs, 0 changed (0.9s)
    release 46: 16798 genes, 186 xrefs, 0 changed (0.9s)
    release 47: 16798 genes, 186 xrefs, 0 changed (0.9s)
    release 48: 16798 genes, 186 xrefs, 0 changed (0.9s)
    release 49: 16798 genes, 186 xrefs, 0 changed (0.9s)
    release 50: 16798 genes, 186 xrefs, 0 changed (1.0s)
    release 51: 16798 genes, 186 xrefs, 0 changed (1.5s)
    release 52: 16798 genes, 186 xrefs, 0 changed (1.1s)
    release 53: 16798 genes, 186 xrefs, 0 changed (1.0s)
    release 54: 16798 genes, 186 xrefs, 0 changed (1.1s)
    release 55: 16798 genes, 186 xrefs, 0 changed (1.1s)
    release 56: 16798 genes, 186 xrefs, 0 changed (1.1s)
    release 57: 16798 genes, 186 xrefs, 0 changed (1.2s)
    release 58: 16798 genes, 186 xrefs, 0 changed (1.0s)
    release 59: 16798 genes, 186 xrefs, 0 changed (0.9s)
  caenorhabditis_brenneri: 55 releases, 65725 genes in db
    release 12: 26076 genes, 26076 xrefs, 3236 changed (1.8s)
    release 13: 26076 genes, 26076 xrefs, 0 changed (1.6s)
    release 14: 26076 genes, 27769 xrefs, 0 changed (2.0s)
    release 15: 26076 genes, 27769 xrefs, 0 changed (1.9s)
    release 16: 32257 genes, 66332 xrefs, 3236 changed (5.0s)
    release 17: 32257 genes, 66332 xrefs, 0 changed (4.8s)
    release 18: 32257 genes, 66332 xrefs, 0 changed (4.8s)
    release 19: 32257 genes, 66332 xrefs, 0 changed (4.7s)
    release 20: 32257 genes, 66332 xrefs, 0 changed (4.9s)
    release 21: 32257 genes, 66332 xrefs, 0 changed (5.0s)
    release 22: 32257 genes, 66332 xrefs, 0 changed (5.0s)
    release 23: 32257 genes, 66332 xrefs, 0 changed (5.3s)
    release 24: 32257 genes, 66332 xrefs, 0 changed (5.1s)
    release 25: 32257 genes, 64514 xrefs, 0 changed (5.1s)
    release 26: 32257 genes, 64514 xrefs, 0 changed (4.8s)
    release 27: 32257 genes, 64514 xrefs, 0 changed (4.9s)
    release 28: 32257 genes, 64514 xrefs, 0 changed (4.8s)
    release 29: 32257 genes, 64514 xrefs, 0 changed (5.0s)
    release 30: 32257 genes, 64514 xrefs, 0 changed (4.9s)
    release 31: 33224 genes, 70256 xrefs, 5409 changed (5.6s)
    release 32: 33224 genes, 70256 xrefs, 0 changed (5.6s)
    release 33: 33224 genes, 70256 xrefs, 0 changed (4.9s)
    release 34: 33224 genes, 70256 xrefs, 0 changed (4.6s)
    release 35: 33224 genes, 70256 xrefs, 0 changed (4.9s)
    release 36: 33224 genes, 70256 xrefs, 0 changed (4.7s)
    release 37: 33224 genes, 70256 xrefs, 0 changed (4.7s)
    release 38: 33258 genes, 72796 xrefs, 243 changed (4.7s)
    release 39: 33258 genes, 72796 xrefs, 0 changed (4.7s)
    release 40: 33258 genes, 72796 xrefs, 0 changed (5.1s)
    release 41: 33258 genes, 72796 xrefs, 0 changed (5.3s)
    release 42: 33258 genes, 72796 xrefs, 0 changed (5.4s)
    release 43: 33258 genes, 72796 xrefs, 0 changed (5.0s)
    release 44: 33258 genes, 72796 xrefs, 0 changed (5.3s)
    release 45: 33258 genes, 72796 xrefs, 0 changed (5.0s)
    release 46: 33258 genes, 72796 xrefs, 0 changed (5.1s)
    release 47: 33258 genes, 72796 xrefs, 0 changed (5.5s)
    release 48: 33258 genes, 72796 xrefs, 0 changed (5.0s)
    release 49: 33258 genes, 72796 xrefs, 0 changed (5.3s)
    release 50: 33258 genes, 72796 xrefs, 0 changed (5.3s)
    release 51: 33258 genes, 72796 xrefs, 0 changed (6.0s)
    release 52: 33258 genes, 72796 xrefs, 0 changed (5.5s)
    release 53: 33290 genes, 77922 xrefs, 5249 changed (5.3s)
    release 54: 33290 genes, 77922 xrefs, 0 changed (5.9s)
    release 55: 33290 genes, 77922 xrefs, 0 changed (5.7s)
    release 56: 33290 genes, 77922 xrefs, 0 changed (5.4s)
    release 57: 33290 genes, 77922 xrefs, 0 changed (5.5s)
    release 58: 33290 genes, 77922 xrefs, 0 changed (6.0s)
    release 59: 33290 genes, 77922 xrefs, 0 changed (5.3s)
  plasmodium_knowlesi: 58 releases, 10926 genes in db
    release 12: 5275 genes, 15502 xrefs, 125 changed (1.1s)
    release 13: 5275 genes, 10231 xrefs, 4 changed (0.9s)
    release 14: 5275 genes, 10231 xrefs, 0 changed (0.9s)
    release 15: 5275 genes, 10231 xrefs, 0 changed (0.9s)
    release 16: 5275 genes, 10231 xrefs, 0 changed (1.0s)
    release 17: 5275 genes, 10231 xrefs, 0 changed (0.9s)
    release 18: 5275 genes, 10231 xrefs, 0 changed (1.0s)
    release 19: 5275 genes, 10231 xrefs, 0 changed (0.9s)
    release 20: 5275 genes, 10231 xrefs, 0 changed (1.0s)
    release 21: 5275 genes, 10231 xrefs, 0 changed (0.9s)
    release 22: 5275 genes, 10231 xrefs, 0 changed (1.0s)
    release 23: 5275 genes, 10231 xrefs, 0 changed (1.0s)
    release 24: 5275 genes, 10231 xrefs, 0 changed (1.1s)
    release 25: 5275 genes, 10231 xrefs, 0 changed (0.9s)
    release 26: 5275 genes, 10231 xrefs, 0 changed (1.0s)
    release 27: 5275 genes, 10231 xrefs, 0 changed (1.0s)
    release 28: 5275 genes, 10231 xrefs, 0 changed (1.1s)
    release 29: 5275 genes, 10231 xrefs, 0 changed (1.0s)
    release 30: 5275 genes, 10231 xrefs, 0 changed (1.0s)
    release 31: 5275 genes, 10231 xrefs, 0 changed (1.0s)
    release 32: 5258 genes, 8129 xrefs, 6 changed (1.0s)
    release 33: 5258 genes, 8129 xrefs, 0 changed (0.9s)
    release 34: 5258 genes, 8129 xrefs, 0 changed (1.0s)
    release 35: 5258 genes, 8129 xrefs, 0 changed (0.9s)
    release 36: 5258 genes, 8129 xrefs, 0 changed (1.0s)
    release 37: 5217 genes, 8088 xrefs, 0 changed (1.0s)
    release 38: 5217 genes, 8088 xrefs, 0 changed (1.0s)
    release 39: 5217 genes, 8088 xrefs, 0 changed (0.9s)
    release 40: 5217 genes, 8088 xrefs, 0 changed (0.8s)
    release 41: 5217 genes, 8088 xrefs, 0 changed (0.9s)
    release 42: 5217 genes, 8088 xrefs, 0 changed (1.0s)
    release 43: 5217 genes, 8088 xrefs, 0 changed (0.8s)
    release 44: 5217 genes, 8088 xrefs, 0 changed (0.9s)
    release 45: 5217 genes, 8088 xrefs, 0 changed (0.9s)
    release 46: 5217 genes, 8088 xrefs, 0 changed (0.9s)
    release 47: 5217 genes, 8085 xrefs, 0 changed (0.9s)
    release 48: 5217 genes, 8085 xrefs, 0 changed (0.9s)
    release 49: 5217 genes, 8085 xrefs, 0 changed (0.8s)
    release 50: 5217 genes, 8085 xrefs, 0 changed (0.9s)
    release 51: 5217 genes, 8085 xrefs, 0 changed (1.2s)
    release 52: 5217 genes, 8085 xrefs, 0 changed (1.0s)
    release 53: 5217 genes, 8085 xrefs, 0 changed (1.0s)
    release 54: 5217 genes, 8085 xrefs, 0 changed (1.0s)
    release 55: 5217 genes, 8085 xrefs, 0 changed (1.0s)
    release 56: 5217 genes, 8085 xrefs, 0 changed (0.9s)
    release 57: 5217 genes, 8085 xrefs, 0 changed (1.0s)
    release 58: 5217 genes, 8085 xrefs, 0 changed (1.0s)
    release 59: 5217 genes, 8085 xrefs, 0 changed (1.1s)
    release 60: 5217 genes, 8085 xrefs, 0 changed (1.3s)
    release 61: 5502 genes, 6233 xrefs, 4 changed (1.2s)
    release 62: 5502 genes, 6233 xrefs, 0 changed (0.9s)
  folsomia_candida: 8 releases, 28732 genes in db
    release 52: 28732 genes, 0 xrefs, 0 changed (2.0s)
    release 53: 28732 genes, 0 xrefs, 0 changed (1.8s)
    release 54: 28732 genes, 0 xrefs, 0 changed (1.9s)
    release 55: 28732 genes, 0 xrefs, 0 changed (1.8s)
    release 56: 28732 genes, 0 xrefs, 0 changed (1.8s)
    release 57: 28732 genes, 0 xrefs, 0 changed (1.8s)
    release 58: 28732 genes, 0 xrefs, 0 changed (1.7s)
    release 59: 28732 genes, 0 xrefs, 0 changed (1.2s)
  anopheles_darlingi: 44 releases, 22648 genes in db
    release 16: 11430 genes, 11433 xrefs, 0 changed (1.3s)
    release 17: 11430 genes, 11433 xrefs, 0 changed (1.4s)
    release 18: 11430 genes, 11433 xrefs, 0 changed (1.2s)
    release 19: 11430 genes, 11433 xrefs, 0 changed (1.4s)
    release 20: 11430 genes, 11433 xrefs, 0 changed (1.5s)
    release 21: 11430 genes, 11433 xrefs, 0 changed (1.4s)
    release 22: 11430 genes, 11433 xrefs, 0 changed (1.5s)
    release 23: 10948 genes, 21561 xrefs, 929 changed (1.5s)
    release 24: 10948 genes, 21561 xrefs, 0 changed (1.6s)
    release 25: 10948 genes, 21561 xrefs, 0 changed (1.7s)
    release 26: 10948 genes, 21561 xrefs, 0 changed (1.5s)
    release 27: 10948 genes, 21495 xrefs, 0 changed (1.7s)
    release 28: 10948 genes, 21495 xrefs, 0 changed (1.7s)
    release 29: 10948 genes, 21495 xrefs, 0 changed (1.7s)
    release 30: 10948 genes, 21495 xrefs, 0 changed (1.7s)
    release 31: 10961 genes, 21731 xrefs, 54 changed (2.0s)
    release 32: 10961 genes, 21731 xrefs, 0 changed (1.7s)
    release 33: 10961 genes, 21731 xrefs, 0 changed (1.8s)
    release 34: 10961 genes, 21731 xrefs, 0 changed (1.6s)
    release 35: 10961 genes, 11005 xrefs, 0 changed (1.7s)
    release 36: 10961 genes, 10996 xrefs, 9 changed (1.2s)
    release 37: 10961 genes, 11005 xrefs, 9 changed (1.3s)
    release 38: 10958 genes, 20804 xrefs, 116 changed (1.6s)
    release 39: 10958 genes, 20804 xrefs, 0 changed (1.5s)
    release 40: 10958 genes, 20795 xrefs, 9 changed (1.5s)
    release 41: 10958 genes, 20795 xrefs, 0 changed (1.7s)
    release 42: 10958 genes, 20795 xrefs, 0 changed (1.8s)
    release 43: 10958 genes, 20795 xrefs, 0 changed (1.6s)
    release 44: 10958 genes, 20795 xrefs, 0 changed (1.9s)
    release 45: 10958 genes, 20795 xrefs, 0 changed (1.6s)
    release 46: 11002 genes, 20672 xrefs, 243 changed (1.8s)
    release 47: 11002 genes, 20672 xrefs, 0 changed (1.7s)
    release 48: 11002 genes, 20672 xrefs, 0 changed (1.8s)
    release 49: 11002 genes, 20672 xrefs, 0 changed (1.7s)
    release 50: 11002 genes, 20672 xrefs, 0 changed (1.9s)
    release 51: 11005 genes, 20436 xrefs, 0 changed (2.1s)
    release 52: 11005 genes, 20436 xrefs, 0 changed (1.9s)
    release 53: 11005 genes, 20436 xrefs, 0 changed (1.9s)
    release 54: 11005 genes, 20436 xrefs, 0 changed (1.9s)
    release 55: 11005 genes, 20436 xrefs, 0 changed (1.8s)
    release 56: 11005 genes, 20436 xrefs, 0 changed (1.9s)
    release 57: 11005 genes, 20436 xrefs, 0 changed (1.6s)
    release 58: 11005 genes, 20436 xrefs, 0 changed (1.8s)
    release 59: 11005 genes, 20436 xrefs, 0 changed (1.4s)
  plasmodium_berghei: 57 releases, 10444 genes in db
    release 12: 4969 genes, 9872 xrefs, 11 changed (1.0s)
    release 13: 4969 genes, 17999 xrefs, 4128 changed (1.1s)
    release 14: 4969 genes, 17999 xrefs, 0 changed (1.3s)
    release 15: 4969 genes, 17999 xrefs, 0 changed (1.4s)
    release 16: 4969 genes, 17999 xrefs, 0 changed (1.3s)
    release 17: 4969 genes, 17999 xrefs, 0 changed (1.4s)
    release 18: 4969 genes, 17999 xrefs, 0 changed (1.5s)
    release 19: 4969 genes, 17999 xrefs, 0 changed (1.5s)
    release 20: 4969 genes, 17999 xrefs, 0 changed (1.5s)
    release 21: 4969 genes, 17999 xrefs, 0 changed (1.2s)
    release 22: 4969 genes, 17999 xrefs, 0 changed (1.4s)
    release 23: 4969 genes, 17999 xrefs, 0 changed (1.4s)
    release 24: 4969 genes, 17999 xrefs, 0 changed (1.3s)
    release 25: 4969 genes, 19803 xrefs, 0 changed (1.5s)
    release 26: 4969 genes, 19803 xrefs, 0 changed (1.4s)
    release 27: 4969 genes, 19803 xrefs, 0 changed (1.5s)
    release 28: 4969 genes, 17999 xrefs, 0 changed (1.4s)
    release 29: 4969 genes, 17999 xrefs, 0 changed (1.3s)
    release 30: 4969 genes, 17999 xrefs, 0 changed (1.3s)
    release 31: 4969 genes, 17999 xrefs, 0 changed (1.3s)
    release 32: 5152 genes, 8315 xrefs, 4118 changed (0.9s)
    release 33: 5152 genes, 8315 xrefs, 0 changed (0.9s)
    release 34: 5152 genes, 8315 xrefs, 0 changed (0.9s)
    release 35: 5152 genes, 8315 xrefs, 0 changed (0.9s)
    release 36: 5152 genes, 8315 xrefs, 0 changed (0.9s)
    release 37: 5159 genes, 8322 xrefs, 0 changed (0.9s)
    release 38: 5159 genes, 8322 xrefs, 0 changed (1.0s)
    release 39: 5159 genes, 8322 xrefs, 0 changed (1.0s)
    release 40: 5159 genes, 8322 xrefs, 0 changed (0.8s)
    release 41: 5159 genes, 8322 xrefs, 0 changed (0.8s)
    release 42: 5159 genes, 8322 xrefs, 0 changed (0.8s)
    release 43: 5159 genes, 8322 xrefs, 0 changed (0.9s)
    release 44: 5159 genes, 8322 xrefs, 0 changed (1.1s)
    release 45: 5159 genes, 8322 xrefs, 0 changed (0.8s)
    release 46: 5159 genes, 8322 xrefs, 0 changed (0.9s)
    release 47: 5159 genes, 8188 xrefs, 0 changed (0.9s)
    release 48: 5159 genes, 8188 xrefs, 0 changed (0.8s)
    release 49: 5159 genes, 8188 xrefs, 0 changed (0.8s)
    release 50: 5159 genes, 8188 xrefs, 0 changed (0.9s)
    release 51: 5159 genes, 8188 xrefs, 0 changed (1.0s)
    release 52: 5159 genes, 8188 xrefs, 0 changed (0.9s)
    release 53: 5159 genes, 8188 xrefs, 0 changed (0.9s)
    release 54: 5159 genes, 8188 xrefs, 0 changed (1.0s)
    release 55: 5159 genes, 8188 xrefs, 0 changed (0.9s)
    release 56: 5159 genes, 8188 xrefs, 0 changed (0.9s)
    release 57: 5159 genes, 8188 xrefs, 0 changed (1.0s)
    release 58: 5159 genes, 8188 xrefs, 0 changed (1.1s)
    release 59: 5159 genes, 8188 xrefs, 0 changed (1.0s)
    release 60: 5159 genes, 8188 xrefs, 0 changed (1.1s)
    release 61: 5254 genes, 1786 xrefs, 0 changed (0.9s)
    release 62: 5254 genes, 1786 xrefs, 0 changed (0.8s)
  hordeum_vulgare_hor7552: 2 releases, 51179 genes in db
    release 61: 51179 genes, 0 xrefs, 0 changed (1.9s)
    release 62: 51179 genes, 301 xrefs, 0 changed (2.3s)
  hordeum_vulgare_hor8117: 2 releases, 50002 genes in db
    release 61: 50002 genes, 43 xrefs, 0 changed (2.1s)
    release 62: 50002 genes, 274 xrefs, 0 changed (2.2s)
  hordeum_vulgare_hor8148: 2 releases, 55701 genes in db
    release 61: 55701 genes, 10 xrefs, 0 changed (2.4s)
    release 62: 55701 genes, 339 xrefs, 0 changed (2.6s)
  plasmodium_chabaudi: 57 releases, 10478 genes in db
    release 12: 5182 genes, 5182 xrefs, 0 changed (0.8s)
    release 13: 5182 genes, 5182 xrefs, 0 changed (0.6s)
    release 14: 5182 genes, 5182 xrefs, 0 changed (0.6s)
    release 15: 5182 genes, 5182 xrefs, 0 changed (0.6s)
    release 16: 5182 genes, 5182 xrefs, 0 changed (0.6s)
    release 17: 5182 genes, 5182 xrefs, 0 changed (0.7s)
    release 18: 5182 genes, 5182 xrefs, 0 changed (0.7s)
    release 19: 5182 genes, 5182 xrefs, 0 changed (0.7s)
    release 20: 5182 genes, 5182 xrefs, 0 changed (0.8s)
    release 21: 5182 genes, 18 xrefs, 0 changed (0.7s)
    release 22: 5182 genes, 18 xrefs, 0 changed (0.8s)
    release 23: 5182 genes, 18 xrefs, 0 changed (0.8s)
    release 24: 5182 genes, 18 xrefs, 0 changed (0.8s)
    release 25: 5182 genes, 18 xrefs, 0 changed (1.0s)
    release 26: 5182 genes, 18 xrefs, 0 changed (0.8s)
    release 27: 5182 genes, 18 xrefs, 0 changed (0.8s)
    release 28: 5182 genes, 18 xrefs, 0 changed (1.0s)
    release 29: 5182 genes, 18 xrefs, 0 changed (0.8s)
    release 30: 5182 genes, 18 xrefs, 0 changed (0.9s)
    release 31: 5182 genes, 18 xrefs, 0 changed (1.1s)
    release 32: 5295 genes, 3248 xrefs, 0 changed (0.7s)
    release 33: 5295 genes, 3248 xrefs, 0 changed (0.7s)
    release 34: 5295 genes, 3248 xrefs, 0 changed (0.8s)
    release 35: 5295 genes, 3248 xrefs, 0 changed (0.7s)
    release 36: 5295 genes, 3248 xrefs, 0 changed (0.7s)
    release 37: 5303 genes, 3255 xrefs, 0 changed (0.7s)
    release 38: 5303 genes, 3255 xrefs, 0 changed (0.8s)
    release 39: 5303 genes, 3255 xrefs, 0 changed (0.7s)
    release 40: 5303 genes, 3255 xrefs, 0 changed (0.6s)
    release 41: 5303 genes, 3255 xrefs, 0 changed (0.7s)
    release 42: 5303 genes, 3255 xrefs, 0 changed (0.7s)
    release 43: 5303 genes, 3255 xrefs, 0 changed (0.7s)
    release 44: 5303 genes, 3255 xrefs, 0 changed (0.8s)
    release 45: 5303 genes, 3255 xrefs, 0 changed (0.7s)
    release 46: 5303 genes, 3255 xrefs, 0 changed (0.8s)
    release 47: 5303 genes, 3131 xrefs, 0 changed (0.7s)
    release 48: 5303 genes, 3131 xrefs, 0 changed (0.7s)
    release 49: 5303 genes, 3131 xrefs, 0 changed (0.7s)
    release 50: 5303 genes, 3131 xrefs, 0 changed (0.7s)
    release 51: 5303 genes, 3131 xrefs, 0 changed (0.9s)
    release 52: 5303 genes, 3131 xrefs, 0 changed (0.8s)
    release 53: 5303 genes, 3131 xrefs, 0 changed (0.8s)
    release 54: 5303 genes, 3131 xrefs, 0 changed (0.8s)
    release 55: 5303 genes, 3131 xrefs, 0 changed (0.8s)
    release 56: 5303 genes, 3131 xrefs, 0 changed (0.8s)
    release 57: 5303 genes, 3131 xrefs, 0 changed (0.9s)
    release 58: 5303 genes, 3131 xrefs, 0 changed (0.9s)
    release 59: 5303 genes, 3131 xrefs, 0 changed (0.8s)
    release 60: 5303 genes, 3131 xrefs, 0 changed (1.0s)
    release 61: 5303 genes, 3131 xrefs, 0 changed (1.0s)
    release 62: 5303 genes, 3131 xrefs, 0 changed (0.9s)
  jaculus_jaculus: 26 releases, 24433 genes in db
    release 90: 24433 genes, 37010 xrefs, 16431 changed (4.8s)
    release 91: 24433 genes, 36375 xrefs, 975 changed (4.7s)
    release 92: 24433 genes, 42516 xrefs, 7430 changed (4.2s)
    release 93: 24433 genes, 42545 xrefs, 359 changed (4.7s)
    release 94: 24433 genes, 42479 xrefs, 530 changed (4.3s)
    release 95: 24433 genes, 43149 xrefs, 764 changed (4.9s)
    release 96: 24433 genes, 42970 xrefs, 310 changed (4.8s)
    release 97: 24433 genes, 43170 xrefs, 322 changed (5.0s)
    release 98: 24433 genes, 43007 xrefs, 5282 changed (5.0s)
    release 99: 24433 genes, 13242 xrefs, 11814 changed (3.9s)
    release 100: 24433 genes, 42984 xrefs, 1339 changed (4.9s)
    release 101: 24433 genes, 42955 xrefs, 175 changed (4.8s)
    release 102: 24433 genes, 42818 xrefs, 151 changed (4.4s)
    release 103: 24433 genes, 42906 xrefs, 458 changed (4.4s)
    release 104: 24433 genes, 42832 xrefs, 231 changed (6.1s)
    release 105: 24433 genes, 42932 xrefs, 267 changed (5.1s)
    release 106: 24433 genes, 42933 xrefs, 144 changed (5.0s)
    release 107: 24433 genes, 42998 xrefs, 266 changed (4.9s)
    release 108: 24433 genes, 43020 xrefs, 194 changed (4.9s)
    release 109: 24433 genes, 43005 xrefs, 252 changed (5.1s)
    release 110: 24433 genes, 43041 xrefs, 195 changed (5.2s)
    release 111: 24433 genes, 43043 xrefs, 223 changed (4.9s)
    release 112: 24433 genes, 43027 xrefs, 229 changed (4.9s)
    release 113: 24433 genes, 68402 xrefs, 4174 changed (6.2s)
    release 114: 24433 genes, 72392 xrefs, 1775 changed (7.4s)
    release 115: 24433 genes, 72389 xrefs, 175 changed (6.9s)
  labrus_bergylta: 22 releases, 29087 genes in db
    release 94: 29087 genes, 39975 xrefs, 17727 changed (4.3s)
    release 95: 29087 genes, 54171 xrefs, 6581 changed (4.9s)
    release 96: 29087 genes, 54079 xrefs, 1124 changed (5.0s)
    release 97: 29087 genes, 54156 xrefs, 983 changed (5.1s)
    release 98: 29087 genes, 56582 xrefs, 2982 changed (5.4s)
    release 99: 29087 genes, 59956 xrefs, 15308 changed (7.5s)
    release 100: 29087 genes, 58988 xrefs, 2167 changed (6.9s)
    release 101: 29087 genes, 59036 xrefs, 983 changed (7.6s)
    release 102: 29087 genes, 59465 xrefs, 2140 changed (8.2s)
    release 103: 29087 genes, 59527 xrefs, 1061 changed (8.4s)
    release 104: 29087 genes, 59469 xrefs, 975 changed (10.3s)
    release 105: 29087 genes, 59556 xrefs, 927 changed (8.8s)
    release 106: 29087 genes, 59569 xrefs, 789 changed (8.3s)
    release 107: 29087 genes, 59521 xrefs, 813 changed (8.0s)
    release 108: 29087 genes, 59528 xrefs, 746 changed (7.6s)
    release 109: 29087 genes, 59560 xrefs, 755 changed (7.6s)
    release 110: 29087 genes, 57774 xrefs, 4633 changed (7.8s)
 Container asap_run_test  Running
 Container asap2_test-redis-1  Running
 Container elasticsearch_asap_test  Running
 Container asap2_test-postgres-1  Running
2026-06-30 15:52:10 +0000: HEAD http://elasticsearch:9200/projects [status:200, request:0.008s, query:n/a]
2026-06-30 15:52:10 +0000: < 
Rebuild Ensembl release fields
  remote db: asap_data_v8
  ensembl data dirs: /mnt/asap_data/ensembl
  vertebrates releases: 54-115
  ensembl genomes releases: 5-62

== Step 3/3: rebuild genes.name, alt_names, obsolete_alt_names from Ensembl xrefs ==
  labrus_bergylta: 22 releases, 29087 genes in db
    release 94: 29087 genes, 39975 xrefs, 17727 changed (2.3s)
[slurm:monitor_jobs] Starting
[SlurmMonitor] No runs with status_id=2 (running)
    release 95: 29087 genes, 54171 xrefs, 6581 changed (2.5s)
    release 96: 29087 genes, 54079 xrefs, 1124 changed (2.5s)
    release 97: 29087 genes, 54156 xrefs, 983 changed (2.5s)
    release 98: 29087 genes, 56582 xrefs, 2982 changed (2.6s)
    release 99: 29087 genes, 59956 xrefs, 15308 changed (4.6s)
    release 100: 29087 genes, 58988 xrefs, 2167 changed (4.7s)
    release 101: 29087 genes, 59036 xrefs, 983 changed (4.6s)
    release 102: 29087 genes, 59465 xrefs, 2140 changed (4.7s)
    release 103: 29087 genes, 59527 xrefs, 1061 changed (4.9s)
    release 104: 29087 genes, 59469 xrefs, 975 changed (6.7s)
    release 105: 29087 genes, 59556 xrefs, 927 changed (5.9s)
    release 106: 29087 genes, 59569 xrefs, 789 changed (6.1s)
    release 107: 29087 genes, 59521 xrefs, 813 changed (6.4s)
    release 108: 29087 genes, 59528 xrefs, 746 changed (6.3s)
    release 109: 29087 genes, 59560 xrefs, 755 changed (6.2s)
    release 110: 29087 genes, 57774 xrefs, 4633 changed (6.2s)
    release 111: 29087 genes, 59555 xrefs, 4652 changed (6.1s)
    release 112: 29087 genes, 57835 xrefs, 4626 changed (7.3s)
    release 113: 29087 genes, 64405 xrefs, 8785 changed (6.6s)
    release 114: 29087 genes, 59533 xrefs, 5800 changed (8.0s)
    release 115: 29087 genes, 59536 xrefs, 659 changed (7.6s)
  latimeria_chalumnae: 50 releases, 22688 genes in db
    release 66: 22092 genes, 12401 xrefs, 11761 changed (2.4s)
    release 67: 22626 genes, 12660 xrefs, 3184 changed (2.9s)
    release 68: 22626 genes, 12547 xrefs, 392 changed (2.5s)
    release 69: 22626 genes, 12667 xrefs, 261 changed (2.5s)
    release 70: 22628 genes, 12677 xrefs, 252 changed (3.1s)
    release 71: 22628 genes, 13048 xrefs, 13055 changed (4.0s)
    release 72: 22628 genes, 13086 xrefs, 95 changed (3.7s)
    release 73: 22628 genes, 14941 xrefs, 1883 changed (3.8s)
    release 74: 22628 genes, 15034 xrefs, 609 changed (3.7s)
    release 75: 22628 genes, 40087 xrefs, 13644 changed (5.2s)
    release 76: 22628 genes, 39832 xrefs, 1639 changed (5.4s)
    release 77: 22628 genes, 39782 xrefs, 2824 changed (5.7s)
    release 78: 22628 genes, 39763 xrefs, 2770 changed (4.9s)
    release 79: 22628 genes, 39790 xrefs, 5413 changed (5.4s)
    release 80: 22628 genes, 34335 xrefs, 4115 changed (5.2s)
    release 81: 22628 genes, 34148 xrefs, 1354 changed (4.9s)
    release 82: 22628 genes, 34167 xrefs, 1329 changed (5.2s)
    release 83: 22628 genes, 34138 xrefs, 1001 changed (5.3s)
    release 84: 22628 genes, 33897 xrefs, 5842 changed (4.7s)
    release 85: 22628 genes, 32809 xrefs, 5890 changed (4.3s)
    release 86: 22628 genes, 32898 xrefs, 796 changed (4.7s)
    release 87: 22628 genes, 32598 xrefs, 660 changed (4.3s)
    release 88: 22628 genes, 32549 xrefs, 714 changed (4.8s)
    release 90: 22628 genes, 32572 xrefs, 838 changed (4.7s)
    release 91: 22628 genes, 32196 xrefs, 2295 changed (4.8s)
    release 92: 22628 genes, 34267 xrefs, 4359 changed (4.6s)
    release 93: 22628 genes, 50787 xrefs, 902 changed (5.4s)
    release 94: 22628 genes, 51090 xrefs, 1602 changed (4.9s)
    release 95: 22628 genes, 54238 xrefs, 2260 changed (4.8s)
    release 96: 22628 genes, 51684 xrefs, 1057 changed (5.0s)
    release 97: 22628 genes, 54059 xrefs, 971 changed (5.4s)
    release 98: 22628 genes, 53709 xrefs, 2943 changed (5.2s)
    release 99: 22628 genes, 52624 xrefs, 12015 changed (5.4s)
    release 100: 22628 genes, 52636 xrefs, 641 changed (4.9s)
    release 101: 22628 genes, 52551 xrefs, 575 changed (5.0s)
    release 102: 22628 genes, 52621 xrefs, 718 changed (5.4s)
    release 103: 22628 genes, 52625 xrefs, 580 changed (5.3s)
    release 104: 22628 genes, 52643 xrefs, 619 changed (6.0s)
    release 105: 22628 genes, 52803 xrefs, 550 changed (5.4s)
    release 106: 22628 genes, 52771 xrefs, 423 changed (5.6s)
    release 107: 22628 genes, 52851 xrefs, 788 changed (5.4s)
    release 108: 22628 genes, 52833 xrefs, 427 changed (5.6s)
    release 109: 22628 genes, 52811 xrefs, 429 changed (5.5s)
    release 110: 22628 genes, 54153 xrefs, 3299 changed (5.1s)
    release 111: 22628 genes, 54616 xrefs, 850 changed (5.1s)
    release 112: 22628 genes, 54200 xrefs, 861 changed (4.8s)
    release 113: 22628 genes, 55267 xrefs, 4325 changed (5.0s)
    release 114: 22628 genes, 60072 xrefs, 2438 changed (6.0s)
    release 115: 22628 genes, 58905 xrefs, 1151 changed (5.0s)
  lepisosteus_oculatus: 42 releases, 23315 genes in db
    release 74: 21002 genes, 15765 xrefs, 15216 changed (3.0s)
    release 75: 21002 genes, 15898 xrefs, 2880 changed (2.9s)
    release 76: 21002 genes, 15706 xrefs, 2082 changed (3.0s)
    release 77: 21002 genes, 15727 xrefs, 819 changed (2.8s)
    release 78: 21002 genes, 40751 xrefs, 12365 changed (4.7s)
    release 79: 21002 genes, 40736 xrefs, 773 changed (4.4s)
    release 80: 21002 genes, 41020 xrefs, 3530 changed (4.6s)
    release 81: 21002 genes, 40949 xrefs, 1739 changed (5.0s)
    release 82: 21002 genes, 40961 xrefs, 947 changed (4.0s)
    release 83: 21002 genes, 35720 xrefs, 3016 changed (4.7s)
    release 84: 21002 genes, 35443 xrefs, 3634 changed (4.3s)
    release 85: 21002 genes, 33994 xrefs, 2320 changed (4.3s)
    release 86: 21002 genes, 34157 xrefs, 1488 changed (4.5s)
    release 87: 23315 genes, 40003 xrefs, 10260 changed (4.3s)
    release 88: 23315 genes, 39993 xrefs, 1070 changed (4.9s)
    release 90: 23315 genes, 39980 xrefs, 1539 changed (5.1s)
    release 91: 23315 genes, 39960 xrefs, 2585 changed (4.8s)
    release 92: 23315 genes, 37267 xrefs, 4875 changed (4.8s)
    release 93: 23315 genes, 39903 xrefs, 898 changed (5.0s)
    release 94: 23315 genes, 39459 xrefs, 1784 changed (4.9s)
    release 95: 23315 genes, 42728 xrefs, 2894 changed (5.6s)
    release 96: 23315 genes, 39951 xrefs, 1925 changed (5.6s)
    release 97: 23315 genes, 39959 xrefs, 752 changed (5.4s)
    release 98: 23315 genes, 42360 xrefs, 4181 changed (5.2s)
    release 99: 23315 genes, 39318 xrefs, 12753 changed (5.0s)
    release 100: 23315 genes, 39323 xrefs, 978 changed (5.3s)
    release 101: 23315 genes, 39293 xrefs, 671 changed (5.4s)
    release 102: 23315 genes, 39194 xrefs, 517 changed (5.3s)
    release 103: 23315 genes, 39240 xrefs, 606 changed (6.0s)
    release 104: 23315 genes, 39229 xrefs, 614 changed (6.8s)
    release 105: 23315 genes, 39386 xrefs, 583 changed (5.9s)
    release 106: 23315 genes, 39377 xrefs, 478 changed (6.1s)
    release 107: 23315 genes, 39355 xrefs, 514 changed (5.5s)
    release 108: 23315 genes, 39342 xrefs, 498 changed (5.4s)
    release 109: 23315 genes, 39354 xrefs, 510 changed (5.3s)
    release 110: 23315 genes, 38516 xrefs, 3594 changed (5.4s)
    release 111: 23315 genes, 39369 xrefs, 3595 changed (5.4s)
    release 112: 23315 genes, 38598 xrefs, 3677 changed (5.5s)
    release 113: 23315 genes, 40288 xrefs, 5857 changed (4.8s)
    release 114: 23315 genes, 44070 xrefs, 3290 changed (5.3s)
    release 115: 23315 genes, 44081 xrefs, 1184 changed (5.1s)
  loxodonta_africana: 62 releases, 33295 genes in db
    release 65: 23245 genes, 16995 xrefs, 14745 changed (2.9s)
    release 66: 23245 genes, 16980 xrefs, 373 changed (2.9s)
    release 67: 23245 genes, 61372 xrefs, 11168 changed (5.0s)
    release 68: 23245 genes, 61179 xrefs, 780 changed (5.1s)
    release 69: 23245 genes, 61373 xrefs, 716 changed (5.1s)
    release 70: 23245 genes, 49323 xrefs, 13732 changed (5.5s)
    release 71: 23245 genes, 49322 xrefs, 96 changed (5.4s)
    release 72: 23245 genes, 49340 xrefs, 94 changed (5.1s)
    release 73: 23245 genes, 49350 xrefs, 110 changed (5.3s)
    release 74: 23245 genes, 46802 xrefs, 13800 changed (6.0s)
    release 75: 23245 genes, 46809 xrefs, 769 changed (6.5s)
    release 76: 23245 genes, 46784 xrefs, 765 changed (6.1s)
    release 77: 23245 genes, 46770 xrefs, 432 changed (5.6s)
    release 78: 23245 genes, 46797 xrefs, 246 changed (6.0s)
    release 79: 23245 genes, 46789 xrefs, 573 changed (5.9s)
    release 80: 23245 genes, 46790 xrefs, 471 changed (6.5s)
    release 81: 23245 genes, 46800 xrefs, 432 changed (6.3s)
    release 82: 23245 genes, 46817 xrefs, 376 changed (6.6s)
    release 83: 23245 genes, 46790 xrefs, 404 changed (6.3s)
    release 84: 23245 genes, 42742 xrefs, 8920 changed (6.2s)
    release 85: 23245 genes, 42025 xrefs, 487 changed (5.7s)
    release 86: 23245 genes, 42002 xrefs, 264 changed (5.5s)
    release 87: 23245 genes, 41847 xrefs, 252 changed (5.4s)
    release 88: 23245 genes, 41852 xrefs, 366 changed (5.4s)
    release 90: 23245 genes, 41845 xrefs, 709 changed (5.9s)
    release 91: 23245 genes, 41394 xrefs, 600 changed (5.8s)
    release 92: 23245 genes, 31625 xrefs, 2583 changed (5.6s)
    release 93: 23245 genes, 50505 xrefs, 3677 changed (6.1s)
    release 94: 23245 genes, 49910 xrefs, 660 changed (6.2s)
    release 95: 23245 genes, 47736 xrefs, 1671 changed (5.9s)
    release 96: 23245 genes, 46520 xrefs, 377 changed (6.3s)
    release 97: 23245 genes, 48983 xrefs, 1532 changed (6.4s)
    release 98: 23245 genes, 46828 xrefs, 1949 changed (6.5s)
    release 99: 23245 genes, 39119 xrefs, 14775 changed (6.0s)
    release 100: 23245 genes, 39173 xrefs, 255 changed (6.7s)
    release 101: 23245 genes, 39129 xrefs, 235 changed (6.2s)
    release 102: 23245 genes, 38682 xrefs, 423 changed (6.0s)
    release 103: 23245 genes, 38697 xrefs, 202 changed (5.8s)
    release 104: 23245 genes, 38720 xrefs, 436 changed (7.4s)
    release 105: 23245 genes, 39225 xrefs, 427 changed (6.5s)
    release 106: 23245 genes, 39198 xrefs, 153 changed (6.7s)
    release 107: 23245 genes, 39551 xrefs, 448 changed (6.6s)
    release 108: 23245 genes, 39540 xrefs, 140 changed (6.7s)
    release 109: 23245 genes, 39547 xrefs, 151 changed (6.7s)
    release 110: 23245 genes, 39552 xrefs, 133 changed (6.3s)
    release 111: 23245 genes, 39547 xrefs, 168 changed (6.3s)
    release 112: 23245 genes, 39564 xrefs, 133 changed (6.7s)
    release 113: 23245 genes, 36305 xrefs, 1643 changed (5.1s)
    release 114: 23245 genes, 49129 xrefs, 2166 changed (6.0s)
    release 115: 23245 genes, 49094 xrefs, 119 changed (6.0s)
  mastacembelus_armatus: 22 releases, 28742 genes in db
    release 94: 24257 genes, 15312 xrefs, 15212 changed (2.5s)
    release 95: 24257 genes, 44442 xrefs, 8670 changed (4.1s)
    release 96: 24257 genes, 43847 xrefs, 1259 changed (5.1s)
    release 97: 24257 genes, 44455 xrefs, 1119 changed (5.5s)
    release 98: 24257 genes, 46525 xrefs, 1762 changed (5.7s)
    release 99: 24257 genes, 46999 xrefs, 14637 changed (6.1s)
    release 100: 24257 genes, 47180 xrefs, 1450 changed (6.2s)
    release 101: 24257 genes, 47207 xrefs, 911 changed (5.9s)
    release 102: 24257 genes, 47447 xrefs, 1070 changed (5.8s)
    release 103: 23389 genes, 50748 xrefs, 9573 changed (4.9s)
    release 104: 23389 genes, 50654 xrefs, 796 changed (9.3s)
    release 105: 23389 genes, 50733 xrefs, 755 changed (6.1s)
    release 106: 23389 genes, 50749 xrefs, 694 changed (6.8s)
    release 107: 23389 genes, 50669 xrefs, 701 changed (6.6s)
    release 108: 23389 genes, 50737 xrefs, 647 changed (6.5s)
    release 109: 23389 genes, 50742 xrefs, 650 changed (5.9s)
    release 110: 23389 genes, 48906 xrefs, 3335 changed (6.0s)
    release 111: 23389 genes, 50728 xrefs, 3386 changed (6.2s)
    release 112: 23389 genes, 49020 xrefs, 3378 changed (5.8s)
    release 113: 23389 genes, 57310 xrefs, 2733 changed (6.7s)
    release 114: 23389 genes, 53349 xrefs, 1893 changed (7.9s)
    release 115: 23389 genes, 53342 xrefs, 596 changed (7.2s)
  mus_musculus_dba2j: 30 releases, 98146 genes in db
    release 86: 40181 genes, 123673 xrefs, 23572 changed (12.2s)
    release 87: 40181 genes, 123673 xrefs, 54 changed (12.3s)
    release 88: 40181 genes, 123673 xrefs, 0 changed (13.5s)
    release 90: 40181 genes, 123673 xrefs, 0 changed (12.5s)
    release 91: 40181 genes, 123673 xrefs, 0 changed (12.7s)
    release 92: 40177 genes, 123673 xrefs, 0 changed (12.9s)
    release 93: 40177 genes, 123673 xrefs, 0 changed (13.2s)
    release 94: 40177 genes, 109307 xrefs, 0 changed (12.6s)
    release 95: 40177 genes, 109307 xrefs, 0 changed (12.3s)
    release 96: 40177 genes, 109307 xrefs, 0 changed (13.1s)
    release 97: 40177 genes, 109307 xrefs, 0 changed (13.0s)
    release 98: 40177 genes, 109307 xrefs, 0 changed (13.8s)
    release 99: 40177 genes, 109307 xrefs, 0 changed (12.9s)
    release 100: 40177 genes, 109307 xrefs, 0 changed (13.3s)
    release 101: 40177 genes, 109307 xrefs, 0 changed (13.8s)
    release 102: 40177 genes, 109307 xrefs, 0 changed (13.2s)
    release 103: 40177 genes, 109307 xrefs, 0 changed (13.3s)
    release 104: 40177 genes, 109307 xrefs, 0 changed (14.3s)
    release 105: 40177 genes, 109307 xrefs, 0 changed (12.9s)
    release 106: 40177 genes, 109307 xrefs, 0 changed (13.2s)
    release 107: 40177 genes, 109307 xrefs, 0 changed (13.5s)
    release 108: 40177 genes, 109307 xrefs, 0 changed (12.9s)
    release 109: 40177 genes, 109307 xrefs, 0 changed (12.9s)
    release 110: 40177 genes, 109307 xrefs, 0 changed (13.8s)
    release 111: 40177 genes, 109307 xrefs, 0 changed (13.7s)
    release 112: 40177 genes, 109307 xrefs, 0 changed (13.0s)
    release 113: 40177 genes, 117547 xrefs, 23679 changed (10.2s)
    release 114: 57965 genes, 0 xrefs, 0 changed (4.5s)
    release 115: 57965 genes, 0 xrefs, 0 changed (3.8s)
  mus_spretus: 24 releases, 91014 genes in db
    release 92: 38557 genes, 26 xrefs, 0 changed (3.9s)
    release 93: 38557 genes, 28 xrefs, 0 changed (3.3s)
    release 94: 38557 genes, 28 xrefs, 25 changed (3.3s)
    release 95: 38557 genes, 18819 xrefs, 16635 changed (5.8s)
    release 96: 38557 genes, 19081 xrefs, 316 changed (5.8s)
    release 97: 38557 genes, 25625 xrefs, 4058 changed (6.5s)
    release 98: 38557 genes, 25564 xrefs, 186 changed (5.7s)
    release 99: 38557 genes, 25557 xrefs, 16936 changed (6.0s)
    release 100: 38557 genes, 25466 xrefs, 187 changed (5.9s)
    release 101: 38557 genes, 25497 xrefs, 67 changed (5.3s)
    release 102: 38557 genes, 17651 xrefs, 14 changed (5.4s)
    release 103: 38557 genes, 17632 xrefs, 128 changed (5.4s)
    release 104: 38557 genes, 17630 xrefs, 23 changed (7.3s)
    release 105: 38557 genes, 24085 xrefs, 139 changed (6.9s)
    release 106: 38557 genes, 23907 xrefs, 40 changed (6.4s)
    release 107: 38557 genes, 23551 xrefs, 47 changed (6.9s)
    release 108: 38557 genes, 23854 xrefs, 346 changed (6.7s)
    release 109: 38557 genes, 23801 xrefs, 724 changed (6.5s)
    release 110: 38557 genes, 23758 xrefs, 49 changed (6.6s)
    release 111: 38557 genes, 23758 xrefs, 95 changed (6.3s)
    release 112: 38557 genes, 23746 xrefs, 105 changed (6.2s)
    release 113: 38557 genes, 22348 xrefs, 81 changed (6.1s)
    release 114: 52457 genes, 27800 xrefs, 202 changed (6.5s)
    release 115: 52457 genes, 27788 xrefs, 49 changed (6.3s)
  oryzias_latipes: 62 releases, 30652 genes in db
    release 65: 20422 genes, 20973 xrefs, 15522 changed (3.4s)
    release 66: 20422 genes, 20957 xrefs, 1057 changed (3.7s)
    release 67: 20422 genes, 20900 xrefs, 672 changed (3.6s)
    release 68: 20422 genes, 20684 xrefs, 675 changed (3.4s)
    release 69: 20422 genes, 20863 xrefs, 624 changed (3.7s)
    release 70: 20422 genes, 20874 xrefs, 512 changed (3.5s)
    release 71: 20422 genes, 47907 xrefs, 15669 changed (5.0s)
    release 72: 20459 genes, 47961 xrefs, 506 changed (5.2s)
    release 73: 20459 genes, 49227 xrefs, 4199 changed (5.0s)
    release 74: 20459 genes, 49335 xrefs, 985 changed (5.1s)
    release 75: 20459 genes, 49503 xrefs, 12553 changed (5.6s)
    release 76: 20459 genes, 49295 xrefs, 3888 changed (5.4s)
    release 77: 20459 genes, 49292 xrefs, 2613 changed (6.2s)
    release 78: 20459 genes, 49300 xrefs, 2444 changed (5.7s)
    release 79: 20459 genes, 49318 xrefs, 2372 changed (5.0s)
    release 80: 20459 genes, 49614 xrefs, 4748 changed (5.8s)
    release 81: 20459 genes, 38267 xrefs, 12208 changed (5.1s)
    release 82: 20459 genes, 38282 xrefs, 3582 changed (5.8s)
    release 83: 20459 genes, 38189 xrefs, 2464 changed (5.7s)
    release 84: 20459 genes, 37531 xrefs, 4825 changed (5.5s)
    release 85: 20459 genes, 35550 xrefs, 3403 changed (5.4s)
    release 86: 20459 genes, 35579 xrefs, 2383 changed (5.3s)
    release 87: 20459 genes, 35355 xrefs, 988 changed (5.5s)
    release 88: 20459 genes, 35285 xrefs, 1123 changed (5.9s)
    release 90: 20459 genes, 35383 xrefs, 1638 changed (5.4s)
    release 91: 20459 genes, 34848 xrefs, 2591 changed (5.7s)
    release 92: 20459 genes, 22718 xrefs, 4423 changed (5.7s)
    release 93: 20459 genes, 36865 xrefs, 2238 changed (5.3s)
    release 94: 24365 genes, 47045 xrefs, 9763 changed (5.9s)
    release 95: 24365 genes, 54908 xrefs, 4193 changed (6.2s)
    release 96: 24365 genes, 75548 xrefs, 1894 changed (6.6s)
    release 97: 24365 genes, 76115 xrefs, 1523 changed (7.7s)
    release 98: 24365 genes, 82167 xrefs, 1608 changed (7.4s)
    release 99: 24365 genes, 82046 xrefs, 13224 changed (7.7s)
    release 100: 24365 genes, 81996 xrefs, 1017 changed (7.1s)
    release 101: 24365 genes, 82006 xrefs, 797 changed (7.5s)
    release 102: 24365 genes, 81961 xrefs, 638 changed (7.2s)
    release 103: 24365 genes, 81999 xrefs, 750 changed (7.3s)
    release 104: 24365 genes, 81951 xrefs, 744 changed (9.4s)
    release 105: 24365 genes, 82041 xrefs, 712 changed (7.5s)
    release 106: 24365 genes, 82037 xrefs, 588 changed (7.6s)
    release 107: 24365 genes, 81996 xrefs, 640 changed (7.6s)
    release 108: 24365 genes, 82017 xrefs, 577 changed (7.7s)
    release 109: 24365 genes, 82036 xrefs, 570 changed (7.8s)
    release 110: 24365 genes, 80266 xrefs, 8628 changed (7.0s)
    release 111: 24365 genes, 81984 xrefs, 4258 changed (7.2s)
    release 112: 24365 genes, 80345 xrefs, 4178 changed (7.2s)
    release 113: 24365 genes, 81473 xrefs, 3015 changed (6.3s)
    release 114: 24365 genes, 82520 xrefs, 10211 changed (7.1s)
    release 115: 24365 genes, 81480 xrefs, 8908 changed (6.1s)
  oryzias_latipes_hni: 22 releases, 22681 genes in db
    release 94: 22681 genes, 23147 xrefs, 14419 changed (4.5s)
    release 95: 22681 genes, 24351 xrefs, 2108 changed (4.1s)
    release 96: 22681 genes, 24905 xrefs, 1429 changed (4.7s)
    release 97: 22681 genes, 27716 xrefs, 773 changed (6.3s)
    release 98: 22681 genes, 27600 xrefs, 1295 changed (5.7s)
    release 99: 22681 genes, 27332 xrefs, 11963 changed (5.8s)
    release 100: 22681 genes, 27268 xrefs, 731 changed (6.3s)
    release 101: 22681 genes, 27292 xrefs, 514 changed (6.5s)
    release 102: 22681 genes, 27252 xrefs, 426 changed (5.9s)
    release 103: 22681 genes, 14182 xrefs, 3248 changed (5.5s)
    release 104: 22681 genes, 14182 xrefs, 0 changed (6.8s)
    release 105: 22681 genes, 14182 xrefs, 0 changed (5.4s)
    release 106: 22681 genes, 14182 xrefs, 0 changed (5.7s)
    release 107: 22681 genes, 14182 xrefs, 0 changed (5.7s)
    release 108: 22681 genes, 14182 xrefs, 0 changed (5.5s)
    release 109: 22681 genes, 14182 xrefs, 0 changed (5.5s)
    release 110: 22681 genes, 14182 xrefs, 0 changed (5.6s)
    release 111: 22681 genes, 14182 xrefs, 0 changed (5.5s)
    release 112: 22681 genes, 14182 xrefs, 0 changed (5.6s)
    release 113: 22681 genes, 12025 xrefs, 1683 changed (3.8s)
    release 114: 22681 genes, 12026 xrefs, 398 changed (3.8s)
    release 115: 22681 genes, 12026 xrefs, 0 changed (3.8s)
  pan_troglodytes: 62 releases, 47939 genes in db
    release 65: 27975 genes, 57325 xrefs, 12117 changed (6.0s)
    release 66: 27975 genes, 57323 xrefs, 75 changed (5.5s)
    release 67: 27975 genes, 57329 xrefs, 76 changed (5.4s)
    release 68: 27975 genes, 57314 xrefs, 111 changed (5.5s)
    release 69: 27975 genes, 57318 xrefs, 111 changed (5.6s)
    release 70: 28012 genes, 57346 xrefs, 77 changed (5.9s)
    release 71: 28012 genes, 57346 xrefs, 75 changed (5.9s)
    release 72: 28012 genes, 57337 xrefs, 70 changed (5.5s)
    release 73: 28012 genes, 100822 xrefs, 12420 changed (9.0s)
    release 74: 28012 genes, 102385 xrefs, 330 changed (9.0s)
    release 75: 28012 genes, 102396 xrefs, 207 changed (9.5s)
    release 76: 28012 genes, 102362 xrefs, 600 changed (9.7s)
    release 77: 28012 genes, 101774 xrefs, 1841 changed (9.3s)
    release 78: 28012 genes, 101783 xrefs, 665 changed (8.5s)
    release 79: 28012 genes, 101726 xrefs, 268 changed (8.6s)
    release 80: 28012 genes, 101755 xrefs, 227 changed (8.4s)
    release 81: 28012 genes, 87704 xrefs, 9157 changed (9.0s)
    release 82: 28012 genes, 87684 xrefs, 363 changed (8.6s)
    release 83: 28012 genes, 87673 xrefs, 478 changed (8.8s)
    release 84: 28012 genes, 87727 xrefs, 418 changed (8.6s)
    release 85: 28012 genes, 99759 xrefs, 17991 changed (9.7s)
    release 86: 28012 genes, 99734 xrefs, 189 changed (9.6s)
    release 87: 28012 genes, 99599 xrefs, 305 changed (8.4s)
    release 88: 28012 genes, 99593 xrefs, 220 changed (8.5s)
    release 90: 28012 genes, 99557 xrefs, 285 changed (8.2s)
    release 91: 31951 genes, 97405 xrefs, 13072 changed (9.3s)
    release 92: 33729 genes, 100059 xrefs, 8891 changed (8.9s)
    release 93: 33729 genes, 155229 xrefs, 3473 changed (11.6s)
    release 94: 33729 genes, 132845 xrefs, 2552 changed (11.6s)
    release 95: 33729 genes, 137505 xrefs, 3116 changed (12.7s)
    release 96: 33729 genes, 131430 xrefs, 3958 changed (12.4s)
    release 97: 33729 genes, 136913 xrefs, 3093 changed (12.3s)
    release 98: 33729 genes, 131396 xrefs, 6434 changed (11.6s)
    release 99: 33729 genes, 137755 xrefs, 4779 changed (12.6s)
    release 100: 33729 genes, 132983 xrefs, 2465 changed (13.1s)
    release 101: 33729 genes, 134207 xrefs, 763 changed (11.5s)
    release 102: 33729 genes, 153593 xrefs, 2854 changed (12.1s)
    release 103: 33729 genes, 138283 xrefs, 3990 changed (10.7s)
    release 104: 33729 genes, 138246 xrefs, 176 changed (12.9s)
    release 105: 33729 genes, 137884 xrefs, 1158 changed (10.8s)
    release 106: 33729 genes, 135132 xrefs, 1406 changed (10.9s)
    release 107: 33729 genes, 138929 xrefs, 1931 changed (10.9s)
    release 108: 33729 genes, 137190 xrefs, 156 changed (10.5s)
    release 109: 33729 genes, 137201 xrefs, 60 changed (10.7s)
    release 110: 33729 genes, 138970 xrefs, 313 changed (10.9s)
    release 111: 33729 genes, 142086 xrefs, 1013 changed (11.5s)
    release 112: 33729 genes, 142092 xrefs, 161 changed (11.0s)
    release 113: 33729 genes, 139431 xrefs, 481 changed (11.6s)
    release 114: 33729 genes, 158222 xrefs, 4036 changed (13.0s)
    release 115: 33729 genes, 137771 xrefs, 3486 changed (10.1s)
  papio_anubis: 40 releases, 51444 genes in db
    release 76: 27533 genes, 52211 xrefs, 16600 changed (6.3s)
    release 77: 27533 genes, 52191 xrefs, 550 changed (5.7s)
    release 78: 27533 genes, 52202 xrefs, 277 changed (5.1s)
    release 79: 27533 genes, 52158 xrefs, 340 changed (5.8s)
    release 80: 27533 genes, 72737 xrefs, 3936 changed (7.7s)
    release 81: 27533 genes, 72726 xrefs, 496 changed (7.3s)
    release 82: 27533 genes, 72734 xrefs, 426 changed (7.7s)
    release 83: 27533 genes, 72697 xrefs, 517 changed (7.5s)
    release 84: 29202 genes, 74504 xrefs, 893 changed (7.7s)
    release 85: 29202 genes, 74091 xrefs, 1054 changed (7.3s)
    release 86: 29202 genes, 74073 xrefs, 435 changed (7.8s)
    release 87: 29202 genes, 73801 xrefs, 591 changed (8.1s)
    release 88: 29202 genes, 73830 xrefs, 546 changed (7.7s)
    release 90: 29202 genes, 75197 xrefs, 2294 changed (8.4s)
    release 91: 28769 genes, 77650 xrefs, 4534 changed (8.2s)
    release 92: 29476 genes, 81593 xrefs, 7062 changed (8.0s)
    release 93: 29476 genes, 117269 xrefs, 505 changed (9.6s)
    release 94: 29476 genes, 117328 xrefs, 968 changed (9.1s)
    release 95: 29476 genes, 117805 xrefs, 838 changed (8.7s)
    release 96: 29476 genes, 117501 xrefs, 467 changed (9.2s)
    release 97: 29476 genes, 117106 xrefs, 823 changed (9.4s)
    release 98: 29476 genes, 117493 xrefs, 6165 changed (9.0s)
    release 99: 29476 genes, 117005 xrefs, 15020 changed (9.5s)
    release 100: 29476 genes, 116240 xrefs, 1447 changed (9.8s)
    release 101: 29476 genes, 117182 xrefs, 3180 changed (9.4s)
    release 102: 29476 genes, 114635 xrefs, 3842 changed (9.6s)
    release 103: 29476 genes, 118771 xrefs, 2377 changed (8.8s)
    release 104: 29476 genes, 118677 xrefs, 582 changed (10.7s)
    release 106: 33835 genes, 100820 xrefs, 4232 changed (8.3s)
    release 107: 33835 genes, 103439 xrefs, 1823 changed (8.6s)
    release 108: 33835 genes, 96354 xrefs, 1531 changed (8.1s)
    release 109: 33835 genes, 96380 xrefs, 234 changed (8.9s)
    release 110: 33835 genes, 123767 xrefs, 1648 changed (9.4s)
    release 111: 33835 genes, 124182 xrefs, 288 changed (9.1s)
    release 112: 33835 genes, 124182 xrefs, 0 changed (8.8s)
    release 113: 33835 genes, 125911 xrefs, 384 changed (8.7s)
    release 114: 33835 genes, 128282 xrefs, 2469 changed (9.8s)
    release 115: 33835 genes, 81849 xrefs, 5004 changed (8.3s)
  canis_familiaris: 46 releases, 47263 genes in db
    release 65: 24660 genes, 59619 xrefs, 17960 changed (5.5s)
    release 66: 24660 genes, 59572 xrefs, 454 changed (5.2s)
    release 67: 24660 genes, 71944 xrefs, 8644 changed (5.7s)
    release 68: 24580 genes, 66911 xrefs, 4890 changed (5.3s)
    release 69: 24580 genes, 67105 xrefs, 693 changed (5.3s)
    release 70: 24580 genes, 67086 xrefs, 456 changed (7.1s)
    release 71: 24580 genes, 67092 xrefs, 547 changed (6.0s)
    release 72: 24580 genes, 67095 xrefs, 401 changed (6.1s)
    release 73: 24580 genes, 82613 xrefs, 3313 changed (7.0s)
    release 74: 24580 genes, 82634 xrefs, 525 changed (7.5s)
    release 75: 24580 genes, 82681 xrefs, 363 changed (7.4s)
    release 76: 24580 genes, 84219 xrefs, 3843 changed (8.4s)
    release 77: 24580 genes, 84224 xrefs, 2373 changed (7.8s)
    release 78: 24580 genes, 84224 xrefs, 779 changed (7.7s)
    release 79: 24580 genes, 84230 xrefs, 1043 changed (7.6s)
    release 80: 24580 genes, 84220 xrefs, 587 changed (7.6s)
    release 81: 24580 genes, 72131 xrefs, 3565 changed (7.7s)
    release 82: 24580 genes, 72152 xrefs, 1338 changed (7.3s)
    release 83: 24580 genes, 72134 xrefs, 531 changed (8.0s)
    release 84: 24580 genes, 72143 xrefs, 489 changed (7.7s)
    release 85: 32704 genes, 79482 xrefs, 6057 changed (8.5s)
    release 86: 32704 genes, 79461 xrefs, 391 changed (8.4s)
    release 87: 32704 genes, 79223 xrefs, 497 changed (8.7s)
    release 88: 32704 genes, 79361 xrefs, 633 changed (8.5s)
    release 90: 32704 genes, 79324 xrefs, 603 changed (8.3s)
    release 91: 32704 genes, 82024 xrefs, 14587 changed (9.0s)
    release 92: 32704 genes, 82197 xrefs, 4614 changed (8.9s)
    release 93: 32704 genes, 113910 xrefs, 1780 changed (10.1s)
    release 94: 32704 genes, 115208 xrefs, 746 changed (9.9s)
    release 95: 32704 genes, 103673 xrefs, 824 changed (9.5s)
    release 96: 32704 genes, 103679 xrefs, 307 changed (10.4s)
    release 97: 32704 genes, 103892 xrefs, 386 changed (10.6s)
    release 98: 30951 genes, 88511 xrefs, 4493 changed (9.8s)
    release 99: 30951 genes, 92227 xrefs, 2160 changed (8.8s)
  poecilia_formosa: 40 releases, 24848 genes in db
    release 76: 21661 genes, 53342 xrefs, 18959 changed (4.3s)
    release 77: 24354 genes, 60744 xrefs, 5862 changed (5.5s)
    release 78: 24354 genes, 60861 xrefs, 1564 changed (5.2s)
    release 79: 24354 genes, 60879 xrefs, 1518 changed (5.5s)
    release 80: 24354 genes, 61314 xrefs, 4957 changed (5.6s)
    release 81: 24354 genes, 61253 xrefs, 2537 changed (5.6s)
    release 82: 24354 genes, 54618 xrefs, 4256 changed (6.3s)
    release 83: 24354 genes, 54466 xrefs, 1418 changed (6.6s)
    release 84: 24354 genes, 52579 xrefs, 6590 changed (5.5s)
    release 85: 24354 genes, 50904 xrefs, 5657 changed (6.1s)
    release 86: 24354 genes, 51208 xrefs, 2376 changed (5.8s)
    release 87: 24354 genes, 51596 xrefs, 3474 changed (5.9s)
    release 88: 24354 genes, 51587 xrefs, 1658 changed (6.2s)
    release 90: 24354 genes, 51692 xrefs, 2364 changed (5.5s)
    release 91: 24354 genes, 50427 xrefs, 4268 changed (5.3s)
    release 92: 24354 genes, 41927 xrefs, 4050 changed (5.6s)
    release 93: 24354 genes, 44724 xrefs, 1140 changed (6.0s)
    release 94: 24354 genes, 44090 xrefs, 1917 changed (6.2s)
    release 95: 24354 genes, 44899 xrefs, 2186 changed (5.7s)
    release 96: 24354 genes, 44834 xrefs, 1131 changed (6.3s)
    release 97: 24354 genes, 44895 xrefs, 901 changed (6.5s)
    release 98: 24354 genes, 44449 xrefs, 1188 changed (5.9s)
    release 99: 24354 genes, 44341 xrefs, 14341 changed (6.1s)
    release 100: 24354 genes, 44368 xrefs, 1108 changed (6.2s)
    release 101: 24354 genes, 44410 xrefs, 891 changed (5.8s)
    release 102: 24354 genes, 44881 xrefs, 1728 changed (6.3s)
    release 103: 24354 genes, 44924 xrefs, 893 changed (6.2s)
    release 104: 24354 genes, 44879 xrefs, 837 changed (7.2s)
    release 105: 24354 genes, 44961 xrefs, 772 changed (6.5s)
    release 106: 24354 genes, 44961 xrefs, 661 changed (7.3s)
    release 107: 24354 genes, 44943 xrefs, 691 changed (6.6s)
    release 108: 24354 genes, 44932 xrefs, 629 changed (6.5s)
    release 109: 24354 genes, 44951 xrefs, 669 changed (6.2s)
    release 110: 24354 genes, 43189 xrefs, 4130 changed (6.5s)
    release 111: 24354 genes, 44956 xrefs, 4181 changed (6.3s)
    release 112: 24354 genes, 43269 xrefs, 4179 changed (6.4s)
    release 113: 24354 genes, 48122 xrefs, 6290 changed (5.5s)
    release 114: 24354 genes, 44654 xrefs, 2966 changed (6.1s)
    release 115: 24354 genes, 44760 xrefs, 523 changed (5.5s)
  procavia_capensis: 62 releases, 20711 genes in db
    release 65: 18860 genes, 32493 xrefs, 16005 changed (4.3s)
    release 66: 18860 genes, 32467 xrefs, 547 changed (4.8s)
    release 67: 18860 genes, 31603 xrefs, 526 changed (4.8s)
    release 68: 18860 genes, 30770 xrefs, 745 changed (4.4s)
    release 69: 18860 genes, 30948 xrefs, 715 changed (4.3s)
    release 70: 18860 genes, 30937 xrefs, 509 changed (4.8s)
    release 71: 18860 genes, 30869 xrefs, 591 changed (4.6s)
    release 72: 18897 genes, 30940 xrefs, 450 changed (4.6s)
    release 73: 18897 genes, 30876 xrefs, 590 changed (5.0s)
    release 74: 18897 genes, 30865 xrefs, 453 changed (4.7s)
    release 75: 18897 genes, 30863 xrefs, 352 changed (4.8s)
    release 76: 18897 genes, 30858 xrefs, 817 changed (5.0s)
    release 77: 18897 genes, 30884 xrefs, 497 changed (5.1s)
    release 78: 18897 genes, 30904 xrefs, 287 changed (5.3s)
    release 79: 18897 genes, 30846 xrefs, 350 changed (5.5s)
    release 80: 18897 genes, 30870 xrefs, 345 changed (5.3s)
    release 81: 18897 genes, 30869 xrefs, 406 changed (4.6s)
    release 82: 18897 genes, 30893 xrefs, 347 changed (5.1s)
    release 83: 18897 genes, 30847 xrefs, 454 changed (4.8s)
    release 84: 18897 genes, 30879 xrefs, 433 changed (5.0s)
    release 85: 18897 genes, 30259 xrefs, 1087 changed (4.8s)
    release 86: 18897 genes, 30242 xrefs, 360 changed (5.2s)
    release 87: 18897 genes, 29953 xrefs, 552 changed (3.7s)
    release 88: 18897 genes, 29974 xrefs, 454 changed (4.0s)
    release 90: 18897 genes, 29951 xrefs, 598 changed (4.1s)
    release 91: 18897 genes, 27133 xrefs, 3369 changed (3.8s)
    release 92: 18897 genes, 27110 xrefs, 1414 changed (3.5s)
    release 93: 18897 genes, 27123 xrefs, 326 changed (4.2s)
    release 94: 18897 genes, 27122 xrefs, 655 changed (4.2s)
    release 95: 18897 genes, 28687 xrefs, 1935 changed (4.1s)
    release 96: 18897 genes, 28641 xrefs, 315 changed (4.1s)
    release 97: 18897 genes, 28613 xrefs, 279 changed (4.3s)
    release 98: 18897 genes, 28558 xrefs, 1180 changed (3.8s)
    release 99: 18897 genes, 28523 xrefs, 10711 changed (3.4s)
    release 100: 18897 genes, 28508 xrefs, 240 changed (3.6s)
    release 101: 18897 genes, 28458 xrefs, 240 changed (4.3s)
    release 102: 18897 genes, 11745 xrefs, 147 changed (3.4s)
    release 103: 18897 genes, 11730 xrefs, 72 changed (3.2s)
    release 104: 18897 genes, 11767 xrefs, 127 changed (4.0s)
    release 105: 18897 genes, 11995 xrefs, 77 changed (3.3s)
    release 106: 18897 genes, 12012 xrefs, 19 changed (3.7s)
    release 107: 18897 genes, 12255 xrefs, 242 changed (3.6s)
    release 108: 18897 genes, 12261 xrefs, 13 changed (3.5s)
    release 109: 18897 genes, 12254 xrefs, 27 changed (3.6s)
    release 110: 18897 genes, 12261 xrefs, 20 changed (3.5s)
    release 111: 18897 genes, 12259 xrefs, 39 changed (3.8s)
    release 112: 18897 genes, 12268 xrefs, 17 changed (3.7s)
    release 113: 18897 genes, 12306 xrefs, 19 changed (3.7s)
    release 114: 18897 genes, 12363 xrefs, 44 changed (3.7s)
    release 115: 18897 genes, 12351 xrefs, 23 changed (2.9s)
  pundamilia_nyererei: 22 releases, 24272 genes in db
    release 94: 24272 genes, 34027 xrefs, 15385 changed (4.6s)
    release 95: 24272 genes, 50311 xrefs, 5782 changed (4.8s)
    release 96: 24272 genes, 52544 xrefs, 1117 changed (5.3s)
    release 97: 24272 genes, 52820 xrefs, 987 changed (5.5s)
    release 98: 24272 genes, 52496 xrefs, 1382 changed (4.9s)
    release 99: 24272 genes, 52392 xrefs, 14028 changed (5.1s)
    release 100: 24272 genes, 52402 xrefs, 1133 changed (5.5s)
    release 101: 24272 genes, 52439 xrefs, 960 changed (5.9s)
    release 102: 24272 genes, 52931 xrefs, 1424 changed (5.3s)
    release 103: 24272 genes, 52934 xrefs, 967 changed (5.7s)
    release 104: 24272 genes, 52912 xrefs, 906 changed (6.9s)
    release 105: 24272 genes, 52980 xrefs, 862 changed (6.1s)
    release 106: 24272 genes, 53010 xrefs, 749 changed (5.8s)
    release 107: 24272 genes, 52977 xrefs, 755 changed (6.0s)
    release 108: 24272 genes, 52984 xrefs, 717 changed (5.7s)
    release 109: 24272 genes, 52992 xrefs, 737 changed (5.6s)
    release 110: 24272 genes, 51298 xrefs, 4470 changed (5.6s)
    release 111: 24272 genes, 52997 xrefs, 4552 changed (5.6s)
    release 112: 24272 genes, 51377 xrefs, 4506 changed (5.6s)
    release 113: 24272 genes, 64328 xrefs, 7748 changed (5.7s)
    release 114: 24272 genes, 73832 xrefs, 10507 changed (6.5s)
    release 115: 24272 genes, 64835 xrefs, 10440 changed (6.0s)
  pygocentrus_nattereri: 22 releases, 37945 genes in db
    release 94: 30104 genes, 49573 xrefs, 22736 changed (4.8s)
    release 95: 30104 genes, 59426 xrefs, 4428 changed (4.9s)
    release 96: 30104 genes, 61441 xrefs, 776 changed (6.7s)
    release 97: 30104 genes, 61753 xrefs, 618 changed (6.4s)
    release 98: 30104 genes, 61418 xrefs, 3875 changed (6.1s)
    release 99: 30104 genes, 61417 xrefs, 15965 changed (6.7s)
    release 100: 30104 genes, 61690 xrefs, 739 changed (6.5s)
    release 101: 30104 genes, 61701 xrefs, 495 changed (6.6s)
    release 102: 30104 genes, 61993 xrefs, 867 changed (6.5s)
    release 103: 30104 genes, 62043 xrefs, 506 changed (6.5s)
    release 104: 30104 genes, 61988 xrefs, 529 changed (8.1s)
    release 105: 30104 genes, 62041 xrefs, 471 changed (6.8s)
    release 106: 30104 genes, 62014 xrefs, 398 changed (6.7s)
    release 107: 30104 genes, 62006 xrefs, 395 changed (7.2s)
    release 108: 30104 genes, 62011 xrefs, 386 changed (7.0s)
    release 109: 30104 genes, 62009 xrefs, 378 changed (6.8s)
    release 110: 30104 genes, 59549 xrefs, 5406 changed (6.3s)
    release 111: 30104 genes, 61987 xrefs, 5418 changed (7.1s)
    release 112: 27760 genes, 62693 xrefs, 16139 changed (6.7s)
    release 113: 27760 genes, 64680 xrefs, 607 changed (6.7s)
    release 114: 27760 genes, 64817 xrefs, 554 changed (7.8s)
    release 115: 27760 genes, 64817 xrefs, 103 changed (6.9s)
  stegastes_partitus: 22 releases, 23593 genes in db
    release 94: 23593 genes, 39534 xrefs, 16035 changed (4.2s)
    release 95: 23593 genes, 51768 xrefs, 5260 changed (4.3s)
    release 96: 23593 genes, 54045 xrefs, 1095 changed (5.8s)
    release 97: 23593 genes, 54324 xrefs, 1014 changed (5.7s)
    release 98: 23593 genes, 53957 xrefs, 1329 changed (5.7s)
    release 99: 23593 genes, 53881 xrefs, 14181 changed (5.4s)
    release 100: 23593 genes, 53892 xrefs, 1164 changed (5.8s)
    release 101: 23593 genes, 53940 xrefs, 986 changed (5.3s)
    release 102: 23593 genes, 54461 xrefs, 1650 changed (5.1s)
    release 103: 23593 genes, 54504 xrefs, 1015 changed (4.7s)
    release 104: 23593 genes, 54438 xrefs, 963 changed (6.9s)
    release 105: 23593 genes, 54536 xrefs, 910 changed (5.4s)
    release 106: 23593 genes, 54536 xrefs, 781 changed (5.8s)
    release 107: 23593 genes, 54515 xrefs, 819 changed (5.5s)
    release 108: 23593 genes, 54515 xrefs, 763 changed (5.8s)
    release 109: 23593 genes, 54538 xrefs, 780 changed (6.0s)
    release 110: 23593 genes, 52711 xrefs, 4677 changed (5.4s)
    release 111: 23593 genes, 54540 xrefs, 4762 changed (5.4s)
    release 112: 23593 genes, 52791 xrefs, 4728 changed (5.7s)
    release 113: 23593 genes, 67511 xrefs, 7686 changed (5.6s)
    release 114: 23593 genes, 76972 xrefs, 10873 changed (6.6s)
    release 115: 23593 genes, 68063 xrefs, 10484 changed (5.8s)
  oryza_glumaepatula: 19 releases, 39990 genes in db
    release 22: 39306 genes, 39306 xrefs, 34773 changed (3.7s)
    release 23: 39306 genes, 39306 xrefs, 0 changed (4.0s)
    release 24: 39018 genes, 39018 xrefs, 0 changed (3.8s)
    release 25: 39018 genes, 39018 xrefs, 0 changed (3.9s)
    release 26: 39018 genes, 39018 xrefs, 0 changed (3.5s)
    release 27: 39018 genes, 39018 xrefs, 0 changed (4.3s)
    release 28: 39018 genes, 39018 xrefs, 0 changed (4.5s)
    release 29: 39018 genes, 39018 xrefs, 0 changed (4.0s)
    release 30: 39018 genes, 39018 xrefs, 0 changed (4.6s)
    release 31: 39018 genes, 3911 xrefs, 0 changed (2.9s)
    release 32: 39018 genes, 3911 xrefs, 0 changed (3.3s)
    release 33: 39018 genes, 3911 xrefs, 0 changed (3.0s)
    release 34: 39018 genes, 3908 xrefs, 0 changed (2.8s)
    release 35: 39018 genes, 3908 xrefs, 0 changed (3.4s)
    release 36: 39018 genes, 4294 xrefs, 0 changed (3.5s)
    release 37: 39702 genes, 4401 xrefs, 0 changed (3.3s)
    release 38: 39702 genes, 5826 xrefs, 1419 changed (3.3s)
    release 39: 39702 genes, 4663 xrefs, 218 changed (3.3s)
    release 40: 39702 genes, 4663 xrefs, 0 changed (2.9s)
  puccinia_graministritici: 7 releases, 21221 genes in db
    release 12: 21221 genes, 21221 xrefs, 0 changed (1.9s)
    release 13: 21221 genes, 21221 xrefs, 0 changed (2.0s)
  sus_scrofa_usmarc: 19 releases, 28322 genes in db
    release 97: 28322 genes, 42596 xrefs, 9529 changed (7.4s)
    release 98: 28322 genes, 36277 xrefs, 3792 changed (10.8s)
    release 99: 28322 genes, 51564 xrefs, 8632 changed (12.8s)
    release 100: 28322 genes, 73972 xrefs, 5213 changed (9.8s)
    release 101: 28322 genes, 73972 xrefs, 0 changed (9.8s)
    release 102: 28322 genes, 73972 xrefs, 0 changed (8.5s)
    release 103: 28322 genes, 73972 xrefs, 0 changed (8.8s)
    release 104: 28322 genes, 73972 xrefs, 0 changed (10.0s)
    release 105: 28322 genes, 73972 xrefs, 0 changed (8.4s)
    release 106: 28322 genes, 73972 xrefs, 0 changed (8.4s)
    release 107: 28322 genes, 73972 xrefs, 0 changed (8.5s)
    release 108: 28322 genes, 73972 xrefs, 0 changed (8.7s)
    release 109: 28322 genes, 73972 xrefs, 0 changed (8.7s)
    release 110: 28322 genes, 73972 xrefs, 0 changed (8.7s)
    release 111: 28322 genes, 73972 xrefs, 0 changed (8.4s)
    release 112: 28322 genes, 73972 xrefs, 0 changed (8.2s)
    release 113: 28322 genes, 64798 xrefs, 2031 changed (6.7s)
    release 114: 28322 genes, 65206 xrefs, 2618 changed (7.2s)
    release 115: 28322 genes, 65206 xrefs, 0 changed (7.4s)
  tetraodon_nigroviridis: 62 releases, 20633 genes in db
    release 65: 20562 genes, 17120 xrefs, 13783 changed (3.4s)
    release 66: 20562 genes, 17121 xrefs, 972 changed (3.3s)
    release 67: 20562 genes, 17113 xrefs, 558 changed (3.6s)
    release 68: 20562 genes, 16854 xrefs, 490 changed (3.6s)
    release 69: 20562 genes, 25026 xrefs, 3030 changed (5.0s)
    release 70: 20562 genes, 25037 xrefs, 734 changed (4.1s)
    release 71: 20562 genes, 24984 xrefs, 801 changed (4.4s)
    release 72: 20562 genes, 24975 xrefs, 655 changed (4.5s)
    release 73: 20562 genes, 27062 xrefs, 13060 changed (4.7s)
    release 74: 20562 genes, 18548 xrefs, 2469 changed (4.7s)
    release 75: 20562 genes, 18726 xrefs, 3121 changed (4.6s)
    release 76: 20562 genes, 18486 xrefs, 2399 changed (5.2s)
    release 77: 20562 genes, 18495 xrefs, 1112 changed (4.6s)
    release 78: 20562 genes, 38942 xrefs, 2477 changed (4.7s)
    release 79: 20562 genes, 38994 xrefs, 1579 changed (4.9s)
    release 80: 20562 genes, 39270 xrefs, 4233 changed (4.4s)
    release 81: 20562 genes, 39196 xrefs, 2304 changed (4.8s)
    release 82: 20562 genes, 40318 xrefs, 2729 changed (4.7s)
    release 83: 20562 genes, 40154 xrefs, 1732 changed (4.2s)
    release 84: 20562 genes, 37823 xrefs, 5940 changed (4.3s)
    release 85: 20562 genes, 35710 xrefs, 6580 changed (4.2s)
    release 86: 20562 genes, 35898 xrefs, 2068 changed (3.7s)
    release 87: 20562 genes, 35718 xrefs, 1555 changed (4.3s)
    release 88: 20562 genes, 35688 xrefs, 1474 changed (4.2s)
    release 90: 20562 genes, 35763 xrefs, 2031 changed (3.7s)
    release 91: 20562 genes, 35301 xrefs, 4392 changed (4.2s)
    release 92: 20562 genes, 34518 xrefs, 2234 changed (4.3s)
    release 93: 20562 genes, 36509 xrefs, 1148 changed (4.2s)
    release 94: 20562 genes, 35944 xrefs, 1966 changed (4.3s)
    release 95: 20562 genes, 36524 xrefs, 2077 changed (4.3s)
    release 96: 20562 genes, 36492 xrefs, 1080 changed (4.3s)
    release 97: 20562 genes, 36490 xrefs, 992 changed (4.7s)
    release 98: 20562 genes, 36254 xrefs, 1485 changed (4.6s)
    release 99: 20562 genes, 36189 xrefs, 12741 changed (3.6s)
    release 100: 20562 genes, 36384 xrefs, 1794 changed (4.3s)
    release 101: 20562 genes, 36619 xrefs, 1008 changed (4.3s)
    release 102: 20562 genes, 36846 xrefs, 1162 changed (4.4s)
    release 103: 20562 genes, 36861 xrefs, 997 changed (4.1s)
    release 104: 20562 genes, 36845 xrefs, 967 changed (5.5s)
    release 105: 20562 genes, 36930 xrefs, 931 changed (4.9s)
    release 106: 20562 genes, 36924 xrefs, 796 changed (4.7s)
    release 107: 20562 genes, 36928 xrefs, 871 changed (4.8s)
    release 108: 20562 genes, 36918 xrefs, 748 changed (4.6s)
    release 109: 20562 genes, 36933 xrefs, 796 changed (4.5s)
    release 110: 20562 genes, 35589 xrefs, 4317 changed (4.4s)
    release 111: 20562 genes, 36959 xrefs, 4425 changed (4.5s)
    release 112: 20562 genes, 35657 xrefs, 4394 changed (4.5s)
    release 113: 20562 genes, 36953 xrefs, 2902 changed (4.2s)
    release 114: 20562 genes, 36163 xrefs, 2925 changed (4.5s)
    release 115: 20562 genes, 36148 xrefs, 596 changed (4.5s)
  tursiops_truncatus: 62 releases, 25410 genes in db
    release 65: 21228 genes, 35294 xrefs, 17436 changed (3.9s)
    release 66: 21228 genes, 32945 xrefs, 536 changed (4.4s)
    release 67: 21228 genes, 32912 xrefs, 433 changed (4.5s)
    release 68: 21228 genes, 32454 xrefs, 716 changed (4.4s)
    release 69: 21228 genes, 32638 xrefs, 673 changed (4.3s)
    release 70: 21228 genes, 32616 xrefs, 421 changed (4.5s)
    release 71: 21228 genes, 32520 xrefs, 625 changed (4.4s)
    release 72: 21265 genes, 32547 xrefs, 403 changed (4.7s)
    release 73: 21265 genes, 32521 xrefs, 475 changed (4.9s)
    release 74: 21265 genes, 32506 xrefs, 406 changed (4.8s)
    release 75: 21265 genes, 54595 xrefs, 4336 changed (6.5s)
    release 76: 21265 genes, 54620 xrefs, 764 changed (6.2s)
    release 77: 21265 genes, 54604 xrefs, 446 changed (5.9s)
    release 78: 21265 genes, 54598 xrefs, 240 changed (6.4s)
    release 79: 21265 genes, 54579 xrefs, 1474 changed (6.4s)
    release 80: 21265 genes, 54595 xrefs, 1390 changed (6.1s)
    release 81: 21265 genes, 54575 xrefs, 1440 changed (7.0s)
    release 82: 21265 genes, 54600 xrefs, 1405 changed (6.6s)
    release 83: 21265 genes, 54563 xrefs, 612 changed (6.5s)
    release 84: 21265 genes, 44687 xrefs, 2942 changed (5.9s)
    release 85: 21265 genes, 44279 xrefs, 861 changed (6.0s)
    release 86: 21265 genes, 44269 xrefs, 331 changed (6.3s)
    release 87: 21265 genes, 44098 xrefs, 428 changed (4.8s)
    release 88: 21265 genes, 44141 xrefs, 557 changed (4.8s)
    release 90: 21265 genes, 44092 xrefs, 537 changed (5.5s)
    release 91: 21265 genes, 42689 xrefs, 1980 changed (5.0s)
    release 92: 21265 genes, 34921 xrefs, 4777 changed (5.0s)
    release 93: 21265 genes, 34947 xrefs, 346 changed (5.0s)
    release 94: 21265 genes, 35258 xrefs, 2264 changed (5.3s)
    release 95: 21265 genes, 36305 xrefs, 1273 changed (5.8s)
    release 96: 21265 genes, 37983 xrefs, 1937 changed (5.9s)
    release 97: 21265 genes, 37977 xrefs, 323 changed (5.8s)
    release 98: 21265 genes, 36190 xrefs, 4064 changed (5.8s)
    release 99: 21265 genes, 34903 xrefs, 11220 changed (5.4s)
    release 100: 21265 genes, 34865 xrefs, 227 changed (5.1s)
    release 101: 21265 genes, 34852 xrefs, 196 changed (5.4s)
    release 102: 21265 genes, 17457 xrefs, 123 changed (4.3s)
    release 103: 21265 genes, 17456 xrefs, 68 changed (4.3s)
    release 104: 21265 genes, 17450 xrefs, 98 changed (5.7s)
    release 105: 21265 genes, 17651 xrefs, 71 changed (4.9s)
    release 106: 21265 genes, 17657 xrefs, 43 changed (5.1s)
    release 107: 21265 genes, 17923 xrefs, 238 changed (5.0s)
    release 108: 21265 genes, 17923 xrefs, 21 changed (5.1s)
    release 109: 21265 genes, 17925 xrefs, 40 changed (5.0s)
    release 110: 21265 genes, 17936 xrefs, 29 changed (5.1s)
    release 111: 21265 genes, 17908 xrefs, 40 changed (4.9s)
    release 112: 21265 genes, 17926 xrefs, 20 changed (5.0s)
    release 113: 21265 genes, 18246 xrefs, 682 changed (4.0s)
    release 114: 21265 genes, 24622 xrefs, 1859 changed (4.2s)
    release 115: 21265 genes, 24608 xrefs, 39 changed (4.5s)
  vombatus_ursinus: 19 releases, 25096 genes in db
    release 97: 25096 genes, 40935 xrefs, 14052 changed (4.6s)
    release 98: 25096 genes, 46623 xrefs, 3793 changed (5.4s)
    release 99: 25096 genes, 35967 xrefs, 14916 changed (6.5s)
    release 100: 25096 genes, 35979 xrefs, 259 changed (6.2s)
    release 101: 25096 genes, 35881 xrefs, 260 changed (6.3s)
    release 102: 25096 genes, 35718 xrefs, 337 changed (6.2s)
    release 103: 25096 genes, 35740 xrefs, 244 changed (6.2s)
    release 104: 25096 genes, 35809 xrefs, 434 changed (8.3s)
    release 105: 25096 genes, 36081 xrefs, 298 changed (6.7s)
    release 106: 25096 genes, 36102 xrefs, 159 changed (6.9s)
    release 107: 25096 genes, 36389 xrefs, 448 changed (6.9s)
    release 108: 25096 genes, 36384 xrefs, 146 changed (7.2s)
    release 109: 25096 genes, 36370 xrefs, 186 changed (6.9s)
    release 110: 25096 genes, 36376 xrefs, 190 changed (6.8s)
    release 111: 25096 genes, 36379 xrefs, 198 changed (6.8s)
    release 112: 25096 genes, 36377 xrefs, 168 changed (6.8s)
    release 113: 25096 genes, 68100 xrefs, 6004 changed (7.2s)
    release 114: 25096 genes, 68039 xrefs, 461 changed (7.8s)
    release 115: 25096 genes, 67997 xrefs, 158 changed (6.9s)
  xenopus_tropicalis: 62 releases, 48164 genes in db
    release 65: 19884 genes, 60048 xrefs, 13350 changed (4.8s)
    release 66: 19884 genes, 70070 xrefs, 6383 changed (5.5s)
    release 67: 19884 genes, 70067 xrefs, 92 changed (5.7s)
    release 68: 19884 genes, 70059 xrefs, 111 changed (5.8s)
    release 69: 19884 genes, 84646 xrefs, 5232 changed (6.4s)
    release 70: 19884 genes, 84612 xrefs, 166 changed (6.3s)
    release 71: 19884 genes, 84624 xrefs, 152 changed (6.4s)
    release 72: 19921 genes, 84676 xrefs, 135 changed (6.5s)
    release 73: 19921 genes, 84655 xrefs, 180 changed (5.7s)
    release 74: 19921 genes, 77285 xrefs, 6117 changed (6.2s)
    release 75: 19921 genes, 77296 xrefs, 107 changed (6.1s)
    release 76: 19921 genes, 77299 xrefs, 187 changed (6.4s)
    release 77: 19921 genes, 77295 xrefs, 160 changed (6.4s)
    release 78: 19921 genes, 77287 xrefs, 120 changed (6.5s)
    release 79: 19921 genes, 77151 xrefs, 2387 changed (6.5s)
    release 80: 19921 genes, 77154 xrefs, 122 changed (6.4s)
    release 81: 19921 genes, 77152 xrefs, 131 changed (6.2s)
    release 82: 19921 genes, 77155 xrefs, 109 changed (6.9s)
    release 83: 19921 genes, 65152 xrefs, 5067 changed (6.5s)
    release 84: 19921 genes, 65158 xrefs, 253 changed (6.3s)
    release 85: 19921 genes, 64818 xrefs, 668 changed (6.4s)
    release 86: 19921 genes, 64820 xrefs, 271 changed (6.4s)
    release 87: 19921 genes, 64772 xrefs, 124 changed (6.2s)
    release 88: 19921 genes, 66039 xrefs, 5857 changed (7.4s)
    release 90: 19921 genes, 66022 xrefs, 101 changed (6.8s)
    release 91: 19921 genes, 66053 xrefs, 286 changed (6.8s)
    release 92: 19921 genes, 59198 xrefs, 2349 changed (6.8s)
    release 93: 19921 genes, 67865 xrefs, 540 changed (7.2s)
    release 94: 19921 genes, 67106 xrefs, 240 changed (7.1s)
    release 95: 19921 genes, 67173 xrefs, 290 changed (7.1s)
    release 96: 19921 genes, 66872 xrefs, 568 changed (7.0s)
    release 97: 19921 genes, 67225 xrefs, 402 changed (7.0s)
    release 98: 21458 genes, 73919 xrefs, 12808 changed (7.7s)
    release 99: 21458 genes, 73890 xrefs, 3272 changed (7.7s)
    release 100: 21458 genes, 117413 xrefs, 12331 changed (10.1s)
    release 101: 21458 genes, 117410 xrefs, 45 changed (9.7s)
    release 102: 21458 genes, 117390 xrefs, 34 changed (9.2s)
    release 103: 21458 genes, 65239 xrefs, 5758 changed (7.6s)
    release 104: 21458 genes, 117392 xrefs, 5750 changed (13.4s)
    release 105: 21458 genes, 117417 xrefs, 38 changed (9.4s)
    release 106: 21458 genes, 117411 xrefs, 22 changed (9.6s)
    release 107: 24614 genes, 115165 xrefs, 6119 changed (8.6s)
    release 108: 24614 genes, 115173 xrefs, 41 changed (8.2s)
    release 109: 24614 genes, 115162 xrefs, 37 changed (8.2s)
    release 110: 24614 genes, 116871 xrefs, 1260 changed (10.6s)
    release 111: 24614 genes, 116872 xrefs, 37 changed (10.6s)
    release 112: 24614 genes, 116603 xrefs, 882 changed (9.6s)
    release 113: 24614 genes, 112204 xrefs, 2735 changed (9.2s)
    release 114: 24614 genes, 125887 xrefs, 11870 changed (10.4s)
    release 115: 24614 genes, 112240 xrefs, 11788 changed (8.1s)
  drosophila_pseudoobscura_gca009870125v2rs: 1 releases, 16880 genes in db
    release 59: 16880 genes, 17236 xrefs, 0 changed (2.7s)
  microcebus_murinus: 62 releases, 49577 genes in db
    release 65: 25035 genes, 38350 xrefs, 16994 changed (4.1s)
    release 66: 25035 genes, 38344 xrefs, 571 changed (4.5s)
    release 67: 25035 genes, 38299 xrefs, 537 changed (5.3s)
    release 68: 25035 genes, 31270 xrefs, 765 changed (4.9s)
    release 69: 25035 genes, 31445 xrefs, 738 changed (4.3s)
    release 70: 25035 genes, 31461 xrefs, 522 changed (4.7s)
    release 71: 25035 genes, 31424 xrefs, 597 changed (4.4s)
    release 72: 25035 genes, 31443 xrefs, 6783 changed (4.6s)
    release 73: 25035 genes, 31386 xrefs, 568 changed (4.8s)
    release 74: 25035 genes, 31361 xrefs, 494 changed (5.6s)
    release 75: 25035 genes, 31355 xrefs, 387 changed (5.6s)
    release 76: 25035 genes, 31388 xrefs, 835 changed (5.4s)
    release 77: 25035 genes, 31386 xrefs, 526 changed (5.4s)
    release 78: 25035 genes, 31405 xrefs, 296 changed (5.9s)
    release 79: 25035 genes, 31344 xrefs, 374 changed (5.8s)
    release 80: 25035 genes, 31374 xrefs, 359 changed (5.5s)
    release 81: 25035 genes, 31353 xrefs, 429 changed (5.8s)
    release 82: 25035 genes, 31373 xrefs, 349 changed (5.6s)
    release 83: 25035 genes, 31334 xrefs, 459 changed (5.6s)
    release 84: 25035 genes, 40517 xrefs, 1133 changed (7.4s)
    release 85: 25035 genes, 39845 xrefs, 1142 changed (6.9s)
    release 86: 25904 genes, 39560 xrefs, 5538 changed (6.4s)
    release 87: 25904 genes, 39441 xrefs, 333 changed (4.9s)
    release 88: 28537 genes, 39431 xrefs, 665 changed (5.6s)
    release 90: 28534 genes, 39438 xrefs, 566 changed (6.0s)
    release 91: 25384 genes, 42786 xrefs, 4099 changed (6.5s)
    release 92: 26081 genes, 45809 xrefs, 7603 changed (6.1s)
    release 93: 26081 genes, 45874 xrefs, 484 changed (6.9s)
    release 94: 26798 genes, 47668 xrefs, 1431 changed (6.5s)
    release 95: 26798 genes, 48398 xrefs, 780 changed (6.7s)
    release 96: 26798 genes, 48314 xrefs, 462 changed (6.8s)
    release 97: 26798 genes, 48307 xrefs, 396 changed (6.7s)
    release 98: 26798 genes, 47918 xrefs, 5934 changed (6.7s)
    release 99: 26798 genes, 35481 xrefs, 13368 changed (6.0s)
    release 100: 26798 genes, 48238 xrefs, 778 changed (6.6s)
    release 101: 26798 genes, 48228 xrefs, 379 changed (6.3s)
    release 102: 26798 genes, 47475 xrefs, 395 changed (6.4s)
    release 103: 26798 genes, 47791 xrefs, 329 changed (6.0s)
    release 104: 26798 genes, 47757 xrefs, 542 changed (8.0s)
    release 105: 26798 genes, 35683 xrefs, 524 changed (5.7s)
    release 106: 26798 genes, 46685 xrefs, 337 changed (6.0s)
    release 107: 26798 genes, 82550 xrefs, 591 changed (9.5s)
    release 108: 26798 genes, 79741 xrefs, 232 changed (8.3s)
    release 109: 26798 genes, 79730 xrefs, 268 changed (8.8s)
    release 110: 26798 genes, 82615 xrefs, 333 changed (8.8s)
    release 111: 26798 genes, 82621 xrefs, 300 changed (8.7s)
    release 112: 26798 genes, 82621 xrefs, 0 changed (8.9s)
    release 113: 26798 genes, 80359 xrefs, 387 changed (8.9s)
    release 114: 26798 genes, 82721 xrefs, 1467 changed (9.8s)
    release 115: 26798 genes, 67942 xrefs, 461 changed (8.3s)
  cajanus_cajan: 8 releases, 50866 genes in db
    release 40: 2212 genes, 3336 xrefs, 0 changed (0.8s)
    release 56: 48654 genes, 0 xrefs, 0 changed (3.6s)
    release 57: 48654 genes, 0 xrefs, 0 changed (3.2s)
    release 58: 48654 genes, 0 xrefs, 0 changed (3.6s)
    release 59: 48654 genes, 0 xrefs, 0 changed (3.6s)
    release 60: 48654 genes, 2432 xrefs, 146 changed (4.0s)
    release 61: 48654 genes, 21238 xrefs, 353 changed (5.0s)
    release 62: 48654 genes, 21232 xrefs, 297 changed (5.0s)
  carlito_syrichta: 26 releases, 32450 genes in db
    release 90: 20251 genes, 24739 xrefs, 10191 changed (4.9s)
    release 91: 24921 genes, 37348 xrefs, 8764 changed (5.5s)
    release 92: 24921 genes, 40712 xrefs, 7529 changed (5.8s)
    release 93: 24921 genes, 46364 xrefs, 6667 changed (6.6s)
    release 94: 24921 genes, 46380 xrefs, 622 changed (6.0s)
    release 95: 24921 genes, 50687 xrefs, 2610 changed (6.3s)
    release 96: 24921 genes, 42070 xrefs, 6760 changed (6.0s)
    release 97: 24921 genes, 44933 xrefs, 1580 changed (6.2s)
    release 98: 24921 genes, 42479 xrefs, 4851 changed (6.3s)
    release 99: 24921 genes, 16463 xrefs, 6500 changed (5.2s)
    release 100: 24921 genes, 51166 xrefs, 2299 changed (6.5s)
    release 101: 24921 genes, 49017 xrefs, 520 changed (6.5s)
    release 102: 24921 genes, 48890 xrefs, 377 changed (6.4s)
    release 103: 24921 genes, 44445 xrefs, 1369 changed (5.2s)
    release 104: 24921 genes, 44468 xrefs, 244 changed (7.0s)
    release 105: 24921 genes, 46649 xrefs, 1281 changed (5.8s)
    release 106: 24921 genes, 51211 xrefs, 369 changed (6.1s)
    release 107: 24921 genes, 51534 xrefs, 558 changed (6.5s)
    release 108: 24921 genes, 48792 xrefs, 208 changed (6.4s)
    release 109: 24921 genes, 48788 xrefs, 248 changed (6.5s)
    release 110: 24921 genes, 44795 xrefs, 1056 changed (5.9s)
    release 111: 24921 genes, 44811 xrefs, 182 changed (5.7s)
    release 112: 24921 genes, 44811 xrefs, 0 changed (6.4s)
    release 113: 24921 genes, 51522 xrefs, 1090 changed (5.6s)
    release 114: 24921 genes, 53796 xrefs, 787 changed (6.5s)
    release 115: 24921 genes, 47152 xrefs, 492 changed (6.8s)
  capitella_teleta: 41 releases, 35797 genes in db
    release 19: 34456 genes, 32264 xrefs, 0 changed (2.9s)
    release 20: 34456 genes, 32264 xrefs, 0 changed (2.6s)
    release 21: 34456 genes, 32264 xrefs, 0 changed (2.8s)
    release 22: 34456 genes, 32264 xrefs, 0 changed (2.6s)
    release 23: 34456 genes, 32264 xrefs, 0 changed (2.5s)
    release 24: 34456 genes, 32264 xrefs, 0 changed (2.6s)
    release 25: 34456 genes, 32264 xrefs, 0 changed (3.4s)
    release 26: 34456 genes, 32264 xrefs, 0 changed (3.4s)
    release 27: 34456 genes, 32264 xrefs, 0 changed (3.4s)
    release 28: 34456 genes, 32264 xrefs, 0 changed (3.8s)
    release 29: 34456 genes, 32264 xrefs, 0 changed (3.6s)
    release 30: 34456 genes, 32264 xrefs, 0 changed (3.6s)
    release 31: 34456 genes, 32264 xrefs, 0 changed (3.5s)
    release 32: 34456 genes, 32264 xrefs, 0 changed (3.6s)
    release 33: 34456 genes, 32264 xrefs, 0 changed (3.9s)
    release 34: 34456 genes, 32264 xrefs, 0 changed (3.6s)
    release 35: 34456 genes, 32264 xrefs, 0 changed (3.5s)
    release 36: 33516 genes, 32285 xrefs, 0 changed (3.7s)
    release 37: 33516 genes, 32285 xrefs, 0 changed (3.5s)
    release 38: 33516 genes, 32285 xrefs, 0 changed (3.6s)
    release 39: 33516 genes, 32285 xrefs, 0 changed (3.8s)
    release 40: 33516 genes, 32285 xrefs, 0 changed (3.5s)
    release 41: 33516 genes, 32285 xrefs, 0 changed (3.9s)
    release 42: 33516 genes, 32285 xrefs, 0 changed (3.7s)
    release 43: 33516 genes, 32285 xrefs, 0 changed (3.7s)
    release 44: 33516 genes, 32285 xrefs, 0 changed (4.1s)
    release 45: 33516 genes, 32285 xrefs, 0 changed (3.8s)
    release 46: 33516 genes, 32285 xrefs, 0 changed (3.8s)
    release 47: 33516 genes, 32285 xrefs, 0 changed (3.7s)
    release 48: 33516 genes, 32285 xrefs, 0 changed (3.7s)
    release 49: 33516 genes, 32285 xrefs, 0 changed (4.7s)
    release 50: 33516 genes, 32285 xrefs, 0 changed (4.8s)
    release 51: 33516 genes, 32285 xrefs, 0 changed (4.9s)
    release 52: 33516 genes, 32285 xrefs, 0 changed (4.0s)
    release 53: 33516 genes, 32285 xrefs, 0 changed (4.0s)
    release 54: 33516 genes, 32285 xrefs, 0 changed (4.3s)
    release 55: 33516 genes, 32285 xrefs, 0 changed (3.9s)
    release 56: 33516 genes, 32285 xrefs, 0 changed (3.6s)
    release 57: 33516 genes, 32285 xrefs, 0 changed (3.9s)
    release 58: 33516 genes, 32285 xrefs, 0 changed (4.1s)
    release 59: 33516 genes, 32285 xrefs, 0 changed (4.3s)
  ciona_intestinalis: 62 releases, 22029 genes in db
    release 65: 14547 genes, 36487 xrefs, 6973 changed (3.1s)
    release 66: 17153 genes, 43416 xrefs, 4640 changed (3.1s)
    release 67: 17153 genes, 43416 xrefs, 0 changed (3.0s)
    release 68: 17153 genes, 43416 xrefs, 0 changed (3.0s)
    release 69: 17114 genes, 61380 xrefs, 2952 changed (4.2s)
    release 70: 17114 genes, 61377 xrefs, 10641 changed (3.9s)
    release 71: 17114 genes, 61117 xrefs, 9186 changed (3.8s)
    release 72: 17114 genes, 61117 xrefs, 0 changed (4.0s)
    release 73: 17114 genes, 61117 xrefs, 0 changed (3.9s)
    release 74: 17114 genes, 61117 xrefs, 0 changed (4.3s)
    release 75: 17114 genes, 49734 xrefs, 4450 changed (4.3s)
    release 76: 17153 genes, 49760 xrefs, 13 changed (4.1s)
    release 77: 17153 genes, 49512 xrefs, 391 changed (3.9s)
    release 78: 17153 genes, 49512 xrefs, 0 changed (4.0s)
    release 79: 17153 genes, 49512 xrefs, 0 changed (4.2s)
    release 80: 17153 genes, 49512 xrefs, 0 changed (4.2s)
    release 81: 17153 genes, 31693 xrefs, 5989 changed (3.7s)
    release 82: 17153 genes, 31693 xrefs, 0 changed (3.6s)
    release 83: 17153 genes, 31693 xrefs, 0 changed (3.6s)
    release 84: 17153 genes, 31693 xrefs, 0 changed (3.0s)
    release 85: 17153 genes, 31745 xrefs, 211 changed (2.8s)
    release 86: 17153 genes, 31745 xrefs, 0 changed (2.8s)
    release 87: 17153 genes, 31745 xrefs, 0 changed (2.8s)
    release 88: 17153 genes, 31745 xrefs, 0 changed (2.8s)
    release 90: 17153 genes, 31745 xrefs, 0 changed (2.7s)
    release 91: 17153 genes, 31745 xrefs, 0 changed (2.9s)
    release 92: 17153 genes, 32005 xrefs, 3384 changed (2.9s)
    release 93: 17153 genes, 32295 xrefs, 181 changed (3.2s)
    release 94: 17153 genes, 30317 xrefs, 164 changed (3.0s)
    release 95: 17153 genes, 30782 xrefs, 300 changed (3.3s)
    release 96: 17153 genes, 30038 xrefs, 978 changed (3.0s)
    release 97: 17153 genes, 30837 xrefs, 465 changed (3.9s)
    release 98: 17153 genes, 30568 xrefs, 139 changed (3.1s)
    release 99: 17153 genes, 30765 xrefs, 3 changed (3.3s)
    release 100: 17153 genes, 30765 xrefs, 0 changed (3.0s)
    release 101: 17153 genes, 30765 xrefs, 0 changed (3.2s)
    release 102: 17153 genes, 30765 xrefs, 0 changed (2.9s)
    release 103: 17153 genes, 30765 xrefs, 0 changed (3.0s)
    release 104: 17153 genes, 30765 xrefs, 0 changed (3.8s)
    release 105: 17153 genes, 30765 xrefs, 0 changed (3.3s)
    release 106: 17153 genes, 30765 xrefs, 0 changed (3.0s)
    release 107: 17153 genes, 30765 xrefs, 0 changed (3.6s)
    release 108: 17153 genes, 30765 xrefs, 0 changed (3.4s)
    release 109: 17153 genes, 30765 xrefs, 0 changed (3.7s)
    release 110: 17153 genes, 30765 xrefs, 0 changed (3.0s)
    release 111: 17153 genes, 30765 xrefs, 0 changed (3.2s)
    release 112: 17153 genes, 30765 xrefs, 0 changed (3.0s)
    release 113: 17153 genes, 30755 xrefs, 4 changed (2.7s)
    release 114: 17153 genes, 30922 xrefs, 141 changed (2.7s)
    release 115: 17153 genes, 30922 xrefs, 0 changed (2.7s)
  dasypus_novemcinctus: 62 releases, 52981 genes in db
    release 65: 21236 genes, 32826 xrefs, 9367 changed (3.7s)
    release 66: 21236 genes, 29253 xrefs, 607 changed (4.0s)
    release 67: 21236 genes, 29237 xrefs, 549 changed (4.5s)
    release 68: 21236 genes, 27014 xrefs, 733 changed (4.3s)
    release 69: 21236 genes, 27155 xrefs, 743 changed (4.0s)
    release 70: 21236 genes, 27132 xrefs, 556 changed (4.1s)
    release 71: 21236 genes, 27110 xrefs, 633 changed (4.0s)
    release 72: 21236 genes, 27118 xrefs, 495 changed (4.1s)
    release 73: 21236 genes, 48259 xrefs, 814 changed (5.4s)
    release 74: 30195 genes, 77252 xrefs, 14124 changed (7.4s)
    release 75: 30195 genes, 77270 xrefs, 704 changed (7.2s)
    release 76: 30195 genes, 77301 xrefs, 1237 changed (7.6s)
    release 77: 30195 genes, 77250 xrefs, 875 changed (7.4s)
    release 78: 30195 genes, 77285 xrefs, 662 changed (7.8s)
    release 79: 30195 genes, 78007 xrefs, 1632 changed (7.8s)
    release 80: 30195 genes, 77985 xrefs, 711 changed (7.3s)
    release 81: 30195 genes, 77979 xrefs, 767 changed (8.1s)
    release 82: 30195 genes, 78004 xrefs, 629 changed (7.4s)
    release 83: 30195 genes, 77973 xrefs, 724 changed (7.8s)
    release 84: 30195 genes, 71187 xrefs, 4107 changed (7.4s)
    release 85: 33374 genes, 73084 xrefs, 6780 changed (7.7s)
    release 86: 33374 genes, 73088 xrefs, 653 changed (7.3s)
    release 87: 33374 genes, 72758 xrefs, 805 changed (5.7s)
    release 88: 33374 genes, 72763 xrefs, 744 changed (5.7s)
    release 90: 33374 genes, 72774 xrefs, 900 changed (6.5s)
    release 91: 33374 genes, 71189 xrefs, 2785 changed (5.7s)
    release 92: 33374 genes, 64661 xrefs, 7521 changed (5.8s)
    release 93: 33374 genes, 64504 xrefs, 1084 changed (6.6s)
    release 94: 33374 genes, 64568 xrefs, 919 changed (6.7s)
    release 95: 33374 genes, 73261 xrefs, 5433 changed (6.9s)
    release 96: 33374 genes, 65828 xrefs, 4272 changed (6.3s)
    release 97: 33374 genes, 73153 xrefs, 4113 changed (6.7s)
    release 98: 33374 genes, 73017 xrefs, 5685 changed (6.8s)
    release 99: 33374 genes, 65658 xrefs, 15416 changed (6.1s)
    release 100: 33374 genes, 65672 xrefs, 525 changed (6.4s)
    release 101: 33374 genes, 65615 xrefs, 395 changed (6.3s)
    release 102: 33374 genes, 65483 xrefs, 545 changed (6.7s)
    release 103: 33374 genes, 65524 xrefs, 366 changed (6.6s)
    release 104: 33374 genes, 65532 xrefs, 586 changed (7.6s)
    release 105: 33374 genes, 65768 xrefs, 580 changed (6.5s)
    release 106: 33374 genes, 65761 xrefs, 343 changed (7.1s)
    release 107: 33374 genes, 66086 xrefs, 615 changed (6.8s)
    release 108: 33374 genes, 66059 xrefs, 278 changed (6.8s)
    release 109: 33374 genes, 66076 xrefs, 296 changed (6.8s)
    release 110: 33374 genes, 66074 xrefs, 284 changed (6.6s)
    release 111: 33374 genes, 66077 xrefs, 316 changed (6.8s)
    release 112: 33374 genes, 66087 xrefs, 336 changed (6.6s)
    release 113: 33374 genes, 69886 xrefs, 5530 changed (5.9s)
    release 114: 33374 genes, 69951 xrefs, 725 changed (5.8s)
    release 115: 33374 genes, 70030 xrefs, 374 changed (5.4s)
  gallus_gallus: 62 releases, 77489 genes in db
    release 65: 17934 genes, 61206 xrefs, 13061 changed (5.8s)
    release 66: 17934 genes, 61167 xrefs, 503 changed (5.7s)
    release 67: 17934 genes, 61162 xrefs, 333 changed (5.8s)
    release 68: 17934 genes, 61090 xrefs, 455 changed (5.5s)
    release 69: 17934 genes, 61175 xrefs, 446 changed (5.6s)
    release 70: 17934 genes, 67342 xrefs, 12887 changed (6.4s)
    release 71: 17108 genes, 67106 xrefs, 5808 changed (5.6s)
    release 72: 17108 genes, 67126 xrefs, 204 changed (5.7s)
    release 73: 17108 genes, 67119 xrefs, 240 changed (5.8s)
    release 74: 17108 genes, 67116 xrefs, 203 changed (6.6s)
    release 75: 17108 genes, 64859 xrefs, 5778 changed (6.9s)
    release 76: 17108 genes, 64866 xrefs, 463 changed (7.0s)
    release 77: 17108 genes, 64881 xrefs, 1589 changed (6.5s)
    release 78: 17108 genes, 64889 xrefs, 1126 changed (6.5s)
    release 79: 17108 genes, 75889 xrefs, 5646 changed (7.1s)
    release 80: 17108 genes, 75900 xrefs, 928 changed (6.7s)
    release 81: 17108 genes, 75893 xrefs, 290 changed (7.1s)
    release 82: 17108 genes, 75905 xrefs, 264 changed (7.6s)
    release 83: 17108 genes, 75855 xrefs, 286 changed (7.1s)
    release 84: 17108 genes, 75866 xrefs, 259 changed (6.8s)
    release 85: 17108 genes, 60048 xrefs, 9875 changed (6.9s)
    release 86: 26102 genes, 64567 xrefs, 12246 changed (7.2s)
    release 87: 24881 genes, 69804 xrefs, 5712 changed (8.0s)
    release 88: 24881 genes, 69835 xrefs, 410 changed (7.5s)
    release 90: 24881 genes, 69794 xrefs, 492 changed (7.6s)
    release 91: 24881 genes, 70345 xrefs, 1070 changed (7.8s)
    release 92: 24881 genes, 71271 xrefs, 7702 changed (8.3s)
    release 93: 24881 genes, 85504 xrefs, 306 changed (8.8s)
    release 94: 24881 genes, 86654 xrefs, 2355 changed (8.8s)
    release 95: 24356 genes, 68854 xrefs, 3836 changed (8.6s)
    release 96: 24356 genes, 72065 xrefs, 3293 changed (8.1s)
    release 97: 24356 genes, 74210 xrefs, 1235 changed (8.9s)
    release 98: 24356 genes, 87486 xrefs, 1807 changed (9.2s)
    release 99: 24356 genes, 87501 xrefs, 6151 changed (8.9s)
    release 100: 24356 genes, 87533 xrefs, 171 changed (8.6s)
    release 101: 24356 genes, 87480 xrefs, 194 changed (9.4s)
    release 102: 24356 genes, 87461 xrefs, 170 changed (8.4s)
    release 103: 24356 genes, 87462 xrefs, 156 changed (8.5s)
    release 104: 24356 genes, 87457 xrefs, 177 changed (10.4s)
    release 105: 24356 genes, 87562 xrefs, 216 changed (9.0s)
    release 106: 24356 genes, 87550 xrefs, 100 changed (9.4s)
    release 107: 30108 genes, 74540 xrefs, 2649 changed (7.4s)
    release 108: 30108 genes, 74542 xrefs, 97 changed (7.3s)
    release 109: 30108 genes, 75010 xrefs, 566 changed (7.6s)
    release 110: 30108 genes, 75009 xrefs, 107 changed (7.4s)
    release 111: 30108 genes, 74999 xrefs, 105 changed (7.6s)
    release 112: 30108 genes, 74999 xrefs, 99 changed (7.6s)
    release 113: 30108 genes, 110458 xrefs, 1694 changed (9.9s)
    release 114: 30108 genes, 104990 xrefs, 1849 changed (10.6s)
    release 115: 30108 genes, 104984 xrefs, 34 changed (9.8s)
  haplochromis_burtoni: 22 releases, 23883 genes in db
    release 94: 23883 genes, 41355 xrefs, 16304 changed (4.6s)
    release 95: 23883 genes, 53292 xrefs, 4792 changed (4.9s)
    release 96: 23883 genes, 53262 xrefs, 1103 changed (5.2s)
    release 97: 23883 genes, 53322 xrefs, 993 changed (5.6s)
    release 98: 23883 genes, 55847 xrefs, 1383 changed (6.3s)
    release 99: 23883 genes, 55796 xrefs, 14147 changed (6.2s)
    release 100: 23883 genes, 56060 xrefs, 1147 changed (6.1s)
    release 101: 23883 genes, 56106 xrefs, 995 changed (6.4s)
    release 102: 23883 genes, 56609 xrefs, 1496 changed (6.3s)
    release 103: 23883 genes, 56622 xrefs, 973 changed (6.3s)
    release 104: 23883 genes, 56581 xrefs, 913 changed (8.2s)
    release 105: 23883 genes, 56695 xrefs, 892 changed (6.7s)
    release 106: 23883 genes, 56681 xrefs, 760 changed (7.0s)
    release 107: 23883 genes, 56657 xrefs, 788 changed (6.8s)
    release 108: 23883 genes, 56670 xrefs, 730 changed (6.6s)
    release 109: 23883 genes, 56674 xrefs, 743 changed (6.4s)
    release 110: 23883 genes, 54886 xrefs, 4744 changed (6.3s)
    release 111: 23883 genes, 56688 xrefs, 4804 changed (6.5s)
    release 112: 23883 genes, 54983 xrefs, 4770 changed (6.4s)
    release 113: 23883 genes, 55283 xrefs, 9664 changed (6.2s)
    release 114: 23883 genes, 56010 xrefs, 2675 changed (6.9s)
    release 115: 23883 genes, 56030 xrefs, 639 changed (6.5s)
  hucho_hucho: 19 releases, 52940 genes in db
    release 97: 52940 genes, 16656 xrefs, 22590 changed (5.7s)
    release 98: 52940 genes, 16380 xrefs, 2716 changed (5.1s)
    release 99: 52940 genes, 23269 xrefs, 19628 changed (7.6s)
    release 100: 52940 genes, 23837 xrefs, 1662 changed (7.8s)
    release 101: 52940 genes, 23930 xrefs, 1262 changed (8.0s)
    release 102: 52940 genes, 24255 xrefs, 3119 changed (8.2s)
    release 103: 52940 genes, 24328 xrefs, 1223 changed (8.4s)
    release 104: 52940 genes, 24252 xrefs, 1074 changed (13.0s)
    release 105: 52940 genes, 24349 xrefs, 1073 changed (8.4s)
    release 106: 52940 genes, 24382 xrefs, 968 changed (8.3s)
    release 107: 52940 genes, 24346 xrefs, 991 changed (8.5s)
    release 108: 52940 genes, 24340 xrefs, 898 changed (8.9s)
    release 109: 52940 genes, 24383 xrefs, 929 changed (8.8s)
    release 110: 52940 genes, 22307 xrefs, 4841 changed (8.6s)
    release 111: 52940 genes, 24400 xrefs, 4847 changed (8.2s)
    release 112: 52940 genes, 22423 xrefs, 4797 changed (8.0s)
    release 113: 52940 genes, 33317 xrefs, 3592 changed (8.4s)
    release 114: 52940 genes, 29636 xrefs, 4009 changed (9.5s)
    release 115: 52940 genes, 29748 xrefs, 489 changed (8.8s)
  mola_mola: 22 releases, 21893 genes in db
    release 94: 21893 genes, 14549 xrefs, 14934 changed (2.3s)
    release 95: 21893 genes, 15186 xrefs, 1790 changed (2.4s)
    release 96: 21893 genes, 15124 xrefs, 641 changed (3.1s)
    release 97: 21893 genes, 15192 xrefs, 563 changed (3.3s)
    release 98: 21893 genes, 17307 xrefs, 1062 changed (3.3s)
    release 99: 21893 genes, 17277 xrefs, 13513 changed (3.7s)
    release 100: 21893 genes, 17439 xrefs, 1270 changed (3.5s)
    release 101: 21893 genes, 17461 xrefs, 621 changed (4.1s)
    release 102: 21893 genes, 17700 xrefs, 801 changed (3.7s)
    release 103: 21893 genes, 2264 xrefs, 1471 changed (3.3s)
    release 104: 21893 genes, 2264 xrefs, 0 changed (4.3s)
    release 105: 21893 genes, 2264 xrefs, 0 changed (3.1s)
    release 106: 21893 genes, 2264 xrefs, 0 changed (3.0s)
    release 107: 21893 genes, 2264 xrefs, 0 changed (3.0s)
    release 108: 21893 genes, 2264 xrefs, 0 changed (3.1s)
    release 109: 21893 genes, 2264 xrefs, 0 changed (3.3s)
    release 110: 21893 genes, 246 xrefs, 1 changed (2.9s)
    release 111: 21893 genes, 246 xrefs, 0 changed (3.1s)
    release 112: 21893 genes, 246 xrefs, 0 changed (2.9s)
    release 113: 21893 genes, 238 xrefs, 0 changed (2.9s)
    release 114: 21893 genes, 238 xrefs, 163 changed (3.3s)
    release 115: 21893 genes, 238 xrefs, 0 changed (3.4s)
  mus_musculus_akrj: 30 releases, 95165 genes in db
    release 86: 40236 genes, 124069 xrefs, 23609 changed (13.4s)
    release 87: 40236 genes, 124069 xrefs, 55 changed (13.3s)
    release 88: 40236 genes, 124069 xrefs, 0 changed (13.7s)
    release 90: 40236 genes, 124069 xrefs, 0 changed (12.1s)
    release 91: 40236 genes, 124069 xrefs, 0 changed (12.9s)
    release 92: 40233 genes, 124069 xrefs, 0 changed (13.3s)
    release 93: 40233 genes, 124069 xrefs, 0 changed (13.0s)
    release 94: 40233 genes, 109674 xrefs, 0 changed (13.2s)
    release 95: 40233 genes, 109674 xrefs, 0 changed (12.9s)
    release 96: 40233 genes, 109674 xrefs, 0 changed (12.7s)
    release 97: 40233 genes, 109674 xrefs, 0 changed (13.1s)
    release 98: 40233 genes, 109674 xrefs, 0 changed (13.3s)
    release 99: 40233 genes, 109674 xrefs, 0 changed (13.2s)
    release 100: 40233 genes, 109674 xrefs, 0 changed (13.5s)
    release 101: 40233 genes, 109674 xrefs, 0 changed (13.2s)
    release 102: 40233 genes, 109674 xrefs, 0 changed (13.4s)
    release 103: 40233 genes, 109674 xrefs, 0 changed (14.3s)
    release 104: 40233 genes, 109674 xrefs, 0 changed (15.4s)
    release 105: 40233 genes, 109674 xrefs, 0 changed (14.1s)
    release 106: 40233 genes, 109674 xrefs, 0 changed (14.0s)
    release 107: 40233 genes, 109674 xrefs, 0 changed (13.9s)
    release 108: 40233 genes, 109674 xrefs, 0 changed (14.2s)
    release 109: 40233 genes, 109674 xrefs, 0 changed (14.0s)
    release 110: 40233 genes, 109674 xrefs, 0 changed (13.9s)
    release 111: 40233 genes, 109674 xrefs, 0 changed (14.0s)
    release 112: 40233 genes, 109674 xrefs, 0 changed (14.2s)
    release 113: 40233 genes, 118503 xrefs, 23720 changed (11.5s)
    release 114: 54929 genes, 0 xrefs, 0 changed (5.0s)
    release 115: 54929 genes, 0 xrefs, 0 changed (4.3s)
  crassostrea_angulata_gca025612915v2rs: 2 releases, 38153 genes in db
    release 58: 38153 genes, 38788 xrefs, 0 changed (5.1s)
    release 59: 38153 genes, 38788 xrefs, 0 changed (5.3s)
  culicoides_sonorensis: 18 releases, 15612 genes in db
    release 42: 15612 genes, 0 xrefs, 0 changed (1.1s)
    release 43: 15612 genes, 0 xrefs, 0 changed (1.2s)
    release 44: 15612 genes, 0 xrefs, 0 changed (1.1s)
    release 45: 15612 genes, 0 xrefs, 0 changed (1.1s)
    release 46: 15612 genes, 0 xrefs, 0 changed (1.1s)
    release 47: 15612 genes, 0 xrefs, 0 changed (1.0s)
    release 48: 15612 genes, 0 xrefs, 0 changed (1.0s)
    release 49: 15612 genes, 0 xrefs, 0 changed (1.0s)
    release 50: 15612 genes, 0 xrefs, 0 changed (1.1s)
    release 51: 15612 genes, 0 xrefs, 0 changed (2.3s)
    release 52: 15612 genes, 0 xrefs, 0 changed (1.2s)
    release 53: 15612 genes, 0 xrefs, 0 changed (1.3s)
    release 54: 15612 genes, 0 xrefs, 0 changed (1.2s)
    release 55: 15612 genes, 0 xrefs, 0 changed (1.3s)
    release 56: 15612 genes, 0 xrefs, 0 changed (1.4s)
    release 57: 15612 genes, 0 xrefs, 0 changed (1.2s)
    release 58: 15612 genes, 0 xrefs, 0 changed (1.3s)
    release 59: 15612 genes, 0 xrefs, 0 changed (1.5s)
  dinothrombium_tinctorium: 16 releases, 19024 genes in db
    release 44: 19024 genes, 19024 xrefs, 0 changed (1.7s)
    release 45: 19024 genes, 19024 xrefs, 0 changed (1.6s)
    release 46: 19024 genes, 19024 xrefs, 0 changed (1.6s)
    release 47: 19024 genes, 19024 xrefs, 0 changed (1.7s)
    release 48: 19024 genes, 19024 xrefs, 0 changed (1.6s)
    release 49: 19024 genes, 19024 xrefs, 0 changed (1.6s)
    release 50: 19024 genes, 19024 xrefs, 0 changed (1.6s)
    release 51: 19024 genes, 19024 xrefs, 0 changed (2.7s)
    release 52: 19024 genes, 19024 xrefs, 0 changed (1.8s)
    release 53: 19024 genes, 19024 xrefs, 0 changed (1.8s)
    release 54: 19024 genes, 19024 xrefs, 0 changed (1.7s)
    release 55: 19024 genes, 19024 xrefs, 0 changed (1.7s)
    release 56: 19024 genes, 19024 xrefs, 0 changed (1.7s)
    release 57: 19024 genes, 19024 xrefs, 0 changed (1.7s)
    release 58: 19024 genes, 19024 xrefs, 0 changed (1.7s)
    release 59: 19024 genes, 19024 xrefs, 0 changed (1.7s)
  cebus_capucinus: 18 releases, 27988 genes in db
    release 91: 27840 genes, 13295 xrefs, 14151 changed (4.2s)
    release 92: 27988 genes, 49084 xrefs, 10015 changed (6.3s)
    release 93: 27988 genes, 76487 xrefs, 534 changed (8.5s)
    release 94: 27988 genes, 79906 xrefs, 843 changed (8.4s)
    release 95: 27988 genes, 81147 xrefs, 1047 changed (8.4s)
    release 96: 27988 genes, 80764 xrefs, 510 changed (8.8s)
    release 97: 27988 genes, 80178 xrefs, 477 changed (9.1s)
    release 98: 27988 genes, 81190 xrefs, 5931 changed (8.6s)
    release 99: 27988 genes, 64547 xrefs, 13781 changed (8.1s)
    release 100: 27988 genes, 64504 xrefs, 397 changed (8.1s)
    release 101: 27988 genes, 81900 xrefs, 520 changed (8.2s)
    release 102: 27988 genes, 81126 xrefs, 443 changed (8.9s)
    release 103: 27988 genes, 47100 xrefs, 1236 changed (6.8s)
    release 104: 27988 genes, 31968 xrefs, 14890 changed (8.1s)
    release 105: 27988 genes, 86761 xrefs, 17941 changed (8.8s)
    release 106: 27988 genes, 86559 xrefs, 455 changed (8.2s)
    release 107: 27988 genes, 87073 xrefs, 700 changed (8.4s)
    release 108: 27988 genes, 84604 xrefs, 247 changed (8.2s)
  lingula_anatina: 22 releases, 34893 genes in db
    release 36: 34893 genes, 7704 xrefs, 1236 changed (3.1s)
    release 37: 34893 genes, 7704 xrefs, 290 changed (3.0s)
    release 38: 34893 genes, 7704 xrefs, 0 changed (3.3s)
    release 39: 34893 genes, 7704 xrefs, 0 changed (2.9s)
    release 40: 34893 genes, 6971 xrefs, 347 changed (3.2s)
    release 41: 34893 genes, 6971 xrefs, 0 changed (3.0s)
    release 42: 34893 genes, 6971 xrefs, 0 changed (3.0s)
    release 43: 34893 genes, 6971 xrefs, 0 changed (3.1s)
    release 44: 34893 genes, 6971 xrefs, 0 changed (3.1s)
    release 45: 34893 genes, 6971 xrefs, 0 changed (3.0s)
    release 46: 34893 genes, 6971 xrefs, 0 changed (2.9s)
    release 47: 34893 genes, 6971 xrefs, 0 changed (3.0s)
    release 48: 34893 genes, 6971 xrefs, 0 changed (3.0s)
    release 49: 34893 genes, 6971 xrefs, 0 changed (3.1s)
    release 50: 34893 genes, 6971 xrefs, 0 changed (3.0s)
    release 51: 34893 genes, 6971 xrefs, 0 changed (4.6s)
    release 52: 34893 genes, 6971 xrefs, 0 changed (3.1s)
    release 53: 34893 genes, 6971 xrefs, 0 changed (3.3s)
    release 54: 34893 genes, 6971 xrefs, 0 changed (3.1s)
    release 55: 34893 genes, 6971 xrefs, 0 changed (3.3s)
    release 56: 34893 genes, 6971 xrefs, 0 changed (3.0s)
    release 57: 34893 genes, 6971 xrefs, 0 changed (3.0s)
  limnephilus_marmoratus_gca917880885v1: 2 releases, 16462 genes in db
    release 58: 16462 genes, 3142 xrefs, 0 changed (1.2s)
    release 59: 16462 genes, 3142 xrefs, 0 changed (1.0s)
  sarcoptes_scabiei: 29 releases, 19971 genes in db
    release 31: 10679 genes, 0 xrefs, 0 changed (0.9s)
    release 32: 10679 genes, 0 xrefs, 0 changed (1.3s)
    release 33: 10679 genes, 0 xrefs, 0 changed (1.4s)
    release 34: 10679 genes, 0 xrefs, 0 changed (1.3s)
    release 35: 10679 genes, 0 xrefs, 0 changed (1.2s)
    release 36: 10679 genes, 0 xrefs, 0 changed (1.3s)
    release 37: 10679 genes, 0 xrefs, 0 changed (1.3s)
    release 38: 10797 genes, 74 xrefs, 0 changed (1.4s)
    release 39: 10797 genes, 74 xrefs, 0 changed (1.2s)
    release 40: 10797 genes, 74 xrefs, 0 changed (1.5s)
    release 41: 10797 genes, 74 xrefs, 0 changed (1.2s)
    release 42: 10797 genes, 74 xrefs, 0 changed (1.4s)
    release 43: 10797 genes, 74 xrefs, 0 changed (1.3s)
    release 44: 10797 genes, 74 xrefs, 0 changed (1.5s)
    release 45: 10797 genes, 74 xrefs, 0 changed (1.4s)
    release 46: 10797 genes, 92 xrefs, 0 changed (1.4s)
    release 47: 10797 genes, 92 xrefs, 0 changed (1.3s)
    release 48: 10797 genes, 92 xrefs, 0 changed (1.3s)
    release 49: 10797 genes, 92 xrefs, 0 changed (1.3s)
    release 50: 10797 genes, 92 xrefs, 0 changed (1.2s)
    release 51: 10797 genes, 92 xrefs, 0 changed (1.7s)
    release 52: 10797 genes, 92 xrefs, 0 changed (1.3s)
    release 53: 9174 genes, 0 xrefs, 0 changed (1.4s)
    release 54: 9174 genes, 0 xrefs, 0 changed (1.3s)
    release 55: 9174 genes, 0 xrefs, 0 changed (1.4s)
    release 56: 9174 genes, 0 xrefs, 0 changed (1.3s)
    release 57: 9174 genes, 0 xrefs, 0 changed (1.3s)
    release 58: 9174 genes, 0 xrefs, 0 changed (1.2s)
    release 59: 9174 genes, 0 xrefs, 0 changed (1.1s)
  echinops_telfairi: 62 releases, 26984 genes in db
    release 65: 26042 genes, 29265 xrefs, 23231 changed (4.2s)
    release 66: 26042 genes, 29271 xrefs, 703 changed (4.1s)
    release 67: 26042 genes, 29250 xrefs, 704 changed (4.2s)
    release 68: 26042 genes, 29068 xrefs, 875 changed (4.1s)
    release 69: 26042 genes, 29241 xrefs, 868 changed (4.1s)
    release 70: 26042 genes, 29233 xrefs, 653 changed (4.2s)
    release 71: 26042 genes, 29173 xrefs, 727 changed (4.1s)
    release 72: 26079 genes, 29211 xrefs, 610 changed (4.3s)
    release 73: 26079 genes, 29156 xrefs, 733 changed (4.4s)
    release 74: 26079 genes, 29175 xrefs, 592 changed (6.0s)
    release 75: 26079 genes, 29143 xrefs, 454 changed (5.3s)
    release 76: 26079 genes, 39537 xrefs, 2198 changed (6.3s)
    release 77: 26079 genes, 39544 xrefs, 903 changed (6.3s)
    release 78: 26079 genes, 39549 xrefs, 401 changed (6.4s)
    release 79: 26079 genes, 39520 xrefs, 440 changed (6.4s)
    release 80: 26079 genes, 34854 xrefs, 1323 changed (6.1s)
    release 81: 26079 genes, 34893 xrefs, 711 changed (5.9s)
    release 82: 26079 genes, 34894 xrefs, 575 changed (6.1s)
    release 83: 26079 genes, 34867 xrefs, 569 changed (5.8s)
    release 84: 26079 genes, 34893 xrefs, 554 changed (6.3s)
    release 85: 26079 genes, 33853 xrefs, 1726 changed (5.8s)
    release 86: 26079 genes, 33841 xrefs, 425 changed (5.7s)
    release 87: 26079 genes, 33467 xrefs, 701 changed (4.7s)
    release 88: 26079 genes, 33472 xrefs, 521 changed (4.9s)
    release 90: 26079 genes, 33450 xrefs, 651 changed (5.0s)
    release 91: 26079 genes, 29761 xrefs, 4373 changed (4.6s)
    release 92: 26079 genes, 28388 xrefs, 5785 changed (4.9s)
    release 93: 26079 genes, 28396 xrefs, 291 changed (4.9s)
    release 94: 26079 genes, 28410 xrefs, 598 changed (4.8s)
    release 95: 26079 genes, 30140 xrefs, 2340 changed (5.1s)
    release 96: 26079 genes, 30096 xrefs, 269 changed (5.0s)
    release 97: 26079 genes, 30123 xrefs, 269 changed (5.3s)
    release 98: 26079 genes, 30008 xrefs, 3108 changed (5.0s)
    release 99: 26079 genes, 25689 xrefs, 8940 changed (4.8s)
    release 100: 26079 genes, 25642 xrefs, 208 changed (4.7s)
    release 101: 26079 genes, 29891 xrefs, 765 changed (5.1s)
    release 102: 26079 genes, 13597 xrefs, 116 changed (4.3s)
    release 103: 26079 genes, 13615 xrefs, 102 changed (4.1s)
    release 104: 26079 genes, 13687 xrefs, 184 changed (4.8s)
    release 105: 26079 genes, 13885 xrefs, 114 changed (4.3s)
    release 106: 26079 genes, 13906 xrefs, 51 changed (4.4s)
    release 107: 26079 genes, 14083 xrefs, 228 changed (4.2s)
    release 108: 26079 genes, 14082 xrefs, 43 changed (4.5s)
    release 109: 26079 genes, 14083 xrefs, 48 changed (4.4s)
    release 110: 26079 genes, 14105 xrefs, 43 changed (4.5s)
    release 111: 26079 genes, 14088 xrefs, 59 changed (4.3s)
    release 112: 26079 genes, 14111 xrefs, 37 changed (4.5s)
    release 113: 26079 genes, 18139 xrefs, 2507 changed (3.9s)
    release 114: 26079 genes, 18210 xrefs, 59 changed (4.0s)
    release 115: 26079 genes, 18183 xrefs, 45 changed (3.7s)
  mus_musculus_cbaj: 30 releases, 95101 genes in db
    release 86: 39991 genes, 123207 xrefs, 23345 changed (13.5s)
    release 87: 39991 genes, 123207 xrefs, 54 changed (14.0s)
    release 88: 39991 genes, 123207 xrefs, 0 changed (13.3s)
    release 90: 39991 genes, 123207 xrefs, 0 changed (13.2s)
    release 91: 39991 genes, 123207 xrefs, 0 changed (13.0s)
    release 92: 39989 genes, 123207 xrefs, 0 changed (12.8s)
    release 93: 39989 genes, 123207 xrefs, 0 changed (13.4s)
    release 94: 39989 genes, 108867 xrefs, 0 changed (13.0s)
    release 95: 39989 genes, 108867 xrefs, 0 changed (12.3s)
    release 96: 39989 genes, 108867 xrefs, 0 changed (12.8s)
    release 97: 39989 genes, 108867 xrefs, 0 changed (12.9s)
    release 98: 39989 genes, 108867 xrefs, 0 changed (12.8s)
    release 99: 39989 genes, 108867 xrefs, 0 changed (13.2s)
    release 100: 39989 genes, 108867 xrefs, 0 changed (12.8s)
    release 101: 39989 genes, 108867 xrefs, 0 changed (13.1s)
    release 102: 39989 genes, 108867 xrefs, 0 changed (14.1s)
    release 103: 39989 genes, 108867 xrefs, 0 changed (13.2s)
    release 104: 39989 genes, 108867 xrefs, 0 changed (14.9s)
    release 105: 39989 genes, 108867 xrefs, 0 changed (13.5s)
    release 106: 39989 genes, 108867 xrefs, 0 changed (13.5s)
    release 107: 39989 genes, 108867 xrefs, 0 changed (13.4s)
    release 108: 39989 genes, 108867 xrefs, 0 changed (13.2s)
    release 109: 39989 genes, 108867 xrefs, 0 changed (13.6s)
    release 110: 39989 genes, 108867 xrefs, 0 changed (12.9s)
    release 111: 39989 genes, 108867 xrefs, 0 changed (13.3s)
    release 112: 39989 genes, 108867 xrefs, 0 changed (13.6s)
    release 113: 39989 genes, 116933 xrefs, 23457 changed (10.7s)
    release 114: 55110 genes, 0 xrefs, 0 changed (4.5s)
    release 115: 55110 genes, 0 xrefs, 0 changed (3.9s)
  mus_musculus_lpj: 30 releases, 96192 genes in db
    release 86: 40281 genes, 123659 xrefs, 23575 changed (11.8s)
    release 87: 40281 genes, 123659 xrefs, 52 changed (13.5s)
    release 88: 40281 genes, 123659 xrefs, 0 changed (13.3s)
    release 90: 40281 genes, 123659 xrefs, 0 changed (14.1s)
    release 91: 40281 genes, 123659 xrefs, 0 changed (13.2s)
    release 92: 40279 genes, 123659 xrefs, 0 changed (12.5s)
    release 93: 40279 genes, 123659 xrefs, 0 changed (13.0s)
    release 94: 40279 genes, 109294 xrefs, 0 changed (12.8s)
    release 95: 40279 genes, 109294 xrefs, 0 changed (12.4s)
    release 96: 40279 genes, 109294 xrefs, 0 changed (12.3s)
    release 97: 40279 genes, 109294 xrefs, 0 changed (13.8s)
    release 98: 40279 genes, 109294 xrefs, 0 changed (13.4s)
    release 99: 40279 genes, 109294 xrefs, 0 changed (13.3s)
    release 100: 40279 genes, 109294 xrefs, 0 changed (11.7s)
    release 101: 40279 genes, 109294 xrefs, 0 changed (12.0s)
    release 102: 40279 genes, 109294 xrefs, 0 changed (11.5s)
    release 103: 40279 genes, 109294 xrefs, 0 changed (11.2s)
    release 104: 40279 genes, 109294 xrefs, 0 changed (13.0s)
    release 105: 40279 genes, 109294 xrefs, 0 changed (13.5s)
    release 106: 40279 genes, 109294 xrefs, 0 changed (12.6s)
    release 107: 40279 genes, 109294 xrefs, 0 changed (12.4s)
    release 108: 40279 genes, 109294 xrefs, 0 changed (12.4s)
    release 109: 40279 genes, 109294 xrefs, 0 changed (12.4s)
    release 110: 40279 genes, 109294 xrefs, 0 changed (12.1s)
    release 111: 40279 genes, 109294 xrefs, 0 changed (12.2s)
    release 112: 40279 genes, 109294 xrefs, 0 changed (12.2s)
    release 113: 40279 genes, 117537 xrefs, 23686 changed (9.9s)
    release 114: 55911 genes, 0 xrefs, 0 changed (4.3s)
    release 115: 55911 genes, 0 xrefs, 0 changed (3.2s)
  mus_musculus_pwkphj: 30 releases, 93124 genes in db
    release 86: 38765 genes, 119527 xrefs, 28953 changed (11.1s)
    release 87: 38765 genes, 119527 xrefs, 52 changed (11.5s)
    release 88: 38765 genes, 119527 xrefs, 0 changed (10.9s)
    release 90: 38765 genes, 119527 xrefs, 0 changed (11.3s)
    release 91: 38765 genes, 119527 xrefs, 0 changed (11.8s)
    release 92: 38761 genes, 119527 xrefs, 0 changed (11.1s)
    release 93: 38761 genes, 119527 xrefs, 0 changed (11.7s)
    release 94: 38761 genes, 105661 xrefs, 0 changed (11.5s)
    release 95: 38761 genes, 105661 xrefs, 0 changed (11.6s)
    release 96: 38761 genes, 105661 xrefs, 0 changed (11.6s)
    release 97: 38761 genes, 105661 xrefs, 0 changed (11.8s)
    release 98: 38761 genes, 105661 xrefs, 0 changed (11.5s)
    release 99: 38761 genes, 105661 xrefs, 0 changed (11.5s)
    release 100: 38761 genes, 105661 xrefs, 0 changed (11.5s)
    release 101: 38761 genes, 105661 xrefs, 0 changed (11.6s)
    release 102: 38761 genes, 105661 xrefs, 0 changed (11.4s)
    release 103: 38761 genes, 105661 xrefs, 0 changed (11.8s)
    release 104: 38761 genes, 105661 xrefs, 0 changed (13.6s)
    release 105: 38761 genes, 105661 xrefs, 0 changed (11.7s)
    release 106: 38761 genes, 105661 xrefs, 0 changed (11.9s)
    release 107: 38761 genes, 105661 xrefs, 0 changed (11.6s)
    release 108: 38761 genes, 105661 xrefs, 0 changed (11.6s)
    release 109: 38761 genes, 105661 xrefs, 0 changed (11.7s)
    release 110: 38761 genes, 105661 xrefs, 0 changed (11.6s)
    release 111: 38761 genes, 105661 xrefs, 0 changed (11.7s)
    release 112: 38761 genes, 105661 xrefs, 0 changed (11.8s)
    release 113: 38761 genes, 35 xrefs, 34 changed (3.5s)
    release 114: 54359 genes, 47 xrefs, 0 changed (4.7s)
    release 115: 54359 genes, 47 xrefs, 0 changed (3.9s)
  mustela_putorius_furo: 47 releases, 32057 genes in db
    release 69: 23811 genes, 16209 xrefs, 16589 changed (3.9s)
    release 70: 23811 genes, 16198 xrefs, 808 changed (3.9s)
    release 71: 23811 genes, 16193 xrefs, 969 changed (3.8s)
    release 72: 23811 genes, 16208 xrefs, 8468 changed (3.7s)
    release 73: 23811 genes, 16176 xrefs, 423 changed (4.4s)
    release 74: 23811 genes, 49018 xrefs, 3485 changed (8.6s)
    release 75: 23811 genes, 48994 xrefs, 399 changed (8.5s)
    release 76: 23811 genes, 49016 xrefs, 901 changed (8.6s)
    release 77: 23811 genes, 48997 xrefs, 568 changed (8.4s)
    release 78: 23811 genes, 49009 xrefs, 1752 changed (8.8s)
    release 79: 23811 genes, 49018 xrefs, 1277 changed (8.6s)
    release 80: 23811 genes, 48985 xrefs, 410 changed (8.6s)
    release 81: 23811 genes, 49017 xrefs, 913 changed (8.6s)
    release 82: 23811 genes, 49030 xrefs, 866 changed (8.4s)
    release 83: 23811 genes, 44226 xrefs, 2115 changed (7.1s)
    release 84: 23811 genes, 44225 xrefs, 411 changed (7.2s)
    release 85: 32057 genes, 43387 xrefs, 1046 changed (7.0s)
    release 86: 32057 genes, 43410 xrefs, 351 changed (7.1s)
    release 87: 32057 genes, 43293 xrefs, 349 changed (6.9s)
    release 88: 32057 genes, 43279 xrefs, 464 changed (7.0s)
    release 90: 32057 genes, 42473 xrefs, 999 changed (7.0s)
    release 91: 32057 genes, 41978 xrefs, 911 changed (7.1s)
    release 92: 32057 genes, 36639 xrefs, 3762 changed (7.0s)
    release 93: 32057 genes, 50281 xrefs, 381 changed (7.2s)
    release 94: 32057 genes, 50304 xrefs, 678 changed (7.6s)
    release 95: 32057 genes, 50716 xrefs, 585 changed (7.3s)
    release 96: 32057 genes, 50513 xrefs, 363 changed (8.2s)
    release 97: 32057 genes, 50609 xrefs, 322 changed (7.7s)
    release 98: 32057 genes, 50937 xrefs, 2765 changed (7.5s)
    release 99: 32057 genes, 33833 xrefs, 12951 changed (7.0s)
    release 100: 32057 genes, 33865 xrefs, 260 changed (7.5s)
    release 101: 32057 genes, 33857 xrefs, 188 changed (7.5s)
    release 102: 32057 genes, 33681 xrefs, 257 changed (7.3s)
    release 103: 32057 genes, 33700 xrefs, 160 changed (7.1s)
    release 104: 32057 genes, 33695 xrefs, 376 changed (8.7s)
    release 105: 32057 genes, 33909 xrefs, 293 changed (8.9s)
    release 106: 32057 genes, 33944 xrefs, 159 changed (7.7s)
    release 107: 32057 genes, 34263 xrefs, 399 changed (7.6s)
    release 108: 32057 genes, 34257 xrefs, 99 changed (7.7s)
    release 109: 32057 genes, 34261 xrefs, 118 changed (7.6s)
    release 110: 32057 genes, 34270 xrefs, 101 changed (7.7s)
    release 111: 32057 genes, 34276 xrefs, 129 changed (7.5s)
    release 112: 32057 genes, 34254 xrefs, 97 changed (7.7s)
    release 113: 32057 genes, 53682 xrefs, 2266 changed (6.6s)
    release 114: 32057 genes, 53783 xrefs, 719 changed (7.3s)
    release 115: 32057 genes, 53908 xrefs, 186 changed (7.0s)
  oreochromis_niloticus: 49 releases, 43224 genes in db
    release 67: 22283 genes, 47775 xrefs, 18426 changed (5.1s)
    release 68: 22283 genes, 47509 xrefs, 1642 changed (5.1s)
    release 69: 22283 genes, 47809 xrefs, 1613 changed (5.8s)
    release 70: 22283 genes, 56684 xrefs, 10288 changed (6.7s)
    release 71: 22283 genes, 56575 xrefs, 863 changed (5.8s)
    release 72: 22283 genes, 56616 xrefs, 835 changed (5.2s)
    release 73: 22283 genes, 58724 xrefs, 5938 changed (5.3s)
    release 74: 22283 genes, 59798 xrefs, 13147 changed (6.5s)
    release 75: 22283 genes, 60093 xrefs, 3713 changed (6.5s)
    release 76: 22283 genes, 59657 xrefs, 3118 changed (6.2s)
    release 77: 22283 genes, 59646 xrefs, 1570 changed (5.9s)
    release 78: 22283 genes, 59715 xrefs, 1349 changed (6.3s)
    release 79: 22283 genes, 59677 xrefs, 1287 changed (6.4s)
    release 80: 22283 genes, 60078 xrefs, 4297 changed (6.5s)
    release 81: 22283 genes, 60037 xrefs, 2270 changed (6.4s)
    release 82: 22283 genes, 60087 xrefs, 1586 changed (6.5s)
    release 83: 22283 genes, 49250 xrefs, 10812 changed (6.2s)
    release 84: 22283 genes, 48183 xrefs, 5362 changed (5.8s)
    release 85: 22283 genes, 47049 xrefs, 4234 changed (5.9s)
    release 86: 22283 genes, 47322 xrefs, 2286 changed (5.7s)
    release 87: 27088 genes, 47259 xrefs, 1761 changed (5.7s)
    release 88: 27088 genes, 47220 xrefs, 1605 changed (5.7s)
    release 90: 27088 genes, 47358 xrefs, 2199 changed (5.3s)
    release 91: 27088 genes, 45906 xrefs, 3604 changed (5.4s)
    release 92: 27088 genes, 35662 xrefs, 4919 changed (5.7s)
    release 93: 27088 genes, 55648 xrefs, 2215 changed (6.6s)
    release 94: 27088 genes, 49738 xrefs, 1692 changed (6.1s)
    release 95: 27088 genes, 50391 xrefs, 2523 changed (6.4s)
    release 96: 27088 genes, 50307 xrefs, 961 changed (6.4s)
    release 97: 27088 genes, 51989 xrefs, 1059 changed (6.6s)
    release 98: 27088 genes, 51722 xrefs, 1256 changed (6.3s)
    release 99: 33437 genes, 55820 xrefs, 15699 changed (8.3s)
    release 100: 33437 genes, 56037 xrefs, 1520 changed (7.9s)
    release 101: 33437 genes, 56066 xrefs, 835 changed (8.6s)
    release 102: 33437 genes, 56324 xrefs, 1008 changed (8.4s)
    release 103: 33437 genes, 56369 xrefs, 822 changed (8.1s)
    release 104: 33437 genes, 56330 xrefs, 792 changed (13.1s)
    release 105: 33437 genes, 56429 xrefs, 739 changed (8.4s)
    release 106: 33437 genes, 56417 xrefs, 640 changed (8.4s)
    release 107: 33437 genes, 56397 xrefs, 644 changed (8.1s)
    release 108: 33437 genes, 56401 xrefs, 591 changed (8.5s)
    release 109: 33437 genes, 56410 xrefs, 637 changed (8.4s)
    release 110: 33437 genes, 54719 xrefs, 4222 changed (8.0s)
    release 111: 33437 genes, 56430 xrefs, 4270 changed (8.2s)
    release 112: 33437 genes, 54810 xrefs, 4230 changed (8.3s)
    release 113: 33437 genes, 107810 xrefs, 10347 changed (10.0s)
    release 114: 33437 genes, 122447 xrefs, 11165 changed (11.4s)
    release 115: 33437 genes, 113454 xrefs, 9853 changed (9.1s)
  oryctolagus_cuniculus: 62 releases, 39676 genes in db
    release 65: 23394 genes, 14697 xrefs, 14207 changed (3.4s)
    release 66: 23394 genes, 14658 xrefs, 366 changed (3.6s)
    release 67: 23394 genes, 14692 xrefs, 292 changed (3.6s)
    release 68: 23394 genes, 14516 xrefs, 308 changed (3.7s)
    release 69: 23394 genes, 58053 xrefs, 12456 changed (5.5s)
    release 70: 23394 genes, 45419 xrefs, 11605 changed (5.1s)
    release 71: 23394 genes, 45404 xrefs, 196 changed (5.2s)
    release 72: 23394 genes, 45430 xrefs, 180 changed (6.0s)
    release 73: 23669 genes, 44771 xrefs, 11949 changed (5.5s)
    release 74: 23669 genes, 44761 xrefs, 464 changed (5.9s)
    release 75: 23669 genes, 44778 xrefs, 332 changed (6.0s)
    release 76: 23669 genes, 45237 xrefs, 1361 changed (6.6s)
    release 77: 23669 genes, 45196 xrefs, 459 changed (6.0s)
    release 78: 23669 genes, 45247 xrefs, 258 changed (6.9s)
    release 79: 23669 genes, 45232 xrefs, 333 changed (6.6s)
    release 80: 23669 genes, 40989 xrefs, 8066 changed (6.5s)
    release 81: 23669 genes, 40986 xrefs, 351 changed (6.9s)
    release 82: 23669 genes, 40992 xrefs, 296 changed (7.1s)
    release 83: 23669 genes, 40953 xrefs, 358 changed (6.5s)
    release 84: 23669 genes, 40961 xrefs, 332 changed (5.9s)
    release 85: 23669 genes, 63901 xrefs, 5827 changed (6.6s)
    release 86: 23669 genes, 63914 xrefs, 459 changed (6.7s)
    release 87: 23669 genes, 63690 xrefs, 496 changed (6.6s)
    release 88: 23669 genes, 63733 xrefs, 518 changed (6.5s)
    release 90: 23669 genes, 63711 xrefs, 654 changed (6.9s)
    release 91: 23669 genes, 63609 xrefs, 1205 changed (6.3s)
    release 92: 23669 genes, 63114 xrefs, 5727 changed (6.6s)
    release 93: 23669 genes, 78456 xrefs, 480 changed (7.2s)
    release 94: 23669 genes, 78202 xrefs, 972 changed (6.7s)
    release 95: 23669 genes, 79829 xrefs, 900 changed (6.7s)
    release 96: 23669 genes, 78520 xrefs, 709 changed (7.3s)
    release 97: 23669 genes, 79719 xrefs, 745 changed (7.4s)
    release 98: 29587 genes, 75742 xrefs, 5630 changed (7.4s)
    release 99: 29587 genes, 49872 xrefs, 14130 changed (6.0s)
    release 100: 29587 genes, 49868 xrefs, 366 changed (6.0s)
    release 101: 29587 genes, 49893 xrefs, 345 changed (6.7s)
    release 102: 29587 genes, 49678 xrefs, 579 changed (6.6s)
    release 103: 29587 genes, 49693 xrefs, 292 changed (6.3s)
    release 104: 29587 genes, 49650 xrefs, 495 changed (7.8s)
    release 105: 29587 genes, 49973 xrefs, 623 changed (6.5s)
    release 106: 29587 genes, 49963 xrefs, 261 changed (6.4s)
    release 107: 29587 genes, 50222 xrefs, 529 changed (6.3s)
    release 108: 29587 genes, 50210 xrefs, 223 changed (6.7s)
 Container asap2_test-redis-1  Running
 Container elasticsearch_asap_test  Running
 Container asap_run_test  Running
 Container asap2_test-postgres-1  Running
2026-06-30 18:52:32 +0000: HEAD http://elasticsearch:9200/projects [status:200, request:0.007s, query:n/a]
2026-06-30 18:52:32 +0000: < 
Rebuild Ensembl release fields
  remote db: asap_data_v8
  ensembl data dirs: /mnt/asap_data/ensembl
  vertebrates releases: 54-115
  ensembl genomes releases: 5-62

== Step 3/3: rebuild genes.name, alt_names, obsolete_alt_names from Ensembl xrefs ==
  oryctolagus_cuniculus: 62 releases, 39676 genes in db
[slurm:monitor_jobs] Starting
[SlurmMonitor] No runs with status_id=2 (running)
    release 65: 23394 genes, 14697 xrefs, 14207 changed (1.6s)
    release 66: 23394 genes, 14658 xrefs, 366 changed (1.8s)
    release 67: 23394 genes, 14692 xrefs, 292 changed (1.7s)
    release 68: 23394 genes, 14516 xrefs, 308 changed (1.6s)
    release 69: 23394 genes, 58053 xrefs, 12456 changed (3.0s)
    release 70: 23394 genes, 45419 xrefs, 11605 changed (2.7s)
    release 71: 23394 genes, 45404 xrefs, 196 changed (2.8s)
    release 72: 23394 genes, 45430 xrefs, 180 changed (2.7s)
    release 73: 23669 genes, 44771 xrefs, 11949 changed (3.0s)
    release 74: 23669 genes, 44761 xrefs, 464 changed (2.9s)
    release 75: 23669 genes, 44778 xrefs, 332 changed (2.9s)
    release 76: 23669 genes, 45237 xrefs, 1361 changed (3.1s)
    release 77: 23669 genes, 45196 xrefs, 459 changed (3.2s)
    release 78: 23669 genes, 45247 xrefs, 258 changed (3.2s)
    release 79: 23669 genes, 45232 xrefs, 333 changed (3.1s)
    release 80: 23669 genes, 40989 xrefs, 8066 changed (3.1s)
    release 81: 23669 genes, 40986 xrefs, 351 changed (3.1s)
    release 82: 23669 genes, 40992 xrefs, 296 changed (3.1s)
    release 83: 23669 genes, 40953 xrefs, 358 changed (4.1s)
    release 84: 23669 genes, 40961 xrefs, 332 changed (4.1s)
    release 85: 23669 genes, 63901 xrefs, 5827 changed (3.6s)
    release 86: 23669 genes, 63914 xrefs, 459 changed (4.3s)
    release 87: 23669 genes, 63690 xrefs, 496 changed (4.5s)
    release 88: 23669 genes, 63733 xrefs, 518 changed (4.6s)
    release 90: 23669 genes, 63711 xrefs, 654 changed (4.3s)
    release 91: 23669 genes, 63609 xrefs, 1205 changed (3.9s)
    release 92: 23669 genes, 63114 xrefs, 5727 changed (3.5s)
    release 93: 23669 genes, 78456 xrefs, 480 changed (3.9s)
    release 94: 23669 genes, 78202 xrefs, 972 changed (3.5s)
    release 95: 23669 genes, 79829 xrefs, 900 changed (3.5s)
    release 96: 23669 genes, 78520 xrefs, 709 changed (3.5s)
    release 97: 23669 genes, 79719 xrefs, 745 changed (3.9s)
    release 98: 29587 genes, 75742 xrefs, 5630 changed (3.9s)
    release 99: 29587 genes, 49872 xrefs, 14130 changed (3.3s)
    release 100: 29587 genes, 49868 xrefs, 366 changed (3.2s)
    release 101: 29587 genes, 49893 xrefs, 345 changed (3.2s)
    release 102: 29587 genes, 49678 xrefs, 579 changed (3.9s)
    release 103: 29587 genes, 49693 xrefs, 292 changed (4.0s)
    release 104: 29587 genes, 49650 xrefs, 495 changed (5.2s)
    release 105: 29587 genes, 49973 xrefs, 623 changed (3.4s)
    release 106: 29587 genes, 49963 xrefs, 261 changed (3.2s)
    release 107: 29587 genes, 50222 xrefs, 529 changed (3.2s)
    release 108: 29587 genes, 50210 xrefs, 223 changed (3.1s)
    release 109: 29587 genes, 50216 xrefs, 293 changed (3.9s)
    release 110: 29587 genes, 50223 xrefs, 270 changed (5.8s)
    release 111: 29587 genes, 50206 xrefs, 293 changed (6.1s)
    release 112: 29587 genes, 50235 xrefs, 260 changed (5.9s)
    release 113: 29587 genes, 92238 xrefs, 3960 changed (8.7s)
    release 114: 29587 genes, 97862 xrefs, 1617 changed (10.0s)
    release 115: 29587 genes, 97788 xrefs, 205 changed (9.0s)
  oryzias_latipes_hsok: 22 releases, 23316 genes in db
    release 94: 23316 genes, 23357 xrefs, 14775 changed (4.5s)
    release 95: 23316 genes, 24112 xrefs, 2035 changed (4.4s)
    release 96: 23316 genes, 23736 xrefs, 1599 changed (4.7s)
    release 97: 23316 genes, 27395 xrefs, 1033 changed (5.3s)
    release 98: 23316 genes, 27294 xrefs, 1248 changed (5.4s)
    release 99: 23316 genes, 27095 xrefs, 12360 changed (5.2s)
    release 100: 23316 genes, 27028 xrefs, 764 changed (5.6s)
    release 101: 23316 genes, 27080 xrefs, 519 changed (5.8s)
    release 102: 23316 genes, 27021 xrefs, 421 changed (6.0s)
    release 103: 23316 genes, 13478 xrefs, 3288 changed (4.6s)
    release 104: 23316 genes, 13478 xrefs, 0 changed (6.8s)
    release 105: 23316 genes, 13478 xrefs, 0 changed (5.3s)
    release 106: 23316 genes, 13478 xrefs, 0 changed (5.2s)
    release 107: 23316 genes, 13478 xrefs, 0 changed (5.3s)
    release 108: 23316 genes, 13478 xrefs, 0 changed (5.8s)
    release 109: 23316 genes, 13478 xrefs, 0 changed (5.6s)
    release 110: 23316 genes, 13478 xrefs, 0 changed (5.8s)
    release 111: 23316 genes, 13478 xrefs, 0 changed (5.8s)
    release 112: 23316 genes, 13478 xrefs, 0 changed (5.3s)
    release 113: 23316 genes, 11248 xrefs, 1579 changed (3.4s)
    release 114: 23316 genes, 11249 xrefs, 366 changed (3.9s)
    release 115: 23316 genes, 11249 xrefs, 0 changed (4.0s)
  otolemur_garnettii: 62 releases, 34938 genes in db
    release 65: 28085 genes, 15914 xrefs, 15979 changed (3.2s)
    release 66: 28085 genes, 15890 xrefs, 392 changed (3.3s)
    release 67: 28085 genes, 15914 xrefs, 323 changed (3.3s)
    release 68: 28085 genes, 15685 xrefs, 307 changed (3.7s)
    release 69: 28085 genes, 15939 xrefs, 244 changed (3.4s)
    release 70: 28085 genes, 15894 xrefs, 225 changed (3.6s)
    release 71: 28085 genes, 15909 xrefs, 307 changed (3.6s)
    release 72: 28085 genes, 15938 xrefs, 202 changed (3.6s)
    release 73: 28085 genes, 15924 xrefs, 196 changed (3.6s)
    release 74: 28085 genes, 49063 xrefs, 5797 changed (6.9s)
    release 75: 28085 genes, 49067 xrefs, 322 changed (7.0s)
    release 76: 28085 genes, 49088 xrefs, 847 changed (6.9s)
    release 77: 28085 genes, 49053 xrefs, 492 changed (6.5s)
    release 78: 28085 genes, 49059 xrefs, 275 changed (6.6s)
    release 79: 28085 genes, 49056 xrefs, 342 changed (6.4s)
    release 80: 28085 genes, 49057 xrefs, 336 changed (7.1s)
    release 81: 28085 genes, 42196 xrefs, 1329 changed (6.5s)
    release 82: 28085 genes, 42209 xrefs, 457 changed (6.4s)
    release 83: 28085 genes, 42182 xrefs, 350 changed (6.5s)
    release 84: 28085 genes, 42248 xrefs, 327 changed (6.3s)
    release 85: 28085 genes, 41869 xrefs, 543 changed (5.9s)
    release 86: 28085 genes, 43393 xrefs, 1594 changed (6.7s)
    release 87: 28085 genes, 43251 xrefs, 288 changed (7.2s)
    release 88: 28085 genes, 43267 xrefs, 431 changed (6.6s)
    release 90: 28085 genes, 43253 xrefs, 561 changed (6.3s)
    release 91: 28085 genes, 42737 xrefs, 747 changed (6.6s)
    release 92: 28085 genes, 34846 xrefs, 7357 changed (6.1s)
    release 93: 28085 genes, 50675 xrefs, 1239 changed (6.2s)
    release 94: 28085 genes, 57164 xrefs, 4255 changed (5.9s)
    release 95: 28085 genes, 50391 xrefs, 4083 changed (6.3s)
    release 96: 28085 genes, 50199 xrefs, 410 changed (6.5s)
    release 97: 28085 genes, 50178 xrefs, 361 changed (6.6s)
    release 98: 28085 genes, 57563 xrefs, 6406 changed (6.5s)
    release 99: 28085 genes, 57534 xrefs, 13449 changed (6.3s)
    release 100: 28085 genes, 57517 xrefs, 347 changed (6.8s)
    release 101: 28085 genes, 50413 xrefs, 2937 changed (6.5s)
    release 102: 28085 genes, 57428 xrefs, 2869 changed (6.5s)
    release 103: 28085 genes, 57451 xrefs, 430 changed (6.2s)
    release 104: 28085 genes, 57380 xrefs, 484 changed (6.6s)
    release 105: 28085 genes, 57605 xrefs, 513 changed (6.1s)
    release 106: 28085 genes, 47375 xrefs, 987 changed (5.9s)
    release 107: 28085 genes, 57976 xrefs, 1129 changed (6.6s)
    release 108: 28085 genes, 57941 xrefs, 186 changed (6.7s)
    release 109: 28085 genes, 57937 xrefs, 163 changed (6.7s)
    release 110: 28085 genes, 58132 xrefs, 386 changed (6.1s)
    release 111: 28085 genes, 58130 xrefs, 349 changed (6.2s)
    release 112: 28085 genes, 58130 xrefs, 0 changed (6.0s)
    release 113: 28085 genes, 58133 xrefs, 302 changed (6.1s)
    release 114: 28085 genes, 43252 xrefs, 870 changed (6.3s)
    release 115: 28085 genes, 43411 xrefs, 268 changed (5.8s)
  ovis_aries: 42 releases, 114619 genes in db
    release 74: 25197 genes, 47152 xrefs, 16906 changed (5.2s)
    release 75: 25197 genes, 47170 xrefs, 401 changed (5.4s)
    release 76: 25197 genes, 47169 xrefs, 878 changed (4.9s)
    release 77: 25197 genes, 77446 xrefs, 1336 changed (7.0s)
    release 78: 25197 genes, 77445 xrefs, 495 changed (7.5s)
    release 79: 25197 genes, 77425 xrefs, 485 changed (7.2s)
    release 80: 25197 genes, 77460 xrefs, 495 changed (7.7s)
    release 81: 27054 genes, 69673 xrefs, 3848 changed (7.2s)
    release 82: 27054 genes, 69689 xrefs, 675 changed (8.4s)
    release 83: 27054 genes, 69655 xrefs, 608 changed (8.8s)
    release 84: 27054 genes, 69642 xrefs, 605 changed (8.5s)
    release 85: 27054 genes, 68991 xrefs, 1264 changed (7.3s)
    release 86: 27054 genes, 67945 xrefs, 1984 changed (7.0s)
    release 87: 27054 genes, 67718 xrefs, 583 changed (7.2s)
    release 88: 27054 genes, 67711 xrefs, 571 changed (6.7s)
    release 90: 27054 genes, 67705 xrefs, 719 changed (6.9s)
    release 91: 27054 genes, 67448 xrefs, 1083 changed (7.3s)
    release 92: 27054 genes, 62688 xrefs, 4746 changed (7.2s)
    release 93: 27054 genes, 80318 xrefs, 513 changed (7.5s)
    release 94: 27054 genes, 80186 xrefs, 1014 changed (7.4s)
    release 95: 27054 genes, 85350 xrefs, 1714 changed (7.8s)
    release 96: 27054 genes, 85395 xrefs, 590 changed (8.8s)
    release 97: 27054 genes, 87443 xrefs, 3162 changed (9.4s)
    release 98: 27054 genes, 77098 xrefs, 4784 changed (9.0s)
    release 99: 27054 genes, 80577 xrefs, 14124 changed (8.5s)
    release 100: 27054 genes, 80621 xrefs, 348 changed (8.4s)
    release 101: 27054 genes, 82985 xrefs, 3549 changed (8.4s)
    release 102: 27054 genes, 82615 xrefs, 690 changed (8.6s)
    release 103: 27054 genes, 69162 xrefs, 13453 changed (8.0s)
    release 104: 27054 genes, 69162 xrefs, 0 changed (8.7s)
    release 105: 27054 genes, 69162 xrefs, 0 changed (8.1s)
    release 106: 27054 genes, 69162 xrefs, 0 changed (8.3s)
    release 107: 27054 genes, 69162 xrefs, 0 changed (8.2s)
    release 108: 27054 genes, 69162 xrefs, 0 changed (8.1s)
    release 109: 27054 genes, 69162 xrefs, 0 changed (8.0s)
    release 110: 27054 genes, 71625 xrefs, 2513 changed (5.8s)
    release 111: 27054 genes, 71625 xrefs, 0 changed (6.0s)
    release 112: 27054 genes, 71625 xrefs, 0 changed (6.0s)
    release 113: 30722 genes, 76145 xrefs, 4028 changed (7.9s)
    release 114: 27054 genes, 78167 xrefs, 12879 changed (7.0s)
    release 115: 57060 genes, 28955 xrefs, 902 changed (5.7s)
  pan_paniscus: 25 releases, 30258 genes in db
    release 91: 28769 genes, 46957 xrefs, 17374 changed (5.6s)
    release 92: 30258 genes, 51349 xrefs, 6283 changed (5.7s)
    release 93: 30258 genes, 51437 xrefs, 499 changed (5.7s)
    release 94: 30258 genes, 80350 xrefs, 1256 changed (9.0s)
    release 95: 30258 genes, 89830 xrefs, 2690 changed (9.4s)
    release 96: 30258 genes, 85484 xrefs, 2443 changed (10.1s)
    release 97: 30258 genes, 89249 xrefs, 2242 changed (10.0s)
    release 98: 30258 genes, 89442 xrefs, 5167 changed (9.8s)
    release 99: 30258 genes, 89672 xrefs, 14663 changed (8.8s)
    release 100: 30258 genes, 89906 xrefs, 310 changed (9.2s)
    release 101: 30258 genes, 85079 xrefs, 2153 changed (9.0s)
    release 102: 30258 genes, 83560 xrefs, 1180 changed (9.1s)
    release 103: 30258 genes, 86938 xrefs, 2383 changed (8.7s)
    release 104: 30258 genes, 86676 xrefs, 929 changed (12.8s)
    release 105: 30258 genes, 84954 xrefs, 1664 changed (9.9s)
    release 106: 30258 genes, 87865 xrefs, 1341 changed (9.6s)
    release 107: 30258 genes, 88161 xrefs, 628 changed (9.6s)
    release 108: 30258 genes, 85004 xrefs, 332 changed (8.1s)
    release 109: 30258 genes, 85003 xrefs, 215 changed (9.1s)
    release 110: 30258 genes, 88100 xrefs, 264 changed (10.3s)
    release 111: 30258 genes, 88564 xrefs, 923 changed (9.7s)
    release 112: 30258 genes, 88542 xrefs, 437 changed (8.9s)
    release 113: 30258 genes, 87894 xrefs, 699 changed (8.6s)
    release 114: 30258 genes, 93241 xrefs, 2787 changed (10.6s)
    release 115: 30258 genes, 75369 xrefs, 2648 changed (8.8s)
  paramormyrops_kingsleyae: 22 releases, 25692 genes in db
    release 94: 25692 genes, 46403 xrefs, 17910 changed (5.9s)
    release 95: 25692 genes, 47179 xrefs, 3371 changed (6.3s)
    release 96: 25692 genes, 52107 xrefs, 2387 changed (7.4s)
    release 97: 25692 genes, 52943 xrefs, 2324 changed (8.0s)
    release 98: 25692 genes, 52344 xrefs, 3028 changed (7.3s)
    release 99: 25692 genes, 52324 xrefs, 15003 changed (7.1s)
    release 100: 25692 genes, 52581 xrefs, 2325 changed (7.0s)
    release 101: 25692 genes, 52645 xrefs, 2169 changed (6.5s)
    release 102: 25692 genes, 53132 xrefs, 2841 changed (6.9s)
    release 103: 25692 genes, 53127 xrefs, 2299 changed (7.3s)
    release 104: 25692 genes, 53123 xrefs, 2107 changed (9.7s)
    release 105: 25692 genes, 53180 xrefs, 2123 changed (7.6s)
    release 106: 25692 genes, 53184 xrefs, 2003 changed (7.3s)
    release 107: 25692 genes, 53232 xrefs, 1929 changed (8.0s)
    release 108: 25692 genes, 53218 xrefs, 1802 changed (8.0s)
    release 109: 25692 genes, 53199 xrefs, 1834 changed (7.6s)
    release 110: 25692 genes, 51677 xrefs, 5041 changed (7.5s)
    release 111: 25692 genes, 53166 xrefs, 5240 changed (7.4s)
    release 112: 25692 genes, 51740 xrefs, 5138 changed (6.9s)
    release 113: 25692 genes, 37925 xrefs, 13870 changed (4.2s)
    release 114: 25692 genes, 53291 xrefs, 14786 changed (6.5s)
    release 115: 25692 genes, 53290 xrefs, 1098 changed (5.7s)
  petromyzon_marinus: 52 releases, 13114 genes in db
    release 65: 13077 genes, 8345 xrefs, 7182 changed (1.7s)
    release 66: 13077 genes, 8329 xrefs, 1706 changed (1.6s)
    release 67: 13077 genes, 8337 xrefs, 1160 changed (1.6s)
    release 68: 13077 genes, 8320 xrefs, 1176 changed (1.7s)
    release 69: 13077 genes, 8338 xrefs, 1125 changed (1.7s)
    release 70: 13077 genes, 8309 xrefs, 1251 changed (1.7s)
    release 71: 13077 genes, 8336 xrefs, 1321 changed (1.6s)
    release 72: 13114 genes, 8231 xrefs, 1571 changed (1.7s)
    release 73: 13114 genes, 8696 xrefs, 6052 changed (2.0s)
    release 74: 13114 genes, 8730 xrefs, 2250 changed (2.0s)
    release 75: 13114 genes, 8881 xrefs, 2228 changed (2.1s)
    release 76: 13114 genes, 8822 xrefs, 2039 changed (2.4s)
    release 77: 13114 genes, 8828 xrefs, 1436 changed (2.3s)
    release 78: 13114 genes, 8729 xrefs, 1170 changed (2.2s)
    release 79: 13114 genes, 8839 xrefs, 1209 changed (2.2s)
    release 80: 13114 genes, 8828 xrefs, 2337 changed (2.1s)
    release 81: 13114 genes, 8086 xrefs, 1631 changed (2.2s)
    release 82: 13114 genes, 8069 xrefs, 1126 changed (2.4s)
    release 83: 13114 genes, 8016 xrefs, 1119 changed (2.2s)
    release 84: 13114 genes, 7272 xrefs, 3420 changed (2.1s)
    release 85: 13114 genes, 4633 xrefs, 1455 changed (1.8s)
    release 86: 13114 genes, 4685 xrefs, 817 changed (1.9s)
    release 87: 13114 genes, 4463 xrefs, 515 changed (1.6s)
    release 88: 13114 genes, 4470 xrefs, 595 changed (1.8s)
    release 90: 13114 genes, 4482 xrefs, 674 changed (1.7s)
    release 91: 13114 genes, 5394 xrefs, 1321 changed (1.9s)
    release 92: 13114 genes, 5370 xrefs, 3340 changed (1.7s)
    release 93: 13114 genes, 5835 xrefs, 1012 changed (1.8s)
    release 94: 13114 genes, 5865 xrefs, 1614 changed (1.9s)
    release 95: 13114 genes, 5837 xrefs, 715 changed (1.7s)
    release 96: 13114 genes, 5953 xrefs, 668 changed (1.6s)
    release 97: 13114 genes, 5893 xrefs, 620 changed (1.7s)
    release 98: 13114 genes, 5836 xrefs, 3022 changed (1.6s)
    release 99: 13114 genes, 5693 xrefs, 4595 changed (1.7s)
    release 100: 13114 genes, 4823 xrefs, 1530 changed (1.6s)
    release 101: 13114 genes, 4826 xrefs, 291 changed (1.5s)
    release 102: 13114 genes, 4880 xrefs, 301 changed (1.5s)
    release 103: 13114 genes, 4865 xrefs, 272 changed (1.7s)
    release 104: 13114 genes, 4878 xrefs, 221 changed (2.1s)
    release 105: 13114 genes, 4909 xrefs, 244 changed (1.7s)
    release 106: 13114 genes, 4916 xrefs, 214 changed (1.6s)
    release 107: 13114 genes, 4940 xrefs, 192 changed (1.8s)
    release 108: 13114 genes, 4922 xrefs, 162 changed (1.7s)
    release 109: 13114 genes, 4907 xrefs, 184 changed (1.7s)
    release 110: 13114 genes, 4786 xrefs, 591 changed (1.8s)
    release 111: 13114 genes, 4913 xrefs, 588 changed (1.8s)
    release 112: 13114 genes, 4812 xrefs, 606 changed (1.6s)
    release 113: 13114 genes, 6393 xrefs, 1449 changed (1.9s)
    release 114: 13114 genes, 6047 xrefs, 957 changed (1.9s)
    release 115: 13114 genes, 6053 xrefs, 291 changed (1.9s)
  pongo_abelii: 54 releases, 40523 genes in db
    release 65: 28087 genes, 42815 xrefs, 17072 changed (5.0s)
    release 66: 28087 genes, 42813 xrefs, 59 changed (5.2s)
    release 67: 28087 genes, 42869 xrefs, 113 changed (5.2s)
    release 68: 28087 genes, 42837 xrefs, 61 changed (4.9s)
    release 69: 28443 genes, 70793 xrefs, 16986 changed (6.3s)
    release 70: 28443 genes, 70786 xrefs, 470 changed (5.7s)
    release 71: 28443 genes, 70763 xrefs, 1470 changed (6.2s)
    release 72: 28443 genes, 70768 xrefs, 1339 changed (6.2s)
    release 73: 28443 genes, 70749 xrefs, 1100 changed (6.3s)
    release 74: 28443 genes, 83352 xrefs, 2525 changed (8.1s)
    release 75: 28443 genes, 83344 xrefs, 311 changed (7.8s)
    release 76: 28443 genes, 83369 xrefs, 866 changed (7.8s)
    release 77: 28443 genes, 83340 xrefs, 568 changed (8.1s)
    release 78: 28443 genes, 84783 xrefs, 5721 changed (7.6s)
    release 79: 28443 genes, 84755 xrefs, 2568 changed (7.5s)
    release 80: 28443 genes, 84773 xrefs, 384 changed (8.0s)
    release 81: 28443 genes, 84760 xrefs, 1235 changed (8.5s)
    release 82: 28443 genes, 84745 xrefs, 1124 changed (8.4s)
    release 83: 28443 genes, 72047 xrefs, 3144 changed (7.3s)
    release 84: 28443 genes, 72082 xrefs, 493 changed (6.9s)
    release 85: 28443 genes, 71448 xrefs, 1159 changed (8.3s)
    release 86: 28443 genes, 71442 xrefs, 375 changed (8.7s)
    release 87: 28443 genes, 71192 xrefs, 544 changed (9.0s)
    release 88: 28443 genes, 70615 xrefs, 1765 changed (6.9s)
    release 90: 28443 genes, 70546 xrefs, 533 changed (6.7s)
    release 91: 28443 genes, 69191 xrefs, 1775 changed (6.3s)
    release 92: 28443 genes, 63851 xrefs, 7243 changed (7.2s)
    release 93: 28443 genes, 82005 xrefs, 4076 changed (7.6s)
    release 94: 28443 genes, 81754 xrefs, 840 changed (8.1s)
    release 95: 28443 genes, 81790 xrefs, 360 changed (8.4s)
    release 96: 28443 genes, 76189 xrefs, 3027 changed (8.5s)
    release 97: 28443 genes, 76167 xrefs, 426 changed (8.1s)
    release 98: 28443 genes, 76272 xrefs, 5724 changed (7.9s)
    release 99: 28443 genes, 81215 xrefs, 14613 changed (8.2s)
    release 100: 28443 genes, 81253 xrefs, 273 changed (7.9s)
    release 101: 28443 genes, 81253 xrefs, 306 changed (7.9s)
    release 102: 28443 genes, 80445 xrefs, 1118 changed (8.5s)
    release 103: 28443 genes, 80397 xrefs, 288 changed (8.0s)
    release 104: 28443 genes, 80629 xrefs, 841 changed (9.3s)
    release 106: 31285 genes, 74188 xrefs, 6558 changed (6.9s)
    release 107: 31285 genes, 74412 xrefs, 411 changed (7.6s)
    release 108: 31285 genes, 74412 xrefs, 122 changed (7.7s)
    release 109: 31285 genes, 74408 xrefs, 158 changed (7.1s)
    release 110: 31285 genes, 120285 xrefs, 2779 changed (8.3s)
    release 111: 31285 genes, 120289 xrefs, 199 changed (8.3s)
    release 112: 31285 genes, 120321 xrefs, 270 changed (8.1s)
    release 113: 31285 genes, 122109 xrefs, 1980 changed (8.6s)
    release 114: 31285 genes, 127058 xrefs, 3708 changed (9.7s)
    release 115: 31285 genes, 126951 xrefs, 168 changed (8.2s)
  mycosphaerella_graminicola: 6 releases, 11075 genes in db
    release 12: 11075 genes, 11661 xrefs, 0 changed (1.5s)
    release 13: 11075 genes, 11661 xrefs, 0 changed (1.3s)
    release 14: 11075 genes, 11661 xrefs, 0 changed (1.5s)
    release 15: 11075 genes, 11661 xrefs, 0 changed (1.7s)
    release 16: 11075 genes, 11661 xrefs, 0 changed (1.4s)
  botryotinia_fuckeliana: 11 releases, 27382 genes in db
    release 14: 16727 genes, 38880 xrefs, 84 changed (3.4s)
    release 15: 16727 genes, 38864 xrefs, 11 changed (3.1s)
    release 16: 16727 genes, 38864 xrefs, 0 changed (3.1s)
    release 17: 16727 genes, 38864 xrefs, 73 changed (3.0s)
    release 18: 10655 genes, 17309 xrefs, 8154 changed (1.8s)
    release 19: 10655 genes, 17309 xrefs, 0 changed (1.6s)
    release 20: 10655 genes, 17309 xrefs, 0 changed (1.7s)
    release 21: 10655 genes, 17309 xrefs, 0 changed (1.8s)
    release 22: 10655 genes, 17309 xrefs, 0 changed (1.8s)
    release 23: 10655 genes, 17309 xrefs, 0 changed (1.6s)
    release 24: 10655 genes, 17309 xrefs, 0 changed (1.9s)
  gibberella_moniliformis: 16 releases, 14602 genes in db
    release 12: 14602 genes, 14317 xrefs, 0 changed (1.5s)
    release 13: 14602 genes, 14317 xrefs, 0 changed (1.5s)
    release 14: 14602 genes, 14317 xrefs, 0 changed (1.5s)
    release 15: 14602 genes, 14317 xrefs, 0 changed (1.5s)
    release 16: 14602 genes, 14317 xrefs, 0 changed (1.5s)
    release 17: 14602 genes, 14317 xrefs, 0 changed (1.4s)
    release 18: 14602 genes, 14317 xrefs, 0 changed (1.3s)
    release 19: 14602 genes, 14317 xrefs, 0 changed (1.5s)
    release 20: 14602 genes, 14317 xrefs, 0 changed (1.7s)
    release 21: 14602 genes, 14317 xrefs, 0 changed (1.7s)
    release 22: 14602 genes, 14317 xrefs, 0 changed (1.6s)
    release 23: 14602 genes, 14317 xrefs, 0 changed (1.6s)
    release 24: 14602 genes, 14317 xrefs, 0 changed (1.5s)
  glomerella_graminicola: 8 releases, 12436 genes in db
    release 17: 12436 genes, 30469 xrefs, 0 changed (1.9s)
    release 18: 12436 genes, 30469 xrefs, 0 changed (1.8s)
    release 19: 12436 genes, 30469 xrefs, 0 changed (1.9s)
    release 20: 12436 genes, 30469 xrefs, 0 changed (1.8s)
    release 21: 12436 genes, 30469 xrefs, 0 changed (2.0s)
    release 22: 12436 genes, 30469 xrefs, 0 changed (1.9s)
    release 23: 12436 genes, 30469 xrefs, 0 changed (2.0s)
    release 24: 12435 genes, 30469 xrefs, 0 changed (2.0s)
  pteropus_vampyrus: 62 releases, 30356 genes in db
    release 65: 22194 genes, 36759 xrefs, 17534 changed (3.3s)
    release 66: 22194 genes, 36738 xrefs, 497 changed (4.2s)
    release 67: 22194 genes, 33638 xrefs, 457 changed (3.6s)
    release 68: 22194 genes, 33036 xrefs, 716 changed (3.9s)
    release 69: 22194 genes, 33236 xrefs, 691 changed (4.0s)
    release 70: 22194 genes, 33214 xrefs, 424 changed (4.0s)
    release 71: 22194 genes, 33200 xrefs, 545 changed (4.0s)
    release 72: 22194 genes, 33187 xrefs, 410 changed (4.1s)
    release 73: 22194 genes, 33166 xrefs, 495 changed (4.1s)
    release 74: 22194 genes, 33161 xrefs, 389 changed (4.3s)
    release 75: 22194 genes, 33167 xrefs, 273 changed (4.7s)
    release 76: 22194 genes, 33161 xrefs, 792 changed (4.1s)
    release 77: 22194 genes, 33182 xrefs, 455 changed (4.6s)
    release 78: 22194 genes, 33159 xrefs, 238 changed (4.7s)
    release 79: 22194 genes, 33153 xrefs, 334 changed (4.6s)
    release 80: 22194 genes, 33160 xrefs, 301 changed (4.4s)
    release 81: 22194 genes, 33151 xrefs, 358 changed (4.5s)
    release 82: 22194 genes, 33179 xrefs, 299 changed (4.7s)
    release 83: 22194 genes, 33145 xrefs, 427 changed (4.7s)
    release 84: 22194 genes, 46803 xrefs, 1189 changed (5.6s)
    release 85: 22194 genes, 46403 xrefs, 843 changed (5.2s)
    release 86: 22194 genes, 46393 xrefs, 307 changed (5.3s)
    release 87: 22194 genes, 46201 xrefs, 438 changed (4.3s)
    release 88: 22194 genes, 46237 xrefs, 429 changed (4.2s)
    release 90: 22194 genes, 46206 xrefs, 631 changed (4.8s)
    release 91: 22194 genes, 44755 xrefs, 2003 changed (4.4s)
    release 92: 22194 genes, 37308 xrefs, 4453 changed (4.5s)
    release 93: 22194 genes, 37022 xrefs, 474 changed (5.1s)
    release 94: 22194 genes, 41612 xrefs, 1683 changed (5.2s)
    release 95: 22194 genes, 42703 xrefs, 1387 changed (5.2s)
    release 96: 22194 genes, 38092 xrefs, 1351 changed (5.1s)
    release 97: 22194 genes, 42642 xrefs, 1318 changed (5.0s)
    release 98: 22194 genes, 38012 xrefs, 3246 changed (4.6s)
    release 99: 22194 genes, 32046 xrefs, 13167 changed (4.4s)
    release 100: 22194 genes, 32026 xrefs, 261 changed (4.3s)
    release 101: 22194 genes, 32003 xrefs, 228 changed (4.6s)
    release 102: 22194 genes, 14139 xrefs, 155 changed (4.3s)
    release 103: 22194 genes, 14144 xrefs, 69 changed (4.7s)
    release 104: 22194 genes, 14110 xrefs, 103 changed (5.3s)
    release 105: 22194 genes, 14350 xrefs, 70 changed (4.4s)
    release 106: 22194 genes, 14362 xrefs, 25 changed (4.5s)
    release 107: 22194 genes, 14658 xrefs, 255 changed (4.6s)
    release 108: 22194 genes, 14661 xrefs, 18 changed (4.7s)
    release 109: 22194 genes, 14664 xrefs, 30 changed (4.4s)
    release 110: 22194 genes, 14674 xrefs, 23 changed (4.2s)
    release 111: 22194 genes, 14652 xrefs, 43 changed (4.1s)
    release 112: 22194 genes, 14688 xrefs, 20 changed (4.1s)
    release 113: 22194 genes, 25413 xrefs, 1505 changed (3.4s)
    release 114: 22194 genes, 25474 xrefs, 92 changed (3.6s)
    release 115: 22194 genes, 25459 xrefs, 48 changed (3.3s)
  rattus_norvegicus: 62 releases, 78167 genes in db
    release 65: 29516 genes, 110543 xrefs, 16464 changed (7.9s)
    release 66: 29516 genes, 110544 xrefs, 13 changed (7.7s)
    release 67: 29516 genes, 110543 xrefs, 0 changed (7.9s)
    release 68: 29516 genes, 110544 xrefs, 1 changed (7.4s)
    release 69: 29516 genes, 110543 xrefs, 0 changed (7.5s)
    release 70: 26405 genes, 122280 xrefs, 20003 changed (7.9s)
    release 71: 26405 genes, 122272 xrefs, 135 changed (8.6s)
    release 72: 26405 genes, 122287 xrefs, 224 changed (8.3s)
    release 73: 26405 genes, 122261 xrefs, 152 changed (8.3s)
    release 74: 26405 genes, 119179 xrefs, 3214 changed (9.4s)
    release 75: 26404 genes, 119167 xrefs, 100 changed (8.9s)
    release 76: 26404 genes, 119142 xrefs, 190 changed (8.9s)
    release 77: 26689 genes, 131554 xrefs, 22204 changed (11.3s)
    release 78: 26689 genes, 131560 xrefs, 195 changed (9.8s)
    release 79: 26689 genes, 131564 xrefs, 59 changed (9.9s)
    release 80: 32545 genes, 137961 xrefs, 15554 changed (10.4s)
    release 81: 32545 genes, 137945 xrefs, 90 changed (9.8s)
    release 82: 32545 genes, 130657 xrefs, 75 changed (10.1s)
    release 83: 32662 genes, 133403 xrefs, 5588 changed (9.9s)
    release 84: 32662 genes, 133390 xrefs, 110 changed (9.9s)
    release 85: 32754 genes, 137783 xrefs, 6190 changed (9.7s)
    release 86: 32754 genes, 137794 xrefs, 55 changed (9.8s)
    release 87: 32754 genes, 137784 xrefs, 56 changed (10.5s)
    release 88: 32883 genes, 137273 xrefs, 6610 changed (11.2s)
    release 90: 32883 genes, 129463 xrefs, 96 changed (10.9s)
    release 91: 32883 genes, 129333 xrefs, 179 changed (11.4s)
    release 92: 32883 genes, 131645 xrefs, 16943 changed (10.9s)
    release 93: 32883 genes, 130473 xrefs, 1311 changed (10.7s)
    release 94: 32883 genes, 129943 xrefs, 1253 changed (10.6s)
    release 95: 32883 genes, 131168 xrefs, 1590 changed (10.3s)
    release 96: 32883 genes, 131650 xrefs, 1277 changed (10.5s)
    release 97: 32883 genes, 129898 xrefs, 1566 changed (10.4s)
    release 98: 32883 genes, 133507 xrefs, 5953 changed (10.8s)
    release 99: 32883 genes, 133133 xrefs, 1683 changed (11.0s)
    release 100: 32883 genes, 133136 xrefs, 68 changed (10.9s)
    release 101: 32883 genes, 133156 xrefs, 34 changed (11.8s)
    release 102: 32883 genes, 132775 xrefs, 387 changed (10.8s)
    release 103: 32883 genes, 132771 xrefs, 13 changed (10.8s)
    release 104: 32883 genes, 132790 xrefs, 27 changed (11.8s)
    release 105: 30560 genes, 121960 xrefs, 8383 changed (9.7s)
    release 106: 30560 genes, 122604 xrefs, 645 changed (10.9s)
    release 107: 30560 genes, 122606 xrefs, 27 changed (10.9s)
    release 108: 30560 genes, 122608 xrefs, 24 changed (10.8s)
    release 109: 30560 genes, 122604 xrefs, 104 changed (11.6s)
    release 110: 30562 genes, 149571 xrefs, 9389 changed (11.3s)
    release 111: 30562 genes, 149571 xrefs, 0 changed (10.9s)
    release 112: 30562 genes, 149571 xrefs, 0 changed (12.4s)
    release 113: 30562 genes, 155834 xrefs, 3307 changed (10.8s)
    release 114: 43360 genes, 169534 xrefs, 1639 changed (13.1s)
    release 115: 43360 genes, 169530 xrefs, 21 changed (10.6s)
  rhinopithecus_bieti: 25 releases, 29905 genes in db
    release 91: 28104 genes, 41401 xrefs, 15290 changed (4.8s)
    release 92: 29905 genes, 49545 xrefs, 8918 changed (5.0s)
    release 93: 29905 genes, 76525 xrefs, 516 changed (7.2s)
    release 94: 29905 genes, 82140 xrefs, 825 changed (7.6s)
    release 95: 29905 genes, 83072 xrefs, 1253 changed (7.5s)
    release 96: 29905 genes, 83300 xrefs, 503 changed (7.8s)
    release 97: 29905 genes, 83277 xrefs, 428 changed (8.0s)
    release 98: 29905 genes, 84581 xrefs, 4937 changed (9.7s)
    release 99: 29905 genes, 84473 xrefs, 14101 changed (9.0s)
    release 100: 29905 genes, 84991 xrefs, 380 changed (9.4s)
    release 101: 29905 genes, 84998 xrefs, 406 changed (8.3s)
    release 102: 29905 genes, 84298 xrefs, 446 changed (8.6s)
    release 103: 29905 genes, 84763 xrefs, 406 changed (7.9s)
    release 104: 29905 genes, 84679 xrefs, 636 changed (10.0s)
    release 105: 29905 genes, 84967 xrefs, 534 changed (8.5s)
    release 106: 29905 genes, 77225 xrefs, 328 changed (7.9s)
    release 107: 29905 genes, 85272 xrefs, 621 changed (8.1s)
    release 108: 29905 genes, 80729 xrefs, 209 changed (7.1s)
    release 109: 29905 genes, 80727 xrefs, 275 changed (7.4s)
    release 110: 29905 genes, 85779 xrefs, 314 changed (7.5s)
    release 111: 29905 genes, 85839 xrefs, 327 changed (7.4s)
    release 112: 29905 genes, 85839 xrefs, 0 changed (7.3s)
    release 113: 29905 genes, 82969 xrefs, 296 changed (7.2s)
    release 114: 29905 genes, 99904 xrefs, 789 changed (8.7s)
    release 115: 29905 genes, 71815 xrefs, 678 changed (7.2s)
  sorex_araneus: 62 releases, 20284 genes in db
    release 65: 19134 genes, 29423 xrefs, 17792 changed (3.5s)
    release 66: 19134 genes, 29399 xrefs, 549 changed (4.0s)
    release 67: 19134 genes, 29409 xrefs, 537 changed (3.7s)
    release 68: 19134 genes, 23991 xrefs, 702 changed (4.4s)
    release 69: 19134 genes, 24039 xrefs, 671 changed (3.5s)
    release 70: 19134 genes, 24052 xrefs, 486 changed (3.4s)
    release 71: 19134 genes, 24025 xrefs, 554 changed (4.0s)
    release 72: 19134 genes, 23975 xrefs, 4558 changed (3.6s)
    release 73: 19134 genes, 23874 xrefs, 629 changed (3.9s)
    release 74: 19134 genes, 23877 xrefs, 482 changed (4.4s)
    release 75: 19134 genes, 23906 xrefs, 384 changed (5.9s)
    release 76: 19134 genes, 23914 xrefs, 761 changed (4.2s)
    release 77: 19134 genes, 33569 xrefs, 1582 changed (4.9s)
    release 78: 19134 genes, 33576 xrefs, 669 changed (5.4s)
    release 79: 19134 genes, 33551 xrefs, 440 changed (5.2s)
    release 80: 19134 genes, 33568 xrefs, 442 changed (4.9s)
    release 81: 19134 genes, 28972 xrefs, 1117 changed (5.3s)
    release 82: 19134 genes, 28990 xrefs, 370 changed (5.1s)
    release 83: 19134 genes, 28949 xrefs, 437 changed (5.2s)
    release 84: 19134 genes, 28999 xrefs, 441 changed (4.9s)
    release 85: 19134 genes, 28026 xrefs, 1331 changed (4.9s)
    release 86: 19134 genes, 28256 xrefs, 585 changed (4.9s)
    release 87: 19134 genes, 27815 xrefs, 690 changed (3.9s)
    release 88: 19134 genes, 27799 xrefs, 418 changed (3.8s)
    release 90: 19134 genes, 27759 xrefs, 501 changed (4.3s)
    release 91: 19134 genes, 24429 xrefs, 3851 changed (4.0s)
    release 92: 19134 genes, 23111 xrefs, 4532 changed (3.9s)
    release 93: 19134 genes, 23128 xrefs, 207 changed (3.7s)
    release 94: 19134 genes, 23139 xrefs, 424 changed (3.8s)
    release 95: 19134 genes, 24647 xrefs, 1961 changed (4.0s)
    release 96: 19134 genes, 24601 xrefs, 235 changed (4.0s)
    release 97: 19134 genes, 24595 xrefs, 205 changed (4.3s)
    release 98: 19134 genes, 24546 xrefs, 3198 changed (4.3s)
    release 99: 19134 genes, 24049 xrefs, 6704 changed (4.3s)
    release 100: 19134 genes, 24058 xrefs, 208 changed (3.8s)
    release 101: 19134 genes, 24034 xrefs, 169 changed (4.0s)
    release 102: 19134 genes, 10824 xrefs, 106 changed (3.3s)
    release 103: 19134 genes, 10828 xrefs, 72 changed (3.4s)
    release 104: 19134 genes, 10866 xrefs, 128 changed (3.8s)
    release 105: 19134 genes, 11045 xrefs, 88 changed (3.5s)
    release 106: 19134 genes, 11065 xrefs, 38 changed (3.8s)
    release 107: 19134 genes, 11214 xrefs, 172 changed (3.7s)
    release 108: 19134 genes, 11217 xrefs, 24 changed (3.9s)
    release 109: 19134 genes, 11215 xrefs, 40 changed (3.5s)
    release 110: 19134 genes, 11217 xrefs, 37 changed (3.5s)
    release 111: 19134 genes, 11204 xrefs, 42 changed (3.5s)
    release 112: 19134 genes, 11214 xrefs, 32 changed (3.6s)
    release 113: 19134 genes, 14584 xrefs, 2144 changed (3.3s)
    release 114: 19134 genes, 14634 xrefs, 63 changed (3.2s)
    release 115: 19134 genes, 14626 xrefs, 47 changed (2.7s)
  sphenodon_punctatus: 21 releases, 19334 genes in db
    release 95: 19334 genes, 11265 xrefs, 10668 changed (2.6s)
    release 96: 19334 genes, 11197 xrefs, 179 changed (2.5s)
    release 97: 19334 genes, 11173 xrefs, 119 changed (2.9s)
    release 98: 19334 genes, 11110 xrefs, 642 changed (2.8s)
    release 99: 19334 genes, 11090 xrefs, 9769 changed (2.6s)
    release 100: 19334 genes, 11094 xrefs, 162 changed (2.5s)
    release 101: 19334 genes, 11051 xrefs, 81 changed (2.8s)
    release 102: 19334 genes, 10971 xrefs, 48 changed (3.1s)
    release 103: 19334 genes, 11002 xrefs, 37 changed (3.2s)
    release 104: 19334 genes, 10973 xrefs, 32 changed (4.2s)
    release 105: 19334 genes, 11126 xrefs, 47 changed (3.5s)
    release 106: 19334 genes, 11100 xrefs, 21 changed (3.1s)
    release 107: 19334 genes, 27724 xrefs, 215 changed (5.4s)
    release 108: 19334 genes, 27671 xrefs, 119 changed (4.6s)
    release 109: 19334 genes, 27669 xrefs, 153 changed (4.8s)
    release 110: 19334 genes, 28330 xrefs, 249 changed (4.4s)
    release 111: 19334 genes, 28291 xrefs, 199 changed (4.6s)
    release 112: 19334 genes, 28291 xrefs, 0 changed (4.7s)
    release 113: 19334 genes, 28254 xrefs, 182 changed (4.5s)
    release 114: 19334 genes, 28061 xrefs, 170 changed (5.9s)
    release 115: 19334 genes, 16985 xrefs, 56 changed (4.8s)
  taeniopygia_guttata: 62 releases, 29782 genes in db
    release 65: 18581 genes, 39214 xrefs, 12381 changed (3.2s)
    release 66: 18581 genes, 39212 xrefs, 127 changed (3.2s)
    release 67: 18618 genes, 62778 xrefs, 12942 changed (4.7s)
    release 68: 18618 genes, 62562 xrefs, 887 changed (4.2s)
    release 69: 18618 genes, 62663 xrefs, 840 changed (3.9s)
    release 70: 18618 genes, 62653 xrefs, 619 changed (4.0s)
    release 71: 18618 genes, 62613 xrefs, 727 changed (4.1s)
    release 72: 18618 genes, 62696 xrefs, 584 changed (4.8s)
    release 73: 18618 genes, 50528 xrefs, 9057 changed (4.6s)
    release 74: 18618 genes, 50562 xrefs, 595 changed (5.2s)
    release 75: 18618 genes, 50571 xrefs, 463 changed (5.1s)
    release 76: 18618 genes, 51246 xrefs, 1471 changed (5.3s)
    release 77: 18618 genes, 51215 xrefs, 1193 changed (4.8s)
    release 78: 18618 genes, 51241 xrefs, 472 changed (5.0s)
    release 79: 18618 genes, 51236 xrefs, 509 changed (5.3s)
    release 80: 18618 genes, 51293 xrefs, 546 changed (5.0s)
    release 81: 18618 genes, 40108 xrefs, 2477 changed (5.0s)
    release 82: 18618 genes, 40146 xrefs, 523 changed (5.0s)
    release 83: 18618 genes, 40115 xrefs, 588 changed (4.8s)
    release 84: 18618 genes, 27529 xrefs, 442 changed (4.6s)
    release 85: 18618 genes, 26058 xrefs, 570 changed (4.2s)
    release 86: 18618 genes, 26261 xrefs, 2063 changed (4.6s)
    release 87: 18618 genes, 25984 xrefs, 265 changed (4.5s)
    release 88: 18618 genes, 26013 xrefs, 292 changed (4.3s)
    release 90: 18618 genes, 25991 xrefs, 384 changed (4.5s)
    release 91: 18618 genes, 26904 xrefs, 590 changed (4.6s)
    release 92: 18618 genes, 21143 xrefs, 2258 changed (4.8s)
    release 93: 18618 genes, 31412 xrefs, 1117 changed (4.8s)
    release 94: 18618 genes, 30340 xrefs, 1096 changed (4.7s)
    release 95: 18618 genes, 30409 xrefs, 395 changed (5.0s)
    release 96: 18618 genes, 30154 xrefs, 353 changed (4.9s)
    release 97: 18618 genes, 30236 xrefs, 319 changed (5.1s)
    release 98: 18618 genes, 30201 xrefs, 546 changed (4.6s)
    release 99: 22150 genes, 35003 xrefs, 10072 changed (5.1s)
    release 100: 22150 genes, 35058 xrefs, 175 changed (4.9s)
    release 101: 22150 genes, 35004 xrefs, 165 changed (5.3s)
    release 102: 22150 genes, 34939 xrefs, 155 changed (5.4s)
    release 103: 22150 genes, 34960 xrefs, 133 changed (5.4s)
    release 104: 22150 genes, 34992 xrefs, 167 changed (6.9s)
    release 105: 22150 genes, 35099 xrefs, 178 changed (6.0s)
    release 106: 22150 genes, 35085 xrefs, 94 changed (5.9s)
    release 107: 22150 genes, 35334 xrefs, 340 changed (5.9s)
    release 108: 22150 genes, 35323 xrefs, 97 changed (6.4s)
    release 109: 22150 genes, 35327 xrefs, 135 changed (6.0s)
    release 110: 22150 genes, 35332 xrefs, 110 changed (6.3s)
    release 111: 22150 genes, 35330 xrefs, 110 changed (6.1s)
    release 112: 22150 genes, 35335 xrefs, 107 changed (6.0s)
    release 113: 22150 genes, 64825 xrefs, 1930 changed (6.7s)
    release 114: 22150 genes, 54106 xrefs, 816 changed (7.2s)
    release 115: 22150 genes, 54114 xrefs, 27 changed (6.2s)
  ursus_maritimus: 21 releases, 24345 genes in db
    release 95: 24345 genes, 29627 xrefs, 15090 changed (5.0s)
    release 96: 24345 genes, 44662 xrefs, 6696 changed (5.6s)
    release 97: 24345 genes, 44650 xrefs, 214 changed (5.9s)
    release 98: 24345 genes, 71220 xrefs, 7568 changed (5.9s)
    release 99: 24345 genes, 71189 xrefs, 11745 changed (6.8s)
    release 100: 24345 genes, 71211 xrefs, 337 changed (6.7s)
    release 101: 24345 genes, 71213 xrefs, 265 changed (7.0s)
    release 102: 24345 genes, 71008 xrefs, 313 changed (6.7s)
    release 103: 24345 genes, 71035 xrefs, 269 changed (7.0s)
    release 104: 24345 genes, 71080 xrefs, 473 changed (8.7s)
    release 105: 24345 genes, 71265 xrefs, 411 changed (7.1s)
    release 106: 24345 genes, 71284 xrefs, 217 changed (7.2s)
    release 107: 24345 genes, 71604 xrefs, 497 changed (6.9s)
    release 108: 24345 genes, 71576 xrefs, 182 changed (7.1s)
    release 109: 24345 genes, 71591 xrefs, 211 changed (7.3s)
    release 110: 24345 genes, 71589 xrefs, 178 changed (7.1s)
    release 111: 24345 genes, 71575 xrefs, 204 changed (7.3s)
    release 112: 24345 genes, 71569 xrefs, 150 changed (7.3s)
    release 113: 24345 genes, 65038 xrefs, 2970 changed (6.3s)
    release 114: 24345 genes, 64690 xrefs, 1125 changed (7.0s)
    release 115: 24345 genes, 64746 xrefs, 204 changed (6.0s)
  vicugna_pacos: 62 releases, 17862 genes in db
    release 65: 15158 genes, 25011 xrefs, 13035 changed (3.1s)
    release 66: 15158 genes, 23284 xrefs, 447 changed (3.0s)
    release 67: 15158 genes, 23320 xrefs, 426 changed (2.8s)
    release 68: 15158 genes, 22684 xrefs, 575 changed (2.7s)
    release 69: 15158 genes, 22759 xrefs, 554 changed (2.7s)
    release 70: 15158 genes, 22749 xrefs, 374 changed (2.8s)
    release 71: 15158 genes, 22720 xrefs, 460 changed (2.8s)
    release 72: 15195 genes, 22775 xrefs, 389 changed (2.9s)
    release 73: 15195 genes, 22680 xrefs, 460 changed (3.5s)
    release 74: 15195 genes, 22705 xrefs, 387 changed (3.7s)
    release 75: 15195 genes, 22689 xrefs, 304 changed (3.7s)
    release 76: 15195 genes, 22702 xrefs, 634 changed (4.1s)
    release 77: 15195 genes, 22696 xrefs, 411 changed (3.8s)
    release 78: 15195 genes, 22721 xrefs, 238 changed (4.1s)
    release 79: 15195 genes, 32536 xrefs, 1104 changed (4.4s)
    release 80: 15195 genes, 32545 xrefs, 287 changed (4.4s)
    release 81: 15195 genes, 32534 xrefs, 409 changed (4.4s)
    release 82: 15195 genes, 32543 xrefs, 343 changed (4.5s)
    release 83: 15195 genes, 32523 xrefs, 413 changed (4.6s)
    release 84: 15195 genes, 28577 xrefs, 946 changed (4.4s)
    release 85: 15195 genes, 27793 xrefs, 1111 changed (4.3s)
    release 86: 15195 genes, 27786 xrefs, 284 changed (4.7s)
    release 87: 15195 genes, 27388 xrefs, 586 changed (3.6s)
    release 88: 15195 genes, 27577 xrefs, 516 changed (3.8s)
    release 90: 15195 genes, 27556 xrefs, 418 changed (4.0s)
    release 91: 15195 genes, 25634 xrefs, 2590 changed (3.8s)
    release 92: 15195 genes, 21925 xrefs, 2568 changed (4.0s)
    release 93: 15195 genes, 21942 xrefs, 260 changed (3.8s)
    release 94: 15195 genes, 21950 xrefs, 482 changed (4.0s)
    release 95: 15195 genes, 22937 xrefs, 1250 changed (3.6s)
    release 96: 15195 genes, 22915 xrefs, 246 changed (4.6s)
    release 97: 15195 genes, 22889 xrefs, 199 changed (3.8s)
    release 98: 15195 genes, 22799 xrefs, 1648 changed (3.9s)
    release 99: 15195 genes, 21929 xrefs, 7390 changed (4.0s)
    release 100: 15195 genes, 21908 xrefs, 185 changed (3.8s)
    release 101: 15195 genes, 21900 xrefs, 173 changed (4.6s)
    release 102: 15195 genes, 9615 xrefs, 105 changed (4.0s)
    release 103: 15195 genes, 9598 xrefs, 61 changed (3.6s)
    release 104: 15195 genes, 9646 xrefs, 103 changed (4.1s)
    release 105: 15195 genes, 9778 xrefs, 71 changed (3.7s)
    release 106: 15195 genes, 9790 xrefs, 37 changed (3.6s)
    release 107: 15195 genes, 9939 xrefs, 159 changed (4.0s)
    release 108: 15195 genes, 9951 xrefs, 19 changed (3.7s)
    release 109: 15195 genes, 9937 xrefs, 28 changed (3.8s)
    release 110: 15195 genes, 9953 xrefs, 26 changed (3.9s)
    release 111: 15195 genes, 9923 xrefs, 29 changed (3.6s)
    release 112: 15195 genes, 9939 xrefs, 25 changed (3.6s)
    release 113: 15195 genes, 12722 xrefs, 1251 changed (3.2s)
    release 114: 15195 genes, 12921 xrefs, 167 changed (3.2s)
    release 115: 15195 genes, 12912 xrefs, 34 changed (3.0s)
  leptosphaeria_maculans: 48 releases, 12900 genes in db
    release 15: 12765 genes, 30266 xrefs, 12494 changed (2.2s)
    release 16: 12765 genes, 30266 xrefs, 0 changed (2.1s)
    release 17: 12765 genes, 30266 xrefs, 3 changed (2.0s)
    release 18: 12765 genes, 30266 xrefs, 0 changed (2.1s)
    release 19: 12765 genes, 30266 xrefs, 0 changed (2.0s)
    release 20: 12765 genes, 30266 xrefs, 0 changed (2.0s)
    release 21: 12765 genes, 30257 xrefs, 29 changed (1.9s)
    release 22: 12765 genes, 30199 xrefs, 0 changed (2.0s)
    release 23: 12765 genes, 30199 xrefs, 0 changed (2.0s)
    release 24: 12765 genes, 30199 xrefs, 0 changed (2.1s)
    release 25: 12765 genes, 30199 xrefs, 0 changed (2.3s)
    release 26: 12765 genes, 30199 xrefs, 0 changed (2.6s)
    release 27: 12765 genes, 30199 xrefs, 0 changed (2.4s)
    release 28: 12765 genes, 30199 xrefs, 0 changed (2.3s)
    release 29: 12765 genes, 30199 xrefs, 0 changed (2.2s)
    release 30: 12765 genes, 30199 xrefs, 0 changed (2.3s)
    release 31: 12765 genes, 30199 xrefs, 0 changed (2.5s)
    release 32: 12765 genes, 30199 xrefs, 0 changed (2.3s)
    release 33: 12765 genes, 30199 xrefs, 0 changed (2.5s)
    release 34: 12765 genes, 30199 xrefs, 0 changed (2.4s)
    release 35: 12765 genes, 17730 xrefs, 0 changed (2.3s)
    release 36: 12765 genes, 17730 xrefs, 0 changed (2.1s)
    release 37: 12900 genes, 17772 xrefs, 0 changed (2.0s)
    release 38: 12900 genes, 17772 xrefs, 0 changed (2.4s)
    release 39: 12900 genes, 17772 xrefs, 0 changed (2.2s)
    release 40: 12900 genes, 17772 xrefs, 0 changed (2.2s)
    release 41: 12900 genes, 17772 xrefs, 0 changed (2.3s)
    release 42: 12900 genes, 17772 xrefs, 0 changed (2.3s)
    release 43: 12900 genes, 17772 xrefs, 0 changed (2.2s)
    release 44: 12900 genes, 17772 xrefs, 0 changed (2.2s)
    release 45: 12900 genes, 17772 xrefs, 0 changed (2.4s)
    release 46: 12900 genes, 17772 xrefs, 0 changed (2.5s)
    release 47: 12900 genes, 17772 xrefs, 0 changed (2.2s)
    release 48: 12900 genes, 17772 xrefs, 0 changed (2.2s)
    release 49: 12900 genes, 17772 xrefs, 0 changed (2.3s)
    release 50: 12900 genes, 17772 xrefs, 0 changed (2.4s)
    release 51: 12900 genes, 17772 xrefs, 0 changed (2.7s)
    release 52: 12805 genes, 30208 xrefs, 12466 changed (2.4s)
    release 53: 12805 genes, 30208 xrefs, 0 changed (2.5s)
    release 54: 12805 genes, 30208 xrefs, 0 changed (2.4s)
    release 55: 12805 genes, 30208 xrefs, 0 changed (2.5s)
    release 56: 12805 genes, 30208 xrefs, 0 changed (2.6s)
    release 57: 12805 genes, 30208 xrefs, 0 changed (2.5s)
    release 58: 12805 genes, 30208 xrefs, 0 changed (2.4s)
    release 59: 12805 genes, 30208 xrefs, 0 changed (2.6s)
    release 60: 12805 genes, 30208 xrefs, 0 changed (2.7s)
    release 61: 12805 genes, 30208 xrefs, 0 changed (2.7s)
    release 62: 12805 genes, 30208 xrefs, 0 changed (3.4s)
  erinaceus_europaeus: 62 releases, 23953 genes in db
    release 65: 22411 genes, 28469 xrefs, 17327 changed (3.9s)
    release 66: 22411 genes, 28492 xrefs, 555 changed (3.7s)
    release 67: 22411 genes, 28481 xrefs, 559 changed (3.7s)
    release 68: 22411 genes, 27213 xrefs, 756 changed (3.7s)
    release 69: 22411 genes, 27346 xrefs, 748 changed (3.6s)
    release 70: 22411 genes, 27339 xrefs, 545 changed (3.7s)
    release 71: 22411 genes, 27321 xrefs, 609 changed (3.7s)
    release 72: 22448 genes, 27320 xrefs, 525 changed (3.9s)
    release 73: 22448 genes, 27261 xrefs, 642 changed (3.8s)
    release 74: 22448 genes, 27244 xrefs, 531 changed (4.4s)
    release 75: 22448 genes, 27265 xrefs, 417 changed (4.5s)
    release 76: 22448 genes, 27273 xrefs, 839 changed (5.1s)
    release 77: 22448 genes, 27277 xrefs, 541 changed (5.2s)
    release 78: 22448 genes, 27294 xrefs, 348 changed (5.0s)
    release 79: 22448 genes, 27262 xrefs, 385 changed (4.9s)
    release 80: 22448 genes, 33195 xrefs, 1039 changed (5.2s)
    release 81: 22448 genes, 33208 xrefs, 415 changed (5.4s)
    release 82: 22448 genes, 33205 xrefs, 333 changed (5.5s)
    release 83: 22448 genes, 33188 xrefs, 470 changed (5.3s)
    release 84: 22448 genes, 33193 xrefs, 442 changed (5.6s)
    release 85: 22448 genes, 32402 xrefs, 1254 changed (5.5s)
    release 86: 22448 genes, 32670 xrefs, 520 changed (6.1s)
    release 87: 22448 genes, 32317 xrefs, 599 changed (4.2s)
    release 88: 22448 genes, 32331 xrefs, 452 changed (4.4s)
    release 90: 22448 genes, 32311 xrefs, 551 changed (5.3s)
    release 91: 22448 genes, 28612 xrefs, 4184 changed (5.3s)
    release 92: 22448 genes, 25897 xrefs, 7327 changed (4.8s)
    release 93: 22448 genes, 25894 xrefs, 251 changed (5.4s)
    release 94: 22448 genes, 26579 xrefs, 1165 changed (4.7s)
    release 95: 22448 genes, 28164 xrefs, 2212 changed (4.6s)
    release 96: 22448 genes, 27413 xrefs, 954 changed (5.6s)
    release 97: 22448 genes, 27440 xrefs, 197 changed (4.8s)
    release 98: 22448 genes, 28049 xrefs, 5996 changed (4.7s)
    release 99: 22448 genes, 28007 xrefs, 8044 changed (4.7s)
    release 100: 22448 genes, 28003 xrefs, 217 changed (4.7s)
    release 101: 22448 genes, 27984 xrefs, 177 changed (4.5s)
    release 102: 22448 genes, 12979 xrefs, 124 changed (4.0s)
    release 103: 22448 genes, 13001 xrefs, 79 changed (4.1s)
    release 104: 22448 genes, 13046 xrefs, 146 changed (4.7s)
    release 105: 22448 genes, 13210 xrefs, 101 changed (4.3s)
    release 106: 22448 genes, 13225 xrefs, 46 changed (4.6s)
    release 107: 22448 genes, 13363 xrefs, 178 changed (4.4s)
    release 108: 22448 genes, 13367 xrefs, 29 changed (4.3s)
    release 109: 22448 genes, 13376 xrefs, 37 changed (4.2s)
    release 110: 22448 genes, 13392 xrefs, 38 changed (4.3s)
    release 111: 22448 genes, 13372 xrefs, 41 changed (4.3s)
    release 112: 22448 genes, 13379 xrefs, 34 changed (4.4s)
    release 113: 22448 genes, 17172 xrefs, 2298 changed (3.5s)
    release 114: 22448 genes, 17229 xrefs, 69 changed (3.9s)
    release 115: 22448 genes, 17204 xrefs, 45 changed (3.3s)
  felis_catus: 62 releases, 87882 genes in db
    release 65: 19262 genes, 31904 xrefs, 9498 changed (4.1s)
    release 66: 19262 genes, 29977 xrefs, 670 changed (3.9s)
    release 67: 19262 genes, 29976 xrefs, 531 changed (4.5s)
    release 68: 19262 genes, 29361 xrefs, 769 changed (3.9s)
    release 69: 19262 genes, 29522 xrefs, 740 changed (4.3s)
    release 70: 21890 genes, 45617 xrefs, 7450 changed (4.7s)
    release 71: 21890 genes, 45600 xrefs, 572 changed (4.8s)
    release 72: 21890 genes, 45633 xrefs, 409 changed (4.6s)
    release 73: 21890 genes, 45614 xrefs, 481 changed (4.6s)
    release 74: 21890 genes, 45994 xrefs, 832 changed (5.8s)
    release 75: 21890 genes, 46015 xrefs, 320 changed (6.2s)
    release 76: 21890 genes, 46018 xrefs, 811 changed (5.7s)
    release 77: 21890 genes, 45991 xrefs, 476 changed (5.1s)
    release 78: 21890 genes, 46126 xrefs, 1398 changed (6.1s)
    release 79: 21890 genes, 46104 xrefs, 423 changed (6.0s)
    release 80: 21890 genes, 46107 xrefs, 336 changed (5.9s)
    release 81: 21890 genes, 46096 xrefs, 354 changed (6.1s)
    release 82: 21890 genes, 40911 xrefs, 1459 changed (5.9s)
    release 83: 21890 genes, 40908 xrefs, 406 changed (6.1s)
    release 84: 21890 genes, 40908 xrefs, 353 changed (5.7s)
    release 85: 21890 genes, 40301 xrefs, 520 changed (6.1s)
    release 86: 21890 genes, 40299 xrefs, 268 changed (5.8s)
    release 87: 21890 genes, 40104 xrefs, 875 changed (5.4s)
    release 88: 21890 genes, 40104 xrefs, 356 changed (5.9s)
    release 90: 21890 genes, 40108 xrefs, 496 changed (5.6s)
    release 91: 24688 genes, 43104 xrefs, 5687 changed (6.9s)
    release 92: 24688 genes, 44867 xrefs, 4935 changed (6.6s)
    release 93: 26681 genes, 52877 xrefs, 4790 changed (6.5s)
    release 94: 26681 genes, 61430 xrefs, 3494 changed (7.6s)
    release 95: 26681 genes, 63492 xrefs, 631 changed (7.5s)
    release 96: 26681 genes, 82804 xrefs, 847 changed (8.0s)
    release 97: 26681 genes, 82513 xrefs, 410 changed (8.1s)
    release 98: 29549 genes, 70156 xrefs, 13009 changed (7.4s)
    release 99: 29549 genes, 73825 xrefs, 5931 changed (7.4s)
    release 100: 29549 genes, 73838 xrefs, 189 changed (7.9s)
    release 101: 29549 genes, 118278 xrefs, 2821 changed (9.2s)
    release 102: 29549 genes, 121695 xrefs, 2296 changed (9.9s)
    release 103: 29550 genes, 121823 xrefs, 395 changed (8.6s)
    release 104: 29550 genes, 121869 xrefs, 328 changed (11.2s)
    release 105: 29550 genes, 98235 xrefs, 2176 changed (9.7s)
    release 106: 29550 genes, 98193 xrefs, 208 changed (10.0s)
    release 107: 29550 genes, 120750 xrefs, 2112 changed (10.3s)
    release 108: 29550 genes, 108596 xrefs, 1241 changed (8.3s)
    release 109: 29550 genes, 108616 xrefs, 131 changed (8.8s)
    release 110: 29550 genes, 120595 xrefs, 1258 changed (8.7s)
    release 111: 29550 genes, 119669 xrefs, 177 changed (9.0s)
    release 112: 29550 genes, 119669 xrefs, 0 changed (8.4s)
    release 113: 29550 genes, 120599 xrefs, 252 changed (7.9s)
    release 114: 34450 genes, 93742 xrefs, 2779 changed (6.8s)
    release 115: 34450 genes, 74681 xrefs, 2771 changed (5.9s)
  fukomys_damarensis: 26 releases, 33562 genes in db
    release 90: 33562 genes, 13737 xrefs, 13345 changed (3.0s)
    release 91: 33562 genes, 13137 xrefs, 473 changed (3.1s)
    release 92: 33562 genes, 43098 xrefs, 16003 changed (5.6s)
    release 93: 33562 genes, 43139 xrefs, 414 changed (5.2s)
    release 94: 33562 genes, 43183 xrefs, 723 changed (5.0s)
    release 95: 33562 genes, 44610 xrefs, 1423 changed (4.9s)
    release 96: 33562 genes, 44543 xrefs, 391 changed (5.8s)
    release 97: 33562 genes, 43637 xrefs, 858 changed (6.9s)
    release 98: 33562 genes, 44321 xrefs, 3438 changed (6.1s)
    release 99: 33562 genes, 36744 xrefs, 12028 changed (5.8s)
    release 100: 33562 genes, 44286 xrefs, 334 changed (6.0s)
    release 101: 33562 genes, 43429 xrefs, 792 changed (5.8s)
    release 102: 33562 genes, 43248 xrefs, 333 changed (5.8s)
    release 103: 33562 genes, 30087 xrefs, 12076 changed (4.9s)
    release 104: 33562 genes, 30087 xrefs, 0 changed (5.8s)
    release 105: 33562 genes, 30087 xrefs, 0 changed (5.6s)
    release 106: 33562 genes, 30087 xrefs, 0 changed (5.5s)
    release 107: 33562 genes, 30087 xrefs, 0 changed (5.6s)
    release 108: 33562 genes, 30087 xrefs, 0 changed (5.7s)
    release 109: 33562 genes, 30087 xrefs, 0 changed (6.3s)
    release 110: 33562 genes, 32394 xrefs, 2300 changed (4.9s)
    release 111: 33562 genes, 32394 xrefs, 0 changed (4.3s)
    release 112: 33562 genes, 32394 xrefs, 0 changed (4.6s)
    release 113: 33562 genes, 32391 xrefs, 120 changed (4.8s)
    release 114: 33562 genes, 34186 xrefs, 59 changed (4.4s)
    release 115: 33562 genes, 34186 xrefs, 0 changed (4.1s)
  meleagris_gallopavo: 56 releases, 23019 genes in db
    release 65: 15006 genes, 11487 xrefs, 10545 changed (3.3s)
    release 66: 15006 genes, 11407 xrefs, 316 changed (3.2s)
    release 67: 15006 genes, 42415 xrefs, 8036 changed (4.7s)
    release 68: 15006 genes, 42282 xrefs, 702 changed (3.8s)
    release 69: 15006 genes, 42421 xrefs, 621 changed (3.9s)
    release 70: 15006 genes, 33278 xrefs, 10343 changed (3.8s)
    release 71: 15006 genes, 33264 xrefs, 89 changed (4.4s)
    release 72: 15006 genes, 33300 xrefs, 92 changed (4.3s)
    release 73: 15006 genes, 33317 xrefs, 118 changed (4.3s)
    release 74: 15006 genes, 31715 xrefs, 10127 changed (4.5s)
    release 75: 15006 genes, 31698 xrefs, 299 changed (4.6s)
    release 76: 15002 genes, 31710 xrefs, 634 changed (4.9s)
    release 77: 15002 genes, 31690 xrefs, 407 changed (4.7s)
    release 78: 15002 genes, 31441 xrefs, 5978 changed (4.3s)
    release 79: 15002 genes, 31424 xrefs, 2496 changed (4.6s)
    release 80: 15002 genes, 31427 xrefs, 4751 changed (5.5s)
    release 81: 15002 genes, 31412 xrefs, 478 changed (4.7s)
    release 82: 15002 genes, 24557 xrefs, 6991 changed (5.2s)
    release 83: 15002 genes, 24537 xrefs, 322 changed (4.6s)
    release 84: 15002 genes, 24525 xrefs, 231 changed (4.2s)
    release 85: 15002 genes, 23118 xrefs, 538 changed (4.5s)
    release 86: 15002 genes, 23093 xrefs, 290 changed (4.6s)
    release 87: 15002 genes, 22808 xrefs, 349 changed (4.7s)
    release 88: 15002 genes, 22831 xrefs, 236 changed (4.7s)
    release 90: 15002 genes, 22801 xrefs, 280 changed (4.4s)
    release 91: 15002 genes, 23783 xrefs, 468 changed (4.7s)
    release 92: 15002 genes, 15672 xrefs, 800 changed (5.0s)
    release 93: 15002 genes, 28472 xrefs, 871 changed (4.9s)
    release 94: 15002 genes, 27707 xrefs, 910 changed (4.9s)
    release 95: 15002 genes, 27760 xrefs, 309 changed (5.2s)
    release 96: 15002 genes, 27535 xrefs, 261 changed (5.2s)
    release 97: 15002 genes, 27530 xrefs, 226 changed (5.2s)
    release 98: 15002 genes, 27461 xrefs, 419 changed (5.4s)
    release 99: 15002 genes, 27429 xrefs, 9341 changed (4.9s)
    release 100: 15002 genes, 27477 xrefs, 212 changed (4.9s)
    release 101: 15002 genes, 27358 xrefs, 172 changed (5.3s)
    release 102: 15002 genes, 27275 xrefs, 181 changed (5.2s)
    release 103: 15002 genes, 27278 xrefs, 163 changed (4.7s)
    release 104: 17970 genes, 20262 xrefs, 3520 changed (4.6s)
    release 105: 17970 genes, 20348 xrefs, 154 changed (3.7s)
    release 106: 17970 genes, 20326 xrefs, 77 changed (3.9s)
    release 107: 17970 genes, 20467 xrefs, 224 changed (3.8s)
    release 108: 17970 genes, 20493 xrefs, 86 changed (3.9s)
    release 109: 17970 genes, 20505 xrefs, 77 changed (4.2s)
    release 110: 17970 genes, 20502 xrefs, 80 changed (4.0s)
    release 111: 17970 genes, 20498 xrefs, 99 changed (3.9s)
    release 112: 17970 genes, 20490 xrefs, 82 changed (3.8s)
    release 113: 17970 genes, 48453 xrefs, 3244 changed (5.1s)
    release 114: 17970 genes, 48353 xrefs, 2379 changed (5.9s)
    release 115: 17970 genes, 48296 xrefs, 105 changed (5.7s)
  microtus_ochrogaster: 26 releases, 23038 genes in db
    release 90: 23038 genes, 45681 xrefs, 14497 changed (4.9s)
    release 91: 23038 genes, 46021 xrefs, 1409 changed (4.8s)
    release 92: 23038 genes, 49634 xrefs, 3544 changed (4.7s)
    release 93: 23038 genes, 49645 xrefs, 354 changed (4.4s)
    release 94: 23038 genes, 49753 xrefs, 702 changed (4.8s)
    release 95: 23038 genes, 50038 xrefs, 567 changed (4.6s)
    release 96: 23038 genes, 48187 xrefs, 898 changed (5.0s)
    release 97: 23038 genes, 51673 xrefs, 1636 changed (5.2s)
    release 98: 23038 genes, 49322 xrefs, 2617 changed (5.4s)
    release 99: 23038 genes, 48199 xrefs, 13872 changed (5.2s)
    release 100: 23038 genes, 48203 xrefs, 250 changed (5.4s)
    release 101: 23038 genes, 48226 xrefs, 186 changed (4.9s)
    release 102: 23038 genes, 47591 xrefs, 127 changed (4.8s)
    release 103: 23038 genes, 47545 xrefs, 396 changed (4.7s)
    release 104: 23038 genes, 47497 xrefs, 205 changed (6.4s)
    release 105: 23038 genes, 48022 xrefs, 266 changed (4.8s)
    release 106: 23038 genes, 48022 xrefs, 142 changed (5.0s)
    release 107: 23038 genes, 48100 xrefs, 262 changed (5.1s)
    release 108: 23038 genes, 48157 xrefs, 216 changed (5.4s)
    release 109: 23038 genes, 48154 xrefs, 310 changed (6.2s)
    release 110: 23038 genes, 48152 xrefs, 145 changed (5.3s)
    release 111: 23038 genes, 48158 xrefs, 211 changed (5.2s)
    release 112: 23038 genes, 48160 xrefs, 220 changed (5.4s)
    release 113: 23038 genes, 41968 xrefs, 1141 changed (5.1s)
    release 114: 23038 genes, 52753 xrefs, 939 changed (5.5s)
    release 115: 23038 genes, 52747 xrefs, 187 changed (4.6s)
  monodelphis_domestica: 62 releases, 46937 genes in db
    release 65: 22038 genes, 46214 xrefs, 17426 changed (3.8s)
    release 66: 22038 genes, 46152 xrefs, 510 changed (4.3s)
    release 67: 22038 genes, 59942 xrefs, 8390 changed (5.4s)
    release 68: 22038 genes, 59724 xrefs, 756 changed (4.8s)
    release 69: 23899 genes, 54660 xrefs, 2510 changed (4.8s)
    release 70: 23899 genes, 54645 xrefs, 485 changed (5.6s)
    release 71: 23899 genes, 54645 xrefs, 597 changed (5.9s)
    release 72: 23899 genes, 54646 xrefs, 445 changed (6.1s)
    release 73: 23899 genes, 54670 xrefs, 518 changed (5.7s)
    release 74: 23899 genes, 67063 xrefs, 1773 changed (7.0s)
    release 75: 23899 genes, 67108 xrefs, 410 changed (6.6s)
    release 76: 23899 genes, 67102 xrefs, 900 changed (6.9s)
    release 77: 23899 genes, 71229 xrefs, 10073 changed (7.5s)
    release 78: 23899 genes, 71245 xrefs, 1361 changed (7.5s)
    release 79: 23899 genes, 71228 xrefs, 449 changed (8.0s)
    release 80: 23899 genes, 71245 xrefs, 464 changed (7.1s)
    release 81: 23899 genes, 71232 xrefs, 528 changed (7.4s)
    release 82: 23899 genes, 65555 xrefs, 2010 changed (7.0s)
    release 83: 23899 genes, 65507 xrefs, 605 changed (7.2s)
    release 84: 23899 genes, 65526 xrefs, 540 changed (7.6s)
    release 85: 23899 genes, 64811 xrefs, 1232 changed (6.9s)
    release 86: 23899 genes, 64799 xrefs, 417 changed (7.2s)
    release 87: 30369 genes, 71684 xrefs, 2432 changed (8.0s)
    release 88: 30369 genes, 71711 xrefs, 528 changed (7.0s)
    release 90: 30369 genes, 71675 xrefs, 598 changed (7.2s)
    release 91: 30369 genes, 70394 xrefs, 1799 changed (6.6s)
    release 92: 30369 genes, 62689 xrefs, 3494 changed (7.2s)
    release 93: 30369 genes, 78702 xrefs, 473 changed (8.6s)
    release 94: 30369 genes, 77782 xrefs, 887 changed (7.5s)
    release 95: 30369 genes, 78288 xrefs, 811 changed (8.9s)
    release 96: 30369 genes, 77640 xrefs, 674 changed (7.5s)
    release 97: 30369 genes, 78200 xrefs, 627 changed (8.6s)
    release 98: 34985 genes, 78386 xrefs, 5813 changed (7.1s)
    release 99: 34985 genes, 79791 xrefs, 10672 changed (6.9s)
    release 100: 34985 genes, 79787 xrefs, 383 changed (7.0s)
    release 101: 34985 genes, 79759 xrefs, 350 changed (7.5s)
    release 102: 34985 genes, 79663 xrefs, 416 changed (8.0s)
    release 103: 34985 genes, 79658 xrefs, 301 changed (7.9s)
    release 104: 34985 genes, 79765 xrefs, 429 changed (10.3s)
    release 105: 34985 genes, 79966 xrefs, 409 changed (8.6s)
    release 106: 34985 genes, 79945 xrefs, 212 changed (8.2s)
    release 107: 34985 genes, 80192 xrefs, 496 changed (7.5s)
    release 108: 34985 genes, 80171 xrefs, 194 changed (7.5s)
    release 109: 34985 genes, 80174 xrefs, 268 changed (7.8s)
    release 110: 34985 genes, 80204 xrefs, 235 changed (7.5s)
    release 111: 34985 genes, 80194 xrefs, 274 changed (8.2s)
    release 112: 34985 genes, 80172 xrefs, 235 changed (7.5s)
    release 113: 34985 genes, 98612 xrefs, 3355 changed (6.9s)
    release 114: 34985 genes, 98675 xrefs, 1786 changed (8.1s)
    release 115: 34985 genes, 98611 xrefs, 145 changed (8.0s)
  schizosaccharomyces_pombe: 58 releases, 7351 genes in db
    release 12: 7047 genes, 69616 xrefs, 3281 changed (2.8s)
    release 13: 7031 genes, 71457 xrefs, 73 changed (3.3s)
    release 14: 7031 genes, 76245 xrefs, 26 changed (3.5s)
    release 15: 7030 genes, 76944 xrefs, 152 changed (3.4s)
    release 16: 7018 genes, 92629 xrefs, 122 changed (4.0s)
    release 17: 7018 genes, 96331 xrefs, 122 changed (5.5s)
    release 18: 7017 genes, 181343 xrefs, 14 changed (8.2s)
    release 19: 7017 genes, 180487 xrefs, 323 changed (8.7s)
    release 20: 7017 genes, 208030 xrefs, 34 changed (11.4s)
    release 21: 7017 genes, 227790 xrefs, 51 changed (12.2s)
    release 22: 7017 genes, 255943 xrefs, 63 changed (12.8s)
    release 23: 7019 genes, 168456 xrefs, 455 changed (5.6s)
    release 24: 7019 genes, 170119 xrefs, 789 changed (7.4s)
    release 25: 7019 genes, 203091 xrefs, 53 changed (7.4s)
    release 26: 7019 genes, 262053 xrefs, 205 changed (9.9s)
    release 27: 7015 genes, 198208 xrefs, 180 changed (7.7s)
    release 28: 7015 genes, 249052 xrefs, 9 changed (9.9s)
    release 29: 7015 genes, 309665 xrefs, 35 changed (9.9s)
    release 30: 7015 genes, 309665 xrefs, 0 changed (11.1s)
    release 31: 7014 genes, 63582 xrefs, 1861 changed (5.1s)
    release 32: 7014 genes, 63582 xrefs, 0 changed (5.4s)
    release 33: 7014 genes, 63582 xrefs, 0 changed (5.4s)
    release 34: 7014 genes, 63582 xrefs, 0 changed (6.8s)
    release 35: 7014 genes, 63582 xrefs, 0 changed (6.5s)
    release 36: 7014 genes, 63582 xrefs, 0 changed (6.3s)
    release 37: 7268 genes, 63635 xrefs, 0 changed (5.4s)
    release 38: 7268 genes, 63635 xrefs, 0 changed (6.0s)
    release 39: 7268 genes, 63635 xrefs, 0 changed (5.8s)
    release 40: 7268 genes, 63635 xrefs, 0 changed (5.6s)
    release 41: 7268 genes, 63635 xrefs, 0 changed (5.7s)
    release 42: 7268 genes, 63635 xrefs, 0 changed (5.5s)
    release 43: 7268 genes, 63635 xrefs, 0 changed (5.6s)
    release 44: 7268 genes, 63635 xrefs, 0 changed (5.6s)
    release 45: 7268 genes, 63635 xrefs, 0 changed (5.9s)
    release 46: 7268 genes, 63635 xrefs, 0 changed (5.5s)
    release 47: 7268 genes, 61145 xrefs, 0 changed (5.5s)
    release 48: 7268 genes, 61145 xrefs, 0 changed (5.4s)
    release 49: 7268 genes, 61145 xrefs, 0 changed (5.4s)
    release 50: 7268 genes, 61145 xrefs, 0 changed (5.7s)
    release 51: 7268 genes, 61145 xrefs, 0 changed (5.8s)
    release 52: 7268 genes, 61149 xrefs, 88 changed (5.8s)
    release 53: 7268 genes, 61149 xrefs, 0 changed (5.5s)
    release 54: 7268 genes, 61149 xrefs, 0 changed (5.5s)
    release 55: 7268 genes, 61149 xrefs, 0 changed (5.6s)
    release 56: 7268 genes, 61149 xrefs, 0 changed (6.2s)
    release 57: 7268 genes, 61149 xrefs, 0 changed (5.9s)
    release 58: 7268 genes, 61149 xrefs, 0 changed (5.7s)
    release 59: 7268 genes, 61149 xrefs, 0 changed (5.8s)
    release 60: 7268 genes, 61149 xrefs, 0 changed (6.2s)
    release 61: 7268 genes, 61149 xrefs, 0 changed (6.0s)
    release 62: 7268 genes, 61149 xrefs, 0 changed (5.9s)
  onchocerca_volvulus: 38 releases, 13585 genes in db
    release 22: 12994 genes, 26117 xrefs, 3217 changed (2.2s)
    release 23: 12994 genes, 26117 xrefs, 0 changed (2.2s)
    release 24: 12994 genes, 26117 xrefs, 0 changed (2.3s)
    release 25: 12994 genes, 26004 xrefs, 0 changed (1.8s)
    release 26: 12994 genes, 26004 xrefs, 0 changed (1.8s)
    release 27: 12994 genes, 26004 xrefs, 0 changed (1.8s)
    release 28: 12994 genes, 26004 xrefs, 0 changed (1.8s)
    release 29: 12994 genes, 26004 xrefs, 0 changed (1.9s)
    release 30: 12994 genes, 26004 xrefs, 0 changed (1.7s)
    release 31: 12540 genes, 28356 xrefs, 3257 changed (2.0s)
    release 32: 12540 genes, 28356 xrefs, 0 changed (1.9s)
    release 33: 12540 genes, 28356 xrefs, 0 changed (2.0s)
    release 34: 12540 genes, 28356 xrefs, 0 changed (2.1s)
    release 35: 12540 genes, 28356 xrefs, 0 changed (2.1s)
    release 36: 12540 genes, 28356 xrefs, 0 changed (1.9s)
    release 37: 12540 genes, 28356 xrefs, 0 changed (1.9s)
    release 38: 12564 genes, 28439 xrefs, 20 changed (2.1s)
    release 39: 12564 genes, 28439 xrefs, 0 changed (2.0s)
    release 40: 12564 genes, 28439 xrefs, 0 changed (2.2s)
    release 41: 12564 genes, 28439 xrefs, 0 changed (2.3s)
    release 42: 12564 genes, 28439 xrefs, 0 changed (2.3s)
    release 43: 12564 genes, 28439 xrefs, 0 changed (2.1s)
    release 44: 12564 genes, 28439 xrefs, 0 changed (2.3s)
    release 45: 12564 genes, 28439 xrefs, 0 changed (2.2s)
    release 46: 12564 genes, 28439 xrefs, 0 changed (2.2s)
    release 47: 12564 genes, 28439 xrefs, 0 changed (2.3s)
    release 48: 12564 genes, 28439 xrefs, 0 changed (2.2s)
    release 49: 12564 genes, 28439 xrefs, 0 changed (2.1s)
    release 50: 12564 genes, 28439 xrefs, 0 changed (2.2s)
    release 51: 12564 genes, 28439 xrefs, 0 changed (3.2s)
    release 52: 12564 genes, 28439 xrefs, 0 changed (2.5s)
    release 53: 12605 genes, 28512 xrefs, 60 changed (2.3s)
    release 54: 12605 genes, 28512 xrefs, 0 changed (2.1s)
    release 55: 12605 genes, 28512 xrefs, 0 changed (2.2s)
    release 56: 12605 genes, 28512 xrefs, 0 changed (2.0s)
    release 57: 12605 genes, 28512 xrefs, 0 changed (2.1s)
    release 58: 12605 genes, 28512 xrefs, 0 changed (2.0s)
    release 59: 12605 genes, 28512 xrefs, 0 changed (2.0s)
  orchesella_cincta: 8 releases, 20247 genes in db
    release 52: 20247 genes, 0 xrefs, 0 changed (1.7s)
    release 53: 20247 genes, 0 xrefs, 0 changed (1.5s)
    release 54: 20247 genes, 0 xrefs, 0 changed (1.7s)
    release 55: 20247 genes, 0 xrefs, 0 changed (1.5s)
    release 56: 20247 genes, 0 xrefs, 0 changed (1.7s)
    release 57: 20247 genes, 0 xrefs, 0 changed (1.5s)
    release 58: 20247 genes, 0 xrefs, 0 changed (1.7s)
    release 59: 20247 genes, 0 xrefs, 0 changed (1.3s)
  orussus_abietinus_gca000612105v2: 6 releases, 10654 genes in db
    release 54: 10654 genes, 10816 xrefs, 0 changed (1.9s)
    release 55: 10654 genes, 10816 xrefs, 0 changed (1.9s)
    release 56: 10654 genes, 10816 xrefs, 0 changed (1.8s)
    release 57: 10654 genes, 10816 xrefs, 0 changed (1.8s)
    release 58: 10654 genes, 10816 xrefs, 0 changed (2.0s)
    release 59: 10654 genes, 10816 xrefs, 0 changed (1.6s)
  mus_musculus_129s1svimj: 30 releases, 95292 genes in db
    release 86: 40327 genes, 123954 xrefs, 23568 changed (13.5s)
    release 87: 40327 genes, 123954 xrefs, 52 changed (13.3s)
    release 88: 40327 genes, 123954 xrefs, 0 changed (12.9s)
    release 90: 40327 genes, 123954 xrefs, 0 changed (12.6s)
    release 91: 40327 genes, 123954 xrefs, 0 changed (13.4s)
    release 92: 40325 genes, 123954 xrefs, 0 changed (12.6s)
    release 93: 40325 genes, 123954 xrefs, 0 changed (12.9s)
    release 94: 40325 genes, 109550 xrefs, 0 changed (12.1s)
    release 95: 40325 genes, 109550 xrefs, 0 changed (12.3s)
    release 96: 40325 genes, 109550 xrefs, 0 changed (11.6s)
    release 97: 40325 genes, 109550 xrefs, 0 changed (11.6s)
    release 98: 40325 genes, 109550 xrefs, 0 changed (11.4s)
    release 99: 40325 genes, 109550 xrefs, 0 changed (12.0s)
    release 100: 40325 genes, 109550 xrefs, 0 changed (11.6s)
    release 101: 40325 genes, 109550 xrefs, 0 changed (11.6s)
    release 102: 40325 genes, 109550 xrefs, 0 changed (11.6s)
    release 103: 40325 genes, 109550 xrefs, 0 changed (12.1s)
    release 104: 40325 genes, 109550 xrefs, 0 changed (13.7s)
    release 105: 40325 genes, 109550 xrefs, 0 changed (11.8s)
    release 106: 40325 genes, 109550 xrefs, 0 changed (12.0s)
    release 107: 40325 genes, 109550 xrefs, 0 changed (11.7s)
    release 108: 40325 genes, 109550 xrefs, 0 changed (12.0s)
    release 109: 40325 genes, 109550 xrefs, 0 changed (11.4s)
    release 110: 40325 genes, 109550 xrefs, 0 changed (11.7s)
    release 111: 40325 genes, 109550 xrefs, 0 changed (11.6s)
    release 112: 40325 genes, 109550 xrefs, 0 changed (11.4s)
    release 113: 40325 genes, 118154 xrefs, 23682 changed (9.1s)
    release 114: 54965 genes, 0 xrefs, 0 changed (3.8s)
    release 115: 54965 genes, 0 xrefs, 0 changed (3.4s)
  chinchilla_lanigera: 26 releases, 29261 genes in db
    release 90: 29261 genes, 42936 xrefs, 14833 changed (4.2s)
    release 91: 29261 genes, 42476 xrefs, 918 changed (4.2s)
    release 92: 29261 genes, 47619 xrefs, 6534 changed (4.9s)
    release 93: 29261 genes, 47620 xrefs, 385 changed (4.7s)
    release 94: 29261 genes, 47556 xrefs, 715 changed (4.6s)
    release 95: 29261 genes, 48082 xrefs, 630 changed (5.1s)
    release 96: 29261 genes, 47867 xrefs, 372 changed (5.0s)
    release 97: 29261 genes, 47923 xrefs, 350 changed (5.1s)
    release 98: 29261 genes, 47745 xrefs, 3252 changed (5.5s)
    release 99: 29261 genes, 37442 xrefs, 13001 changed (4.5s)
    release 100: 29261 genes, 37402 xrefs, 287 changed (4.6s)
    release 101: 29261 genes, 37407 xrefs, 239 changed (4.5s)
    release 102: 29261 genes, 37203 xrefs, 325 changed (5.0s)
    release 103: 29261 genes, 37212 xrefs, 249 changed (4.8s)
    release 104: 29261 genes, 37254 xrefs, 488 changed (5.7s)
    release 105: 29261 genes, 37480 xrefs, 373 changed (5.1s)
    release 106: 29261 genes, 37502 xrefs, 207 changed (4.8s)
    release 107: 29261 genes, 37830 xrefs, 503 changed (4.9s)
    release 108: 29261 genes, 37832 xrefs, 143 changed (5.2s)
    release 109: 29261 genes, 37815 xrefs, 170 changed (5.2s)
    release 110: 29261 genes, 37823 xrefs, 165 changed (5.3s)
    release 111: 29261 genes, 37846 xrefs, 200 changed (5.0s)
    release 112: 29261 genes, 37859 xrefs, 158 changed (4.8s)
    release 113: 29261 genes, 72038 xrefs, 484 changed (6.3s)
    release 114: 29261 genes, 72036 xrefs, 1067 changed (8.0s)
    release 115: 29261 genes, 72092 xrefs, 136 changed (6.8s)
  mus_musculus_aj: 30 releases, 95851 genes in db
    release 86: 40332 genes, 124086 xrefs, 23678 changed (11.4s)
    release 87: 40332 genes, 124086 xrefs, 55 changed (11.8s)
    release 88: 40332 genes, 124086 xrefs, 0 changed (12.0s)
    release 90: 40332 genes, 124086 xrefs, 0 changed (14.2s)
    release 91: 40332 genes, 124086 xrefs, 0 changed (12.7s)
    release 92: 40331 genes, 124086 xrefs, 0 changed (12.8s)
    release 93: 40331 genes, 124086 xrefs, 0 changed (12.2s)
    release 94: 40331 genes, 109678 xrefs, 0 changed (11.6s)
    release 95: 40331 genes, 109678 xrefs, 0 changed (12.1s)
    release 96: 40331 genes, 109678 xrefs, 0 changed (11.8s)
    release 97: 40331 genes, 109678 xrefs, 0 changed (12.1s)
    release 98: 40331 genes, 109678 xrefs, 0 changed (12.6s)
    release 99: 40331 genes, 109678 xrefs, 0 changed (11.7s)
    release 100: 40331 genes, 109678 xrefs, 0 changed (11.7s)
    release 101: 40331 genes, 109678 xrefs, 0 changed (12.2s)
    release 102: 40331 genes, 109678 xrefs, 0 changed (12.1s)
    release 103: 40331 genes, 109678 xrefs, 0 changed (12.0s)
    release 104: 40331 genes, 109678 xrefs, 0 changed (13.6s)
    release 105: 40331 genes, 109678 xrefs, 0 changed (12.3s)
    release 106: 40331 genes, 109678 xrefs, 0 changed (12.2s)
    release 107: 40331 genes, 109678 xrefs, 0 changed (12.3s)
    release 108: 40331 genes, 109678 xrefs, 0 changed (11.5s)
    release 109: 40331 genes, 109678 xrefs, 0 changed (12.0s)
    release 110: 40331 genes, 109678 xrefs, 0 changed (11.8s)
    release 111: 40331 genes, 109678 xrefs, 0 changed (12.7s)
    release 112: 40331 genes, 109678 xrefs, 0 changed (11.8s)
    release 113: 40331 genes, 118746 xrefs, 23792 changed (9.1s)
    release 114: 55519 genes, 0 xrefs, 0 changed (3.9s)
    release 115: 55519 genes, 0 xrefs, 0 changed (3.3s)
  mus_musculus_c3hhej: 30 releases, 95177 genes in db
    release 86: 40000 genes, 123440 xrefs, 23523 changed (10.5s)
    release 87: 40000 genes, 123440 xrefs, 54 changed (11.6s)
    release 88: 40000 genes, 123440 xrefs, 0 changed (11.2s)
    release 90: 40000 genes, 123440 xrefs, 0 changed (10.9s)
    release 91: 40000 genes, 123440 xrefs, 0 changed (10.8s)
    release 92: 39998 genes, 123440 xrefs, 0 changed (11.3s)
    release 93: 39998 genes, 123440 xrefs, 0 changed (11.0s)
    release 94: 39998 genes, 109092 xrefs, 0 changed (11.1s)
    release 95: 39998 genes, 109092 xrefs, 0 changed (11.1s)
    release 96: 39998 genes, 109092 xrefs, 0 changed (11.1s)
    release 97: 39998 genes, 109092 xrefs, 0 changed (10.8s)
    release 98: 39998 genes, 109092 xrefs, 0 changed (11.3s)
    release 99: 39998 genes, 109092 xrefs, 0 changed (10.5s)
    release 100: 39998 genes, 109092 xrefs, 0 changed (10.6s)
    release 101: 39998 genes, 109092 xrefs, 0 changed (11.0s)
    release 102: 39998 genes, 109092 xrefs, 0 changed (11.4s)
    release 103: 39998 genes, 109092 xrefs, 0 changed (10.9s)
    release 104: 39998 genes, 109092 xrefs, 0 changed (12.0s)
    release 105: 39998 genes, 109092 xrefs, 0 changed (11.4s)
    release 106: 39998 genes, 109092 xrefs, 0 changed (11.7s)
    release 107: 39998 genes, 109092 xrefs, 0 changed (11.3s)
    release 108: 39998 genes, 109092 xrefs, 0 changed (11.2s)
    release 109: 39998 genes, 109092 xrefs, 0 changed (11.0s)
    release 110: 39998 genes, 109092 xrefs, 0 changed (11.4s)
    release 111: 39998 genes, 109092 xrefs, 0 changed (11.1s)
    release 112: 39998 genes, 109092 xrefs, 0 changed (11.2s)
    release 113: 39998 genes, 117343 xrefs, 23615 changed (9.2s)
    release 114: 55177 genes, 0 xrefs, 0 changed (4.3s)
    release 115: 55177 genes, 0 xrefs, 0 changed (2.9s)
  mus_musculus_casteij: 30 releases, 93609 genes in db
    release 86: 39147 genes, 120506 xrefs, 29101 changed (10.6s)
    release 87: 39147 genes, 120506 xrefs, 51 changed (11.7s)
    release 88: 39147 genes, 120506 xrefs, 0 changed (12.2s)
    release 90: 39147 genes, 120506 xrefs, 0 changed (11.0s)
    release 91: 39147 genes, 120506 xrefs, 0 changed (11.4s)
    release 92: 39145 genes, 120506 xrefs, 0 changed (11.2s)
    release 93: 39145 genes, 120506 xrefs, 0 changed (11.1s)
    release 94: 39145 genes, 120506 xrefs, 0 changed (11.3s)
    release 95: 39145 genes, 120506 xrefs, 0 changed (11.7s)
    release 96: 39145 genes, 120506 xrefs, 0 changed (11.6s)
    release 97: 39145 genes, 120506 xrefs, 0 changed (11.5s)
    release 98: 39145 genes, 120506 xrefs, 0 changed (11.5s)
    release 99: 39145 genes, 120506 xrefs, 0 changed (11.5s)
    release 100: 39145 genes, 120506 xrefs, 0 changed (11.0s)
    release 101: 39145 genes, 120506 xrefs, 0 changed (11.9s)
    release 102: 39145 genes, 120506 xrefs, 0 changed (11.9s)
    release 103: 39145 genes, 120506 xrefs, 0 changed (11.3s)
    release 104: 39145 genes, 120506 xrefs, 0 changed (12.7s)
    release 105: 39145 genes, 120506 xrefs, 0 changed (11.8s)
    release 106: 39145 genes, 120506 xrefs, 0 changed (12.0s)
    release 107: 39145 genes, 120506 xrefs, 0 changed (11.5s)
    release 108: 39145 genes, 120506 xrefs, 0 changed (11.4s)
    release 109: 39145 genes, 120506 xrefs, 0 changed (11.6s)
    release 110: 39145 genes, 120506 xrefs, 0 changed (11.4s)
    release 111: 39145 genes, 120506 xrefs, 0 changed (11.8s)
    release 112: 39145 genes, 120506 xrefs, 0 changed (11.5s)
    release 113: 39145 genes, 15 xrefs, 13 changed (3.5s)
    release 114: 54462 genes, 0 xrefs, 0 changed (4.1s)
    release 115: 54462 genes, 0 xrefs, 0 changed (3.0s)
  rhodnius_prolixus: 41 releases, 17775 genes in db
    release 19: 17143 genes, 64 xrefs, 1622 changed (1.0s)
    release 20: 17143 genes, 64 xrefs, 0 changed (1.0s)
    release 21: 17143 genes, 64 xrefs, 0 changed (1.2s)
    release 22: 17143 genes, 64 xrefs, 0 changed (1.1s)
    release 23: 17244 genes, 412 xrefs, 1589 changed (1.2s)
    release 24: 17244 genes, 412 xrefs, 0 changed (1.2s)
    release 25: 17244 genes, 412 xrefs, 0 changed (1.4s)
    release 26: 17244 genes, 412 xrefs, 0 changed (1.2s)
    release 27: 17244 genes, 1203 xrefs, 70 changed (1.1s)
    release 28: 17244 genes, 1203 xrefs, 0 changed (1.3s)
    release 29: 17244 genes, 1203 xrefs, 0 changed (1.2s)
    release 30: 17244 genes, 1203 xrefs, 0 changed (1.4s)
    release 31: 17244 genes, 1203 xrefs, 0 changed (1.4s)
    release 32: 17244 genes, 1203 xrefs, 0 changed (1.6s)
    release 33: 17244 genes, 1203 xrefs, 0 changed (1.4s)
    release 34: 17244 genes, 1203 xrefs, 0 changed (1.4s)
    release 35: 17244 genes, 1203 xrefs, 0 changed (1.4s)
    release 36: 17244 genes, 1203 xrefs, 0 changed (1.5s)
    release 37: 17244 genes, 1203 xrefs, 0 changed (1.5s)
    release 38: 15741 genes, 650 xrefs, 63 changed (1.6s)
    release 39: 15741 genes, 650 xrefs, 0 changed (1.5s)
    release 40: 15741 genes, 650 xrefs, 0 changed (1.3s)
    release 41: 15741 genes, 650 xrefs, 0 changed (1.7s)
    release 42: 15741 genes, 650 xrefs, 0 changed (1.6s)
    release 43: 15741 genes, 650 xrefs, 0 changed (1.5s)
    release 44: 15741 genes, 650 xrefs, 0 changed (1.7s)
    release 45: 15741 genes, 650 xrefs, 0 changed (1.5s)
    release 46: 15738 genes, 648 xrefs, 0 changed (1.7s)
    release 47: 15738 genes, 648 xrefs, 0 changed (1.8s)
    release 48: 15738 genes, 648 xrefs, 0 changed (1.6s)
    release 49: 15738 genes, 648 xrefs, 0 changed (1.8s)
    release 50: 15738 genes, 648 xrefs, 0 changed (1.7s)
    release 51: 15736 genes, 629 xrefs, 0 changed (2.4s)
    release 52: 15736 genes, 629 xrefs, 0 changed (1.8s)
    release 53: 15736 genes, 629 xrefs, 0 changed (1.8s)
    release 54: 15736 genes, 629 xrefs, 0 changed (1.7s)
    release 55: 15736 genes, 629 xrefs, 0 changed (1.7s)
    release 56: 15736 genes, 629 xrefs, 0 changed (1.7s)
    release 57: 15736 genes, 629 xrefs, 0 changed (1.7s)
    release 58: 15736 genes, 629 xrefs, 0 changed (1.9s)
    release 59: 15736 genes, 629 xrefs, 0 changed (1.4s)
  hordeum_vulgare_hor9972: 2 releases, 49501 genes in db
    release 61: 49501 genes, 260 xrefs, 0 changed (2.0s)
    release 62: 49501 genes, 260 xrefs, 0 changed (1.5s)
  hordeum_vulgare_igri: 2 releases, 51415 genes in db
    release 61: 51415 genes, 28 xrefs, 0 changed (1.7s)
    release 62: 51415 genes, 311 xrefs, 0 changed (2.5s)
  hordeum_vulgare_maximus: 2 releases, 50406 genes in db
    release 61: 50406 genes, 305 xrefs, 0 changed (2.0s)
    release 62: 50406 genes, 305 xrefs, 0 changed (2.2s)
  hordeum_vulgare_oun333: 2 releases, 51201 genes in db
    release 61: 51201 genes, 27 xrefs, 0 changed (1.8s)
    release 62: 51201 genes, 293 xrefs, 0 changed (1.9s)
  hordeum_vulgare_rgtplanet: 2 releases, 52080 genes in db
    release 61: 52080 genes, 1 xrefs, 0 changed (2.0s)
    release 62: 52080 genes, 351 xrefs, 0 changed (2.2s)
  hordeum_vulgare_wbdc078: 2 releases, 48446 genes in db
    release 61: 48446 genes, 220 xrefs, 0 changed (1.7s)
    release 62: 48446 genes, 220 xrefs, 0 changed (1.4s)
  hordeum_vulgare_wbdc103: 2 releases, 48007 genes in db
    release 61: 48007 genes, 23 xrefs, 0 changed (1.8s)
    release 62: 48007 genes, 206 xrefs, 0 changed (1.3s)
  hordeum_vulgare_wbdc133: 2 releases, 48310 genes in db
    release 61: 48310 genes, 2 xrefs, 0 changed (1.7s)
    release 62: 48310 genes, 202 xrefs, 0 changed (1.5s)
  hordeum_vulgare_wbdc184: 2 releases, 48389 genes in db
    release 61: 48389 genes, 24 xrefs, 0 changed (1.9s)
    release 62: 48389 genes, 252 xrefs, 0 changed (1.4s)
  hordeum_vulgare_wbdc199: 2 releases, 48284 genes in db
    release 61: 48284 genes, 212 xrefs, 0 changed (1.7s)
    release 62: 48284 genes, 212 xrefs, 0 changed (1.5s)
  hordeum_vulgare_wbdc207: 2 releases, 48480 genes in db
    release 61: 48480 genes, 2 xrefs, 0 changed (1.9s)
    release 62: 48480 genes, 200 xrefs, 0 changed (1.4s)
  hordeum_vulgare_wbdc237: 2 releases, 48479 genes in db
    release 61: 48479 genes, 221 xrefs, 0 changed (1.8s)
    release 62: 48479 genes, 221 xrefs, 0 changed (1.6s)
  hordeum_vulgare_wbdc348: 2 releases, 48355 genes in db
    release 61: 48355 genes, 1 xrefs, 0 changed (1.9s)
    release 62: 48355 genes, 237 xrefs, 0 changed (1.5s)
  phaeosphaeria_nodorum: 52 releases, 12773 genes in db
    release 12: 12678 genes, 37509 xrefs, 829 changed (2.0s)
    release 13: 12678 genes, 37509 xrefs, 0 changed (2.1s)
    release 14: 12678 genes, 37509 xrefs, 0 changed (2.2s)
    release 15: 12678 genes, 37509 xrefs, 0 changed (1.9s)
    release 16: 12678 genes, 37509 xrefs, 0 changed (2.0s)
    release 17: 12678 genes, 37509 xrefs, 0 changed (2.0s)
    release 18: 12678 genes, 37509 xrefs, 0 changed (2.3s)
    release 19: 12678 genes, 37509 xrefs, 0 changed (2.0s)
    release 20: 12678 genes, 37509 xrefs, 0 changed (2.1s)
    release 21: 12678 genes, 37509 xrefs, 0 changed (2.1s)
    release 22: 12678 genes, 37509 xrefs, 0 changed (2.3s)
    release 23: 12678 genes, 37509 xrefs, 0 changed (2.2s)
    release 24: 12678 genes, 37509 xrefs, 0 changed (2.5s)
    release 25: 12678 genes, 37509 xrefs, 0 changed (2.4s)
    release 26: 12678 genes, 37509 xrefs, 0 changed (3.0s)
    release 27: 12678 genes, 37509 xrefs, 0 changed (2.8s)
    release 28: 12678 genes, 37509 xrefs, 0 changed (2.5s)
    release 29: 12678 genes, 37509 xrefs, 0 changed (2.5s)
    release 30: 12678 genes, 37509 xrefs, 0 changed (2.6s)
    release 31: 12678 genes, 37509 xrefs, 0 changed (2.3s)
    release 32: 12678 genes, 37509 xrefs, 0 changed (2.6s)
    release 33: 12678 genes, 37509 xrefs, 0 changed (2.9s)
    release 34: 12678 genes, 37509 xrefs, 0 changed (2.4s)
    release 35: 12678 genes, 37500 xrefs, 0 changed (2.8s)
    release 36: 12678 genes, 37500 xrefs, 0 changed (2.6s)
    release 37: 12773 genes, 37527 xrefs, 0 changed (2.3s)
    release 38: 12773 genes, 37506 xrefs, 0 changed (2.5s)
    release 39: 12773 genes, 37506 xrefs, 0 changed (2.6s)
    release 40: 12773 genes, 37506 xrefs, 0 changed (2.3s)
    release 41: 12773 genes, 37506 xrefs, 0 changed (2.4s)
    release 42: 12773 genes, 37506 xrefs, 0 changed (2.5s)
    release 43: 12773 genes, 37506 xrefs, 0 changed (2.5s)
    release 44: 12773 genes, 37506 xrefs, 0 changed (2.7s)
    release 45: 12773 genes, 37506 xrefs, 0 changed (2.4s)
    release 46: 12773 genes, 37506 xrefs, 0 changed (2.9s)
    release 47: 12773 genes, 37506 xrefs, 0 changed (3.2s)
    release 48: 12773 genes, 37506 xrefs, 0 changed (2.9s)
    release 49: 12773 genes, 37506 xrefs, 0 changed (3.1s)
    release 50: 12773 genes, 37506 xrefs, 0 changed (3.1s)
    release 51: 12773 genes, 37506 xrefs, 0 changed (3.5s)
    release 52: 12773 genes, 37506 xrefs, 8 changed (3.3s)
    release 53: 12773 genes, 37506 xrefs, 0 changed (3.0s)
    release 54: 12773 genes, 37506 xrefs, 0 changed (3.0s)
    release 55: 12773 genes, 37506 xrefs, 0 changed (3.0s)
    release 56: 12773 genes, 37506 xrefs, 0 changed (3.3s)
    release 57: 12773 genes, 37506 xrefs, 0 changed (3.3s)
    release 58: 12773 genes, 37506 xrefs, 0 changed (3.4s)
    release 59: 12773 genes, 37506 xrefs, 0 changed (3.1s)
    release 60: 12773 genes, 37506 xrefs, 0 changed (3.6s)
    release 61: 12773 genes, 37506 xrefs, 0 changed (3.7s)
    release 62: 12773 genes, 37506 xrefs, 0 changed (3.2s)
  pyrenophora_triticirepentis: 46 releases, 12693 genes in db
    release 17: 12387 genes, 30104 xrefs, 12348 changed (2.5s)
    release 18: 12387 genes, 30104 xrefs, 0 changed (2.3s)
    release 19: 12387 genes, 30104 xrefs, 0 changed (1.9s)
    release 20: 12387 genes, 30104 xrefs, 0 changed (1.9s)
    release 21: 12387 genes, 30104 xrefs, 0 changed (2.0s)
    release 22: 12387 genes, 30104 xrefs, 0 changed (2.1s)
    release 23: 12387 genes, 30104 xrefs, 0 changed (2.1s)
    release 24: 12387 genes, 30104 xrefs, 0 changed (2.3s)
    release 25: 12387 genes, 30104 xrefs, 0 changed (2.4s)
    release 26: 12387 genes, 30104 xrefs, 0 changed (2.5s)
    release 27: 12387 genes, 30104 xrefs, 0 changed (2.6s)
    release 28: 12387 genes, 30104 xrefs, 0 changed (2.9s)
    release 29: 12387 genes, 30104 xrefs, 0 changed (2.6s)
    release 30: 12387 genes, 30104 xrefs, 0 changed (2.5s)
    release 31: 12387 genes, 30104 xrefs, 0 changed (2.9s)
    release 32: 12387 genes, 30104 xrefs, 0 changed (2.8s)
    release 33: 12387 genes, 30104 xrefs, 0 changed (2.9s)
    release 34: 12387 genes, 30104 xrefs, 0 changed (2.7s)
    release 35: 12387 genes, 17935 xrefs, 0 changed (2.7s)
    release 36: 12387 genes, 17935 xrefs, 0 changed (2.4s)
    release 37: 12564 genes, 17982 xrefs, 0 changed (2.4s)
    release 38: 12564 genes, 17943 xrefs, 0 changed (2.8s)
    release 39: 12298 genes, 31235 xrefs, 12163 changed (3.3s)
    release 40: 12298 genes, 31235 xrefs, 0 changed (2.9s)
    release 41: 12298 genes, 31235 xrefs, 0 changed (3.2s)
    release 42: 12298 genes, 31235 xrefs, 0 changed (3.2s)
    release 43: 12298 genes, 31235 xrefs, 0 changed (3.3s)
    release 44: 12298 genes, 31235 xrefs, 0 changed (3.0s)
    release 45: 12298 genes, 31235 xrefs, 0 changed (2.9s)
    release 46: 12298 genes, 31235 xrefs, 0 changed (3.0s)
    release 47: 12298 genes, 31235 xrefs, 0 changed (2.8s)
    release 48: 12298 genes, 31235 xrefs, 0 changed (2.7s)
    release 49: 12298 genes, 31235 xrefs, 0 changed (2.9s)
    release 50: 12298 genes, 31235 xrefs, 0 changed (2.8s)
    release 51: 12298 genes, 31235 xrefs, 0 changed (3.3s)
    release 52: 12298 genes, 31235 xrefs, 120 changed (2.9s)
    release 53: 12298 genes, 31235 xrefs, 0 changed (2.7s)
    release 54: 12298 genes, 31235 xrefs, 0 changed (3.0s)
    release 55: 12298 genes, 31235 xrefs, 0 changed (2.7s)
    release 56: 12298 genes, 31235 xrefs, 0 changed (2.8s)
    release 57: 12298 genes, 31235 xrefs, 0 changed (2.9s)
    release 58: 12298 genes, 31235 xrefs, 0 changed (2.9s)
    release 59: 12298 genes, 31235 xrefs, 0 changed (3.6s)
    release 60: 12298 genes, 31235 xrefs, 0 changed (3.3s)
    release 61: 12298 genes, 31235 xrefs, 0 changed (3.1s)
    release 62: 12298 genes, 31235 xrefs, 0 changed (3.1s)
  schizosaccharomyces_japonicus: 42 releases, 6006 genes in db
    release 21: 5636 genes, 5283 xrefs, 5215 changed (0.8s)
    release 22: 5636 genes, 5283 xrefs, 0 changed (0.9s)
    release 23: 5636 genes, 5283 xrefs, 0 changed (0.9s)
    release 24: 5636 genes, 5283 xrefs, 0 changed (0.9s)
    release 25: 5636 genes, 5283 xrefs, 0 changed (1.2s)
    release 26: 5636 genes, 5283 xrefs, 0 changed (1.3s)
    release 27: 5636 genes, 5283 xrefs, 0 changed (1.3s)
    release 28: 5636 genes, 5283 xrefs, 0 changed (1.3s)
    release 29: 5636 genes, 5283 xrefs, 0 changed (1.2s)
    release 30: 5636 genes, 5283 xrefs, 0 changed (1.4s)
    release 31: 5636 genes, 5283 xrefs, 0 changed (1.3s)
    release 32: 5636 genes, 5283 xrefs, 0 changed (1.4s)
    release 33: 5636 genes, 5283 xrefs, 0 changed (1.4s)
    release 34: 5636 genes, 5283 xrefs, 0 changed (1.5s)
    release 35: 5636 genes, 5283 xrefs, 0 changed (1.6s)
    release 36: 5636 genes, 5283 xrefs, 0 changed (1.4s)
    release 37: 6006 genes, 5331 xrefs, 0 changed (1.8s)
    release 38: 6006 genes, 5287 xrefs, 0 changed (1.4s)
    release 39: 6006 genes, 5287 xrefs, 0 changed (1.6s)
    release 40: 6006 genes, 5287 xrefs, 0 changed (1.6s)
    release 41: 6006 genes, 5287 xrefs, 0 changed (1.5s)
    release 42: 6006 genes, 5287 xrefs, 0 changed (1.6s)
    release 43: 6006 genes, 5287 xrefs, 0 changed (1.5s)
    release 44: 6006 genes, 5287 xrefs, 0 changed (1.3s)
    release 45: 6006 genes, 5287 xrefs, 0 changed (1.6s)
    release 46: 6006 genes, 5287 xrefs, 0 changed (1.4s)
    release 47: 6006 genes, 5287 xrefs, 0 changed (1.3s)
    release 48: 6006 genes, 5287 xrefs, 0 changed (1.2s)
    release 49: 6006 genes, 5287 xrefs, 0 changed (1.4s)
    release 50: 6006 genes, 5287 xrefs, 0 changed (1.4s)
    release 51: 6006 genes, 5287 xrefs, 0 changed (1.7s)
    release 52: 6006 genes, 10156 xrefs, 4869 changed (1.6s)
    release 53: 6006 genes, 10156 xrefs, 0 changed (1.6s)
    release 54: 6006 genes, 10156 xrefs, 0 changed (1.6s)
    release 55: 6006 genes, 10156 xrefs, 0 changed (1.6s)
    release 56: 6006 genes, 10156 xrefs, 0 changed (2.0s)
    release 57: 6006 genes, 10156 xrefs, 0 changed (1.7s)
    release 58: 6006 genes, 10156 xrefs, 0 changed (1.7s)
    release 59: 6006 genes, 10156 xrefs, 0 changed (1.7s)
    release 60: 6006 genes, 10156 xrefs, 0 changed (1.6s)
    release 61: 6006 genes, 10156 xrefs, 0 changed (1.8s)
    release 62: 6006 genes, 10156 xrefs, 0 changed (2.1s)
  sclerotinia_sclerotiorum: 49 releases, 10637 genes in db
    release 14: 10413 genes, 24345 xrefs, 10381 changed (1.9s)
    release 15: 10413 genes, 24345 xrefs, 0 changed (1.7s)
    release 16: 10413 genes, 24345 xrefs, 0 changed (1.8s)
    release 17: 10413 genes, 24345 xrefs, 0 changed (1.7s)
    release 18: 10413 genes, 24345 xrefs, 0 changed (1.9s)
    release 19: 10413 genes, 24345 xrefs, 0 changed (1.9s)
    release 20: 10413 genes, 24345 xrefs, 0 changed (1.8s)
    release 21: 10413 genes, 24345 xrefs, 0 changed (1.9s)
    release 22: 10413 genes, 24345 xrefs, 0 changed (1.7s)
    release 23: 10413 genes, 24345 xrefs, 0 changed (1.7s)
    release 24: 10413 genes, 24345 xrefs, 0 changed (1.8s)
    release 25: 10413 genes, 24345 xrefs, 0 changed (1.9s)
    release 26: 10413 genes, 24345 xrefs, 0 changed (2.1s)
    release 27: 10413 genes, 24345 xrefs, 0 changed (2.1s)
    release 28: 10413 genes, 24345 xrefs, 0 changed (2.1s)
    release 29: 10413 genes, 24345 xrefs, 0 changed (2.3s)
    release 30: 10413 genes, 24345 xrefs, 0 changed (1.9s)
    release 31: 10413 genes, 24345 xrefs, 0 changed (2.0s)
    release 32: 10413 genes, 24345 xrefs, 0 changed (2.2s)
    release 33: 10413 genes, 24345 xrefs, 0 changed (2.1s)
    release 34: 10413 genes, 24345 xrefs, 0 changed (2.0s)
    release 35: 10413 genes, 14170 xrefs, 0 changed (2.1s)
    release 36: 10413 genes, 14170 xrefs, 0 changed (1.7s)
    release 37: 10637 genes, 14207 xrefs, 0 changed (1.9s)
    release 38: 10637 genes, 14179 xrefs, 0 changed (1.9s)
    release 39: 10637 genes, 14179 xrefs, 0 changed (2.2s)
    release 40: 10637 genes, 14179 xrefs, 0 changed (1.9s)
    release 41: 10637 genes, 14179 xrefs, 0 changed (2.1s)
    release 42: 10637 genes, 14179 xrefs, 0 changed (1.9s)
    release 43: 10637 genes, 14179 xrefs, 0 changed (2.1s)
    release 44: 10637 genes, 14179 xrefs, 0 changed (1.9s)
    release 45: 10637 genes, 14179 xrefs, 0 changed (1.8s)
    release 46: 10637 genes, 14179 xrefs, 0 changed (1.9s)
    release 47: 10637 genes, 14179 xrefs, 0 changed (2.0s)
    release 48: 10637 genes, 14179 xrefs, 0 changed (2.1s)
    release 49: 10637 genes, 14179 xrefs, 0 changed (2.0s)
    release 50: 10637 genes, 14179 xrefs, 0 changed (1.8s)
    release 51: 10637 genes, 14179 xrefs, 0 changed (2.4s)
    release 52: 10637 genes, 24363 xrefs, 10165 changed (2.5s)
    release 53: 10637 genes, 24363 xrefs, 0 changed (2.3s)
    release 54: 10637 genes, 24363 xrefs, 0 changed (2.4s)
    release 55: 10637 genes, 24363 xrefs, 0 changed (2.5s)
    release 56: 10637 genes, 24363 xrefs, 0 changed (2.4s)
    release 57: 10637 genes, 24363 xrefs, 0 changed (2.6s)
    release 58: 10637 genes, 24363 xrefs, 0 changed (2.5s)
    release 59: 10637 genes, 24363 xrefs, 0 changed (2.3s)
    release 60: 10637 genes, 24363 xrefs, 0 changed (2.8s)
    release 61: 10637 genes, 24363 xrefs, 0 changed (2.6s)
    release 62: 10637 genes, 24363 xrefs, 0 changed (2.5s)
  sporisorium_reilianum: 46 releases, 6911 genes in db
    release 17: 6803 genes, 17269 xrefs, 227 changed (1.0s)
    release 18: 6803 genes, 17269 xrefs, 0 changed (1.2s)
    release 19: 6803 genes, 17269 xrefs, 0 changed (1.1s)
    release 20: 6803 genes, 17269 xrefs, 0 changed (1.1s)
    release 21: 6803 genes, 17269 xrefs, 0 changed (1.2s)
    release 22: 6803 genes, 17269 xrefs, 0 changed (1.2s)
    release 23: 6803 genes, 17269 xrefs, 0 changed (1.3s)
    release 24: 6803 genes, 17269 xrefs, 0 changed (1.3s)
    release 25: 6803 genes, 17269 xrefs, 0 changed (1.8s)
    release 26: 6803 genes, 17269 xrefs, 0 changed (1.6s)
    release 27: 6803 genes, 17269 xrefs, 0 changed (1.6s)
    release 28: 6803 genes, 17269 xrefs, 0 changed (1.5s)
    release 29: 6803 genes, 17269 xrefs, 0 changed (1.5s)
    release 30: 6803 genes, 17269 xrefs, 0 changed (1.9s)
    release 31: 6803 genes, 17269 xrefs, 0 changed (1.7s)
    release 32: 6803 genes, 17269 xrefs, 105 changed (1.6s)
    release 33: 6803 genes, 17269 xrefs, 0 changed (1.6s)
    release 34: 6803 genes, 17269 xrefs, 0 changed (1.6s)
    release 35: 6803 genes, 10701 xrefs, 0 changed (1.5s)
    release 36: 6803 genes, 10701 xrefs, 0 changed (1.6s)
    release 37: 6911 genes, 10727 xrefs, 0 changed (1.6s)
    release 38: 6911 genes, 10704 xrefs, 0 changed (1.6s)
    release 39: 6911 genes, 10704 xrefs, 0 changed (1.5s)
    release 40: 6911 genes, 10704 xrefs, 0 changed (1.5s)
    release 41: 6911 genes, 10704 xrefs, 0 changed (1.7s)
    release 42: 6911 genes, 10704 xrefs, 0 changed (1.5s)
    release 43: 6911 genes, 10704 xrefs, 0 changed (1.5s)
    release 44: 6911 genes, 10704 xrefs, 0 changed (1.6s)
    release 45: 6911 genes, 10704 xrefs, 0 changed (1.6s)
    release 46: 6911 genes, 10704 xrefs, 0 changed (1.4s)
    release 47: 6911 genes, 10704 xrefs, 0 changed (1.5s)
    release 48: 6911 genes, 10704 xrefs, 0 changed (1.6s)
    release 49: 6911 genes, 10704 xrefs, 0 changed (1.7s)
    release 50: 6911 genes, 10704 xrefs, 0 changed (1.5s)
    release 51: 6911 genes, 10704 xrefs, 0 changed (1.9s)
    release 52: 6911 genes, 10704 xrefs, 0 changed (1.6s)
    release 53: 6911 genes, 10704 xrefs, 0 changed (1.5s)
    release 54: 6911 genes, 10704 xrefs, 0 changed (1.5s)
    release 55: 6911 genes, 10704 xrefs, 0 changed (1.7s)
    release 56: 6911 genes, 10704 xrefs, 0 changed (1.6s)
    release 57: 6911 genes, 10704 xrefs, 0 changed (1.6s)
    release 58: 6911 genes, 10704 xrefs, 0 changed (1.6s)
    release 59: 6911 genes, 10704 xrefs, 0 changed (1.6s)
    release 60: 6911 genes, 10704 xrefs, 0 changed (1.5s)
    release 61: 6911 genes, 10704 xrefs, 0 changed (1.6s)
    release 62: 6911 genes, 10704 xrefs, 0 changed (1.7s)
  caenorhabditis_elegans: 62 releases, 94278 genes in db
    release 65: 45461 genes, 151148 xrefs, 2669 changed (8.2s)
    release 66: 45461 genes, 151148 xrefs, 5 changed (8.3s)
    release 67: 45836 genes, 159592 xrefs, 1477 changed (8.0s)
    release 68: 45836 genes, 159592 xrefs, 0 changed (7.4s)
    release 69: 45836 genes, 159592 xrefs, 0 changed (8.5s)
    release 70: 45836 genes, 159592 xrefs, 0 changed (8.0s)
    release 71: 46589 genes, 201528 xrefs, 5681 changed (9.4s)
    release 72: 46589 genes, 201528 xrefs, 0 changed (8.8s)
    release 73: 46589 genes, 201528 xrefs, 0 changed (9.2s)
    release 74: 46589 genes, 201528 xrefs, 0 changed (9.1s)
    release 75: 46726 genes, 273382 xrefs, 10237 changed (9.8s)
    release 76: 46726 genes, 273382 xrefs, 0 changed (10.0s)
    release 77: 46726 genes, 273382 xrefs, 0 changed (11.1s)
    release 78: 46748 genes, 223447 xrefs, 2761 changed (9.8s)
    release 79: 46748 genes, 223447 xrefs, 0 changed (9.2s)
    release 80: 46748 genes, 223447 xrefs, 0 changed (8.4s)
    release 81: 46748 genes, 223447 xrefs, 0 changed (9.5s)
    release 82: 46748 genes, 223447 xrefs, 0 changed (9.5s)
    release 83: 46748 genes, 223447 xrefs, 0 changed (9.0s)
    release 84: 46748 genes, 223447 xrefs, 0 changed (8.8s)
    release 85: 46739 genes, 230267 xrefs, 4852 changed (9.9s)
    release 86: 46739 genes, 230267 xrefs, 0 changed (9.6s)
    release 87: 46739 genes, 230267 xrefs, 0 changed (9.2s)
    release 88: 46739 genes, 230267 xrefs, 0 changed (8.5s)
    release 90: 46739 genes, 230267 xrefs, 0 changed (8.8s)
    release 91: 46778 genes, 229880 xrefs, 517 changed (9.3s)
    release 92: 46778 genes, 229880 xrefs, 0 changed (8.2s)
    release 93: 46778 genes, 229880 xrefs, 0 changed (9.1s)
    release 94: 46778 genes, 229880 xrefs, 0 changed (9.1s)
    release 95: 46778 genes, 229880 xrefs, 0 changed (9.9s)
    release 96: 46778 genes, 229880 xrefs, 0 changed (9.4s)
    release 97: 46904 genes, 207672 xrefs, 1435 changed (9.0s)
    release 98: 46904 genes, 207672 xrefs, 0 changed (8.7s)
    release 99: 46904 genes, 207672 xrefs, 0 changed (8.9s)
    release 100: 46904 genes, 207672 xrefs, 0 changed (8.1s)
    release 101: 46904 genes, 207672 xrefs, 0 changed (8.7s)
    release 102: 46904 genes, 207672 xrefs, 0 changed (10.6s)
    release 103: 46904 genes, 207672 xrefs, 0 changed (9.3s)
    release 104: 46904 genes, 207672 xrefs, 0 changed (9.4s)
    release 105: 46904 genes, 207672 xrefs, 0 changed (8.5s)
    release 106: 46934 genes, 270558 xrefs, 3286 changed (10.3s)
    release 107: 46934 genes, 270558 xrefs, 0 changed (10.9s)
    release 108: 46926 genes, 270806 xrefs, 52 changed (10.6s)
    release 109: 46926 genes, 270806 xrefs, 0 changed (9.3s)
    release 110: 46926 genes, 270806 xrefs, 0 changed (10.4s)
    release 111: 46926 genes, 270806 xrefs, 0 changed (9.9s)
    release 112: 46926 genes, 270806 xrefs, 0 changed (9.9s)
    release 113: 46926 genes, 271126 xrefs, 2105 changed (11.2s)
    release 114: 46926 genes, 271126 xrefs, 0 changed (12.0s)
    release 115: 46926 genes, 271126 xrefs, 0 changed (9.2s)
  heterocephalus_glaber_female: 26 releases, 50974 genes in db
    release 90: 31806 genes, 48815 xrefs, 18665 changed (6.1s)
    release 91: 31806 genes, 48050 xrefs, 1196 changed (6.0s)
    release 92: 31806 genes, 49471 xrefs, 6350 changed (6.4s)
    release 93: 31806 genes, 49530 xrefs, 505 changed (6.8s)
    release 94: 31806 genes, 45712 xrefs, 4791 changed (7.1s)
    release 95: 31806 genes, 47272 xrefs, 1625 changed (6.7s)
    release 96: 31806 genes, 49982 xrefs, 5169 changed (8.3s)
    release 97: 31806 genes, 49971 xrefs, 397 changed (8.9s)
    release 98: 31806 genes, 45945 xrefs, 7032 changed (8.8s)
    release 99: 31806 genes, 30984 xrefs, 8911 changed (8.3s)
    release 100: 31806 genes, 30949 xrefs, 242 changed (7.0s)
    release 101: 31806 genes, 30934 xrefs, 189 changed (7.0s)
    release 102: 31806 genes, 30767 xrefs, 210 changed (6.6s)
    release 103: 31806 genes, 30804 xrefs, 196 changed (7.5s)
    release 104: 31806 genes, 30850 xrefs, 340 changed (7.6s)
    release 105: 31806 genes, 31027 xrefs, 272 changed (7.2s)
    release 106: 31806 genes, 31054 xrefs, 158 changed (7.1s)
    release 107: 31806 genes, 31246 xrefs, 309 changed (6.7s)
    release 108: 31806 genes, 31247 xrefs, 125 changed (6.9s)
    release 109: 31806 genes, 31235 xrefs, 139 changed (7.0s)
    release 110: 35328 genes, 48794 xrefs, 6363 changed (5.9s)
    release 111: 35328 genes, 48639 xrefs, 553 changed (5.7s)
    release 112: 35328 genes, 48665 xrefs, 556 changed (6.2s)
    release 113: 35328 genes, 47734 xrefs, 1944 changed (5.7s)
    release 114: 35328 genes, 47284 xrefs, 1355 changed (6.3s)
    release 115: 35328 genes, 47245 xrefs, 380 changed (5.9s)
  tuber_melanosporum: 52 releases, 7976 genes in db
    release 12: 7727 genes, 41322 xrefs, 281 changed (2.4s)
    release 13: 7727 genes, 41322 xrefs, 0 changed (2.4s)
    release 14: 7727 genes, 41322 xrefs, 0 changed (2.4s)
    release 15: 7727 genes, 41322 xrefs, 0 changed (2.5s)
    release 16: 7727 genes, 41322 xrefs, 0 changed (2.1s)
    release 17: 7727 genes, 41322 xrefs, 0 changed (2.2s)
    release 18: 7727 genes, 41322 xrefs, 0 changed (2.2s)
    release 19: 7727 genes, 41322 xrefs, 0 changed (2.2s)
    release 20: 7727 genes, 41322 xrefs, 0 changed (2.4s)
    release 21: 7727 genes, 41322 xrefs, 0 changed (2.4s)
    release 22: 7727 genes, 41322 xrefs, 0 changed (2.4s)
    release 23: 7727 genes, 41322 xrefs, 0 changed (2.3s)
    release 24: 7727 genes, 41322 xrefs, 0 changed (2.5s)
    release 25: 7727 genes, 41322 xrefs, 0 changed (2.6s)
    release 26: 7727 genes, 41322 xrefs, 0 changed (2.7s)
    release 27: 7727 genes, 41322 xrefs, 0 changed (2.8s)
    release 28: 7727 genes, 41322 xrefs, 0 changed (2.9s)
    release 29: 7727 genes, 41322 xrefs, 0 changed (2.8s)
    release 30: 7727 genes, 41322 xrefs, 0 changed (2.6s)
    release 31: 7727 genes, 41322 xrefs, 0 changed (2.7s)
    release 32: 7727 genes, 41322 xrefs, 0 changed (2.9s)
    release 33: 7727 genes, 41322 xrefs, 0 changed (2.8s)
    release 34: 7727 genes, 41322 xrefs, 0 changed (2.8s)
    release 35: 7727 genes, 33826 xrefs, 0 changed (2.6s)
    release 36: 7727 genes, 33826 xrefs, 0 changed (2.4s)
    release 37: 7976 genes, 33873 xrefs, 0 changed (2.4s)
    release 38: 7976 genes, 33847 xrefs, 0 changed (2.5s)
    release 39: 7976 genes, 33847 xrefs, 0 changed (2.6s)
    release 40: 7976 genes, 33847 xrefs, 0 changed (2.6s)
    release 41: 7976 genes, 33847 xrefs, 0 changed (2.5s)
    release 42: 7976 genes, 33847 xrefs, 0 changed (2.9s)
    release 43: 7976 genes, 33847 xrefs, 0 changed (2.6s)
    release 44: 7976 genes, 33847 xrefs, 0 changed (2.6s)
    release 45: 7976 genes, 33847 xrefs, 0 changed (2.6s)
    release 46: 7976 genes, 33847 xrefs, 0 changed (2.7s)
    release 47: 7976 genes, 33847 xrefs, 0 changed (2.5s)
    release 48: 7976 genes, 33847 xrefs, 0 changed (2.4s)
    release 49: 7976 genes, 33847 xrefs, 0 changed (2.4s)
    release 50: 7976 genes, 33847 xrefs, 0 changed (2.7s)
    release 51: 7976 genes, 33847 xrefs, 0 changed (3.0s)
    release 52: 7976 genes, 33919 xrefs, 75 changed (2.8s)
    release 53: 7976 genes, 33919 xrefs, 0 changed (2.5s)
    release 54: 7976 genes, 33919 xrefs, 0 changed (2.4s)
    release 55: 7976 genes, 33919 xrefs, 0 changed (2.3s)
    release 56: 7976 genes, 33919 xrefs, 0 changed (2.3s)
    release 57: 7976 genes, 33919 xrefs, 0 changed (2.3s)
    release 58: 7976 genes, 33919 xrefs, 0 changed (2.3s)
    release 59: 7976 genes, 33919 xrefs, 0 changed (2.3s)
    release 60: 7976 genes, 33919 xrefs, 0 changed (2.3s)
    release 61: 7976 genes, 33919 xrefs, 0 changed (2.4s)
    release 62: 7976 genes, 33919 xrefs, 0 changed (2.3s)
  ustilago_maydis: 53 releases, 13749 genes in db
    release 12: 6690 genes, 13072 xrefs, 23 changed (1.1s)
    release 13: 6690 genes, 13072 xrefs, 0 changed (1.1s)
    release 14: 6690 genes, 13072 xrefs, 0 changed (1.3s)
    release 15: 6690 genes, 13072 xrefs, 0 changed (1.1s)
    release 16: 6690 genes, 13072 xrefs, 0 changed (1.1s)
    release 17: 6690 genes, 13072 xrefs, 0 changed (1.2s)
    release 18: 6690 genes, 13072 xrefs, 0 changed (1.3s)
    release 19: 6690 genes, 13072 xrefs, 0 changed (1.3s)
    release 20: 6690 genes, 13072 xrefs, 0 changed (1.3s)
    release 21: 6690 genes, 6948 xrefs, 0 changed (1.4s)
    release 22: 6690 genes, 6950 xrefs, 23 changed (1.5s)
    release 23: 6690 genes, 6950 xrefs, 0 changed (1.5s)
    release 24: 6690 genes, 6950 xrefs, 0 changed (1.6s)
    release 25: 6690 genes, 19994 xrefs, 6522 changed (1.7s)
    release 26: 6690 genes, 19994 xrefs, 0 changed (1.9s)
    release 27: 6690 genes, 19994 xrefs, 0 changed (1.5s)
    release 28: 6690 genes, 19994 xrefs, 0 changed (1.6s)
    release 29: 6690 genes, 19994 xrefs, 0 changed (1.9s)
    release 30: 6690 genes, 19994 xrefs, 0 changed (1.7s)
    release 31: 6690 genes, 19994 xrefs, 0 changed (1.4s)
    release 32: 6910 genes, 11431 xrefs, 6758 changed (1.3s)
    release 33: 6910 genes, 11431 xrefs, 0 changed (1.4s)
    release 34: 6910 genes, 11431 xrefs, 0 changed (1.4s)
    release 35: 6910 genes, 11431 xrefs, 0 changed (1.5s)
    release 36: 6910 genes, 11431 xrefs, 0 changed (1.3s)
    release 37: 7059 genes, 11458 xrefs, 0 changed (1.3s)
    release 38: 7059 genes, 11458 xrefs, 0 changed (1.5s)
    release 39: 7059 genes, 11458 xrefs, 0 changed (1.5s)
    release 40: 7059 genes, 11458 xrefs, 0 changed (1.5s)
    release 41: 7059 genes, 11458 xrefs, 0 changed (1.7s)
    release 42: 7059 genes, 11458 xrefs, 0 changed (1.5s)
    release 43: 7059 genes, 11458 xrefs, 0 changed (1.4s)
    release 44: 7059 genes, 11458 xrefs, 0 changed (1.6s)
    release 45: 7059 genes, 11458 xrefs, 0 changed (1.6s)
    release 46: 7059 genes, 11458 xrefs, 0 changed (1.5s)
    release 47: 7059 genes, 11313 xrefs, 0 changed (1.5s)
    release 48: 7059 genes, 11313 xrefs, 0 changed (1.6s)
    release 49: 7059 genes, 11313 xrefs, 0 changed (1.8s)
    release 50: 7059 genes, 11313 xrefs, 0 changed (1.7s)
    release 51: 7059 genes, 11313 xrefs, 0 changed (1.7s)
    release 52: 7059 genes, 18071 xrefs, 6758 changed (2.0s)
    release 53: 7059 genes, 18071 xrefs, 0 changed (1.9s)
    release 54: 7059 genes, 18071 xrefs, 0 changed (2.1s)
    release 55: 7059 genes, 18071 xrefs, 0 changed (1.9s)
    release 56: 7059 genes, 18071 xrefs, 0 changed (1.9s)
    release 57: 7059 genes, 18071 xrefs, 0 changed (1.9s)
    release 58: 7059 genes, 18071 xrefs, 0 changed (2.0s)
    release 59: 7059 genes, 18071 xrefs, 0 changed (2.0s)
    release 60: 7059 genes, 18071 xrefs, 0 changed (2.1s)
    release 61: 7059 genes, 18071 xrefs, 0 changed (2.2s)
    release 62: 7059 genes, 18071 xrefs, 0 changed (2.0s)
  macaca_nemestrina: 25 releases, 28865 genes in db
    release 91: 28232 genes, 47281 xrefs, 18635 changed (6.8s)
    release 92: 28865 genes, 51403 xrefs, 7149 changed (5.7s)
    release 93: 28865 genes, 86797 xrefs, 1117 changed (10.0s)
    release 94: 28865 genes, 91464 xrefs, 2936 changed (10.1s)
    release 95: 28865 genes, 92874 xrefs, 816 changed (10.2s)
    release 96: 28865 genes, 89882 xrefs, 1766 changed (9.9s)
    release 97: 28865 genes, 92564 xrefs, 1707 changed (10.3s)
    release 98: 28865 genes, 91744 xrefs, 5488 changed (11.4s)
    release 99: 28865 genes, 87439 xrefs, 16137 changed (9.8s)
    release 100: 28865 genes, 87350 xrefs, 343 changed (8.6s)
    release 101: 28865 genes, 87572 xrefs, 410 changed (8.8s)
    release 102: 28865 genes, 87351 xrefs, 405 changed (8.9s)
    release 103: 28865 genes, 92662 xrefs, 2081 changed (8.9s)
    release 104: 28865 genes, 92625 xrefs, 594 changed (10.7s)
    release 105: 28865 genes, 93023 xrefs, 553 changed (8.9s)
    release 106: 28865 genes, 90290 xrefs, 1322 changed (8.7s)
    release 107: 28865 genes, 93338 xrefs, 1585 changed (8.6s)
    release 108: 28865 genes, 91278 xrefs, 202 changed (8.6s)
    release 109: 28865 genes, 91300 xrefs, 263 changed (9.2s)
    release 110: 28865 genes, 93814 xrefs, 283 changed (8.6s)
    release 111: 28865 genes, 93821 xrefs, 282 changed (8.9s)
    release 112: 28865 genes, 93821 xrefs, 0 changed (8.3s)
    release 113: 28865 genes, 80704 xrefs, 1378 changed (8.7s)
    release 114: 28865 genes, 94931 xrefs, 1506 changed (11.4s)
    release 115: 28865 genes, 76713 xrefs, 15922 changed (8.0s)
  neolamprologus_brichardi: 22 releases, 24411 genes in db
    release 94: 24411 genes, 28497 xrefs, 14831 changed (3.9s)
    release 95: 24411 genes, 46462 xrefs, 9040 changed (4.3s)
    release 96: 24411 genes, 46371 xrefs, 1014 changed (4.5s)
    release 97: 24411 genes, 46429 xrefs, 925 changed (4.3s)
    release 98: 24411 genes, 48550 xrefs, 1370 changed (5.6s)
    release 99: 24411 genes, 48445 xrefs, 13598 changed (5.9s)
    release 100: 24411 genes, 48459 xrefs, 1121 changed (5.0s)
    release 101: 24411 genes, 48655 xrefs, 910 changed (5.4s)
    release 102: 24411 genes, 49172 xrefs, 1408 changed (5.9s)
    release 103: 24411 genes, 49190 xrefs, 899 changed (5.2s)
    release 104: 24411 genes, 49140 xrefs, 869 changed (6.5s)
    release 105: 24411 genes, 49230 xrefs, 845 changed (5.6s)
    release 106: 24411 genes, 49250 xrefs, 713 changed (5.4s)
    release 107: 24411 genes, 49211 xrefs, 716 changed (5.3s)
    release 108: 24411 genes, 49219 xrefs, 655 changed (5.3s)
    release 109: 24411 genes, 49232 xrefs, 681 changed (5.5s)
    release 110: 24411 genes, 47596 xrefs, 4165 changed (5.1s)
    release 111: 24411 genes, 49246 xrefs, 4224 changed (5.1s)
    release 112: 24411 genes, 47661 xrefs, 4178 changed (5.6s)
    release 113: 24411 genes, 50970 xrefs, 12309 changed (4.9s)
    release 114: 24411 genes, 48630 xrefs, 2278 changed (5.5s)
    release 115: 24411 genes, 48606 xrefs, 557 changed (6.8s)
  octodon_degus: 26 releases, 25903 genes in db
    release 90: 25903 genes, 37671 xrefs, 16038 changed (4.3s)
    release 91: 25903 genes, 36889 xrefs, 1129 changed (4.6s)
    release 92: 25903 genes, 42761 xrefs, 8138 changed (5.0s)
    release 93: 25903 genes, 37864 xrefs, 2326 changed (5.2s)
    release 94: 25903 genes, 45054 xrefs, 4753 changed (5.1s)
    release 95: 25903 genes, 41258 xrefs, 3281 changed (5.7s)
    release 96: 25903 genes, 38453 xrefs, 2105 changed (5.4s)
    release 97: 25903 genes, 43226 xrefs, 2745 changed (5.6s)
    release 98: 25903 genes, 38253 xrefs, 4325 changed (5.4s)
    release 99: 25903 genes, 22543 xrefs, 13277 changed (4.8s)
    release 100: 25903 genes, 38220 xrefs, 8750 changed (5.2s)
    release 101: 25903 genes, 38237 xrefs, 239 changed (5.3s)
    release 102: 25903 genes, 38066 xrefs, 286 changed (5.2s)
    release 103: 25903 genes, 38080 xrefs, 209 changed (5.7s)
    release 104: 25903 genes, 38095 xrefs, 411 changed (7.5s)
    release 105: 25903 genes, 38313 xrefs, 324 changed (6.1s)
    release 106: 25903 genes, 38318 xrefs, 190 changed (6.1s)
    release 107: 25903 genes, 38602 xrefs, 447 changed (6.1s)
    release 108: 25903 genes, 38587 xrefs, 142 changed (6.4s)
    release 109: 25903 genes, 38591 xrefs, 178 changed (6.3s)
    release 110: 25903 genes, 38591 xrefs, 157 changed (5.6s)
    release 111: 25903 genes, 38605 xrefs, 190 changed (6.8s)
    release 112: 25903 genes, 38617 xrefs, 164 changed (6.1s)
    release 113: 25903 genes, 33155 xrefs, 10038 changed (4.7s)
    release 114: 25903 genes, 50964 xrefs, 4928 changed (6.1s)
    release 115: 25903 genes, 51079 xrefs, 152 changed (6.2s)
  saccharomyces_cerevisiae: 62 releases, 7469 genes in db
    release 65: 7126 genes, 23988 xrefs, 6919 changed (2.3s)
    release 66: 7126 genes, 23995 xrefs, 191 changed (2.2s)
    release 67: 7126 genes, 23995 xrefs, 0 changed (2.5s)
    release 68: 7126 genes, 23995 xrefs, 0 changed (2.3s)
    release 69: 7126 genes, 23995 xrefs, 0 changed (2.4s)
    release 70: 7126 genes, 23995 xrefs, 0 changed (2.4s)
    release 71: 7126 genes, 23995 xrefs, 0 changed (2.4s)
    release 72: 7126 genes, 23995 xrefs, 0 changed (2.3s)
    release 73: 7126 genes, 23995 xrefs, 0 changed (2.2s)
    release 74: 7126 genes, 23995 xrefs, 0 changed (2.4s)
    release 75: 7126 genes, 18887 xrefs, 766 changed (2.8s)
    release 76: 7126 genes, 18887 xrefs, 0 changed (2.3s)
    release 77: 7126 genes, 18887 xrefs, 0 changed (2.3s)
    release 78: 7126 genes, 18887 xrefs, 0 changed (2.7s)
    release 79: 7126 genes, 19130 xrefs, 212 changed (2.3s)
    release 80: 7126 genes, 19130 xrefs, 0 changed (2.8s)
    release 81: 7126 genes, 19130 xrefs, 0 changed (3.0s)
    release 82: 7126 genes, 19130 xrefs, 0 changed (2.6s)
    release 83: 7126 genes, 19130 xrefs, 0 changed (2.4s)
    release 84: 7126 genes, 19130 xrefs, 0 changed (3.0s)
    release 85: 7126 genes, 19130 xrefs, 0 changed (2.1s)
    release 86: 7126 genes, 19130 xrefs, 0 changed (2.3s)
    release 87: 7126 genes, 19130 xrefs, 0 changed (2.1s)
    release 88: 7126 genes, 19016 xrefs, 83 changed (2.3s)
    release 90: 7126 genes, 19016 xrefs, 0 changed (2.3s)
    release 91: 7126 genes, 19016 xrefs, 0 changed (2.6s)
    release 92: 7126 genes, 19016 xrefs, 0 changed (2.3s)
    release 93: 7126 genes, 19016 xrefs, 0 changed (2.4s)
    release 94: 7036 genes, 5801 xrefs, 5781 changed (1.8s)
    release 95: 7036 genes, 8060 xrefs, 2098 changed (2.1s)
    release 96: 7036 genes, 8060 xrefs, 0 changed (2.4s)
    release 97: 7127 genes, 8068 xrefs, 0 changed (2.5s)
    release 98: 7127 genes, 8068 xrefs, 0 changed (2.3s)
    release 99: 7127 genes, 11188 xrefs, 3000 changed (2.5s)
    release 100: 7127 genes, 11188 xrefs, 0 changed (2.6s)
    release 101: 7127 genes, 11188 xrefs, 549 changed (2.2s)
    release 102: 7127 genes, 11188 xrefs, 1 changed (2.3s)
    release 103: 7127 genes, 11188 xrefs, 0 changed (2.8s)
    release 104: 7127 genes, 11188 xrefs, 0 changed (2.7s)
    release 105: 7127 genes, 11188 xrefs, 0 changed (2.9s)
    release 106: 7127 genes, 11188 xrefs, 0 changed (3.2s)
    release 107: 7127 genes, 11188 xrefs, 0 changed (2.9s)
    release 108: 7127 genes, 11188 xrefs, 0 changed (3.2s)
    release 109: 7127 genes, 11188 xrefs, 0 changed (2.8s)
    release 110: 7127 genes, 11188 xrefs, 0 changed (2.8s)
    release 111: 7127 genes, 11188 xrefs, 0 changed (2.8s)
    release 112: 7127 genes, 11188 xrefs, 0 changed (2.8s)
    release 113: 7127 genes, 11187 xrefs, 58 changed (3.0s)
    release 114: 7127 genes, 11187 xrefs, 0 changed (2.8s)
    release 115: 7127 genes, 11187 xrefs, 0 changed (3.4s)
  verticillium_dahliaejr2: 38 releases, 23388 genes in db
    release 25: 11751 genes, 98 xrefs, 287 changed (1.1s)
    release 26: 11751 genes, 98 xrefs, 0 changed (1.1s)
    release 27: 11751 genes, 98 xrefs, 0 changed (1.2s)
    release 28: 11751 genes, 98 xrefs, 0 changed (1.5s)
    release 29: 11751 genes, 98 xrefs, 0 changed (1.1s)
    release 30: 11751 genes, 98 xrefs, 0 changed (1.2s)
    release 31: 11751 genes, 98 xrefs, 0 changed (1.1s)
    release 32: 11751 genes, 98 xrefs, 0 changed (1.5s)
    release 33: 11751 genes, 98 xrefs, 0 changed (1.5s)
    release 34: 11751 genes, 98 xrefs, 0 changed (1.1s)
    release 35: 11751 genes, 98 xrefs, 0 changed (1.2s)
    release 36: 11751 genes, 98 xrefs, 0 changed (0.9s)
    release 37: 11637 genes, 46 xrefs, 0 changed (0.6s)
    release 38: 11637 genes, 46 xrefs, 0 changed (0.9s)
    release 39: 11637 genes, 46 xrefs, 0 changed (1.2s)
    release 40: 11637 genes, 46 xrefs, 0 changed (1.0s)
    release 41: 11637 genes, 46 xrefs, 0 changed (0.9s)
    release 42: 11637 genes, 46 xrefs, 0 changed (0.9s)
    release 43: 11637 genes, 46 xrefs, 0 changed (0.9s)
    release 44: 11637 genes, 46 xrefs, 0 changed (1.0s)
    release 45: 11637 genes, 46 xrefs, 0 changed (1.0s)
    release 46: 11637 genes, 46 xrefs, 0 changed (0.9s)
    release 47: 11637 genes, 46 xrefs, 0 changed (0.9s)
    release 48: 11637 genes, 46 xrefs, 0 changed (0.9s)
    release 49: 11637 genes, 46 xrefs, 0 changed (0.9s)
    release 50: 11637 genes, 46 xrefs, 0 changed (1.6s)
    release 51: 11637 genes, 46 xrefs, 0 changed (1.6s)
    release 52: 11637 genes, 46 xrefs, 0 changed (0.9s)
    release 53: 11637 genes, 46 xrefs, 0 changed (1.4s)
    release 54: 11637 genes, 46 xrefs, 0 changed (1.0s)
    release 55: 11637 genes, 46 xrefs, 0 changed (1.1s)
    release 56: 11637 genes, 46 xrefs, 0 changed (1.1s)
    release 57: 11637 genes, 46 xrefs, 0 changed (4.1s)
    release 58: 11637 genes, 46 xrefs, 0 changed (1.1s)
    release 59: 11637 genes, 46 xrefs, 0 changed (1.2s)
    release 60: 11637 genes, 46 xrefs, 0 changed (1.3s)
    release 61: 11637 genes, 46 xrefs, 0 changed (2.3s)
    release 62: 11637 genes, 46 xrefs, 0 changed (1.6s)
  bombyx_mori: 48 releases, 39322 genes in db
    release 12: 14623 genes, 7002 xrefs, 1668 changed (1.4s)
    release 13: 14623 genes, 7002 xrefs, 0 changed (1.5s)
    release 14: 14623 genes, 7002 xrefs, 0 changed (1.6s)
    release 15: 14623 genes, 7002 xrefs, 0 changed (1.5s)
    release 16: 14623 genes, 7002 xrefs, 0 changed (1.4s)
    release 17: 14623 genes, 7002 xrefs, 0 changed (1.4s)
    release 18: 14623 genes, 7002 xrefs, 0 changed (1.4s)
    release 19: 14623 genes, 7002 xrefs, 0 changed (1.4s)
    release 20: 14623 genes, 7002 xrefs, 0 changed (1.8s)
    release 21: 14623 genes, 7002 xrefs, 0 changed (1.5s)
    release 22: 21128 genes, 21764 xrefs, 6805 changed (2.5s)
    release 23: 21128 genes, 21764 xrefs, 0 changed (2.7s)
    release 24: 21128 genes, 21764 xrefs, 0 changed (2.6s)
    release 25: 21128 genes, 21764 xrefs, 0 changed (2.7s)
    release 26: 21128 genes, 21764 xrefs, 0 changed (2.9s)
    release 27: 21128 genes, 21764 xrefs, 0 changed (2.6s)
    release 28: 21128 genes, 21764 xrefs, 0 changed (3.6s)
    release 29: 21128 genes, 21764 xrefs, 0 changed (2.6s)
    release 30: 21128 genes, 21764 xrefs, 0 changed (2.6s)
    release 31: 21128 genes, 21764 xrefs, 0 changed (2.4s)
    release 32: 21128 genes, 21764 xrefs, 0 changed (2.1s)
    release 33: 21128 genes, 21764 xrefs, 0 changed (2.3s)
    release 34: 21128 genes, 21764 xrefs, 0 changed (2.3s)
    release 35: 21128 genes, 21764 xrefs, 0 changed (2.4s)
    release 36: 15745 genes, 16799 xrefs, 5118 changed (2.5s)
    release 37: 15745 genes, 18342 xrefs, 1563 changed (2.4s)
    release 38: 15745 genes, 18342 xrefs, 0 changed (2.2s)
    release 39: 15745 genes, 18342 xrefs, 0 changed (2.7s)
    release 40: 15745 genes, 16564 xrefs, 3705 changed (2.3s)
    release 41: 15745 genes, 16564 xrefs, 0 changed (2.1s)
    release 42: 15745 genes, 16564 xrefs, 0 changed (2.7s)
    release 43: 15745 genes, 16564 xrefs, 0 changed (2.8s)
    release 44: 15745 genes, 16564 xrefs, 0 changed (2.6s)
    release 45: 15745 genes, 16564 xrefs, 0 changed (2.1s)
    release 46: 15745 genes, 16564 xrefs, 0 changed (2.4s)
    release 47: 15745 genes, 16564 xrefs, 0 changed (2.6s)
    release 48: 15745 genes, 16564 xrefs, 0 changed (2.3s)
    release 49: 15745 genes, 16564 xrefs, 0 changed (2.2s)
    release 50: 15745 genes, 16564 xrefs, 0 changed (2.6s)
    release 51: 15745 genes, 16564 xrefs, 0 changed (2.9s)
    release 52: 15745 genes, 16564 xrefs, 0 changed (2.4s)
    release 53: 17072 genes, 22948 xrefs, 29 changed (2.8s)
    release 54: 17072 genes, 22948 xrefs, 0 changed (3.0s)
    release 55: 17072 genes, 22948 xrefs, 0 changed (3.4s)
    release 56: 17072 genes, 22948 xrefs, 0 changed (2.8s)
    release 57: 17072 genes, 22948 xrefs, 0 changed (3.1s)
    release 58: 17072 genes, 22948 xrefs, 0 changed (3.1s)
    release 59: 17072 genes, 22948 xrefs, 0 changed (3.5s)
  megaselia_scalaris: 42 releases, 12020 genes in db
    release 18: 11461 genes, 2 xrefs, 0 changed (0.9s)
    release 19: 11784 genes, 69 xrefs, 0 changed (1.2s)
    release 20: 11784 genes, 69 xrefs, 0 changed (1.1s)
    release 21: 11784 genes, 69 xrefs, 0 changed (1.0s)
    release 22: 11784 genes, 69 xrefs, 0 changed (1.0s)
    release 23: 11784 genes, 69 xrefs, 0 changed (1.0s)
    release 24: 11784 genes, 69 xrefs, 0 changed (1.3s)
    release 25: 11784 genes, 69 xrefs, 0 changed (1.1s)
    release 26: 11784 genes, 69 xrefs, 0 changed (1.1s)
    release 27: 11784 genes, 69 xrefs, 0 changed (1.2s)
    release 28: 11784 genes, 69 xrefs, 0 changed (1.4s)
    release 29: 11784 genes, 69 xrefs, 0 changed (1.2s)
    release 30: 11784 genes, 69 xrefs, 0 changed (1.2s)
    release 31: 11784 genes, 69 xrefs, 0 changed (1.3s)
    release 32: 11784 genes, 69 xrefs, 0 changed (1.3s)
    release 33: 11784 genes, 69 xrefs, 0 changed (1.3s)
    release 34: 11784 genes, 69 xrefs, 0 changed (1.6s)
    release 35: 11784 genes, 69 xrefs, 0 changed (1.4s)
    release 36: 11697 genes, 82 xrefs, 0 changed (1.5s)
    release 37: 11697 genes, 84 xrefs, 2 changed (1.4s)
    release 38: 11697 genes, 84 xrefs, 0 changed (1.4s)
    release 39: 11697 genes, 84 xrefs, 0 changed (1.4s)
    release 40: 11697 genes, 82 xrefs, 0 changed (1.7s)
    release 41: 11697 genes, 82 xrefs, 0 changed (1.5s)
    release 42: 11697 genes, 82 xrefs, 0 changed (1.6s)
    release 43: 11697 genes, 82 xrefs, 0 changed (1.5s)
    release 44: 11697 genes, 82 xrefs, 0 changed (1.8s)
    release 45: 11697 genes, 82 xrefs, 0 changed (1.4s)
    release 46: 11697 genes, 82 xrefs, 0 changed (1.6s)
    release 47: 11697 genes, 82 xrefs, 0 changed (1.9s)
    release 48: 11697 genes, 82 xrefs, 0 changed (1.8s)
    release 49: 11697 genes, 82 xrefs, 0 changed (1.7s)
    release 50: 11697 genes, 82 xrefs, 0 changed (1.6s)
    release 51: 11697 genes, 82 xrefs, 0 changed (2.1s)
    release 52: 11697 genes, 82 xrefs, 0 changed (1.8s)
    release 53: 11697 genes, 82 xrefs, 0 changed (1.6s)
    release 54: 11697 genes, 82 xrefs, 0 changed (1.7s)
    release 55: 11697 genes, 82 xrefs, 0 changed (1.8s)
    release 56: 11697 genes, 82 xrefs, 0 changed (1.4s)
    release 57: 11697 genes, 82 xrefs, 0 changed (1.6s)
    release 58: 11697 genes, 82 xrefs, 0 changed (1.6s)
    release 59: 11697 genes, 82 xrefs, 0 changed (1.0s)
  pristionchus_pacificus: 55 releases, 56113 genes in db
    release 12: 29644 genes, 59288 xrefs, 10033 changed (2.5s)
    release 13: 29644 genes, 59288 xrefs, 0 changed (2.5s)
    release 14: 29644 genes, 60274 xrefs, 0 changed (2.4s)
    release 15: 29644 genes, 60274 xrefs, 0 changed (2.7s)
    release 16: 29644 genes, 41746 xrefs, 834 changed (3.8s)
    release 17: 29644 genes, 41746 xrefs, 0 changed (3.6s)
    release 18: 29644 genes, 41746 xrefs, 0 changed (4.5s)
    release 19: 29644 genes, 41746 xrefs, 0 changed (3.3s)
    release 20: 29644 genes, 41746 xrefs, 0 changed (4.5s)
    release 21: 29644 genes, 41746 xrefs, 0 changed (3.8s)
    release 22: 29644 genes, 41746 xrefs, 0 changed (4.4s)
    release 23: 29644 genes, 41746 xrefs, 0 changed (4.0s)
    release 24: 29644 genes, 41746 xrefs, 0 changed (3.8s)
    release 25: 29644 genes, 40758 xrefs, 0 changed (3.9s)
    release 26: 29644 genes, 40758 xrefs, 0 changed (3.5s)
    release 27: 29644 genes, 40758 xrefs, 0 changed (3.6s)
    release 28: 29644 genes, 40758 xrefs, 0 changed (3.8s)
    release 29: 29644 genes, 40758 xrefs, 0 changed (3.7s)
    release 30: 29644 genes, 40758 xrefs, 0 changed (3.3s)
    release 31: 29644 genes, 40758 xrefs, 0 changed (3.4s)
    release 32: 29644 genes, 40758 xrefs, 0 changed (3.6s)
    release 33: 29644 genes, 40758 xrefs, 0 changed (3.9s)
    release 34: 29644 genes, 40758 xrefs, 0 changed (3.4s)
    release 35: 29644 genes, 40758 xrefs, 0 changed (4.2s)
    release 36: 29644 genes, 40758 xrefs, 0 changed (3.7s)
    release 37: 29644 genes, 40758 xrefs, 0 changed (3.5s)
    release 38: 29644 genes, 40758 xrefs, 0 changed (3.7s)
    release 39: 29644 genes, 40758 xrefs, 0 changed (4.0s)
    release 40: 29644 genes, 40758 xrefs, 0 changed (4.2s)
    release 41: 29644 genes, 40758 xrefs, 0 changed (3.8s)
    release 42: 29644 genes, 40758 xrefs, 0 changed (4.0s)
    release 43: 29644 genes, 40758 xrefs, 0 changed (4.6s)
    release 44: 25516 genes, 53737 xrefs, 3282 changed (5.1s)
    release 45: 25516 genes, 53737 xrefs, 0 changed (4.5s)
    release 46: 25516 genes, 53737 xrefs, 0 changed (4.9s)
    release 47: 25516 genes, 53737 xrefs, 0 changed (4.8s)
    release 48: 25516 genes, 53737 xrefs, 0 changed (4.6s)
    release 49: 25516 genes, 53737 xrefs, 0 changed (4.6s)
    release 50: 25516 genes, 53737 xrefs, 0 changed (5.1s)
    release 51: 25516 genes, 53737 xrefs, 0 changed (5.6s)
    release 52: 25516 genes, 53737 xrefs, 0 changed (5.0s)
    release 53: 26343 genes, 81626 xrefs, 3282 changed (5.7s)
    release 54: 26343 genes, 81626 xrefs, 0 changed (5.8s)
    release 55: 26343 genes, 81626 xrefs, 0 changed (5.3s)
    release 56: 26343 genes, 81626 xrefs, 0 changed (5.7s)
    release 57: 26343 genes, 81626 xrefs, 0 changed (5.7s)
    release 58: 26343 genes, 81626 xrefs, 0 changed (5.1s)
    release 59: 26343 genes, 81626 xrefs, 0 changed (5.1s)
  schistosoma_mansoni: 52 releases, 22801 genes in db
    release 12: 14653 genes, 49430 xrefs, 1801 changed (3.0s)
    release 13: 14653 genes, 49430 xrefs, 0 changed (3.0s)
    release 14: 14653 genes, 49430 xrefs, 0 changed (3.1s)
    release 15: 14653 genes, 49430 xrefs, 0 changed (3.1s)
    release 16: 14653 genes, 49430 xrefs, 0 changed (3.0s)
    release 17: 14651 genes, 49424 xrefs, 0 changed (3.2s)
    release 18: 13322 genes, 43366 xrefs, 1935 changed (2.3s)
    release 19: 13322 genes, 43366 xrefs, 0 changed (2.1s)
    release 20: 13322 genes, 43366 xrefs, 0 changed (2.3s)
    release 21: 13322 genes, 43366 xrefs, 0 changed (2.2s)
    release 22: 13313 genes, 43366 xrefs, 0 changed (2.4s)
    release 23: 13313 genes, 43366 xrefs, 0 changed (2.2s)
    release 24: 13313 genes, 43366 xrefs, 0 changed (2.4s)
    release 25: 13313 genes, 43366 xrefs, 0 changed (2.3s)
    release 26: 13313 genes, 43366 xrefs, 0 changed (2.4s)
    release 27: 13313 genes, 43366 xrefs, 0 changed (2.2s)
    release 28: 13313 genes, 43366 xrefs, 0 changed (2.3s)
    release 29: 13313 genes, 43366 xrefs, 0 changed (2.4s)
    release 30: 13313 genes, 43366 xrefs, 0 changed (2.3s)
    release 31: 13313 genes, 43366 xrefs, 0 changed (2.4s)
    release 32: 13313 genes, 43366 xrefs, 0 changed (2.5s)
    release 33: 13313 genes, 43366 xrefs, 0 changed (2.5s)
    release 34: 13313 genes, 43366 xrefs, 0 changed (2.6s)
    release 35: 13313 genes, 43366 xrefs, 0 changed (2.5s)
    release 36: 14276 genes, 43213 xrefs, 3454 changed (2.3s)
    release 37: 14276 genes, 43276 xrefs, 88 changed (2.4s)
    release 38: 14276 genes, 43276 xrefs, 0 changed (2.4s)
    release 39: 14276 genes, 43276 xrefs, 0 changed (2.5s)
    release 40: 14276 genes, 43213 xrefs, 8264 changed (2.1s)
    release 41: 14276 genes, 43213 xrefs, 0 changed (2.4s)
    release 42: 14276 genes, 43213 xrefs, 0 changed (2.4s)
    release 43: 14276 genes, 43213 xrefs, 0 changed (2.4s)
    release 44: 14276 genes, 43213 xrefs, 0 changed (2.8s)
    release 45: 14276 genes, 43213 xrefs, 0 changed (2.9s)
    release 46: 14276 genes, 43213 xrefs, 0 changed (2.5s)
    release 47: 14276 genes, 43213 xrefs, 0 changed (2.3s)
    release 48: 14276 genes, 43207 xrefs, 0 changed (2.4s)
    release 49: 14276 genes, 43207 xrefs, 0 changed (2.4s)
    release 50: 14276 genes, 43207 xrefs, 0 changed (2.4s)
    release 51: 14276 genes, 43207 xrefs, 0 changed (2.7s)
    release 52: 14276 genes, 43207 xrefs, 0 changed (2.4s)
    release 53: 10172 genes, 17593 xrefs, 6510 changed (1.7s)
    release 54: 10172 genes, 17593 xrefs, 0 changed (1.6s)
    release 55: 10172 genes, 17593 xrefs, 0 changed (1.6s)
    release 56: 10172 genes, 17593 xrefs, 0 changed (1.4s)
    release 57: 10172 genes, 17593 xrefs, 0 changed (1.7s)
    release 58: 10172 genes, 17593 xrefs, 0 changed (1.5s)
    release 59: 10172 genes, 17593 xrefs, 0 changed (1.3s)
  amborella_trichopoda: 41 releases, 29779 genes in db
    release 22: 29051 genes, 755 xrefs, 0 changed (1.6s)
    release 23: 29051 genes, 87 xrefs, 0 changed (1.6s)
    release 24: 28721 genes, 86 xrefs, 0 changed (1.9s)
    release 25: 28721 genes, 86 xrefs, 0 changed (1.9s)
    release 26: 28721 genes, 86 xrefs, 0 changed (2.0s)
    release 27: 28721 genes, 86 xrefs, 0 changed (2.2s)
    release 28: 28721 genes, 86 xrefs, 0 changed (2.2s)
    release 29: 28721 genes, 86 xrefs, 0 changed (2.3s)
    release 30: 28721 genes, 86 xrefs, 0 changed (2.5s)
    release 31: 28721 genes, 665 xrefs, 183 changed (2.3s)
    release 32: 28721 genes, 665 xrefs, 0 changed (2.2s)
    release 33: 28721 genes, 665 xrefs, 0 changed (2.2s)
    release 34: 28721 genes, 662 xrefs, 0 changed (2.2s)
    release 35: 28721 genes, 662 xrefs, 0 changed (2.2s)
    release 36: 27656 genes, 8693 xrefs, 8024 changed (3.1s)
    release 37: 28384 genes, 8450 xrefs, 44 changed (3.1s)
    release 38: 28384 genes, 8449 xrefs, 42 changed (3.4s)
    release 39: 28384 genes, 8677 xrefs, 9 changed (3.2s)
    release 40: 28384 genes, 8677 xrefs, 17 changed (3.4s)
    release 41: 28353 genes, 8677 xrefs, 12 changed (3.3s)
    release 42: 28353 genes, 8568 xrefs, 11 changed (4.1s)
    release 43: 28353 genes, 8568 xrefs, 0 changed (3.4s)
    release 44: 28353 genes, 8568 xrefs, 0 changed (3.5s)
    release 45: 28353 genes, 8568 xrefs, 0 changed (3.6s)
    release 46: 28353 genes, 8568 xrefs, 0 changed (3.5s)
    release 47: 28353 genes, 8568 xrefs, 0 changed (3.8s)
    release 48: 28353 genes, 8568 xrefs, 0 changed (3.6s)
    release 49: 28353 genes, 8568 xrefs, 0 changed (3.5s)
    release 50: 28353 genes, 8568 xrefs, 0 changed (3.6s)
    release 51: 28353 genes, 8568 xrefs, 0 changed (5.3s)
    release 52: 28353 genes, 8568 xrefs, 0 changed (4.0s)
    release 53: 28353 genes, 8568 xrefs, 0 changed (3.9s)
    release 54: 28353 genes, 8568 xrefs, 0 changed (3.8s)
    release 55: 28353 genes, 8568 xrefs, 0 changed (4.0s)
    release 56: 28353 genes, 8568 xrefs, 0 changed (3.9s)
    release 57: 28353 genes, 8568 xrefs, 0 changed (3.9s)
    release 58: 28353 genes, 8568 xrefs, 0 changed (3.9s)
    release 59: 28353 genes, 8568 xrefs, 0 changed (3.7s)
    release 60: 28353 genes, 31035 xrefs, 8818 changed (4.0s)
    release 61: 28353 genes, 47041 xrefs, 8005 changed (4.6s)
    release 62: 28353 genes, 41833 xrefs, 2622 changed (4.1s)
  strongyloides_ratti: 29 releases, 12975 genes in db
    release 31: 12449 genes, 24898 xrefs, 18 changed (2.0s)
    release 32: 12449 genes, 24898 xrefs, 0 changed (1.7s)
    release 33: 12449 genes, 24898 xrefs, 0 changed (1.9s)
    release 34: 12449 genes, 24898 xrefs, 0 changed (2.0s)
    release 35: 12449 genes, 24898 xrefs, 0 changed (1.8s)
    release 36: 12449 genes, 24898 xrefs, 0 changed (2.0s)
    release 37: 12449 genes, 24898 xrefs, 0 changed (1.9s)
    release 38: 12973 genes, 26127 xrefs, 13 changed (1.8s)
    release 39: 12973 genes, 26127 xrefs, 0 changed (1.9s)
    release 40: 12973 genes, 26127 xrefs, 0 changed (2.0s)
    release 41: 12973 genes, 26127 xrefs, 0 changed (2.3s)
    release 42: 12973 genes, 26127 xrefs, 0 changed (2.0s)
    release 43: 12973 genes, 26127 xrefs, 0 changed (2.0s)
    release 44: 12973 genes, 26127 xrefs, 0 changed (2.5s)
    release 45: 12973 genes, 26127 xrefs, 0 changed (2.0s)
    release 46: 12973 genes, 26127 xrefs, 0 changed (2.3s)
    release 47: 12973 genes, 26127 xrefs, 0 changed (2.1s)
    release 48: 12973 genes, 26127 xrefs, 0 changed (2.1s)
    release 49: 12973 genes, 26127 xrefs, 0 changed (2.1s)
    release 50: 12973 genes, 26127 xrefs, 0 changed (2.3s)
    release 51: 12973 genes, 26127 xrefs, 0 changed (2.6s)
    release 52: 12973 genes, 26127 xrefs, 0 changed (2.3s)
    release 53: 12973 genes, 51021 xrefs, 43 changed (2.9s)
    release 54: 12973 genes, 51021 xrefs, 0 changed (2.8s)
    release 55: 12973 genes, 51021 xrefs, 0 changed (2.9s)
    release 56: 12973 genes, 51021 xrefs, 0 changed (2.9s)
    release 57: 12973 genes, 51021 xrefs, 0 changed (2.8s)
    release 58: 12973 genes, 51021 xrefs, 0 changed (2.9s)
    release 59: 12973 genes, 51021 xrefs, 0 changed (2.7s)
  thelohanellus_kitauei: 24 releases, 15109 genes in db
    release 36: 15109 genes, 15048 xrefs, 0 changed (2.3s)
    release 37: 15109 genes, 15048 xrefs, 0 changed (2.1s)
    release 38: 15109 genes, 15048 xrefs, 0 changed (2.0s)
    release 39: 15109 genes, 15048 xrefs, 0 changed (2.1s)
    release 40: 15109 genes, 15048 xrefs, 0 changed (2.0s)
    release 41: 15109 genes, 15048 xrefs, 0 changed (2.1s)
    release 42: 15109 genes, 15048 xrefs, 0 changed (2.0s)
    release 43: 15109 genes, 15048 xrefs, 0 changed (2.0s)
    release 44: 15109 genes, 15048 xrefs, 0 changed (2.1s)
    release 45: 15109 genes, 15048 xrefs, 0 changed (2.0s)
    release 46: 15109 genes, 15048 xrefs, 0 changed (2.1s)
    release 47: 15109 genes, 15048 xrefs, 0 changed (2.1s)
    release 48: 15109 genes, 15048 xrefs, 0 changed (2.1s)
    release 49: 15109 genes, 15048 xrefs, 0 changed (2.1s)
    release 50: 15109 genes, 15048 xrefs, 0 changed (2.2s)
    release 51: 15109 genes, 15048 xrefs, 0 changed (2.2s)
    release 52: 15109 genes, 15048 xrefs, 0 changed (2.1s)
    release 53: 15109 genes, 15048 xrefs, 0 changed (2.1s)
    release 54: 15109 genes, 15048 xrefs, 0 changed (2.1s)
    release 55: 15109 genes, 15048 xrefs, 0 changed (2.1s)
    release 56: 15109 genes, 15048 xrefs, 0 changed (2.1s)
    release 57: 15109 genes, 15048 xrefs, 0 changed (2.4s)
    release 58: 15109 genes, 15048 xrefs, 0 changed (2.2s)
    release 59: 15109 genes, 15048 xrefs, 0 changed (2.0s)
  trichinella_spiralis: 47 releases, 16380 genes in db
    release 13: 16380 genes, 30 xrefs, 0 changed (1.4s)
    release 14: 16380 genes, 666 xrefs, 712 changed (1.3s)
    release 15: 16380 genes, 666 xrefs, 0 changed (1.4s)
    release 16: 16380 genes, 666 xrefs, 0 changed (1.5s)
    release 17: 16380 genes, 666 xrefs, 0 changed (1.6s)
    release 18: 16380 genes, 666 xrefs, 0 changed (1.3s)
    release 19: 16380 genes, 666 xrefs, 0 changed (1.4s)
    release 20: 16380 genes, 666 xrefs, 0 changed (1.5s)
    release 21: 16380 genes, 666 xrefs, 0 changed (1.4s)
    release 22: 16380 genes, 666 xrefs, 0 changed (1.5s)
    release 23: 16380 genes, 666 xrefs, 0 changed (1.4s)
    release 24: 16380 genes, 666 xrefs, 0 changed (1.7s)
    release 25: 16380 genes, 30 xrefs, 0 changed (1.5s)
    release 26: 16380 genes, 30 xrefs, 0 changed (1.6s)
    release 27: 16380 genes, 30 xrefs, 0 changed (1.4s)
    release 28: 16380 genes, 30 xrefs, 0 changed (1.5s)
    release 29: 16380 genes, 30 xrefs, 0 changed (1.4s)
    release 30: 16380 genes, 30 xrefs, 0 changed (1.6s)
    release 31: 16380 genes, 30 xrefs, 0 changed (1.6s)
    release 32: 16380 genes, 30 xrefs, 0 changed (1.6s)
    release 33: 16380 genes, 30 xrefs, 0 changed (1.6s)
    release 34: 16380 genes, 30 xrefs, 0 changed (1.7s)
    release 35: 16380 genes, 30 xrefs, 0 changed (1.6s)
    release 36: 16380 genes, 30 xrefs, 0 changed (1.6s)
    release 37: 16380 genes, 30 xrefs, 0 changed (1.9s)
    release 38: 16380 genes, 30 xrefs, 0 changed (1.7s)
    release 39: 16380 genes, 30 xrefs, 0 changed (1.7s)
    release 40: 16380 genes, 16273 xrefs, 1196 changed (2.5s)
    release 41: 16380 genes, 16273 xrefs, 0 changed (2.9s)
    release 42: 16380 genes, 16273 xrefs, 0 changed (2.7s)
    release 43: 16380 genes, 16273 xrefs, 0 changed (2.6s)
    release 44: 16380 genes, 16273 xrefs, 0 changed (2.5s)
    release 45: 16380 genes, 16273 xrefs, 0 changed (2.5s)
    release 46: 16380 genes, 16273 xrefs, 0 changed (2.3s)
    release 47: 16380 genes, 16273 xrefs, 0 changed (2.5s)
    release 48: 16380 genes, 16273 xrefs, 0 changed (3.0s)
    release 49: 16380 genes, 16273 xrefs, 0 changed (2.7s)
    release 50: 16380 genes, 16273 xrefs, 0 changed (2.6s)
    release 51: 16380 genes, 16273 xrefs, 0 changed (3.3s)
    release 52: 16380 genes, 16273 xrefs, 0 changed (3.0s)
    release 53: 16380 genes, 16273 xrefs, 0 changed (2.8s)
    release 54: 16380 genes, 16273 xrefs, 0 changed (2.9s)
    release 55: 16380 genes, 16273 xrefs, 0 changed (2.8s)
    release 56: 16380 genes, 16273 xrefs, 0 changed (2.7s)
    release 57: 16380 genes, 16273 xrefs, 0 changed (2.9s)
    release 58: 16380 genes, 16273 xrefs, 0 changed (2.8s)
    release 59: 16380 genes, 16273 xrefs, 0 changed (2.7s)
  neosartorya_fischeri: 56 releases, 21784 genes in db
    release 12: 10805 genes, 21533 xrefs, 349 changed (1.8s)
    release 13: 10805 genes, 21533 xrefs, 0 changed (1.9s)
    release 14: 10805 genes, 21533 xrefs, 0 changed (1.9s)
    release 15: 10805 genes, 21473 xrefs, 60 changed (1.8s)
    release 16: 10805 genes, 21473 xrefs, 0 changed (1.8s)
    release 17: 10805 genes, 21473 xrefs, 0 changed (1.9s)
    release 18: 10805 genes, 21473 xrefs, 0 changed (1.9s)
    release 19: 10805 genes, 21473 xrefs, 0 changed (1.8s)
    release 20: 10805 genes, 21473 xrefs, 0 changed (1.9s)
    release 21: 10805 genes, 31540 xrefs, 102 changed (2.8s)
    release 22: 10805 genes, 31214 xrefs, 35 changed (2.4s)
    release 23: 10805 genes, 31214 xrefs, 0 changed (2.5s)
    release 24: 10805 genes, 31214 xrefs, 0 changed (2.6s)
    release 25: 10805 genes, 31214 xrefs, 0 changed (2.6s)
    release 26: 10805 genes, 31214 xrefs, 0 changed (2.7s)
    release 27: 10805 genes, 31214 xrefs, 0 changed (2.6s)
    release 28: 10805 genes, 31214 xrefs, 0 changed (2.6s)
    release 29: 10805 genes, 31214 xrefs, 0 changed (2.7s)
    release 30: 10805 genes, 31214 xrefs, 0 changed (2.8s)
    release 31: 10805 genes, 31214 xrefs, 0 changed (2.7s)
    release 32: 10805 genes, 31214 xrefs, 0 changed (2.7s)
    release 33: 10805 genes, 31214 xrefs, 0 changed (2.7s)
    release 34: 10805 genes, 31214 xrefs, 0 changed (2.5s)
    release 35: 10805 genes, 31214 xrefs, 0 changed (2.6s)
    release 36: 10805 genes, 31214 xrefs, 0 changed (2.3s)
    release 37: 11132 genes, 31259 xrefs, 0 changed (2.4s)
    release 38: 11132 genes, 31259 xrefs, 0 changed (2.5s)
    release 39: 10652 genes, 28210 xrefs, 9 changed (2.6s)
    release 40: 10652 genes, 28210 xrefs, 0 changed (2.4s)
    release 41: 10652 genes, 28210 xrefs, 0 changed (2.8s)
    release 42: 10652 genes, 28210 xrefs, 0 changed (2.7s)
    release 43: 10652 genes, 28210 xrefs, 0 changed (2.5s)
    release 44: 10652 genes, 28210 xrefs, 0 changed (2.7s)
    release 45: 10652 genes, 28210 xrefs, 0 changed (2.6s)
    release 46: 10652 genes, 28210 xrefs, 0 changed (2.6s)
    release 47: 10652 genes, 28210 xrefs, 0 changed (2.4s)
    release 48: 10652 genes, 28210 xrefs, 0 changed (2.4s)
    release 49: 10652 genes, 28210 xrefs, 0 changed (2.7s)
    release 50: 10652 genes, 28210 xrefs, 0 changed (2.6s)
    release 51: 10652 genes, 28210 xrefs, 0 changed (3.4s)
    release 52: 10652 genes, 28205 xrefs, 8 changed (2.6s)
    release 53: 10652 genes, 28205 xrefs, 0 changed (2.5s)
    release 54: 10652 genes, 28205 xrefs, 0 changed (2.4s)
    release 55: 10652 genes, 28205 xrefs, 0 changed (2.6s)
    release 56: 10652 genes, 28205 xrefs, 0 changed (2.6s)
    release 57: 10652 genes, 28205 xrefs, 0 changed (2.6s)
    release 58: 10652 genes, 28205 xrefs, 0 changed (2.5s)
    release 59: 10652 genes, 28205 xrefs, 0 changed (2.5s)
    release 60: 10652 genes, 28205 xrefs, 0 changed (3.0s)
  ashbya_gossypii: 51 releases, 5520 genes in db
    release 12: 5189 genes, 28149 xrefs, 5065 changed (1.3s)
    release 13: 5189 genes, 28149 xrefs, 0 changed (1.3s)
    release 14: 5189 genes, 28149 xrefs, 0 changed (1.7s)
    release 15: 5189 genes, 28149 xrefs, 0 changed (1.5s)
    release 16: 5189 genes, 28149 xrefs, 0 changed (1.7s)
    release 17: 5189 genes, 28149 xrefs, 0 changed (1.6s)
    release 18: 5189 genes, 28149 xrefs, 0 changed (1.7s)
    release 19: 5189 genes, 28149 xrefs, 0 changed (1.6s)
    release 20: 5189 genes, 28149 xrefs, 0 changed (1.7s)
    release 21: 5189 genes, 28149 xrefs, 0 changed (1.6s)
    release 22: 5189 genes, 28149 xrefs, 0 changed (1.7s)
    release 23: 5189 genes, 28149 xrefs, 0 changed (1.7s)
    release 24: 5189 genes, 28149 xrefs, 0 changed (1.8s)
    release 25: 5189 genes, 28149 xrefs, 0 changed (1.6s)
    release 26: 5189 genes, 28149 xrefs, 0 changed (1.7s)
    release 27: 5189 genes, 28149 xrefs, 0 changed (1.9s)
    release 28: 5189 genes, 28149 xrefs, 0 changed (1.7s)
    release 29: 5189 genes, 28149 xrefs, 0 changed (1.7s)
    release 30: 5189 genes, 28149 xrefs, 0 changed (1.8s)
    release 31: 5189 genes, 28149 xrefs, 0 changed (1.8s)
    release 32: 5189 genes, 28149 xrefs, 0 changed (1.8s)
    release 33: 5189 genes, 28149 xrefs, 0 changed (2.1s)
    release 34: 5189 genes, 28149 xrefs, 0 changed (2.1s)
    release 35: 5189 genes, 23373 xrefs, 0 changed (2.1s)
    release 36: 5189 genes, 23373 xrefs, 0 changed (1.9s)
    release 37: 5520 genes, 23386 xrefs, 0 changed (1.9s)
    release 38: 5520 genes, 23386 xrefs, 0 changed (1.8s)
    release 39: 5520 genes, 23386 xrefs, 0 changed (2.1s)
    release 40: 5520 genes, 23386 xrefs, 0 changed (1.9s)
    release 41: 5520 genes, 23386 xrefs, 0 changed (2.1s)
    release 42: 5520 genes, 23386 xrefs, 0 changed (2.1s)
    release 43: 5520 genes, 23386 xrefs, 0 changed (2.0s)
    release 44: 5520 genes, 23386 xrefs, 0 changed (2.2s)
    release 45: 5520 genes, 23386 xrefs, 0 changed (2.1s)
    release 46: 5520 genes, 23386 xrefs, 0 changed (2.0s)
    release 47: 5520 genes, 23386 xrefs, 0 changed (2.1s)
    release 48: 5520 genes, 23386 xrefs, 0 changed (2.0s)
    release 49: 5520 genes, 23386 xrefs, 0 changed (2.0s)
    release 50: 5520 genes, 23386 xrefs, 0 changed (1.9s)
    release 51: 5520 genes, 23386 xrefs, 0 changed (2.3s)
    release 52: 5520 genes, 23386 xrefs, 16 changed (2.3s)
    release 53: 5520 genes, 23386 xrefs, 0 changed (2.0s)
    release 54: 5520 genes, 23386 xrefs, 0 changed (2.2s)
    release 55: 5520 genes, 23386 xrefs, 0 changed (2.1s)
    release 56: 5520 genes, 23386 xrefs, 0 changed (2.0s)
    release 57: 5520 genes, 23386 xrefs, 0 changed (2.1s)
    release 58: 5520 genes, 23386 xrefs, 0 changed (2.2s)
    release 59: 5520 genes, 23386 xrefs, 0 changed (2.1s)
    release 60: 5520 genes, 23386 xrefs, 0 changed (2.3s)
    release 61: 5520 genes, 23386 xrefs, 0 changed (2.1s)
    release 62: 5520 genes, 23386 xrefs, 0 changed (2.2s)
  corchorus_capsularis: 26 releases, 31549 genes in db
    release 37: 31549 genes, 1379 xrefs, 239 changed (3.3s)
    release 38: 31549 genes, 1471 xrefs, 91 changed (3.0s)
    release 39: 31549 genes, 2179 xrefs, 21 changed (3.0s)
    release 40: 31549 genes, 2179 xrefs, 0 changed (3.3s)
    release 41: 31378 genes, 2178 xrefs, 0 changed (3.3s)
    release 42: 31378 genes, 948 xrefs, 1 changed (3.3s)
    release 43: 31378 genes, 948 xrefs, 0 changed (3.1s)
    release 44: 31378 genes, 948 xrefs, 0 changed (3.3s)
    release 45: 31378 genes, 948 xrefs, 0 changed (3.0s)
    release 46: 31378 genes, 948 xrefs, 0 changed (3.0s)
    release 47: 31378 genes, 948 xrefs, 0 changed (3.2s)
    release 48: 31378 genes, 948 xrefs, 0 changed (3.2s)
    release 49: 31378 genes, 948 xrefs, 0 changed (3.2s)
    release 50: 31378 genes, 948 xrefs, 0 changed (3.3s)
    release 51: 31378 genes, 948 xrefs, 0 changed (4.1s)
    release 52: 31378 genes, 948 xrefs, 0 changed (3.3s)
    release 53: 31378 genes, 948 xrefs, 0 changed (3.2s)
    release 54: 31378 genes, 948 xrefs, 0 changed (3.4s)
    release 55: 31378 genes, 948 xrefs, 0 changed (3.4s)
    release 56: 31378 genes, 948 xrefs, 0 changed (3.2s)
    release 57: 31378 genes, 948 xrefs, 0 changed (3.4s)
    release 58: 31378 genes, 948 xrefs, 0 changed (3.3s)
    release 59: 31378 genes, 948 xrefs, 0 changed (3.4s)
    release 60: 31378 genes, 32388 xrefs, 323 changed (3.7s)
    release 61: 31378 genes, 32394 xrefs, 1 changed (3.6s)
    release 62: 31378 genes, 32394 xrefs, 0 changed (3.7s)
  aspergillus_clavatus: 58 releases, 19092 genes in db
    release 12: 9452 genes, 18831 xrefs, 55 changed (1.4s)
    release 13: 9452 genes, 18831 xrefs, 0 changed (1.4s)
    release 14: 9452 genes, 18831 xrefs, 0 changed (1.5s)
    release 15: 9452 genes, 18775 xrefs, 56 changed (1.5s)
    release 16: 9452 genes, 18775 xrefs, 0 changed (1.6s)
    release 17: 9452 genes, 18775 xrefs, 0 changed (1.6s)
    release 18: 9452 genes, 18775 xrefs, 0 changed (1.5s)
    release 19: 9452 genes, 18775 xrefs, 0 changed (1.5s)
    release 20: 9452 genes, 18775 xrefs, 0 changed (1.5s)
    release 21: 9452 genes, 27943 xrefs, 95 changed (2.1s)
    release 22: 9452 genes, 27628 xrefs, 39 changed (2.0s)
    release 23: 9452 genes, 27628 xrefs, 0 changed (2.0s)
    release 24: 9452 genes, 27628 xrefs, 0 changed (2.1s)
    release 25: 9452 genes, 27628 xrefs, 0 changed (2.1s)
    release 26: 9452 genes, 27628 xrefs, 0 changed (2.2s)
    release 27: 9452 genes, 27628 xrefs, 0 changed (2.2s)
    release 28: 9452 genes, 27628 xrefs, 0 changed (2.2s)
    release 29: 9452 genes, 27628 xrefs, 0 changed (2.1s)
    release 30: 9452 genes, 27628 xrefs, 0 changed (2.2s)
    release 31: 9452 genes, 27628 xrefs, 0 changed (2.2s)
    release 32: 9452 genes, 27628 xrefs, 0 changed (2.3s)
    release 33: 9452 genes, 27628 xrefs, 0 changed (2.3s)
    release 34: 9452 genes, 27628 xrefs, 0 changed (2.2s)
    release 35: 9452 genes, 27628 xrefs, 0 changed (2.2s)
    release 36: 9452 genes, 27628 xrefs, 0 changed (2.0s)
    release 37: 9736 genes, 27675 xrefs, 0 changed (1.9s)
    release 38: 9736 genes, 27675 xrefs, 0 changed (2.2s)
    release 39: 9356 genes, 24840 xrefs, 0 changed (2.3s)
    release 40: 9356 genes, 24840 xrefs, 0 changed (2.1s)
    release 41: 9356 genes, 24840 xrefs, 0 changed (2.4s)
    release 42: 9356 genes, 24840 xrefs, 0 changed (2.2s)
    release 43: 9356 genes, 24840 xrefs, 0 changed (2.3s)
    release 44: 9356 genes, 24840 xrefs, 0 changed (2.3s)
    release 45: 9356 genes, 24840 xrefs, 0 changed (2.4s)
    release 46: 9356 genes, 24840 xrefs, 0 changed (2.2s)
    release 47: 9356 genes, 24605 xrefs, 0 changed (2.2s)
    release 48: 9356 genes, 24605 xrefs, 0 changed (2.3s)
    release 49: 9356 genes, 24605 xrefs, 0 changed (2.4s)
    release 50: 9356 genes, 24605 xrefs, 0 changed (2.3s)
    release 51: 9356 genes, 24605 xrefs, 0 changed (2.8s)
    release 52: 9356 genes, 24605 xrefs, 0 changed (2.2s)
    release 53: 9356 genes, 24605 xrefs, 0 changed (2.2s)
    release 54: 9356 genes, 24605 xrefs, 0 changed (2.3s)
    release 55: 9356 genes, 24605 xrefs, 0 changed (2.6s)
    release 56: 9356 genes, 24605 xrefs, 0 changed (2.3s)
    release 57: 9356 genes, 24605 xrefs, 0 changed (2.3s)
    release 58: 9356 genes, 24605 xrefs, 0 changed (2.2s)
    release 59: 9356 genes, 24605 xrefs, 0 changed (2.4s)
    release 60: 9356 genes, 24605 xrefs, 0 changed (2.5s)
    release 61: 9356 genes, 24605 xrefs, 0 changed (2.5s)
    release 62: 9356 genes, 24605 xrefs, 0 changed (3.0s)
  aspergillus_flavus: 58 releases, 40659 genes in db
    release 12: 13875 genes, 27362 xrefs, 294 changed (1.6s)
    release 13: 13875 genes, 27362 xrefs, 0 changed (1.9s)
    release 14: 13875 genes, 27362 xrefs, 0 changed (1.6s)
    release 15: 13875 genes, 27014 xrefs, 348 changed (1.5s)
    release 16: 13875 genes, 27014 xrefs, 0 changed (1.6s)
    release 17: 13875 genes, 27014 xrefs, 0 changed (1.6s)
    release 18: 13875 genes, 27014 xrefs, 0 changed (1.7s)
    release 19: 13875 genes, 27014 xrefs, 0 changed (1.7s)
    release 20: 13875 genes, 27014 xrefs, 0 changed (1.8s)
    release 21: 13875 genes, 40741 xrefs, 126 changed (2.5s)
    release 22: 13875 genes, 40495 xrefs, 25 changed (2.6s)
    release 23: 13875 genes, 40495 xrefs, 0 changed (2.6s)
    release 24: 13875 genes, 40495 xrefs, 0 changed (2.5s)
    release 25: 13875 genes, 40495 xrefs, 0 changed (2.6s)
    release 26: 13875 genes, 40495 xrefs, 0 changed (2.8s)
    release 27: 13875 genes, 40495 xrefs, 0 changed (2.7s)
    release 28: 13875 genes, 40495 xrefs, 0 changed (2.7s)
    release 29: 13875 genes, 40495 xrefs, 0 changed (3.0s)
    release 30: 13875 genes, 40495 xrefs, 0 changed (2.8s)
    release 31: 13875 genes, 40495 xrefs, 0 changed (2.8s)
    release 32: 13485 genes, 22316 xrefs, 1330 changed (2.0s)
    release 33: 13485 genes, 22316 xrefs, 0 changed (2.0s)
    release 34: 13485 genes, 22316 xrefs, 0 changed (2.1s)
    release 35: 13485 genes, 22316 xrefs, 0 changed (2.1s)
    release 36: 13485 genes, 22316 xrefs, 0 changed (1.9s)
    release 37: 13801 genes, 22368 xrefs, 0 changed (2.1s)
    release 38: 13801 genes, 22368 xrefs, 0 changed (2.1s)
    release 39: 13485 genes, 35287 xrefs, 13454 changed (3.2s)
    release 40: 13485 genes, 35287 xrefs, 0 changed (2.8s)
    release 41: 13485 genes, 35287 xrefs, 0 changed (3.1s)
    release 42: 13485 genes, 35287 xrefs, 0 changed (2.9s)
    release 43: 13485 genes, 35287 xrefs, 0 changed (3.2s)
    release 44: 13485 genes, 35287 xrefs, 0 changed (3.0s)
    release 45: 13485 genes, 35287 xrefs, 0 changed (2.8s)
    release 46: 13485 genes, 35287 xrefs, 0 changed (3.0s)
    release 47: 13485 genes, 35287 xrefs, 0 changed (2.8s)
    release 48: 13485 genes, 35287 xrefs, 0 changed (2.9s)
    release 49: 13485 genes, 35287 xrefs, 0 changed (3.1s)
    release 50: 13485 genes, 35287 xrefs, 0 changed (3.0s)
    release 51: 13485 genes, 35287 xrefs, 0 changed (3.8s)
    release 52: 13485 genes, 35284 xrefs, 3 changed (3.0s)
    release 53: 13485 genes, 35284 xrefs, 0 changed (2.9s)
    release 54: 13485 genes, 35284 xrefs, 0 changed (3.0s)
    release 55: 13485 genes, 35284 xrefs, 0 changed (3.1s)
    release 56: 13485 genes, 35284 xrefs, 0 changed (2.9s)
    release 57: 13485 genes, 35284 xrefs, 0 changed (3.0s)
    release 58: 13485 genes, 35284 xrefs, 0 changed (2.9s)
    release 59: 13485 genes, 35284 xrefs, 0 changed (2.9s)
    release 60: 13485 genes, 35284 xrefs, 0 changed (3.3s)
    release 61: 14313 genes, 161 xrefs, 0 changed (1.6s)
    release 62: 14313 genes, 161 xrefs, 0 changed (1.6s)
  aspergillus_nidulans: 58 releases, 21890 genes in db
    release 12: 10827 genes, 21361 xrefs, 2885 changed (1.9s)
    release 13: 10827 genes, 21361 xrefs, 0 changed (1.9s)
    release 14: 10827 genes, 21361 xrefs, 0 changed (2.2s)
    release 15: 10827 genes, 21162 xrefs, 199 changed (2.2s)
    release 16: 10827 genes, 21162 xrefs, 0 changed (2.0s)
    release 17: 10827 genes, 21162 xrefs, 0 changed (2.3s)
    release 18: 10827 genes, 21162 xrefs, 0 changed (2.2s)
    release 19: 10827 genes, 21162 xrefs, 0 changed (1.9s)
    release 20: 10827 genes, 21162 xrefs, 0 changed (2.1s)
    release 21: 10827 genes, 21162 xrefs, 0 changed (2.2s)
    release 22: 10827 genes, 21162 xrefs, 0 changed (2.6s)
    release 23: 10827 genes, 21162 xrefs, 0 changed (2.7s)
    release 24: 10827 genes, 21162 xrefs, 0 changed (2.4s)
    release 25: 10827 genes, 39150 xrefs, 8966 changed (2.7s)
    release 26: 10827 genes, 39150 xrefs, 0 changed (2.7s)
    release 27: 10827 genes, 39150 xrefs, 0 changed (2.7s)
    release 28: 10827 genes, 39150 xrefs, 0 changed (2.8s)
    release 29: 10827 genes, 39150 xrefs, 0 changed (2.9s)
    release 30: 10827 genes, 39150 xrefs, 0 changed (3.0s)
    release 31: 10827 genes, 39150 xrefs, 0 changed (2.9s)
    release 32: 10827 genes, 39150 xrefs, 0 changed (3.0s)
    release 33: 10827 genes, 39150 xrefs, 0 changed (3.0s)
    release 34: 10827 genes, 39150 xrefs, 0 changed (2.6s)
    release 35: 10827 genes, 39150 xrefs, 0 changed (2.8s)
    release 36: 10827 genes, 39150 xrefs, 0 changed (3.1s)
    release 37: 11062 genes, 39195 xrefs, 0 changed (3.0s)
    release 38: 11062 genes, 39167 xrefs, 0 changed (2.7s)
    release 39: 10828 genes, 27332 xrefs, 29 changed (3.0s)
    release 40: 10828 genes, 27332 xrefs, 0 changed (2.8s)
    release 41: 10828 genes, 27332 xrefs, 0 changed (3.3s)
    release 42: 10828 genes, 27332 xrefs, 0 changed (3.2s)
    release 43: 10828 genes, 27332 xrefs, 0 changed (3.1s)
    release 44: 10828 genes, 27332 xrefs, 0 changed (2.9s)
    release 45: 10828 genes, 27332 xrefs, 0 changed (2.8s)
    release 46: 10828 genes, 27332 xrefs, 0 changed (2.7s)
    release 47: 10828 genes, 27332 xrefs, 0 changed (2.7s)
    release 48: 10828 genes, 27332 xrefs, 0 changed (2.8s)
    release 49: 10828 genes, 27332 xrefs, 0 changed (2.9s)
    release 50: 10828 genes, 27332 xrefs, 0 changed (2.9s)
    release 51: 10828 genes, 27332 xrefs, 0 changed (3.4s)
    release 52: 10828 genes, 27339 xrefs, 19 changed (2.8s)
    release 53: 10828 genes, 27339 xrefs, 0 changed (2.8s)
    release 54: 10828 genes, 27339 xrefs, 0 changed (3.0s)
    release 55: 10828 genes, 27339 xrefs, 0 changed (2.9s)
    release 56: 10828 genes, 27339 xrefs, 0 changed (3.0s)
    release 57: 10828 genes, 27339 xrefs, 0 changed (2.9s)
    release 58: 10828 genes, 27339 xrefs, 0 changed (2.7s)
    release 59: 10828 genes, 27339 xrefs, 0 changed (2.7s)
    release 60: 10828 genes, 27339 xrefs, 0 changed (3.0s)
    release 61: 10828 genes, 27339 xrefs, 0 changed (3.2s)
    release 62: 10828 genes, 27339 xrefs, 0 changed (3.1s)
  aspergillus_oryzae: 58 releases, 25099 genes in db
    release 12: 12388 genes, 24707 xrefs, 9045 changed (1.8s)
    release 13: 12388 genes, 24707 xrefs, 0 changed (1.9s)
    release 14: 12388 genes, 24707 xrefs, 0 changed (2.0s)
    release 15: 12388 genes, 24655 xrefs, 52 changed (2.1s)
    release 16: 12388 genes, 24655 xrefs, 0 changed (2.1s)
    release 17: 12388 genes, 24655 xrefs, 0 changed (2.0s)
    release 18: 12388 genes, 24655 xrefs, 0 changed (1.9s)
    release 19: 12388 genes, 24655 xrefs, 0 changed (2.0s)
    release 20: 12388 genes, 24655 xrefs, 0 changed (2.1s)
    release 21: 12388 genes, 31434 xrefs, 9173 changed (2.9s)
    release 22: 12388 genes, 30668 xrefs, 64 changed (3.0s)
    release 23: 12388 genes, 30668 xrefs, 0 changed (2.8s)
    release 24: 12388 genes, 30668 xrefs, 0 changed (2.7s)
    release 25: 12388 genes, 30668 xrefs, 0 changed (2.7s)
    release 26: 12388 genes, 30668 xrefs, 0 changed (2.8s)
    release 27: 12388 genes, 30668 xrefs, 0 changed (2.9s)
    release 28: 12388 genes, 30668 xrefs, 0 changed (2.9s)
    release 29: 12388 genes, 30668 xrefs, 0 changed (2.8s)
    release 30: 12388 genes, 30668 xrefs, 0 changed (2.9s)
    release 31: 12388 genes, 30668 xrefs, 0 changed (2.8s)
    release 32: 12376 genes, 23577 xrefs, 6201 changed (1.8s)
    release 33: 12376 genes, 23577 xrefs, 0 changed (1.9s)
    release 34: 12376 genes, 23577 xrefs, 0 changed (1.9s)
    release 35: 12376 genes, 23577 xrefs, 0 changed (1.9s)
    release 36: 12376 genes, 23577 xrefs, 0 changed (1.8s)
    release 37: 12682 genes, 23623 xrefs, 0 changed (1.8s)
    release 38: 12682 genes, 23623 xrefs, 0 changed (2.0s)
    release 39: 12376 genes, 29326 xrefs, 6202 changed (2.5s)
    release 40: 12376 genes, 29326 xrefs, 0 changed (2.5s)
    release 41: 12376 genes, 29326 xrefs, 0 changed (2.6s)
    release 42: 12376 genes, 29326 xrefs, 0 changed (2.6s)
    release 43: 12376 genes, 29326 xrefs, 0 changed (2.5s)
    release 44: 12376 genes, 29326 xrefs, 0 changed (2.5s)
    release 45: 12376 genes, 29326 xrefs, 0 changed (2.4s)
    release 46: 12376 genes, 29326 xrefs, 0 changed (2.5s)
    release 47: 12376 genes, 29326 xrefs, 0 changed (2.6s)
    release 48: 12376 genes, 29326 xrefs, 0 changed (2.6s)
    release 49: 12376 genes, 29326 xrefs, 0 changed (2.6s)
    release 50: 12376 genes, 29326 xrefs, 0 changed (2.5s)
    release 51: 12376 genes, 29326 xrefs, 0 changed (3.3s)
    release 52: 12376 genes, 29325 xrefs, 19 changed (2.3s)
    release 53: 12376 genes, 29325 xrefs, 0 changed (2.5s)
    release 54: 12376 genes, 29325 xrefs, 0 changed (2.6s)
    release 55: 12376 genes, 29325 xrefs, 0 changed (2.5s)
    release 56: 12376 genes, 29325 xrefs, 0 changed (2.6s)
    release 57: 12376 genes, 29325 xrefs, 0 changed (2.6s)
    release 58: 12376 genes, 29325 xrefs, 0 changed (2.5s)
    release 59: 12376 genes, 29325 xrefs, 0 changed (2.6s)
    release 60: 12376 genes, 29325 xrefs, 0 changed (2.7s)
    release 61: 12376 genes, 29325 xrefs, 0 changed (2.8s)
    release 62: 12376 genes, 29325 xrefs, 0 changed (3.0s)
  apis_mellifera: 52 releases, 39491 genes in db
    release 12: 10736 genes, 20116 xrefs, 7353 changed (1.5s)
    release 13: 10736 genes, 20116 xrefs, 0 changed (1.8s)
    release 14: 10736 genes, 20116 xrefs, 0 changed (1.9s)
    release 15: 10736 genes, 20116 xrefs, 0 changed (1.7s)
    release 16: 10736 genes, 20116 xrefs, 0 changed (1.9s)
    release 17: 10736 genes, 20116 xrefs, 0 changed (1.6s)
    release 18: 10736 genes, 20116 xrefs, 0 changed (1.8s)
    release 19: 10736 genes, 20116 xrefs, 0 changed (1.6s)
    release 20: 10675 genes, 21743 xrefs, 5527 changed (2.0s)
    release 21: 10675 genes, 21743 xrefs, 0 changed (1.9s)
    release 22: 10675 genes, 21743 xrefs, 0 changed (1.9s)
    release 23: 15720 genes, 27855 xrefs, 9006 changed (2.5s)
    release 24: 15720 genes, 27855 xrefs, 0 changed (2.5s)
    release 25: 15720 genes, 27855 xrefs, 0 changed (2.5s)
    release 26: 15720 genes, 27855 xrefs, 0 changed (2.6s)
    release 27: 15720 genes, 27855 xrefs, 0 changed (2.6s)
    release 28: 15720 genes, 27855 xrefs, 0 changed (2.6s)
    release 29: 15720 genes, 27855 xrefs, 0 changed (2.5s)
    release 30: 15720 genes, 27855 xrefs, 0 changed (2.5s)
    release 31: 15720 genes, 27855 xrefs, 0 changed (2.6s)
    release 32: 15720 genes, 27855 xrefs, 0 changed (2.3s)
    release 33: 15720 genes, 27855 xrefs, 0 changed (2.1s)
    release 34: 15720 genes, 27855 xrefs, 0 changed (2.4s)
    release 35: 15720 genes, 27855 xrefs, 0 changed (2.2s)
    release 36: 15853 genes, 24811 xrefs, 3702 changed (2.2s)
    release 37: 15853 genes, 24953 xrefs, 193 changed (2.3s)
    release 38: 15853 genes, 24953 xrefs, 0 changed (2.2s)
    release 39: 15853 genes, 24953 xrefs, 0 changed (2.3s)
    release 40: 15853 genes, 24811 xrefs, 1343 changed (2.1s)
    release 41: 15853 genes, 24811 xrefs, 0 changed (2.4s)
    release 42: 15853 genes, 24811 xrefs, 0 changed (2.2s)
    release 43: 15853 genes, 24811 xrefs, 0 changed (2.2s)
    release 44: 15853 genes, 24811 xrefs, 0 changed (2.3s)
    release 45: 15853 genes, 24811 xrefs, 0 changed (2.5s)
    release 46: 15853 genes, 24811 xrefs, 0 changed (2.2s)
    release 47: 15853 genes, 24811 xrefs, 0 changed (2.3s)
    release 48: 15853 genes, 24811 xrefs, 0 changed (2.4s)
    release 49: 12398 genes, 26545 xrefs, 13 changed (2.7s)
    release 50: 12398 genes, 26545 xrefs, 0 changed (2.5s)
    release 51: 12398 genes, 26545 xrefs, 0 changed (4.5s)
    release 52: 12398 genes, 26545 xrefs, 0 changed (2.4s)
    release 53: 12398 genes, 26545 xrefs, 0 changed (3.1s)
    release 54: 12398 genes, 26545 xrefs, 0 changed (2.8s)
    release 55: 12398 genes, 26545 xrefs, 0 changed (2.6s)
    release 56: 12398 genes, 26545 xrefs, 0 changed (2.5s)
    release 57: 12398 genes, 26545 xrefs, 0 changed (2.7s)
    release 58: 12398 genes, 26545 xrefs, 0 changed (3.3s)
    release 59: 12398 genes, 26545 xrefs, 0 changed (2.7s)
  botrytis_cinerea: 38 releases, 22881 genes in db
    release 25: 10655 genes, 17309 xrefs, 8154 changed (1.9s)
    release 26: 10655 genes, 17309 xrefs, 0 changed (1.8s)
    release 27: 11701 genes, 0 xrefs, 0 changed (1.2s)
    release 28: 12004 genes, 56 xrefs, 261 changed (1.1s)
    release 29: 12004 genes, 56 xrefs, 0 changed (1.2s)
    release 30: 12004 genes, 56 xrefs, 0 changed (1.7s)
    release 31: 12004 genes, 56 xrefs, 0 changed (1.1s)
    release 32: 12004 genes, 56 xrefs, 0 changed (1.1s)
    release 33: 12004 genes, 56 xrefs, 0 changed (1.0s)
    release 34: 12004 genes, 56 xrefs, 0 changed (1.2s)
    release 35: 12010 genes, 31 xrefs, 0 changed (0.9s)
    release 36: 12010 genes, 2632 xrefs, 0 changed (0.7s)
    release 37: 12220 genes, 2676 xrefs, 0 changed (0.8s)
    release 38: 12220 genes, 2676 xrefs, 0 changed (1.0s)
    release 39: 12220 genes, 2676 xrefs, 0 changed (1.3s)
    release 40: 12220 genes, 2676 xrefs, 0 changed (0.9s)
    release 41: 12220 genes, 2676 xrefs, 0 changed (1.1s)
    release 42: 12220 genes, 2676 xrefs, 0 changed (1.2s)
    release 43: 12220 genes, 2676 xrefs, 0 changed (1.3s)
    release 44: 12220 genes, 2676 xrefs, 0 changed (1.0s)
    release 45: 12220 genes, 2676 xrefs, 0 changed (1.0s)
    release 46: 12220 genes, 2676 xrefs, 0 changed (1.2s)
    release 47: 12220 genes, 2676 xrefs, 0 changed (1.3s)
    release 48: 12220 genes, 2676 xrefs, 0 changed (2.4s)
    release 49: 12220 genes, 2676 xrefs, 0 changed (1.0s)
    release 50: 12220 genes, 2676 xrefs, 0 changed (1.0s)
    release 51: 12220 genes, 2676 xrefs, 0 changed (2.9s)
    release 52: 12194 genes, 8158 xrefs, 0 changed (2.3s)
    release 53: 12194 genes, 8158 xrefs, 0 changed (1.7s)
    release 54: 12194 genes, 8158 xrefs, 0 changed (1.7s)
    release 55: 12194 genes, 8158 xrefs, 0 changed (1.8s)
    release 56: 12194 genes, 8158 xrefs, 0 changed (1.6s)
    release 57: 12194 genes, 8158 xrefs, 0 changed (1.7s)
    release 58: 12194 genes, 8158 xrefs, 0 changed (1.9s)
    release 59: 12194 genes, 8158 xrefs, 0 changed (1.7s)
    release 60: 12194 genes, 8158 xrefs, 0 changed (1.8s)
    release 61: 12194 genes, 8158 xrefs, 0 changed (2.1s)
    release 62: 12194 genes, 8158 xrefs, 0 changed (1.9s)
  magnaporthe_oryzae: 50 releases, 13470 genes in db
    release 13: 13218 genes, 46221 xrefs, 12361 changed (2.6s)
    release 14: 13218 genes, 46221 xrefs, 0 changed (2.7s)
    release 15: 13218 genes, 46221 xrefs, 0 changed (2.5s)
    release 16: 13218 genes, 46221 xrefs, 0 changed (2.6s)
    release 17: 13218 genes, 46221 xrefs, 0 changed (2.9s)
    release 18: 13218 genes, 46221 xrefs, 0 changed (2.6s)
    release 19: 13218 genes, 46221 xrefs, 0 changed (2.6s)
    release 20: 13218 genes, 46221 xrefs, 0 changed (2.5s)
    release 21: 13218 genes, 33841 xrefs, 0 changed (2.4s)
    release 22: 13218 genes, 33841 xrefs, 0 changed (2.5s)
    release 23: 13218 genes, 33841 xrefs, 0 changed (2.5s)
    release 24: 13218 genes, 33841 xrefs, 0 changed (2.7s)
    release 25: 13218 genes, 33841 xrefs, 0 changed (2.8s)
    release 26: 13218 genes, 33841 xrefs, 0 changed (2.8s)
    release 27: 13218 genes, 33841 xrefs, 0 changed (2.9s)
    release 28: 13218 genes, 33841 xrefs, 0 changed (2.8s)
    release 29: 13218 genes, 33841 xrefs, 0 changed (2.9s)
    release 30: 13218 genes, 33841 xrefs, 0 changed (3.3s)
    release 31: 13218 genes, 33841 xrefs, 0 changed (3.0s)
    release 32: 13218 genes, 33841 xrefs, 0 changed (3.2s)
    release 33: 13218 genes, 33841 xrefs, 0 changed (3.2s)
    release 34: 13218 genes, 33841 xrefs, 0 changed (2.6s)
    release 35: 13218 genes, 33841 xrefs, 0 changed (2.8s)
    release 36: 13218 genes, 33841 xrefs, 0 changed (2.6s)
    release 37: 13470 genes, 33845 xrefs, 0 changed (2.5s)
    release 38: 13470 genes, 33845 xrefs, 0 changed (2.6s)
    release 39: 13470 genes, 33845 xrefs, 0 changed (2.9s)
    release 40: 13470 genes, 33845 xrefs, 0 changed (2.7s)
    release 41: 13470 genes, 33845 xrefs, 0 changed (3.0s)
    release 42: 13470 genes, 33845 xrefs, 0 changed (2.7s)
    release 43: 13470 genes, 33845 xrefs, 0 changed (3.2s)
    release 44: 13470 genes, 33845 xrefs, 0 changed (3.2s)
    release 45: 13470 genes, 33845 xrefs, 0 changed (3.0s)
    release 46: 13470 genes, 33845 xrefs, 0 changed (2.6s)
    release 47: 13470 genes, 33845 xrefs, 0 changed (2.6s)
    release 48: 13470 genes, 33845 xrefs, 0 changed (2.8s)
    release 49: 13470 genes, 33845 xrefs, 0 changed (2.8s)
    release 50: 13470 genes, 33845 xrefs, 0 changed (4.0s)
    release 51: 13470 genes, 33845 xrefs, 0 changed (3.3s)
    release 52: 13470 genes, 38252 xrefs, 5031 changed (2.7s)
    release 53: 13470 genes, 38252 xrefs, 0 changed (2.9s)
    release 54: 13470 genes, 38252 xrefs, 0 changed (3.4s)
    release 55: 13470 genes, 38252 xrefs, 0 changed (3.5s)
    release 56: 13470 genes, 38252 xrefs, 0 changed (3.5s)
    release 57: 13470 genes, 38252 xrefs, 0 changed (3.4s)
    release 58: 13470 genes, 38252 xrefs, 0 changed (3.5s)
    release 59: 13470 genes, 38252 xrefs, 0 changed (3.6s)
    release 60: 13470 genes, 38252 xrefs, 0 changed (3.5s)
    release 61: 13470 genes, 38252 xrefs, 0 changed (3.3s)
    release 62: 13470 genes, 38252 xrefs, 0 changed (3.7s)
  neurospora_crassa: 58 releases, 21098 genes in db
    release 12: 10413 genes, 21228 xrefs, 10353 changed (1.4s)
    release 13: 10413 genes, 21228 xrefs, 0 changed (2.1s)
    release 14: 10413 genes, 21228 xrefs, 0 changed (1.6s)
    release 15: 10413 genes, 20695 xrefs, 533 changed (1.5s)
    release 16: 10413 genes, 20695 xrefs, 0 changed (1.6s)
    release 17: 10413 genes, 20695 xrefs, 0 changed (1.7s)
    release 18: 10413 genes, 20695 xrefs, 0 changed (1.5s)
    release 19: 10413 genes, 20695 xrefs, 0 changed (1.5s)
    release 20: 10413 genes, 20695 xrefs, 0 changed (1.5s)
    release 21: 10413 genes, 20695 xrefs, 0 changed (1.6s)
    release 22: 10413 genes, 20695 xrefs, 0 changed (1.8s)
    release 23: 10413 genes, 20695 xrefs, 0 changed (1.7s)
    release 24: 10413 genes, 20695 xrefs, 0 changed (1.7s)
    release 25: 10413 genes, 20695 xrefs, 0 changed (1.8s)
    release 26: 10413 genes, 20695 xrefs, 0 changed (1.9s)
    release 27: 10413 genes, 20695 xrefs, 0 changed (1.9s)
    release 28: 10413 genes, 20695 xrefs, 0 changed (2.0s)
    release 29: 10413 genes, 20695 xrefs, 0 changed (2.0s)
    release 30: 10413 genes, 20695 xrefs, 0 changed (2.0s)
    release 31: 10413 genes, 20695 xrefs, 0 changed (2.0s)
    release 32: 10589 genes, 19799 xrefs, 9703 changed (1.9s)
    release 33: 10589 genes, 19799 xrefs, 0 changed (2.2s)
    release 34: 10589 genes, 19799 xrefs, 0 changed (2.0s)
    release 35: 10589 genes, 19799 xrefs, 0 changed (2.0s)
    release 36: 10589 genes, 19799 xrefs, 0 changed (1.9s)
    release 37: 10685 genes, 19819 xrefs, 0 changed (1.9s)
    release 38: 10685 genes, 19819 xrefs, 0 changed (2.0s)
    release 39: 10685 genes, 19819 xrefs, 0 changed (2.0s)
    release 40: 10685 genes, 19819 xrefs, 0 changed (2.1s)
    release 41: 10685 genes, 19819 xrefs, 0 changed (2.2s)
    release 42: 10685 genes, 19819 xrefs, 0 changed (2.2s)
    release 43: 10685 genes, 19819 xrefs, 0 changed (2.0s)
    release 44: 10685 genes, 19819 xrefs, 0 changed (2.1s)
    release 45: 10685 genes, 19819 xrefs, 0 changed (2.0s)
    release 46: 10685 genes, 19819 xrefs, 0 changed (2.5s)
    release 47: 10685 genes, 18988 xrefs, 0 changed (2.0s)
    release 48: 10685 genes, 18988 xrefs, 0 changed (2.1s)
    release 49: 10685 genes, 18988 xrefs, 0 changed (2.1s)
    release 50: 10685 genes, 18988 xrefs, 0 changed (2.2s)
    release 51: 10685 genes, 18988 xrefs, 0 changed (2.3s)
    release 52: 10685 genes, 28691 xrefs, 9703 changed (2.6s)
    release 53: 10685 genes, 28691 xrefs, 0 changed (2.6s)
    release 54: 10685 genes, 28691 xrefs, 0 changed (2.5s)
    release 55: 10685 genes, 28691 xrefs, 0 changed (2.5s)
    release 56: 10685 genes, 28691 xrefs, 0 changed (3.1s)
    release 57: 10685 genes, 28691 xrefs, 0 changed (2.7s)
    release 58: 10685 genes, 28691 xrefs, 0 changed (2.6s)
    release 59: 10685 genes, 28691 xrefs, 0 changed (2.6s)
    release 60: 10685 genes, 28691 xrefs, 0 changed (2.7s)
    release 61: 10685 genes, 28691 xrefs, 0 changed (2.8s)
    release 62: 10685 genes, 28691 xrefs, 0 changed (3.1s)
  guillardia_theta: 45 releases, 25727 genes in db
    release 18: 25163 genes, 49899 xrefs, 404 changed (3.9s)
    release 19: 25027 genes, 50037 xrefs, 13 changed (4.1s)
    release 20: 25027 genes, 50037 xrefs, 0 changed (4.6s)
    release 21: 25027 genes, 50037 xrefs, 0 changed (4.0s)
    release 22: 25027 genes, 50037 xrefs, 0 changed (4.2s)
    release 23: 25383 genes, 34343 xrefs, 679 changed (3.9s)
    release 24: 25381 genes, 34343 xrefs, 0 changed (3.3s)
    release 25: 25381 genes, 34343 xrefs, 0 changed (3.8s)
    release 26: 25381 genes, 34343 xrefs, 0 changed (3.6s)
    release 27: 25381 genes, 34343 xrefs, 0 changed (3.7s)
    release 28: 25381 genes, 34343 xrefs, 0 changed (4.0s)
    release 29: 25381 genes, 34343 xrefs, 0 changed (3.6s)
    release 30: 25381 genes, 34343 xrefs, 0 changed (3.7s)
    release 31: 25381 genes, 34343 xrefs, 0 changed (3.9s)
    release 32: 25381 genes, 34343 xrefs, 0 changed (3.7s)
    release 33: 25381 genes, 34343 xrefs, 0 changed (3.9s)
    release 34: 25381 genes, 34343 xrefs, 0 changed (3.8s)
    release 35: 25381 genes, 34343 xrefs, 0 changed (4.3s)
    release 36: 25381 genes, 34343 xrefs, 0 changed (3.8s)
    release 37: 25225 genes, 34322 xrefs, 0 changed (3.9s)
    release 38: 25225 genes, 34322 xrefs, 0 changed (4.1s)
    release 39: 25225 genes, 34322 xrefs, 0 changed (3.8s)
    release 40: 25225 genes, 34322 xrefs, 0 changed (4.1s)
    release 41: 25225 genes, 34322 xrefs, 0 changed (3.9s)
    release 42: 25225 genes, 34322 xrefs, 0 changed (3.5s)
    release 43: 25225 genes, 34322 xrefs, 0 changed (3.6s)
    release 44: 25225 genes, 34322 xrefs, 0 changed (4.1s)
    release 45: 25225 genes, 34322 xrefs, 0 changed (4.3s)
    release 46: 25225 genes, 34322 xrefs, 0 changed (4.0s)
    release 47: 25225 genes, 34198 xrefs, 0 changed (4.0s)
    release 48: 25225 genes, 34198 xrefs, 0 changed (3.5s)
    release 49: 25225 genes, 34198 xrefs, 0 changed (4.0s)
    release 50: 25225 genes, 34198 xrefs, 0 changed (4.1s)
    release 51: 25225 genes, 34198 xrefs, 0 changed (4.8s)
    release 52: 25225 genes, 34198 xrefs, 0 changed (4.3s)
    release 53: 25225 genes, 34198 xrefs, 0 changed (4.1s)
    release 54: 25225 genes, 34198 xrefs, 0 changed (4.3s)
    release 55: 25225 genes, 34198 xrefs, 0 changed (4.4s)
    release 56: 25225 genes, 34198 xrefs, 0 changed (4.2s)
    release 57: 25225 genes, 34198 xrefs, 0 changed (4.2s)
    release 58: 25225 genes, 34198 xrefs, 0 changed (4.1s)
    release 59: 25225 genes, 34198 xrefs, 0 changed (4.3s)
    release 60: 25225 genes, 34198 xrefs, 0 changed (4.0s)
    release 61: 25225 genes, 34198 xrefs, 0 changed (4.5s)
    release 62: 25225 genes, 34198 xrefs, 0 changed (4.3s)
  marchantia_polymorpha: 11 releases, 37550 genes in db
    release 52: 19287 genes, 12266 xrefs, 0 changed (2.7s)
    release 53: 19287 genes, 12266 xrefs, 0 changed (2.7s)
    release 54: 19287 genes, 12266 xrefs, 0 changed (2.9s)
    release 55: 19287 genes, 12266 xrefs, 0 changed (2.9s)
    release 56: 19287 genes, 12266 xrefs, 0 changed (2.8s)
    release 57: 19287 genes, 12266 xrefs, 0 changed (2.8s)
    release 58: 19287 genes, 12266 xrefs, 0 changed (3.0s)
    release 59: 19287 genes, 12266 xrefs, 0 changed (3.0s)
    release 60: 18263 genes, 249 xrefs, 1 changed (1.7s)
    release 61: 18263 genes, 249 xrefs, 1 changed (1.7s)
    release 62: 18263 genes, 258 xrefs, 0 changed (1.9s)
  oryza_barthii: 41 releases, 49151 genes in db
    release 22: 45387 genes, 45477 xrefs, 177 changed (3.9s)
    release 23: 37451 genes, 37509 xrefs, 34 changed (3.9s)
    release 24: 36899 genes, 36957 xrefs, 0 changed (3.8s)
    release 25: 36899 genes, 36957 xrefs, 0 changed (2.9s)
    release 26: 36899 genes, 36957 xrefs, 0 changed (2.8s)
    release 27: 36899 genes, 36957 xrefs, 0 changed (3.8s)
    release 28: 36899 genes, 36957 xrefs, 0 changed (4.2s)
    release 29: 36899 genes, 36957 xrefs, 0 changed (3.6s)
    release 30: 36899 genes, 36957 xrefs, 0 changed (3.6s)
    release 31: 36899 genes, 2947 xrefs, 0 changed (2.4s)
    release 32: 36899 genes, 2947 xrefs, 0 changed (2.2s)
    release 33: 36899 genes, 2947 xrefs, 0 changed (2.3s)
    release 34: 36899 genes, 2944 xrefs, 0 changed (2.1s)
    release 35: 36899 genes, 2944 xrefs, 0 changed (3.0s)
    release 36: 36899 genes, 3248 xrefs, 6 changed (2.8s)
    release 37: 37849 genes, 3414 xrefs, 0 changed (3.3s)
    release 38: 37849 genes, 4637 xrefs, 1216 changed (2.9s)
    release 39: 37849 genes, 3672 xrefs, 193 changed (3.0s)
    release 40: 37849 genes, 3672 xrefs, 0 changed (3.1s)
    release 41: 35553 genes, 1410 xrefs, 0 changed (2.9s)
    release 42: 35553 genes, 1064 xrefs, 10 changed (3.1s)
    release 43: 35553 genes, 1064 xrefs, 0 changed (3.0s)
    release 44: 35553 genes, 1064 xrefs, 0 changed (2.9s)
    release 45: 35553 genes, 1064 xrefs, 0 changed (3.1s)
    release 46: 35553 genes, 1064 xrefs, 0 changed (3.0s)
    release 47: 35553 genes, 1064 xrefs, 0 changed (3.2s)
    release 48: 35553 genes, 1064 xrefs, 0 changed (3.0s)
    release 49: 35553 genes, 1064 xrefs, 0 changed (3.1s)
    release 50: 35553 genes, 1064 xrefs, 0 changed (3.1s)
    release 51: 35553 genes, 1064 xrefs, 0 changed (4.7s)
    release 52: 35553 genes, 1064 xrefs, 0 changed (3.1s)
    release 53: 35553 genes, 1064 xrefs, 0 changed (3.1s)
    release 54: 35553 genes, 1064 xrefs, 0 changed (2.9s)
    release 55: 35553 genes, 1064 xrefs, 0 changed (3.4s)
    release 56: 35553 genes, 1064 xrefs, 0 changed (3.2s)
    release 57: 35553 genes, 1064 xrefs, 0 changed (3.2s)
    release 58: 35553 genes, 1064 xrefs, 0 changed (3.2s)
    release 59: 35553 genes, 1064 xrefs, 0 changed (3.4s)
    release 60: 35553 genes, 36730 xrefs, 1128 changed (3.9s)
    release 61: 35553 genes, 36730 xrefs, 3 changed (3.7s)
    release 62: 35553 genes, 36730 xrefs, 0 changed (4.0s)
  pythium_irregulare: 11 releases, 13869 genes in db
    release 52: 13869 genes, 11 xrefs, 0 changed (1.2s)
    release 53: 13869 genes, 11 xrefs, 0 changed (1.0s)
    release 54: 13869 genes, 11 xrefs, 0 changed (0.9s)
    release 55: 13869 genes, 11 xrefs, 0 changed (0.9s)
    release 56: 13869 genes, 11 xrefs, 0 changed (1.1s)
    release 57: 13869 genes, 11 xrefs, 0 changed (0.9s)
    release 58: 13869 genes, 11 xrefs, 0 changed (0.9s)
    release 59: 13869 genes, 11 xrefs, 0 changed (1.0s)
    release 60: 13869 genes, 11 xrefs, 0 changed (1.2s)
    release 61: 13869 genes, 11 xrefs, 0 changed (1.1s)
    release 62: 13869 genes, 11 xrefs, 0 changed (0.8s)
  actinidia_chinensis: 11 releases, 33044 genes in db
    release 52: 33044 genes, 867 xrefs, 8 changed (4.3s)
    release 53: 33044 genes, 867 xrefs, 0 changed (3.9s)
    release 54: 33044 genes, 867 xrefs, 0 changed (4.0s)
    release 55: 33044 genes, 867 xrefs, 0 changed (3.8s)
    release 56: 33044 genes, 867 xrefs, 0 changed (4.4s)
    release 57: 33044 genes, 867 xrefs, 0 changed (4.0s)
    release 58: 33044 genes, 867 xrefs, 0 changed (4.1s)
    release 59: 33044 genes, 867 xrefs, 0 changed (3.9s)
    release 60: 33044 genes, 974 xrefs, 11 changed (3.9s)
    release 61: 33044 genes, 974 xrefs, 4 changed (3.7s)
    release 62: 33044 genes, 974 xrefs, 0 changed (3.9s)
  acyrthosiphon_pisum: 51 releases, 73308 genes in db
    release 12: 34601 genes, 10250 xrefs, 0 changed (3.0s)
    release 13: 34601 genes, 10250 xrefs, 0 changed (2.1s)
    release 14: 34601 genes, 10250 xrefs, 0 changed (2.1s)
    release 15: 34601 genes, 10250 xrefs, 0 changed (2.0s)
    release 16: 34601 genes, 10250 xrefs, 0 changed (2.2s)
    release 17: 34601 genes, 10250 xrefs, 0 changed (2.0s)
    release 18: 34601 genes, 95130 xrefs, 10061 changed (5.0s)
    release 19: 34601 genes, 95130 xrefs, 0 changed (4.6s)
    release 20: 36939 genes, 113614 xrefs, 15070 changed (5.2s)
    release 21: 36939 genes, 111774 xrefs, 1750 changed (5.5s)
    release 22: 36939 genes, 111774 xrefs, 0 changed (5.3s)
    release 23: 37865 genes, 111865 xrefs, 0 changed (5.5s)
    release 24: 37865 genes, 111865 xrefs, 0 changed (5.5s)
    release 25: 37865 genes, 111865 xrefs, 0 changed (5.8s)
    release 26: 37865 genes, 111865 xrefs, 0 changed (5.6s)
    release 27: 37865 genes, 111865 xrefs, 0 changed (5.5s)
    release 28: 37865 genes, 111865 xrefs, 0 changed (5.6s)
    release 29: 37865 genes, 111865 xrefs, 0 changed (5.6s)
    release 30: 37865 genes, 111865 xrefs, 0 changed (5.6s)
    release 31: 37865 genes, 111865 xrefs, 0 changed (5.2s)
    release 32: 37865 genes, 111865 xrefs, 0 changed (5.9s)
    release 33: 37865 genes, 111865 xrefs, 0 changed (5.7s)
    release 34: 37865 genes, 111865 xrefs, 0 changed (5.7s)
    release 35: 37865 genes, 111865 xrefs, 0 changed (5.5s)
    release 36: 37522 genes, 107602 xrefs, 17164 changed (5.7s)
    release 37: 37522 genes, 108016 xrefs, 520 changed (5.5s)
    release 38: 37522 genes, 108016 xrefs, 0 changed (5.6s)
    release 39: 37522 genes, 108016 xrefs, 0 changed (5.9s)
    release 40: 37522 genes, 107602 xrefs, 9381 changed (5.7s)
    release 41: 37522 genes, 107602 xrefs, 0 changed (6.7s)
    release 42: 37522 genes, 107602 xrefs, 0 changed (6.8s)
    release 43: 37522 genes, 107602 xrefs, 0 changed (6.0s)
    release 44: 37522 genes, 107602 xrefs, 0 changed (6.0s)
    release 45: 37522 genes, 107602 xrefs, 0 changed (5.9s)
    release 46: 37522 genes, 107602 xrefs, 0 changed (5.5s)
    release 47: 37522 genes, 107602 xrefs, 0 changed (5.4s)
    release 48: 37522 genes, 107602 xrefs, 0 changed (5.7s)
    release 49: 37522 genes, 107602 xrefs, 0 changed (5.6s)
    release 50: 37522 genes, 107602 xrefs, 0 changed (6.2s)
    release 51: 37522 genes, 107602 xrefs, 0 changed (7.1s)
    release 52: 37522 genes, 107602 xrefs, 0 changed (6.4s)
    release 53: 20928 genes, 39198 xrefs, 159 changed (4.6s)
    release 54: 20928 genes, 39198 xrefs, 0 changed (3.7s)
    release 55: 20928 genes, 39198 xrefs, 0 changed (3.9s)
    release 56: 20928 genes, 39198 xrefs, 0 changed (3.8s)
    release 57: 20928 genes, 39198 xrefs, 0 changed (4.0s)
  astatotilapia_calliptera: 22 releases, 40185 genes in db
    release 94: 28001 genes, 15027 xrefs, 15083 changed (3.2s)
    release 95: 28001 genes, 47448 xrefs, 10668 changed (4.9s)
    release 96: 28001 genes, 46671 xrefs, 1404 changed (5.5s)
    release 97: 28001 genes, 49596 xrefs, 1022 changed (6.5s)
    release 98: 28001 genes, 50165 xrefs, 1651 changed (6.7s)
    release 99: 28001 genes, 50045 xrefs, 14381 changed (6.0s)
    release 100: 28001 genes, 50280 xrefs, 1752 changed (6.3s)
    release 101: 28001 genes, 50320 xrefs, 976 changed (6.3s)
    release 102: 28001 genes, 50531 xrefs, 1111 changed (6.2s)
    release 103: 28001 genes, 50567 xrefs, 935 changed (6.4s)
    release 104: 28001 genes, 50543 xrefs, 880 changed (8.7s)
    release 105: 28001 genes, 50652 xrefs, 850 changed (6.4s)
    release 106: 28001 genes, 50631 xrefs, 744 changed (6.8s)
    release 107: 28001 genes, 50616 xrefs, 750 changed (6.9s)
    release 108: 28001 genes, 50644 xrefs, 692 changed (6.7s)
    release 109: 28001 genes, 50646 xrefs, 734 changed (7.3s)
    release 110: 28001 genes, 48841 xrefs, 4429 changed (6.3s)
    release 111: 28001 genes, 50648 xrefs, 4490 changed (6.6s)
    release 112: 33341 genes, 51168 xrefs, 13380 changed (5.7s)
    release 113: 33341 genes, 52793 xrefs, 286 changed (6.0s)
    release 114: 33341 genes, 52889 xrefs, 355 changed (6.9s)
    release 115: 33341 genes, 52893 xrefs, 93 changed (5.8s)
  bos_indicus_hybrid: 19 releases, 29910 genes in db
    release 97: 29910 genes, 45907 xrefs, 17446 changed (5.9s)
    release 98: 29910 genes, 51383 xrefs, 3564 changed (5.8s)
    release 99: 29910 genes, 89614 xrefs, 13211 changed (8.8s)
    release 100: 29910 genes, 89664 xrefs, 288 changed (8.6s)
    release 101: 29910 genes, 89638 xrefs, 277 changed (8.1s)
    release 102: 29910 genes, 89236 xrefs, 349 changed (7.8s)
    release 103: 29910 genes, 89301 xrefs, 280 changed (7.4s)
    release 104: 29910 genes, 89253 xrefs, 489 changed (9.4s)
    release 105: 29910 genes, 89758 xrefs, 390 changed (8.2s)
    release 106: 29910 genes, 89782 xrefs, 210 changed (7.9s)
    release 107: 29910 genes, 90048 xrefs, 492 changed (8.0s)
    release 108: 29910 genes, 90066 xrefs, 171 changed (7.9s)
    release 109: 29910 genes, 90062 xrefs, 191 changed (8.1s)
    release 110: 29910 genes, 90075 xrefs, 191 changed (7.7s)
    release 111: 29910 genes, 90064 xrefs, 230 changed (7.9s)
    release 112: 29910 genes, 90084 xrefs, 185 changed (7.8s)
    release 113: 29910 genes, 94968 xrefs, 2006 changed (7.4s)
    release 114: 29910 genes, 94912 xrefs, 1632 changed (9.1s)
    release 115: 29910 genes, 94832 xrefs, 145 changed (7.5s)
  denticeps_clupeoides: 18 releases, 70461 genes in db
    release 98: 35912 genes, 57703 xrefs, 24188 changed (77.0s)
    release 99: 35912 genes, 68196 xrefs, 22119 changed (76.2s)
    release 100: 32421 genes, 68311 xrefs, 4682 changed (27.3s)
    release 101: 32421 genes, 68293 xrefs, 778 changed (29.0s)
    release 102: 32421 genes, 68511 xrefs, 1027 changed (31.1s)
    release 103: 32421 genes, 68540 xrefs, 795 changed (29.1s)
    release 104: 32421 genes, 68491 xrefs, 857 changed (36.8s)
    release 105: 32421 genes, 68604 xrefs, 775 changed (29.3s)
    release 106: 32421 genes, 68595 xrefs, 611 changed (28.5s)
    release 107: 32421 genes, 68572 xrefs, 658 changed (28.6s)
    release 108: 32421 genes, 68593 xrefs, 615 changed (28.4s)
    release 109: 32421 genes, 68600 xrefs, 665 changed (28.2s)
    release 110: 32421 genes, 66725 xrefs, 5110 changed (28.7s)
    release 111: 32421 genes, 68597 xrefs, 5140 changed (28.2s)
    release 112: 34549 genes, 120117 xrefs, 5029 changed (76.5s)
    release 113: 34549 genes, 82977 xrefs, 17247 changed (9.4s)
    release 114: 34549 genes, 119713 xrefs, 17276 changed (77.4s)
    release 115: 34549 genes, 119714 xrefs, 62 changed (71.1s)
  panicum_hallii_hal2: 7 releases, 33263 genes in db
    release 43: 33263 genes, 22509 xrefs, 0 changed (5.7s)
    release 44: 33263 genes, 22509 xrefs, 0 changed (4.9s)
    release 45: 33263 genes, 22509 xrefs, 0 changed (4.8s)
    release 46: 33263 genes, 22509 xrefs, 0 changed (5.8s)
    release 47: 33263 genes, 22509 xrefs, 0 changed (6.8s)
    release 48: 33263 genes, 22509 xrefs, 0 changed (5.8s)
    release 49: 33263 genes, 22509 xrefs, 0 changed (6.5s)
  gouania_willdenowi: 18 releases, 26832 genes in db
    release 98: 26832 genes, 42494 xrefs, 15428 changed (5.3s)
    release 99: 26832 genes, 51347 xrefs, 14218 changed (5.6s)
    release 100: 26832 genes, 51511 xrefs, 1856 changed (5.2s)
    release 101: 26832 genes, 51627 xrefs, 962 changed (5.3s)
    release 102: 26832 genes, 51865 xrefs, 1113 changed (5.4s)
    release 103: 26832 genes, 37201 xrefs, 14428 changed (4.6s)
    release 104: 26832 genes, 37201 xrefs, 0 changed (7.8s)
    release 105: 26832 genes, 37201 xrefs, 0 changed (4.4s)
    release 106: 26832 genes, 37201 xrefs, 0 changed (4.5s)
    release 107: 26832 genes, 37201 xrefs, 0 changed (4.8s)
    release 108: 26832 genes, 37201 xrefs, 0 changed (5.1s)
    release 109: 26832 genes, 37201 xrefs, 0 changed (4.3s)
    release 110: 26832 genes, 37201 xrefs, 0 changed (4.9s)
    release 111: 26832 genes, 37201 xrefs, 0 changed (4.4s)
    release 112: 26832 genes, 37201 xrefs, 0 changed (4.5s)
    release 113: 26832 genes, 85764 xrefs, 6122 changed (5.9s)
    release 114: 26832 genes, 85105 xrefs, 8780 changed (8.0s)
    release 115: 26832 genes, 85105 xrefs, 0 changed (7.2s)
  nannospalax_galili: 26 releases, 24636 genes in db
    release 90: 24636 genes, 15023 xrefs, 16363 changed (4.0s)
    release 91: 24636 genes, 14291 xrefs, 379 changed (4.7s)
    release 92: 24636 genes, 46799 xrefs, 8232 changed (5.1s)
    release 93: 24636 genes, 46802 xrefs, 362 changed (5.0s)
    release 94: 24636 genes, 46627 xrefs, 631 changed (5.8s)
    release 95: 24636 genes, 47528 xrefs, 996 changed (6.2s)
    release 96: 24636 genes, 47529 xrefs, 383 changed (6.2s)
    release 97: 24636 genes, 47587 xrefs, 304 changed (5.7s)
    release 98: 24636 genes, 47270 xrefs, 4099 changed (5.2s)
    release 99: 24636 genes, 44479 xrefs, 15567 changed (5.0s)
    release 100: 24636 genes, 45743 xrefs, 2074 changed (5.3s)
    release 101: 24636 genes, 45700 xrefs, 200 changed (5.3s)
    release 102: 24636 genes, 45596 xrefs, 173 changed (5.1s)
    release 103: 24636 genes, 45613 xrefs, 416 changed (5.1s)
    release 104: 24636 genes, 45630 xrefs, 292 changed (7.0s)
    release 105: 24636 genes, 45701 xrefs, 311 changed (5.4s)
    release 106: 24636 genes, 45649 xrefs, 197 changed (5.7s)
    release 107: 24636 genes, 45756 xrefs, 295 changed (5.5s)
    release 108: 24636 genes, 45763 xrefs, 195 changed (5.4s)
    release 109: 24636 genes, 45765 xrefs, 298 changed (5.6s)
    release 110: 24636 genes, 45762 xrefs, 205 changed (5.4s)
    release 111: 24636 genes, 45768 xrefs, 241 changed (5.4s)
    release 112: 24636 genes, 45765 xrefs, 240 changed (5.6s)
    release 113: 24636 genes, 74331 xrefs, 2152 changed (6.0s)
    release 114: 24636 genes, 75042 xrefs, 1423 changed (7.3s)
    release 115: 24636 genes, 75190 xrefs, 236 changed (6.1s)
  sus_scrofa_berkshire: 18 releases, 30571 genes in db
    release 98: 30571 genes, 35391 xrefs, 2790 changed (9.5s)
    release 99: 30571 genes, 25865 xrefs, 2509 changed (9.8s)
    release 100: 30571 genes, 25865 xrefs, 0 changed (10.1s)
    release 101: 30571 genes, 25865 xrefs, 0 changed (10.2s)
    release 102: 30571 genes, 25865 xrefs, 0 changed (10.9s)
    release 103: 30571 genes, 25865 xrefs, 0 changed (10.4s)
    release 104: 30571 genes, 25865 xrefs, 0 changed (13.5s)
    release 105: 30571 genes, 25865 xrefs, 0 changed (11.0s)
    release 106: 30571 genes, 25865 xrefs, 0 changed (10.5s)
    release 107: 30571 genes, 25865 xrefs, 0 changed (10.3s)
    release 108: 30571 genes, 25865 xrefs, 0 changed (11.0s)
    release 109: 30571 genes, 25865 xrefs, 0 changed (11.2s)
    release 110: 30571 genes, 25865 xrefs, 0 changed (10.8s)
    release 111: 30571 genes, 25865 xrefs, 0 changed (11.0s)
    release 112: 30571 genes, 25865 xrefs, 0 changed (10.7s)
    release 113: 30571 genes, 62813 xrefs, 3112 changed (6.8s)
    release 114: 30571 genes, 62742 xrefs, 1917 changed (7.4s)
    release 115: 30571 genes, 62742 xrefs, 0 changed (7.0s)
  sus_scrofa_hampshire: 18 releases, 30556 genes in db
    release 98: 30556 genes, 35314 xrefs, 3465 changed (10.6s)
    release 99: 30556 genes, 38173 xrefs, 2269 changed (11.3s)
    release 100: 30556 genes, 38173 xrefs, 0 changed (11.3s)
    release 101: 30556 genes, 38173 xrefs, 0 changed (10.7s)
    release 102: 30556 genes, 38173 xrefs, 0 changed (11.2s)
    release 103: 30556 genes, 38173 xrefs, 0 changed (11.3s)
    release 104: 30556 genes, 38173 xrefs, 0 changed (12.7s)
    release 105: 30556 genes, 38173 xrefs, 0 changed (10.9s)
    release 106: 30556 genes, 38173 xrefs, 0 changed (10.9s)
    release 107: 30556 genes, 38173 xrefs, 0 changed (11.3s)
    release 108: 30556 genes, 38173 xrefs, 0 changed (10.7s)
    release 109: 30556 genes, 38173 xrefs, 0 changed (11.2s)
    release 110: 30556 genes, 38173 xrefs, 0 changed (10.5s)
    release 111: 30556 genes, 38173 xrefs, 0 changed (11.1s)
    release 112: 30556 genes, 38173 xrefs, 0 changed (10.5s)
    release 113: 30556 genes, 67335 xrefs, 2795 changed (6.3s)
    release 114: 30556 genes, 67254 xrefs, 2520 changed (6.7s)
    release 115: 30556 genes, 67254 xrefs, 0 changed (5.8s)
  stegodyphus_mimosarum: 24 releases, 29288 genes in db
    release 36: 29288 genes, 78 xrefs, 0 changed (2.8s)
    release 37: 29288 genes, 78 xrefs, 0 changed (2.4s)
    release 38: 29288 genes, 78 xrefs, 0 changed (2.3s)
    release 39: 29288 genes, 78 xrefs, 0 changed (2.4s)
    release 40: 29288 genes, 78 xrefs, 0 changed (2.5s)
    release 41: 29288 genes, 78 xrefs, 0 changed (2.7s)
    release 42: 29288 genes, 78 xrefs, 0 changed (2.5s)
    release 43: 29288 genes, 78 xrefs, 0 changed (2.5s)
    release 44: 29288 genes, 78 xrefs, 0 changed (2.9s)
    release 45: 29288 genes, 78 xrefs, 0 changed (2.4s)
    release 46: 29288 genes, 78 xrefs, 0 changed (2.5s)
    release 47: 29288 genes, 78 xrefs, 0 changed (2.8s)
    release 48: 29288 genes, 78 xrefs, 0 changed (2.4s)
    release 49: 29288 genes, 78 xrefs, 0 changed (2.6s)
    release 50: 29288 genes, 78 xrefs, 0 changed (3.1s)
    release 51: 29288 genes, 78 xrefs, 0 changed (3.2s)
    release 52: 29288 genes, 78 xrefs, 0 changed (2.7s)
    release 53: 29288 genes, 78 xrefs, 0 changed (2.8s)
    release 54: 29288 genes, 78 xrefs, 0 changed (2.6s)
    release 55: 29288 genes, 78 xrefs, 0 changed (2.8s)
    release 56: 29288 genes, 78 xrefs, 0 changed (2.5s)
    release 57: 29288 genes, 78 xrefs, 0 changed (2.9s)
    release 58: 29288 genes, 78 xrefs, 0 changed (2.7s)
    release 59: 29288 genes, 78 xrefs, 0 changed (3.0s)
  aspergillus_fumigatus: 58 releases, 30417 genes in db
    release 12: 9898 genes, 19744 xrefs, 9252 changed (1.5s)
    release 13: 9898 genes, 19744 xrefs, 0 changed (1.6s)
    release 14: 9898 genes, 19744 xrefs, 0 changed (1.6s)
    release 15: 9898 genes, 19708 xrefs, 36 changed (1.5s)
    release 16: 9898 genes, 19708 xrefs, 0 changed (1.6s)
    release 17: 9898 genes, 19708 xrefs, 0 changed (1.5s)
    release 18: 9898 genes, 19708 xrefs, 0 changed (1.5s)
    release 19: 9898 genes, 19708 xrefs, 0 changed (1.5s)
    release 20: 9898 genes, 19708 xrefs, 0 changed (1.6s)
    release 21: 9898 genes, 29680 xrefs, 9226 changed (2.2s)
    release 22: 9898 genes, 29093 xrefs, 78 changed (2.5s)
    release 23: 9898 genes, 29093 xrefs, 0 changed (2.4s)
    release 24: 9898 genes, 29093 xrefs, 0 changed (2.5s)
    release 25: 9898 genes, 29093 xrefs, 0 changed (2.3s)
    release 26: 9898 genes, 29093 xrefs, 0 changed (2.8s)
    release 27: 9898 genes, 29093 xrefs, 0 changed (2.5s)
    release 28: 9898 genes, 29093 xrefs, 0 changed (2.7s)
    release 29: 9898 genes, 29093 xrefs, 0 changed (2.5s)
    release 30: 9898 genes, 29093 xrefs, 0 changed (2.8s)
    release 31: 9898 genes, 29093 xrefs, 0 changed (2.6s)
    release 32: 9898 genes, 29093 xrefs, 0 changed (2.7s)
    release 33: 9898 genes, 29093 xrefs, 0 changed (2.7s)
    release 34: 9898 genes, 29093 xrefs, 0 changed (2.5s)
    release 35: 9898 genes, 29093 xrefs, 0 changed (2.4s)
    release 36: 9898 genes, 29093 xrefs, 0 changed (2.4s)
    release 37: 10144 genes, 29142 xrefs, 0 changed (2.2s)
    release 38: 10144 genes, 29142 xrefs, 0 changed (2.6s)
    release 39: 9859 genes, 28607 xrefs, 9520 changed (2.4s)
    release 40: 9859 genes, 28607 xrefs, 0 changed (2.4s)
    release 41: 9859 genes, 28607 xrefs, 0 changed (2.4s)
    release 42: 9859 genes, 28607 xrefs, 0 changed (2.5s)
    release 43: 9859 genes, 28607 xrefs, 0 changed (2.3s)
    release 44: 9859 genes, 28607 xrefs, 0 changed (2.7s)
    release 45: 9859 genes, 28607 xrefs, 0 changed (2.4s)
    release 46: 9859 genes, 28607 xrefs, 0 changed (2.6s)
    release 47: 9859 genes, 28378 xrefs, 0 changed (2.3s)
    release 48: 9859 genes, 28378 xrefs, 0 changed (2.6s)
    release 49: 9859 genes, 28378 xrefs, 0 changed (2.5s)
    release 50: 9859 genes, 28378 xrefs, 0 changed (2.5s)
    release 51: 9859 genes, 28378 xrefs, 0 changed (3.0s)
    release 52: 9859 genes, 28373 xrefs, 5 changed (2.6s)
    release 53: 9859 genes, 28373 xrefs, 0 changed (2.5s)
    release 54: 9859 genes, 28373 xrefs, 0 changed (2.4s)
    release 55: 9859 genes, 28373 xrefs, 0 changed (2.5s)
    release 56: 9859 genes, 28373 xrefs, 0 changed (2.5s)
    release 57: 9859 genes, 28373 xrefs, 0 changed (2.4s)
    release 58: 9859 genes, 28373 xrefs, 0 changed (2.5s)
    release 59: 9859 genes, 28373 xrefs, 0 changed (2.6s)
    release 60: 9859 genes, 28373 xrefs, 0 changed (2.7s)
    release 61: 10414 genes, 17923 xrefs, 15 changed (1.8s)
    release 62: 10414 genes, 17923 xrefs, 0 changed (2.0s)
  strigamia_maritima: 42 releases, 16668 genes in db
    release 18: 16199 genes, 68 xrefs, 0 changed (1.0s)
    release 19: 16199 genes, 68 xrefs, 0 changed (0.9s)
    release 20: 16199 genes, 68 xrefs, 0 changed (1.0s)
    release 21: 16199 genes, 68 xrefs, 0 changed (1.1s)
    release 22: 16199 genes, 68 xrefs, 0 changed (1.1s)
    release 23: 16199 genes, 68 xrefs, 0 changed (1.2s)
    release 24: 16199 genes, 68 xrefs, 0 changed (1.1s)
    release 25: 16199 genes, 68 xrefs, 0 changed (1.3s)
    release 26: 16199 genes, 887 xrefs, 0 changed (1.1s)
    release 27: 16199 genes, 887 xrefs, 0 changed (1.2s)
    release 28: 16199 genes, 887 xrefs, 0 changed (1.3s)
    release 29: 16199 genes, 887 xrefs, 0 changed (1.3s)
    release 30: 16199 genes, 887 xrefs, 0 changed (1.4s)
    release 31: 16199 genes, 887 xrefs, 0 changed (1.3s)
    release 32: 16199 genes, 887 xrefs, 0 changed (1.4s)
    release 33: 16199 genes, 887 xrefs, 0 changed (1.3s)
    release 34: 16199 genes, 887 xrefs, 0 changed (1.3s)
    release 35: 16199 genes, 887 xrefs, 0 changed (1.4s)
    release 36: 15461 genes, 906 xrefs, 0 changed (1.6s)
    release 37: 15461 genes, 910 xrefs, 5 changed (1.4s)
    release 38: 15461 genes, 910 xrefs, 0 changed (1.3s)
    release 39: 15461 genes, 910 xrefs, 0 changed (1.3s)
    release 40: 15461 genes, 906 xrefs, 0 changed (1.3s)
    release 41: 15461 genes, 906 xrefs, 0 changed (1.5s)
    release 42: 15461 genes, 906 xrefs, 0 changed (1.5s)
    release 43: 15461 genes, 906 xrefs, 0 changed (1.4s)
    release 44: 15461 genes, 906 xrefs, 0 changed (1.7s)
    release 45: 15461 genes, 906 xrefs, 0 changed (1.6s)
    release 46: 15461 genes, 906 xrefs, 0 changed (1.4s)
    release 47: 15461 genes, 906 xrefs, 0 changed (1.6s)
    release 48: 15461 genes, 906 xrefs, 0 changed (1.4s)
    release 49: 15461 genes, 906 xrefs, 0 changed (1.5s)
    release 50: 15461 genes, 906 xrefs, 0 changed (1.5s)
    release 51: 15461 genes, 906 xrefs, 0 changed (2.3s)
    release 52: 15461 genes, 906 xrefs, 0 changed (1.6s)
    release 53: 15461 genes, 906 xrefs, 0 changed (1.6s)
    release 54: 15461 genes, 906 xrefs, 0 changed (1.6s)
    release 55: 15461 genes, 906 xrefs, 0 changed (1.6s)
    release 56: 15461 genes, 906 xrefs, 0 changed (1.7s)
    release 57: 15461 genes, 906 xrefs, 0 changed (1.7s)
    release 58: 15461 genes, 906 xrefs, 0 changed (1.6s)
    release 59: 15461 genes, 906 xrefs, 0 changed (1.1s)
  culex_quinquefasciatus: 55 releases, 25187 genes in db
    release 12: 22913 genes, 4612 xrefs, 740 changed (2.4s)
    release 13: 22913 genes, 4612 xrefs, 0 changed (2.3s)
    release 14: 22985 genes, 27938 xrefs, 17355 changed (3.2s)
    release 15: 22985 genes, 28263 xrefs, 326 changed (2.7s)
    release 16: 22985 genes, 28260 xrefs, 0 changed (2.9s)
    release 17: 22985 genes, 28185 xrefs, 4 changed (2.7s)
    release 18: 22985 genes, 28267 xrefs, 1247 changed (2.7s)
    release 19: 22985 genes, 28267 xrefs, 0 changed (2.8s)
    release 20: 22985 genes, 28267 xrefs, 0 changed (2.8s)
    release 21: 22985 genes, 28267 xrefs, 0 changed (2.7s)
    release 22: 22985 genes, 28267 xrefs, 0 changed (2.8s)
    release 23: 19363 genes, 62461 xrefs, 19059 changed (3.6s)
    release 24: 19363 genes, 62461 xrefs, 0 changed (3.3s)
    release 25: 19363 genes, 62461 xrefs, 0 changed (3.4s)
    release 26: 19363 genes, 62461 xrefs, 0 changed (3.4s)
    release 27: 19363 genes, 62505 xrefs, 59 changed (3.2s)
    release 28: 19363 genes, 62505 xrefs, 0 changed (3.9s)
    release 29: 19363 genes, 62505 xrefs, 0 changed (3.2s)
    release 30: 19363 genes, 62505 xrefs, 0 changed (3.2s)
    release 31: 19363 genes, 62505 xrefs, 0 changed (3.3s)
    release 32: 19363 genes, 62505 xrefs, 0 changed (3.3s)
    release 33: 19363 genes, 62505 xrefs, 0 changed (3.1s)
    release 34: 19363 genes, 62505 xrefs, 0 changed (3.2s)
    release 35: 19363 genes, 62470 xrefs, 0 changed (3.9s)
    release 36: 19363 genes, 61984 xrefs, 746 changed (3.4s)
    release 37: 19363 genes, 62485 xrefs, 669 changed (3.9s)
    release 38: 19796 genes, 24868 xrefs, 18453 changed (2.6s)
    release 39: 19796 genes, 24868 xrefs, 0 changed (2.5s)
    release 40: 19796 genes, 19861 xrefs, 492 changed (2.3s)
    release 41: 19796 genes, 19861 xrefs, 0 changed (2.3s)
    release 42: 19796 genes, 19861 xrefs, 0 changed (2.5s)
    release 43: 19796 genes, 19861 xrefs, 0 changed (2.3s)
    release 44: 19796 genes, 19861 xrefs, 0 changed (2.6s)
    release 45: 19796 genes, 19861 xrefs, 0 changed (2.4s)
    release 46: 19793 genes, 19855 xrefs, 171 changed (2.5s)
    release 47: 19793 genes, 19855 xrefs, 0 changed (2.5s)
    release 48: 19793 genes, 19855 xrefs, 0 changed (2.5s)
    release 49: 19793 genes, 19855 xrefs, 0 changed (2.5s)
    release 50: 19793 genes, 19855 xrefs, 0 changed (2.6s)
    release 51: 19793 genes, 19736 xrefs, 194 changed (3.1s)
    release 52: 19793 genes, 19736 xrefs, 0 changed (2.6s)
    release 53: 19793 genes, 19736 xrefs, 0 changed (2.7s)
    release 54: 19793 genes, 19736 xrefs, 0 changed (2.5s)
    release 55: 19793 genes, 19736 xrefs, 0 changed (2.6s)
    release 56: 19793 genes, 19736 xrefs, 0 changed (2.6s)
    release 57: 19793 genes, 19736 xrefs, 0 changed (2.5s)
    release 58: 19793 genes, 19736 xrefs, 0 changed (2.8s)
    release 59: 19793 genes, 19736 xrefs, 0 changed (2.9s)
  anolis_carolinensis: 62 releases, 41424 genes in db
    release 65: 21122 genes, 12417 xrefs, 11965 changed (3.0s)
    release 66: 21122 genes, 12357 xrefs, 467 changed (3.0s)
    release 67: 21122 genes, 41411 xrefs, 11018 changed (4.1s)
    release 68: 21122 genes, 41252 xrefs, 796 changed (4.3s)
    release 69: 21122 genes, 41360 xrefs, 704 changed (4.3s)
    release 70: 21122 genes, 41357 xrefs, 509 changed (4.5s)
    release 71: 21913 genes, 38420 xrefs, 9364 changed (4.8s)
    release 72: 21913 genes, 38452 xrefs, 255 changed (4.4s)
    release 73: 21913 genes, 38470 xrefs, 296 changed (4.3s)
    release 74: 21913 genes, 41514 xrefs, 7933 changed (5.1s)
    release 75: 21913 genes, 41501 xrefs, 992 changed (5.2s)
    release 76: 21913 genes, 41495 xrefs, 804 changed (5.4s)
    release 77: 21913 genes, 68217 xrefs, 13116 changed (6.0s)
    release 78: 21913 genes, 68218 xrefs, 8175 changed (5.8s)
    release 79: 21913 genes, 68188 xrefs, 576 changed (6.0s)
    release 80: 21913 genes, 68218 xrefs, 575 changed (5.7s)
    release 81: 21913 genes, 56362 xrefs, 4343 changed (5.7s)
    release 82: 21913 genes, 56402 xrefs, 679 changed (5.7s)
    release 83: 21913 genes, 56369 xrefs, 633 changed (5.6s)
    release 84: 21913 genes, 56373 xrefs, 639 changed (5.3s)
    release 85: 21913 genes, 54940 xrefs, 1886 changed (5.2s)
    release 86: 25920 genes, 59208 xrefs, 1868 changed (5.4s)
    release 87: 25920 genes, 59003 xrefs, 521 changed (5.5s)
    release 88: 25920 genes, 59006 xrefs, 508 changed (5.6s)
    release 90: 25920 genes, 58998 xrefs, 559 changed (5.4s)
    release 91: 25920 genes, 59298 xrefs, 1564 changed (5.7s)
    release 92: 25920 genes, 64858 xrefs, 7229 changed (5.4s)
    release 93: 25920 genes, 79000 xrefs, 533 changed (6.0s)
    release 94: 25920 genes, 79681 xrefs, 1090 changed (6.0s)
    release 95: 25920 genes, 81299 xrefs, 2010 changed (5.9s)
    release 96: 25920 genes, 81207 xrefs, 421 changed (5.8s)
    release 97: 25920 genes, 79900 xrefs, 1650 changed (6.1s)
    release 98: 25920 genes, 81303 xrefs, 4395 changed (6.2s)
    release 99: 25920 genes, 79497 xrefs, 10829 changed (5.9s)
    release 100: 25920 genes, 79512 xrefs, 321 changed (5.9s)
    release 101: 25920 genes, 79450 xrefs, 375 changed (6.7s)
    release 102: 25920 genes, 79365 xrefs, 306 changed (6.2s)
    release 103: 25920 genes, 79407 xrefs, 290 changed (6.5s)
    release 104: 26479 genes, 61505 xrefs, 7142 changed (6.6s)
    release 105: 26479 genes, 61667 xrefs, 389 changed (5.1s)
    release 106: 26479 genes, 61652 xrefs, 210 changed (5.1s)
    release 107: 26479 genes, 61869 xrefs, 463 changed (5.3s)
    release 108: 26479 genes, 61871 xrefs, 219 changed (4.9s)
    release 109: 26479 genes, 61875 xrefs, 269 changed (5.5s)
    release 110: 26479 genes, 61869 xrefs, 221 changed (5.1s)
    release 111: 26479 genes, 61887 xrefs, 260 changed (5.0s)
    release 112: 26479 genes, 61870 xrefs, 241 changed (5.2s)
    release 113: 26479 genes, 80798 xrefs, 4163 changed (5.6s)
    release 114: 26479 genes, 80715 xrefs, 1891 changed (6.2s)
    release 115: 26479 genes, 80632 xrefs, 160 changed (6.1s)
  aotus_nancymaae: 25 releases, 28962 genes in db
    release 91: 27918 genes, 42772 xrefs, 16903 changed (5.1s)
    release 92: 28962 genes, 48351 xrefs, 8678 changed (5.0s)
    release 93: 28962 genes, 77208 xrefs, 584 changed (7.4s)
    release 94: 28962 genes, 79864 xrefs, 884 changed (7.5s)
    release 95: 28962 genes, 81003 xrefs, 1081 changed (7.9s)
    release 96: 28962 genes, 80724 xrefs, 518 changed (8.0s)
    release 97: 28962 genes, 80717 xrefs, 487 changed (7.8s)
    release 98: 28962 genes, 81712 xrefs, 6017 changed (8.0s)
    release 99: 28962 genes, 66785 xrefs, 13562 changed (7.0s)
    release 100: 28962 genes, 81290 xrefs, 459 changed (7.7s)
    release 101: 28962 genes, 81321 xrefs, 454 changed (7.7s)
    release 102: 28962 genes, 81029 xrefs, 448 changed (7.7s)
    release 103: 28962 genes, 81594 xrefs, 409 changed (7.7s)
    release 104: 28962 genes, 81546 xrefs, 612 changed (9.3s)
    release 105: 28962 genes, 81898 xrefs, 551 changed (8.1s)
    release 106: 28962 genes, 81918 xrefs, 318 changed (8.1s)
    release 107: 28962 genes, 82194 xrefs, 569 changed (7.5s)
    release 108: 28962 genes, 77369 xrefs, 236 changed (7.3s)
    release 109: 28962 genes, 77362 xrefs, 314 changed (7.3s)
    release 110: 28962 genes, 82744 xrefs, 369 changed (8.3s)
    release 111: 28962 genes, 82794 xrefs, 357 changed (7.3s)
    release 112: 28962 genes, 82794 xrefs, 0 changed (7.5s)
    release 113: 28962 genes, 86889 xrefs, 3392 changed (7.8s)
    release 114: 28962 genes, 89497 xrefs, 450 changed (8.8s)
    release 115: 28962 genes, 74788 xrefs, 400 changed (6.6s)
  callorhinchus_milii: 19 releases, 20084 genes in db
    release 97: 20084 genes, 15785 xrefs, 7030 changed (4.3s)
    release 98: 20084 genes, 27635 xrefs, 5943 changed (3.8s)
    release 99: 20084 genes, 50551 xrefs, 110 changed (4.9s)
    release 100: 20084 genes, 60362 xrefs, 9180 changed (5.8s)
    release 101: 20084 genes, 60435 xrefs, 621 changed (6.6s)
    release 102: 20084 genes, 60504 xrefs, 888 changed (7.0s)
    release 103: 20084 genes, 60512 xrefs, 570 changed (5.7s)
    release 104: 20084 genes, 60525 xrefs, 584 changed (9.6s)
    release 105: 20084 genes, 60571 xrefs, 502 changed (6.1s)
    release 106: 20084 genes, 60547 xrefs, 463 changed (6.0s)
    release 107: 20084 genes, 60555 xrefs, 503 changed (6.1s)
    release 108: 20084 genes, 60581 xrefs, 463 changed (6.1s)
    release 109: 20084 genes, 60566 xrefs, 435 changed (6.2s)
    release 110: 20084 genes, 60265 xrefs, 2441 changed (5.9s)
    release 111: 20084 genes, 60532 xrefs, 2441 changed (6.1s)
    release 112: 20084 genes, 60282 xrefs, 2425 changed (6.2s)
    release 113: 20084 genes, 69844 xrefs, 8022 changed (5.8s)
    release 114: 20084 genes, 70515 xrefs, 3682 changed (6.5s)
    release 115: 20084 genes, 69087 xrefs, 861 changed (6.2s)
  chrysemys_picta_bellii: 21 releases, 26817 genes in db
    release 95: 26817 genes, 12989 xrefs, 13844 changed (4.1s)
    release 96: 26817 genes, 12931 xrefs, 181 changed (4.3s)
    release 97: 26817 genes, 12913 xrefs, 133 changed (4.4s)
    release 98: 26817 genes, 12837 xrefs, 857 changed (4.4s)
    release 99: 26817 genes, 12778 xrefs, 11239 changed (4.1s)
    release 100: 26817 genes, 12827 xrefs, 164 changed (4.3s)
    release 101: 26817 genes, 12792 xrefs, 76 changed (4.2s)
    release 102: 26817 genes, 12731 xrefs, 53 changed (4.1s)
    release 103: 26817 genes, 12766 xrefs, 40 changed (4.3s)
    release 104: 26817 genes, 12728 xrefs, 39 changed (6.1s)
    release 105: 26817 genes, 12861 xrefs, 52 changed (4.3s)
    release 106: 26817 genes, 12848 xrefs, 25 changed (4.4s)
    release 107: 26817 genes, 13205 xrefs, 92 changed (4.6s)
    release 108: 26817 genes, 13172 xrefs, 25 changed (4.4s)
    release 109: 26817 genes, 13183 xrefs, 34 changed (4.8s)
    release 110: 26817 genes, 13156 xrefs, 19 changed (4.3s)
    release 111: 26817 genes, 13188 xrefs, 40 changed (4.4s)
    release 112: 26817 genes, 13188 xrefs, 14 changed (4.6s)
    release 113: 26817 genes, 68883 xrefs, 2588 changed (5.9s)
    release 114: 26817 genes, 68589 xrefs, 1642 changed (7.6s)
    release 115: 26817 genes, 68544 xrefs, 121 changed (6.1s)
  dioscorea_rotundata: 25 releases, 55183 genes in db
    release 38: 19240 genes, 291 xrefs, 273 changed (1.0s)
    release 39: 19240 genes, 840 xrefs, 101 changed (1.2s)
    release 40: 19240 genes, 840 xrefs, 0 changed (1.3s)
    release 41: 19565 genes, 894 xrefs, 0 changed (1.4s)
    release 42: 19565 genes, 763 xrefs, 2 changed (1.3s)
    release 43: 19565 genes, 763 xrefs, 0 changed (1.2s)
    release 44: 19565 genes, 763 xrefs, 0 changed (1.3s)
    release 45: 19565 genes, 763 xrefs, 0 changed (1.2s)
    release 46: 19565 genes, 763 xrefs, 0 changed (1.2s)
    release 47: 19565 genes, 763 xrefs, 0 changed (1.3s)
    release 48: 19565 genes, 763 xrefs, 0 changed (1.2s)
    release 49: 35464 genes, 8 xrefs, 11 changed (1.8s)
    release 50: 35464 genes, 8 xrefs, 0 changed (1.9s)
    release 51: 35464 genes, 8 xrefs, 0 changed (4.5s)
    release 52: 35464 genes, 8 xrefs, 0 changed (1.8s)
    release 53: 35464 genes, 8 xrefs, 0 changed (1.9s)
    release 54: 35464 genes, 8 xrefs, 0 changed (1.8s)
    release 55: 35464 genes, 8 xrefs, 0 changed (1.9s)
    release 56: 35464 genes, 8 xrefs, 0 changed (1.9s)
    release 57: 35464 genes, 8 xrefs, 0 changed (1.8s)
    release 58: 35464 genes, 8 xrefs, 0 changed (1.9s)
    release 59: 35464 genes, 8 xrefs, 0 changed (1.9s)
    release 60: 35464 genes, 24299 xrefs, 245 changed (3.1s)
    release 61: 35464 genes, 30663 xrefs, 116 changed (3.5s)
    release 62: 35464 genes, 30663 xrefs, 0 changed (3.2s)
  hordeum_vulgare_wbdc349: 2 releases, 48555 genes in db
    release 61: 48555 genes, 1 xrefs, 0 changed (2.0s)
    release 62: 48555 genes, 277 xrefs, 0 changed (1.9s)
  brugia_malayi: 42 releases, 31057 genes in db
    release 18: 14394 genes, 29987 xrefs, 3 changed (2.7s)
    release 19: 14394 genes, 29987 xrefs, 0 changed (2.2s)
    release 20: 14394 genes, 29987 xrefs, 0 changed (2.5s)
    release 21: 14394 genes, 29987 xrefs, 0 changed (2.5s)
    release 22: 14394 genes, 29987 xrefs, 0 changed (2.8s)
    release 23: 14394 genes, 29987 xrefs, 0 changed (2.5s)
    release 24: 14394 genes, 29987 xrefs, 0 changed (2.4s)
    release 25: 14394 genes, 28764 xrefs, 0 changed (2.7s)
    release 26: 14394 genes, 28764 xrefs, 0 changed (2.6s)
    release 27: 14394 genes, 28764 xrefs, 0 changed (2.1s)
    release 28: 14394 genes, 28764 xrefs, 0 changed (2.6s)
    release 29: 14394 genes, 28764 xrefs, 0 changed (2.1s)
    release 30: 14394 genes, 28764 xrefs, 0 changed (2.6s)
    release 31: 15265 genes, 59780 xrefs, 6496 changed (3.3s)
    release 32: 15265 genes, 59780 xrefs, 0 changed (3.6s)
    release 33: 15265 genes, 59780 xrefs, 0 changed (3.1s)
    release 34: 15265 genes, 59780 xrefs, 0 changed (3.2s)
    release 35: 15265 genes, 59780 xrefs, 0 changed (3.2s)
    release 36: 15265 genes, 59780 xrefs, 0 changed (3.3s)
    release 37: 15265 genes, 59780 xrefs, 0 changed (3.3s)
    release 38: 11771 genes, 44327 xrefs, 3408 changed (2.7s)
    release 39: 11771 genes, 44327 xrefs, 0 changed (2.6s)
    release 40: 11771 genes, 44330 xrefs, 30 changed (2.7s)
    release 41: 11771 genes, 44330 xrefs, 0 changed (2.8s)
    release 42: 11771 genes, 44330 xrefs, 0 changed (2.8s)
    release 43: 11771 genes, 44330 xrefs, 0 changed (2.7s)
    release 44: 11771 genes, 44330 xrefs, 0 changed (3.2s)
    release 45: 11771 genes, 44330 xrefs, 0 changed (2.6s)
    release 46: 11771 genes, 44330 xrefs, 0 changed (2.7s)
    release 47: 11771 genes, 44330 xrefs, 0 changed (2.6s)
    release 48: 11771 genes, 44330 xrefs, 0 changed (2.7s)
    release 49: 11771 genes, 44330 xrefs, 0 changed (2.7s)
    release 50: 11771 genes, 44330 xrefs, 0 changed (2.6s)
    release 51: 11771 genes, 44330 xrefs, 0 changed (3.0s)
    release 52: 11771 genes, 44330 xrefs, 0 changed (2.6s)
    release 53: 11673 genes, 54863 xrefs, 3756 changed (4.2s)
    release 54: 11673 genes, 54863 xrefs, 0 changed (4.2s)
    release 55: 11673 genes, 54863 xrefs, 0 changed (4.1s)
    release 56: 11673 genes, 54863 xrefs, 0 changed (3.3s)
    release 57: 11673 genes, 54863 xrefs, 0 changed (3.8s)
    release 58: 11673 genes, 54863 xrefs, 0 changed (3.9s)
    release 59: 11673 genes, 54863 xrefs, 0 changed (4.7s)
  caenorhabditis_briggsae: 55 releases, 47993 genes in db
    release 12: 21978 genes, 21978 xrefs, 5899 changed (1.4s)
    release 13: 21978 genes, 21978 xrefs, 0 changed (1.7s)
    release 14: 22922 genes, 79273 xrefs, 6527 changed (4.8s)
    release 15: 22922 genes, 79273 xrefs, 0 changed (4.9s)
    release 16: 22922 genes, 79273 xrefs, 0 changed (4.3s)
    release 17: 22922 genes, 79273 xrefs, 0 changed (4.6s)
    release 18: 22922 genes, 79273 xrefs, 0 changed (4.4s)
    release 19: 22922 genes, 79273 xrefs, 0 changed (4.6s)
    release 20: 22922 genes, 79273 xrefs, 0 changed (4.9s)
    release 21: 22922 genes, 79273 xrefs, 0 changed (4.8s)
    release 22: 22922 genes, 79273 xrefs, 0 changed (6.6s)
    release 23: 22922 genes, 79273 xrefs, 0 changed (6.4s)
    release 24: 22922 genes, 79273 xrefs, 0 changed (5.6s)
    release 25: 22922 genes, 77434 xrefs, 0 changed (6.0s)
    release 26: 22922 genes, 77434 xrefs, 0 changed (6.0s)
    release 27: 22922 genes, 77434 xrefs, 0 changed (6.2s)
    release 28: 22922 genes, 77434 xrefs, 0 changed (4.6s)
    release 29: 22922 genes, 77434 xrefs, 0 changed (4.4s)
    release 30: 22922 genes, 77434 xrefs, 0 changed (4.7s)
    release 31: 23247 genes, 79487 xrefs, 6395 changed (4.8s)
    release 32: 23247 genes, 79487 xrefs, 0 changed (4.9s)
    release 33: 23247 genes, 79487 xrefs, 0 changed (4.3s)
    release 34: 23247 genes, 79487 xrefs, 0 changed (5.0s)
    release 35: 23247 genes, 79487 xrefs, 0 changed (6.1s)
    release 36: 23247 genes, 79487 xrefs, 0 changed (5.1s)
    release 37: 23247 genes, 79487 xrefs, 0 changed (5.2s)
    release 38: 24007 genes, 85726 xrefs, 929 changed (5.1s)
    release 39: 24007 genes, 85726 xrefs, 0 changed (5.4s)
    release 40: 24007 genes, 85748 xrefs, 199 changed (5.2s)
    release 41: 24007 genes, 85748 xrefs, 0 changed (5.3s)
    release 42: 24007 genes, 85748 xrefs, 0 changed (4.7s)
    release 43: 24007 genes, 85748 xrefs, 0 changed (5.0s)
    release 44: 23277 genes, 76600 xrefs, 2277 changed (5.2s)
    release 45: 23277 genes, 76600 xrefs, 0 changed (4.8s)
    release 46: 23277 genes, 76600 xrefs, 0 changed (4.7s)
    release 47: 23277 genes, 76600 xrefs, 0 changed (5.1s)
    release 48: 23277 genes, 76600 xrefs, 0 changed (5.3s)
    release 49: 23277 genes, 76600 xrefs, 0 changed (4.9s)
    release 50: 23277 genes, 76600 xrefs, 0 changed (5.0s)
    release 51: 23277 genes, 76600 xrefs, 0 changed (5.8s)
    release 52: 23277 genes, 76600 xrefs, 0 changed (5.0s)
    release 53: 23169 genes, 82310 xrefs, 793 changed (4.7s)
    release 54: 23169 genes, 82310 xrefs, 0 changed (4.9s)
    release 55: 23169 genes, 82310 xrefs, 0 changed (5.3s)
    release 56: 23169 genes, 82310 xrefs, 0 changed (4.9s)
    release 57: 23169 genes, 82310 xrefs, 0 changed (5.0s)
    release 58: 23169 genes, 82310 xrefs, 0 changed (4.7s)
    release 59: 23169 genes, 82310 xrefs, 0 changed (4.6s)
  hordeum_vulgare_zdm01467: 2 releases, 51087 genes in db
    release 61: 51087 genes, 28 xrefs, 0 changed (2.1s)
    release 62: 51087 genes, 313 xrefs, 0 changed (2.1s)
  oryza_glumipatula: 22 releases, 36379 genes in db
    release 41: 36379 genes, 1380 xrefs, 53 changed (3.2s)
    release 42: 36379 genes, 1015 xrefs, 0 changed (3.2s)
    release 43: 36379 genes, 1015 xrefs, 0 changed (3.0s)
    release 44: 36379 genes, 1015 xrefs, 0 changed (3.2s)
    release 45: 36379 genes, 1015 xrefs, 0 changed (2.9s)
    release 46: 36379 genes, 1015 xrefs, 0 changed (3.2s)
    release 47: 36379 genes, 1015 xrefs, 0 changed (2.9s)
    release 48: 36379 genes, 1015 xrefs, 0 changed (2.9s)
    release 49: 36379 genes, 1015 xrefs, 0 changed (3.2s)
    release 50: 36379 genes, 1015 xrefs, 0 changed (2.9s)
    release 51: 36379 genes, 1015 xrefs, 0 changed (4.8s)
    release 52: 36379 genes, 1015 xrefs, 0 changed (3.3s)
    release 53: 36379 genes, 1015 xrefs, 0 changed (3.1s)
    release 54: 36379 genes, 1015 xrefs, 0 changed (3.2s)
    release 55: 36379 genes, 1015 xrefs, 0 changed (3.4s)
    release 56: 36379 genes, 1015 xrefs, 0 changed (3.3s)
    release 57: 36379 genes, 1015 xrefs, 0 changed (3.3s)
    release 58: 36379 genes, 1015 xrefs, 0 changed (3.4s)
    release 59: 36379 genes, 1015 xrefs, 0 changed (3.4s)
    release 60: 36379 genes, 1109 xrefs, 9 changed (3.6s)
    release 61: 36379 genes, 1109 xrefs, 2 changed (3.6s)
    release 62: 36379 genes, 1109 xrefs, 0 changed (3.4s)
  oryza_indica: 58 releases, 176423 genes in db
    release 12: 40745 genes, 37272 xrefs, 0 changed (19.4s)
    release 13: 40745 genes, 37272 xrefs, 0 changed (19.4s)
    release 14: 40745 genes, 37272 xrefs, 0 changed (19.8s)
    release 15: 40745 genes, 37272 xrefs, 0 changed (20.2s)
    release 16: 40745 genes, 37272 xrefs, 0 changed (18.9s)
    release 17: 40745 genes, 37272 xrefs, 0 changed (20.1s)
    release 18: 40745 genes, 41562 xrefs, 808 changed (17.0s)
    release 19: 88509 genes, 89326 xrefs, 0 changed (19.9s)
    release 20: 88509 genes, 89326 xrefs, 0 changed (19.4s)
    release 21: 88509 genes, 89389 xrefs, 4 changed (20.4s)
    release 22: 88509 genes, 88901 xrefs, 450 changed (18.7s)
    release 23: 88509 genes, 88901 xrefs, 0 changed (20.4s)
    release 24: 88438 genes, 88830 xrefs, 0 changed (18.4s)
    release 25: 88438 genes, 88830 xrefs, 0 changed (19.5s)
    release 26: 88438 genes, 88830 xrefs, 0 changed (20.2s)
    release 27: 88438 genes, 88900 xrefs, 86 changed (19.6s)
    release 28: 88438 genes, 88900 xrefs, 0 changed (21.2s)
    release 29: 88438 genes, 88900 xrefs, 0 changed (21.6s)
    release 30: 88438 genes, 88900 xrefs, 0 changed (18.3s)
    release 31: 88438 genes, 89545 xrefs, 0 changed (20.5s)
    release 32: 88438 genes, 89545 xrefs, 0 changed (20.0s)
    release 33: 88438 genes, 89545 xrefs, 0 changed (20.2s)
    release 34: 88438 genes, 89542 xrefs, 0 changed (19.9s)
    release 35: 88438 genes, 89542 xrefs, 0 changed (20.1s)
    release 36: 88438 genes, 89983 xrefs, 207 changed (9.2s)
    release 37: 89723 genes, 90089 xrefs, 11 changed (9.1s)
    release 38: 89723 genes, 91289 xrefs, 1221 changed (8.5s)
    release 39: 89723 genes, 90346 xrefs, 1199 changed (9.3s)
    release 40: 89723 genes, 90339 xrefs, 25 changed (9.3s)
    release 41: 42031 genes, 42648 xrefs, 5 changed (6.4s)
    release 42: 42031 genes, 42237 xrefs, 5 changed (6.5s)
    release 43: 42031 genes, 42237 xrefs, 0 changed (6.1s)
    release 44: 42031 genes, 42264 xrefs, 0 changed (6.2s)
    release 45: 42031 genes, 42264 xrefs, 0 changed (5.9s)
    release 46: 42031 genes, 42264 xrefs, 0 changed (6.5s)
    release 47: 42031 genes, 42264 xrefs, 0 changed (7.1s)
    release 48: 42031 genes, 42264 xrefs, 0 changed (6.5s)
    release 49: 42031 genes, 42264 xrefs, 0 changed (6.4s)
    release 50: 42031 genes, 42264 xrefs, 0 changed (6.6s)
    release 51: 42031 genes, 42264 xrefs, 0 changed (8.0s)
    release 52: 42031 genes, 42264 xrefs, 0 changed (6.6s)
    release 53: 42031 genes, 42264 xrefs, 0 changed (6.2s)
    release 54: 42031 genes, 42264 xrefs, 0 changed (6.5s)
    release 55: 42031 genes, 42264 xrefs, 0 changed (6.6s)
    release 56: 42031 genes, 42264 xrefs, 0 changed (6.8s)
    release 57: 42031 genes, 42264 xrefs, 0 changed (6.8s)
    release 58: 42031 genes, 42264 xrefs, 0 changed (7.1s)
    release 59: 42031 genes, 42264 xrefs, 0 changed (7.0s)
    release 60: 42031 genes, 43829 xrefs, 387 changed (6.5s)
    release 61: 42031 genes, 43804 xrefs, 41 changed (6.5s)
    release 62: 42031 genes, 43804 xrefs, 0 changed (5.6s)
  oryza_meridionalis: 41 releases, 36136 genes in db
    release 22: 32195 genes, 32276 xrefs, 121 changed (2.3s)
    release 23: 32195 genes, 32271 xrefs, 0 changed (2.8s)
    release 24: 31946 genes, 32022 xrefs, 0 changed (2.3s)
    release 25: 31946 genes, 32022 xrefs, 0 changed (2.8s)
    release 26: 31591 genes, 31591 xrefs, 2344 changed (2.6s)
    release 27: 31591 genes, 31591 xrefs, 0 changed (4.7s)
    release 28: 31591 genes, 31591 xrefs, 0 changed (4.1s)
    release 29: 31591 genes, 31591 xrefs, 0 changed (4.1s)
    release 30: 31591 genes, 31591 xrefs, 0 changed (4.2s)
    release 31: 31591 genes, 579 xrefs, 0 changed (3.0s)
    release 32: 31591 genes, 579 xrefs, 0 changed (3.4s)
    release 33: 31591 genes, 579 xrefs, 0 changed (2.9s)
    release 34: 31591 genes, 576 xrefs, 0 changed (2.9s)
    release 35: 31591 genes, 576 xrefs, 0 changed (3.3s)
    release 36: 31591 genes, 869 xrefs, 2 changed (3.6s)
    release 37: 32550 genes, 1030 xrefs, 0 changed (3.4s)
    release 38: 32550 genes, 2297 xrefs, 1260 changed (3.5s)
    release 39: 32550 genes, 1255 xrefs, 183 changed (3.2s)
    release 40: 32550 genes, 1255 xrefs, 0 changed (3.4s)
    release 41: 30241 genes, 1255 xrefs, 0 changed (4.0s)
    release 42: 30241 genes, 990 xrefs, 11 changed (4.3s)
    release 43: 30241 genes, 990 xrefs, 0 changed (3.3s)
    release 44: 30241 genes, 990 xrefs, 0 changed (3.4s)
    release 45: 30241 genes, 990 xrefs, 0 changed (4.1s)
    release 46: 30241 genes, 990 xrefs, 0 changed (3.9s)
    release 47: 30241 genes, 990 xrefs, 0 changed (3.9s)
    release 48: 30241 genes, 990 xrefs, 0 changed (3.4s)
    release 49: 30241 genes, 990 xrefs, 0 changed (3.3s)
    release 50: 30241 genes, 990 xrefs, 0 changed (4.3s)
    release 51: 30241 genes, 990 xrefs, 0 changed (5.3s)
    release 52: 30241 genes, 990 xrefs, 0 changed (3.5s)
    release 53: 30241 genes, 990 xrefs, 0 changed (4.1s)
    release 54: 30241 genes, 990 xrefs, 0 changed (3.5s)
    release 55: 30241 genes, 990 xrefs, 0 changed (3.7s)
    release 56: 30241 genes, 990 xrefs, 0 changed (3.9s)
    release 57: 30241 genes, 990 xrefs, 0 changed (3.8s)
    release 58: 30241 genes, 990 xrefs, 0 changed (3.9s)
    release 59: 30241 genes, 990 xrefs, 0 changed (3.7s)
    release 60: 30241 genes, 31326 xrefs, 1126 changed (4.3s)
    release 61: 30241 genes, 31330 xrefs, 4 changed (4.8s)
    release 62: 30241 genes, 31329 xrefs, 0 changed (5.9s)
  oryza_nivara: 41 releases, 39028 genes in db
    release 22: 38272 genes, 38328 xrefs, 1825 changed (4.0s)
    release 23: 38272 genes, 38328 xrefs, 0 changed (3.9s)
    release 24: 37985 genes, 38041 xrefs, 0 changed (3.5s)
    release 25: 37985 genes, 38041 xrefs, 0 changed (4.4s)
    release 26: 37985 genes, 38041 xrefs, 0 changed (3.9s)
    release 27: 37985 genes, 38041 xrefs, 0 changed (5.0s)
    release 28: 37985 genes, 38041 xrefs, 0 changed (4.9s)
    release 29: 37985 genes, 38041 xrefs, 0 changed (4.7s)
    release 30: 37985 genes, 38041 xrefs, 0 changed (5.0s)
    release 31: 37985 genes, 686 xrefs, 0 changed (4.3s)
    release 32: 37985 genes, 686 xrefs, 0 changed (3.7s)
    release 33: 37985 genes, 686 xrefs, 0 changed (3.7s)
    release 34: 37985 genes, 683 xrefs, 0 changed (3.9s)
    release 35: 37985 genes, 683 xrefs, 0 changed (3.5s)
    release 36: 37985 genes, 1066 xrefs, 1 changed (3.8s)
    release 37: 38741 genes, 1173 xrefs, 0 changed (4.3s)
    release 38: 38741 genes, 2413 xrefs, 1227 changed (3.5s)
    release 39: 38741 genes, 1415 xrefs, 202 changed (3.6s)
    release 40: 38741 genes, 1415 xrefs, 0 changed (3.8s)
    release 41: 37026 genes, 1415 xrefs, 0 changed (3.5s)
    release 42: 37026 genes, 1075 xrefs, 9 changed (4.8s)
    release 43: 37026 genes, 1075 xrefs, 0 changed (4.0s)
    release 44: 37026 genes, 1075 xrefs, 0 changed (6.0s)
    release 45: 37026 genes, 1075 xrefs, 0 changed (4.1s)
    release 46: 37026 genes, 1075 xrefs, 0 changed (4.3s)
    release 47: 37026 genes, 1075 xrefs, 0 changed (4.2s)
    release 48: 37026 genes, 1075 xrefs, 0 changed (4.2s)
    release 49: 37026 genes, 1075 xrefs, 0 changed (3.8s)
    release 50: 37026 genes, 1075 xrefs, 0 changed (5.2s)
    release 51: 37026 genes, 1075 xrefs, 0 changed (6.8s)
    release 52: 37026 genes, 1075 xrefs, 0 changed (5.0s)
    release 53: 37026 genes, 1075 xrefs, 0 changed (4.5s)
    release 54: 37026 genes, 1075 xrefs, 0 changed (4.4s)
    release 55: 37026 genes, 1075 xrefs, 0 changed (4.6s)
    release 56: 37026 genes, 1075 xrefs, 0 changed (4.1s)
    release 57: 37026 genes, 1075 xrefs, 0 changed (4.1s)
    release 58: 37026 genes, 1075 xrefs, 0 changed (4.3s)
    release 59: 37026 genes, 1075 xrefs, 0 changed (4.5s)
    release 60: 37026 genes, 38289 xrefs, 1160 changed (4.4s)
    release 61: 37026 genes, 38289 xrefs, 2 changed (4.8s)
    release 62: 37026 genes, 38289 xrefs, 1 changed (5.1s)
  hyaloperonospora_arabidopsidis: 48 releases, 14611 genes in db
    release 14: 14611 genes, 48 xrefs, 288 changed (1.5s)
    release 15: 14611 genes, 48 xrefs, 0 changed (1.1s)
    release 16: 14611 genes, 48 xrefs, 0 changed (1.3s)
    release 17: 14611 genes, 48 xrefs, 0 changed (0.9s)
    release 18: 14611 genes, 48 xrefs, 0 changed (1.1s)
    release 19: 14611 genes, 48 xrefs, 0 changed (1.0s)
    release 20: 14611 genes, 48 xrefs, 0 changed (1.1s)
    release 21: 14611 genes, 48 xrefs, 0 changed (0.9s)
    release 22: 14611 genes, 48 xrefs, 0 changed (1.4s)
    release 23: 14611 genes, 48 xrefs, 0 changed (1.5s)
    release 24: 14609 genes, 48 xrefs, 0 changed (1.5s)
    release 25: 14609 genes, 48 xrefs, 0 changed (1.6s)
    release 26: 14609 genes, 48 xrefs, 0 changed (1.6s)
    release 27: 14609 genes, 48 xrefs, 0 changed (1.6s)
    release 28: 14609 genes, 48 xrefs, 0 changed (1.9s)
    release 29: 14609 genes, 48 xrefs, 0 changed (1.6s)
    release 30: 14609 genes, 48 xrefs, 0 changed (1.5s)
    release 31: 14609 genes, 48 xrefs, 0 changed (1.8s)
    release 32: 14609 genes, 48 xrefs, 0 changed (1.7s)
    release 33: 14609 genes, 48 xrefs, 0 changed (1.3s)
    release 34: 14609 genes, 48 xrefs, 0 changed (1.1s)
    release 35: 14609 genes, 48 xrefs, 0 changed (1.6s)
    release 36: 14609 genes, 48 xrefs, 0 changed (1.7s)
    release 37: 14606 genes, 48 xrefs, 0 changed (1.4s)
    release 38: 14606 genes, 48 xrefs, 0 changed (1.5s)
    release 39: 14606 genes, 48 xrefs, 0 changed (1.4s)
    release 40: 14606 genes, 48 xrefs, 0 changed (1.1s)
    release 41: 14606 genes, 48 xrefs, 0 changed (1.1s)
    release 42: 14606 genes, 48 xrefs, 0 changed (1.7s)
    release 43: 14606 genes, 48 xrefs, 0 changed (1.5s)
    release 44: 14606 genes, 48 xrefs, 0 changed (1.5s)
    release 45: 14606 genes, 48 xrefs, 0 changed (1.4s)
    release 46: 14606 genes, 48 xrefs, 0 changed (1.5s)
    release 47: 14606 genes, 48 xrefs, 0 changed (1.5s)
    release 48: 14606 genes, 48 xrefs, 0 changed (1.4s)
    release 49: 14606 genes, 48 xrefs, 0 changed (1.5s)
    release 50: 14606 genes, 48 xrefs, 0 changed (1.5s)
    release 51: 14606 genes, 48 xrefs, 0 changed (1.8s)
    release 53: 14606 genes, 48 xrefs, 0 changed (1.9s)
    release 54: 14606 genes, 48 xrefs, 0 changed (2.1s)
    release 55: 14606 genes, 48 xrefs, 0 changed (1.9s)
    release 56: 14606 genes, 48 xrefs, 0 changed (1.8s)
    release 57: 14606 genes, 48 xrefs, 0 changed (2.4s)
    release 58: 14606 genes, 48 xrefs, 0 changed (1.8s)
    release 59: 14606 genes, 48 xrefs, 0 changed (1.6s)
    release 60: 14606 genes, 48 xrefs, 0 changed (1.8s)
    release 61: 14606 genes, 48 xrefs, 0 changed (1.7s)
    release 62: 14606 genes, 48 xrefs, 0 changed (1.4s)
  plasmodium_falciparum: 58 releases, 12507 genes in db
    release 12: 6213 genes, 16847 xrefs, 1902 changed (2.2s)
    release 13: 6213 genes, 16847 xrefs, 2 changed (3.7s)
    release 14: 6213 genes, 16847 xrefs, 1 changed (1.8s)
    release 15: 6213 genes, 16847 xrefs, 0 changed (1.8s)
    release 16: 6213 genes, 16847 xrefs, 0 changed (2.8s)
    release 17: 6213 genes, 16847 xrefs, 0 changed (1.6s)
    release 18: 6213 genes, 16847 xrefs, 0 changed (1.4s)
    release 19: 6213 genes, 16847 xrefs, 0 changed (2.2s)
    release 20: 6213 genes, 16847 xrefs, 0 changed (1.9s)
    release 21: 6213 genes, 16847 xrefs, 0 changed (1.7s)
    release 22: 6213 genes, 16847 xrefs, 0 changed (1.6s)
    release 23: 6213 genes, 16847 xrefs, 0 changed (2.0s)
    release 24: 6213 genes, 16847 xrefs, 0 changed (1.9s)
    release 25: 6213 genes, 16847 xrefs, 0 changed (1.9s)
    release 26: 6213 genes, 16847 xrefs, 0 changed (2.5s)
    release 27: 6213 genes, 16847 xrefs, 0 changed (1.7s)
    release 28: 6213 genes, 16847 xrefs, 0 changed (1.5s)
    release 29: 6213 genes, 16847 xrefs, 0 changed (1.6s)
    release 30: 6213 genes, 16847 xrefs, 0 changed (1.5s)
    release 31: 6213 genes, 16847 xrefs, 0 changed (1.7s)
    release 32: 5610 genes, 3636 xrefs, 2257 changed (1.1s)
    release 33: 5610 genes, 5258 xrefs, 327 changed (1.8s)
    release 34: 5610 genes, 5258 xrefs, 0 changed (2.1s)
    release 35: 5690 genes, 5997 xrefs, 2731 changed (1.1s)
    release 36: 5690 genes, 5997 xrefs, 0 changed (1.5s)
    release 37: 5693 genes, 6000 xrefs, 0 changed (1.3s)
    release 38: 5693 genes, 6000 xrefs, 0 changed (1.3s)
    release 39: 5693 genes, 6000 xrefs, 0 changed (1.4s)
    release 40: 5693 genes, 6000 xrefs, 0 changed (1.0s)
    release 41: 5693 genes, 6000 xrefs, 0 changed (1.2s)
    release 42: 5693 genes, 6000 xrefs, 0 changed (1.0s)
    release 43: 5693 genes, 6000 xrefs, 0 changed (1.4s)
    release 44: 5693 genes, 6000 xrefs, 0 changed (1.3s)
    release 45: 5767 genes, 11013 xrefs, 4146 changed (1.7s)
    release 46: 5767 genes, 11013 xrefs, 0 changed (1.7s)
    release 47: 5767 genes, 11013 xrefs, 0 changed (1.7s)
    release 48: 5767 genes, 11013 xrefs, 0 changed (1.5s)
    release 49: 5767 genes, 11013 xrefs, 0 changed (2.0s)
    release 50: 5767 genes, 11013 xrefs, 0 changed (1.7s)
    release 51: 5767 genes, 11013 xrefs, 0 changed (1.9s)
    release 52: 5767 genes, 11013 xrefs, 0 changed (1.6s)
    release 53: 5767 genes, 11013 xrefs, 0 changed (1.6s)
    release 54: 5767 genes, 11013 xrefs, 0 changed (1.5s)
    release 55: 5767 genes, 11013 xrefs, 0 changed (1.7s)
    release 56: 5767 genes, 11013 xrefs, 0 changed (1.7s)
    release 57: 5767 genes, 11013 xrefs, 0 changed (1.8s)
    release 58: 5767 genes, 11013 xrefs, 0 changed (1.8s)
    release 59: 5767 genes, 11013 xrefs, 0 changed (1.7s)
    release 60: 5767 genes, 11013 xrefs, 0 changed (1.4s)
    release 61: 5720 genes, 7115 xrefs, 2289 changed (2.0s)
    release 62: 5720 genes, 7115 xrefs, 0 changed (1.9s)
  plasmodium_vivax: 58 releases, 5592 genes in db
    release 12: 5142 genes, 5165 xrefs, 37 changed (1.1s)
    release 13: 5142 genes, 119 xrefs, 0 changed (0.8s)
    release 14: 5142 genes, 119 xrefs, 0 changed (0.9s)
    release 15: 5142 genes, 119 xrefs, 0 changed (0.8s)
    release 16: 5142 genes, 119 xrefs, 0 changed (0.8s)
    release 17: 5142 genes, 119 xrefs, 0 changed (0.8s)
    release 18: 5142 genes, 119 xrefs, 0 changed (0.7s)
    release 19: 5142 genes, 119 xrefs, 0 changed (0.9s)
    release 20: 5142 genes, 119 xrefs, 0 changed (0.7s)
    release 21: 5142 genes, 119 xrefs, 0 changed (1.0s)
    release 22: 5142 genes, 119 xrefs, 0 changed (0.9s)
    release 23: 5142 genes, 119 xrefs, 0 changed (1.0s)
    release 24: 5142 genes, 119 xrefs, 0 changed (0.9s)
    release 25: 5142 genes, 119 xrefs, 0 changed (1.0s)
    release 26: 5142 genes, 119 xrefs, 0 changed (1.0s)
    release 27: 5142 genes, 119 xrefs, 0 changed (1.1s)
    release 28: 5142 genes, 119 xrefs, 0 changed (1.2s)
    release 29: 5142 genes, 119 xrefs, 0 changed (1.1s)
    release 30: 5142 genes, 119 xrefs, 0 changed (0.9s)
    release 31: 5142 genes, 119 xrefs, 0 changed (0.9s)
    release 32: 5455 genes, 8588 xrefs, 0 changed (1.3s)
    release 33: 5455 genes, 8588 xrefs, 0 changed (1.0s)
    release 34: 5455 genes, 8588 xrefs, 0 changed (1.6s)
    release 35: 5455 genes, 8588 xrefs, 0 changed (1.0s)
    release 36: 5455 genes, 8588 xrefs, 0 changed (1.3s)
    release 37: 5499 genes, 8607 xrefs, 0 changed (1.3s)
    release 38: 5499 genes, 8607 xrefs, 0 changed (1.5s)
    release 39: 5499 genes, 8607 xrefs, 0 changed (1.3s)
    release 40: 5499 genes, 8607 xrefs, 0 changed (1.2s)
    release 41: 5499 genes, 8607 xrefs, 0 changed (1.3s)
    release 42: 5499 genes, 8607 xrefs, 0 changed (1.1s)
    release 43: 5499 genes, 8607 xrefs, 0 changed (1.1s)
    release 44: 5499 genes, 8607 xrefs, 0 changed (1.4s)
    release 45: 5499 genes, 8607 xrefs, 0 changed (1.1s)
    release 46: 5499 genes, 8607 xrefs, 0 changed (1.9s)
    release 47: 5499 genes, 8541 xrefs, 0 changed (1.0s)
    release 48: 5499 genes, 8541 xrefs, 0 changed (1.1s)
    release 49: 5499 genes, 8541 xrefs, 0 changed (1.0s)
    release 50: 5499 genes, 8541 xrefs, 0 changed (1.3s)
    release 51: 5499 genes, 8541 xrefs, 0 changed (1.4s)
    release 52: 5499 genes, 8541 xrefs, 0 changed (1.3s)
    release 53: 5499 genes, 8541 xrefs, 0 changed (1.2s)
    release 54: 5499 genes, 8541 xrefs, 0 changed (1.2s)
    release 55: 5499 genes, 8541 xrefs, 0 changed (1.1s)
    release 56: 5499 genes, 8541 xrefs, 0 changed (1.2s)
    release 57: 5499 genes, 8541 xrefs, 0 changed (1.4s)
    release 58: 5499 genes, 8541 xrefs, 0 changed (1.4s)
    release 59: 5499 genes, 8541 xrefs, 0 changed (1.5s)
    release 60: 5499 genes, 8541 xrefs, 0 changed (1.5s)
    release 61: 5499 genes, 8541 xrefs, 0 changed (1.6s)
    release 62: 5499 genes, 8541 xrefs, 0 changed (2.3s)
  oryza_rufipogon: 40 releases, 43800 genes in db
    release 23: 40388 genes, 40388 xrefs, 128 changed (3.2s)
    release 24: 39799 genes, 39799 xrefs, 0 changed (2.6s)
    release 25: 39799 genes, 39799 xrefs, 0 changed (2.6s)
    release 26: 39799 genes, 2627 xrefs, 0 changed (2.3s)
    release 27: 39799 genes, 2627 xrefs, 0 changed (2.6s)
    release 28: 39799 genes, 2627 xrefs, 0 changed (2.5s)
    release 29: 39799 genes, 2627 xrefs, 0 changed (2.5s)
    release 30: 39799 genes, 2627 xrefs, 0 changed (2.6s)
    release 31: 39799 genes, 3260 xrefs, 0 changed (2.6s)
    release 32: 39799 genes, 3260 xrefs, 0 changed (2.7s)
    release 33: 39799 genes, 3260 xrefs, 0 changed (3.2s)
    release 34: 39799 genes, 3257 xrefs, 0 changed (2.6s)
    release 35: 39799 genes, 3257 xrefs, 0 changed (2.8s)
    release 36: 39799 genes, 3650 xrefs, 0 changed (3.1s)
    release 37: 40584 genes, 3760 xrefs, 0 changed (2.5s)
    release 38: 40584 genes, 5051 xrefs, 1281 changed (2.8s)
    release 39: 40584 genes, 4006 xrefs, 200 changed (3.6s)
    release 40: 40584 genes, 4006 xrefs, 0 changed (3.7s)
    release 41: 37912 genes, 1379 xrefs, 0 changed (3.2s)
    release 42: 37912 genes, 1021 xrefs, 9 changed (3.3s)
    release 43: 37912 genes, 1021 xrefs, 0 changed (2.5s)
    release 44: 37912 genes, 1021 xrefs, 0 changed (2.8s)
    release 45: 37912 genes, 1021 xrefs, 0 changed (2.8s)
    release 46: 37912 genes, 1021 xrefs, 0 changed (3.1s)
    release 47: 37912 genes, 1021 xrefs, 0 changed (3.4s)
    release 48: 37912 genes, 1021 xrefs, 0 changed (3.8s)
    release 49: 37912 genes, 1021 xrefs, 0 changed (3.8s)
    release 50: 37912 genes, 1021 xrefs, 0 changed (3.8s)
    release 51: 37912 genes, 1021 xrefs, 0 changed (4.7s)
    release 52: 37912 genes, 1021 xrefs, 0 changed (3.6s)
    release 53: 37912 genes, 1021 xrefs, 0 changed (3.0s)
    release 54: 37912 genes, 1021 xrefs, 0 changed (3.7s)
    release 55: 37912 genes, 1021 xrefs, 0 changed (3.5s)
    release 56: 37912 genes, 1021 xrefs, 0 changed (3.1s)
    release 57: 37912 genes, 1021 xrefs, 0 changed (3.8s)
    release 58: 37912 genes, 1021 xrefs, 0 changed (2.7s)
    release 59: 37912 genes, 1021 xrefs, 0 changed (2.9s)
    release 60: 37912 genes, 39085 xrefs, 1186 changed (3.4s)
    release 61: 37912 genes, 39085 xrefs, 4 changed (3.3s)
    release 62: 37912 genes, 39085 xrefs, 0 changed (4.0s)
  paramecium_tetraurelia: 44 releases, 39910 genes in db
    release 19: 39642 genes, 93800 xrefs, 0 changed (5.9s)
    release 20: 39642 genes, 93800 xrefs, 0 changed (4.8s)
    release 21: 39642 genes, 93800 xrefs, 0 changed (5.7s)
    release 22: 39642 genes, 93800 xrefs, 0 changed (5.7s)
    release 23: 39642 genes, 93800 xrefs, 0 changed (6.1s)
    release 24: 39903 genes, 93833 xrefs, 261 changed (5.8s)
    release 25: 39903 genes, 93833 xrefs, 0 changed (5.7s)
    release 26: 39903 genes, 93833 xrefs, 0 changed (6.4s)
    release 27: 39903 genes, 93833 xrefs, 0 changed (6.2s)
    release 28: 39903 genes, 93800 xrefs, 0 changed (6.7s)
    release 29: 39903 genes, 93800 xrefs, 0 changed (6.2s)
    release 30: 39903 genes, 93800 xrefs, 0 changed (6.3s)
    release 31: 39903 genes, 93800 xrefs, 0 changed (6.0s)
    release 32: 39903 genes, 93800 xrefs, 0 changed (7.1s)
    release 33: 39903 genes, 93800 xrefs, 0 changed (9.1s)
    release 34: 39903 genes, 93800 xrefs, 0 changed (8.9s)
    release 35: 39903 genes, 54158 xrefs, 0 changed (8.5s)
    release 36: 39903 genes, 54158 xrefs, 0 changed (6.0s)
    release 37: 39910 genes, 54160 xrefs, 0 changed (5.5s)
    release 38: 39910 genes, 54160 xrefs, 0 changed (5.3s)
    release 39: 39910 genes, 54160 xrefs, 0 changed (5.8s)
    release 40: 39910 genes, 54160 xrefs, 0 changed (5.5s)
    release 41: 39910 genes, 54160 xrefs, 0 changed (5.7s)
    release 42: 39910 genes, 54160 xrefs, 0 changed (5.7s)
    release 43: 39910 genes, 54160 xrefs, 0 changed (5.6s)
    release 44: 39910 genes, 54160 xrefs, 0 changed (5.7s)
    release 45: 39910 genes, 54160 xrefs, 0 changed (6.0s)
    release 46: 39910 genes, 54160 xrefs, 0 changed (5.5s)
    release 47: 39910 genes, 54160 xrefs, 0 changed (5.6s)
    release 48: 39910 genes, 54160 xrefs, 0 changed (5.4s)
    release 49: 39910 genes, 54160 xrefs, 0 changed (5.9s)
    release 50: 39910 genes, 54160 xrefs, 0 changed (5.9s)
    release 51: 39910 genes, 54160 xrefs, 0 changed (7.2s)
    release 52: 39910 genes, 54160 xrefs, 0 changed (6.2s)
    release 53: 39910 genes, 54160 xrefs, 0 changed (6.1s)
    release 54: 39910 genes, 54160 xrefs, 0 changed (6.4s)
    release 55: 39910 genes, 54160 xrefs, 0 changed (5.9s)
    release 56: 39910 genes, 54160 xrefs, 0 changed (6.0s)
    release 57: 39910 genes, 54160 xrefs, 0 changed (6.0s)
    release 58: 39910 genes, 54160 xrefs, 0 changed (6.2s)
    release 59: 39910 genes, 54160 xrefs, 0 changed (6.3s)
    release 60: 39910 genes, 54160 xrefs, 0 changed (6.8s)
    release 61: 39910 genes, 54160 xrefs, 0 changed (6.3s)
    release 62: 39910 genes, 54160 xrefs, 0 changed (6.3s)
  phytophthora_parasitica: 40 releases, 23414 genes in db
    release 23: 23414 genes, 50087 xrefs, 145 changed (3.6s)
    release 24: 23414 genes, 50087 xrefs, 0 changed (3.8s)
    release 25: 23414 genes, 50087 xrefs, 0 changed (3.4s)
    release 26: 23414 genes, 50087 xrefs, 0 changed (3.7s)
    release 27: 23414 genes, 50087 xrefs, 0 changed (3.7s)
    release 28: 23414 genes, 50087 xrefs, 0 changed (3.9s)
    release 29: 23414 genes, 50087 xrefs, 0 changed (3.8s)
    release 30: 23414 genes, 50087 xrefs, 0 changed (3.9s)
    release 31: 23414 genes, 50087 xrefs, 0 changed (4.3s)
    release 32: 23414 genes, 50087 xrefs, 0 changed (4.2s)
    release 33: 23414 genes, 50087 xrefs, 0 changed (4.0s)
    release 34: 23414 genes, 50087 xrefs, 0 changed (4.3s)
    release 35: 23414 genes, 50087 xrefs, 0 changed (3.9s)
    release 36: 23414 genes, 50087 xrefs, 0 changed (3.9s)
    release 37: 23305 genes, 50073 xrefs, 0 changed (3.9s)
    release 38: 23305 genes, 50073 xrefs, 0 changed (3.8s)
    release 39: 23305 genes, 50073 xrefs, 0 changed (4.1s)
    release 40: 23305 genes, 50073 xrefs, 0 changed (3.8s)
    release 41: 23305 genes, 50073 xrefs, 0 changed (4.0s)
    release 42: 23305 genes, 50073 xrefs, 0 changed (4.0s)
    release 43: 23305 genes, 50073 xrefs, 0 changed (3.8s)
    release 44: 23305 genes, 50073 xrefs, 0 changed (3.9s)
    release 45: 23305 genes, 50073 xrefs, 0 changed (4.1s)
    release 46: 23305 genes, 50073 xrefs, 0 changed (3.9s)
    release 47: 23305 genes, 26804 xrefs, 0 changed (4.1s)
    release 48: 23305 genes, 26804 xrefs, 0 changed (4.1s)
    release 49: 23305 genes, 26804 xrefs, 0 changed (4.2s)
    release 50: 23305 genes, 26804 xrefs, 0 changed (4.5s)
    release 51: 23305 genes, 26804 xrefs, 0 changed (5.8s)
    release 52: 23305 genes, 26804 xrefs, 0 changed (4.4s)
    release 53: 23305 genes, 26804 xrefs, 0 changed (4.3s)
    release 54: 23305 genes, 26804 xrefs, 0 changed (4.2s)
    release 55: 23305 genes, 26804 xrefs, 0 changed (4.0s)
    release 56: 23305 genes, 26804 xrefs, 0 changed (3.8s)
    release 57: 23305 genes, 26804 xrefs, 0 changed (4.0s)
    release 58: 23305 genes, 26804 xrefs, 0 changed (4.1s)
    release 59: 23305 genes, 26804 xrefs, 0 changed (4.3s)
    release 60: 23305 genes, 26804 xrefs, 0 changed (5.2s)
    release 61: 23305 genes, 26804 xrefs, 0 changed (6.1s)
    release 62: 23305 genes, 26804 xrefs, 0 changed (5.1s)
  oryza_punctata: 41 releases, 37804 genes in db
    release 22: 36970 genes, 37048 xrefs, 184 changed (2.6s)
    release 23: 36970 genes, 37048 xrefs, 0 changed (2.9s)
    release 24: 36957 genes, 37035 xrefs, 0 changed (2.9s)
    release 25: 36957 genes, 37035 xrefs, 0 changed (3.2s)
    release 26: 36957 genes, 37035 xrefs, 0 changed (3.2s)
    release 27: 36957 genes, 37035 xrefs, 0 changed (4.0s)
    release 28: 36957 genes, 37035 xrefs, 0 changed (3.9s)
    release 29: 36957 genes, 37035 xrefs, 0 changed (3.4s)
    release 30: 36957 genes, 37035 xrefs, 0 changed (3.3s)
    release 31: 36957 genes, 5895 xrefs, 0 changed (2.6s)
    release 32: 36957 genes, 5895 xrefs, 0 changed (2.8s)
    release 33: 36957 genes, 5895 xrefs, 0 changed (2.2s)
    release 34: 36957 genes, 5892 xrefs, 0 changed (2.1s)
    release 35: 36957 genes, 5892 xrefs, 0 changed (2.5s)
    release 36: 36957 genes, 6195 xrefs, 17 changed (3.5s)
    release 37: 37791 genes, 6299 xrefs, 0 changed (2.8s)
    release 38: 37791 genes, 7748 xrefs, 1444 changed (2.5s)
    release 39: 37791 genes, 6566 xrefs, 222 changed (3.7s)
    release 40: 37791 genes, 6566 xrefs, 0 changed (2.5s)
    release 41: 32550 genes, 1371 xrefs, 0 changed (2.6s)
    release 42: 32550 genes, 994 xrefs, 14 changed (3.0s)
    release 43: 32550 genes, 994 xrefs, 0 changed (2.6s)
    release 44: 32550 genes, 994 xrefs, 0 changed (3.1s)
    release 45: 32550 genes, 994 xrefs, 0 changed (2.5s)
    release 46: 32550 genes, 994 xrefs, 0 changed (2.6s)
    release 47: 32550 genes, 994 xrefs, 0 changed (3.2s)
    release 48: 32550 genes, 994 xrefs, 0 changed (3.2s)
    release 49: 32550 genes, 994 xrefs, 0 changed (3.4s)
    release 50: 32550 genes, 994 xrefs, 0 changed (2.9s)
    release 51: 32550 genes, 994 xrefs, 0 changed (4.4s)
    release 52: 32550 genes, 994 xrefs, 0 changed (2.6s)
    release 53: 32550 genes, 994 xrefs, 0 changed (2.9s)
    release 54: 32550 genes, 994 xrefs, 0 changed (3.1s)
    release 55: 32550 genes, 994 xrefs, 0 changed (2.7s)
    release 56: 32550 genes, 994 xrefs, 0 changed (3.3s)
    release 57: 32550 genes, 994 xrefs, 0 changed (3.1s)
    release 58: 32550 genes, 994 xrefs, 0 changed (3.2s)
    release 59: 32550 genes, 994 xrefs, 0 changed (3.0s)
    release 60: 32550 genes, 33674 xrefs, 1347 changed (3.4s)
    release 61: 32550 genes, 33674 xrefs, 8 changed (4.2s)
    release 62: 32550 genes, 33674 xrefs, 1 changed (3.5s)
  panicum_hallii_fil2: 11 releases, 33805 genes in db
    release 52: 33805 genes, 24350 xrefs, 15108 changed (5.8s)
    release 53: 33805 genes, 24350 xrefs, 0 changed (5.3s)
    release 54: 33805 genes, 24350 xrefs, 0 changed (6.8s)
    release 55: 33805 genes, 24350 xrefs, 0 changed (5.8s)
    release 56: 33805 genes, 24350 xrefs, 0 changed (5.4s)
    release 57: 33805 genes, 24350 xrefs, 0 changed (5.6s)
    release 58: 33805 genes, 24350 xrefs, 0 changed (5.4s)
    release 59: 33805 genes, 24350 xrefs, 0 changed (5.6s)
    release 60: 33805 genes, 40920 xrefs, 6146 changed (5.4s)
    release 61: 33805 genes, 66950 xrefs, 9117 changed (5.7s)
    release 62: 33805 genes, 66950 xrefs, 135 changed (5.9s)
  selaginella_moellendorffii: 52 releases, 36200 genes in db
    release 12: 34888 genes, 123665 xrefs, 11864 changed (6.7s)
    release 13: 34888 genes, 123665 xrefs, 0 changed (6.4s)
    release 14: 34888 genes, 123665 xrefs, 0 changed (6.5s)
    release 15: 34888 genes, 123665 xrefs, 0 changed (6.0s)
    release 16: 34888 genes, 123665 xrefs, 0 changed (6.5s)
    release 17: 34888 genes, 123665 xrefs, 0 changed (6.8s)
    release 18: 34888 genes, 98511 xrefs, 5754 changed (6.3s)
    release 19: 34888 genes, 98511 xrefs, 0 changed (6.7s)
    release 20: 34888 genes, 98511 xrefs, 0 changed (6.3s)
    release 21: 34888 genes, 98525 xrefs, 1 changed (6.6s)
    release 22: 34888 genes, 96279 xrefs, 2390 changed (6.9s)
    release 23: 34888 genes, 96279 xrefs, 0 changed (6.7s)
    release 24: 34888 genes, 96279 xrefs, 0 changed (6.6s)
    release 25: 34888 genes, 96279 xrefs, 0 changed (6.8s)
    release 26: 34888 genes, 96279 xrefs, 0 changed (6.4s)
    release 27: 34888 genes, 96279 xrefs, 0 changed (6.4s)
    release 28: 34888 genes, 96279 xrefs, 0 changed (7.0s)
    release 29: 34888 genes, 96279 xrefs, 0 changed (6.7s)
    release 30: 34888 genes, 96279 xrefs, 0 changed (6.2s)
    release 31: 34888 genes, 96768 xrefs, 0 changed (6.5s)
    release 32: 34888 genes, 96768 xrefs, 0 changed (6.4s)
    release 33: 34888 genes, 96768 xrefs, 0 changed (7.3s)
    release 34: 34888 genes, 96766 xrefs, 0 changed (6.2s)
    release 35: 34888 genes, 96766 xrefs, 0 changed (5.8s)
    release 36: 34888 genes, 97514 xrefs, 1928 changed (7.1s)
    release 37: 36200 genes, 97569 xrefs, 3201 changed (7.8s)
    release 38: 36200 genes, 97550 xrefs, 1576 changed (7.3s)
    release 39: 36200 genes, 97800 xrefs, 0 changed (7.1s)
    release 40: 36200 genes, 97800 xrefs, 3 changed (8.8s)
    release 41: 36086 genes, 97800 xrefs, 1282 changed (7.7s)
    release 42: 36086 genes, 96985 xrefs, 0 changed (8.0s)
    release 43: 36086 genes, 96985 xrefs, 0 changed (7.7s)
    release 44: 36086 genes, 96985 xrefs, 0 changed (7.9s)
    release 45: 36086 genes, 96985 xrefs, 0 changed (8.3s)
    release 46: 36086 genes, 96985 xrefs, 0 changed (7.8s)
    release 47: 36086 genes, 96985 xrefs, 0 changed (8.4s)
    release 48: 36086 genes, 96985 xrefs, 0 changed (7.9s)
    release 49: 36086 genes, 97100 xrefs, 0 changed (8.5s)
    release 50: 36086 genes, 97100 xrefs, 0 changed (7.8s)
    release 51: 36086 genes, 97100 xrefs, 0 changed (10.3s)
    release 52: 36086 genes, 97100 xrefs, 0 changed (8.3s)
    release 53: 36086 genes, 97100 xrefs, 0 changed (8.0s)
    release 54: 36086 genes, 97100 xrefs, 0 changed (8.0s)
    release 55: 36086 genes, 97100 xrefs, 0 changed (8.0s)
    release 56: 36086 genes, 97100 xrefs, 0 changed (8.0s)
    release 57: 36086 genes, 97100 xrefs, 0 changed (8.1s)
    release 58: 36086 genes, 97100 xrefs, 0 changed (8.0s)
    release 59: 36086 genes, 97100 xrefs, 0 changed (7.9s)
    release 60: 36086 genes, 77979 xrefs, 9735 changed (6.9s)
    release 61: 36086 genes, 85259 xrefs, 4175 changed (6.2s)
    release 62: 36086 genes, 85259 xrefs, 3 changed (5.9s)
  sphenostylis_stenocarpa: 2 releases, 31614 genes in db
    release 61: 31614 genes, 27 xrefs, 0 changed (1.6s)
    release 62: 31614 genes, 66 xrefs, 0 changed (3.9s)
  pythium_aphanidermatum: 11 releases, 12363 genes in db
    release 52: 12363 genes, 21 xrefs, 0 changed (1.1s)
    release 53: 12363 genes, 21 xrefs, 0 changed (1.4s)
    release 54: 12363 genes, 21 xrefs, 0 changed (1.2s)
    release 55: 12363 genes, 21 xrefs, 0 changed (1.3s)
    release 56: 12363 genes, 21 xrefs, 0 changed (1.2s)
    release 57: 12363 genes, 21 xrefs, 0 changed (1.2s)
    release 58: 12363 genes, 21 xrefs, 0 changed (1.5s)
    release 59: 12363 genes, 21 xrefs, 0 changed (1.4s)
    release 60: 12363 genes, 21 xrefs, 0 changed (1.5s)
    release 61: 12363 genes, 21 xrefs, 0 changed (1.2s)
    release 62: 12363 genes, 21 xrefs, 0 changed (1.2s)
  avena_byzantina_gca910574625v1cm: 1 releases, 116096 genes in db
  pythium_iwayamai: 41 releases, 30219 genes in db
    release 22: 14971 genes, 43 xrefs, 97 changed (0.8s)
    release 23: 14971 genes, 43 xrefs, 0 changed (0.8s)
    release 24: 14971 genes, 43 xrefs, 0 changed (1.0s)
    release 25: 14971 genes, 43 xrefs, 0 changed (1.2s)
    release 26: 14971 genes, 43 xrefs, 0 changed (1.0s)
    release 27: 14971 genes, 43 xrefs, 0 changed (0.9s)
    release 28: 15351 genes, 43 xrefs, 0 changed (1.4s)
    release 29: 15351 genes, 43 xrefs, 0 changed (1.2s)
    release 30: 15351 genes, 43 xrefs, 0 changed (1.2s)
    release 31: 15351 genes, 43 xrefs, 0 changed (1.2s)
    release 32: 15351 genes, 43 xrefs, 0 changed (1.0s)
    release 33: 15351 genes, 43 xrefs, 0 changed (1.2s)
    release 34: 15351 genes, 43 xrefs, 0 changed (1.2s)
    release 35: 15351 genes, 43 xrefs, 0 changed (1.3s)
    release 36: 15351 genes, 43 xrefs, 0 changed (1.3s)
    release 37: 15350 genes, 43 xrefs, 0 changed (1.1s)
    release 38: 15350 genes, 43 xrefs, 0 changed (1.4s)
    release 39: 15350 genes, 43 xrefs, 0 changed (1.3s)
    release 40: 15350 genes, 43 xrefs, 0 changed (0.9s)
    release 41: 15350 genes, 43 xrefs, 0 changed (1.0s)
    release 42: 15350 genes, 43 xrefs, 0 changed (0.8s)
    release 43: 15350 genes, 43 xrefs, 0 changed (1.0s)
    release 44: 15350 genes, 43 xrefs, 0 changed (1.5s)
    release 45: 15350 genes, 43 xrefs, 0 changed (1.1s)
    release 46: 15350 genes, 43 xrefs, 0 changed (1.2s)
    release 47: 15350 genes, 43 xrefs, 0 changed (1.2s)
    release 48: 15350 genes, 43 xrefs, 0 changed (1.2s)
    release 49: 15350 genes, 43 xrefs, 0 changed (1.0s)
    release 50: 15350 genes, 43 xrefs, 0 changed (1.1s)
    release 51: 15350 genes, 43 xrefs, 0 changed (1.5s)
    release 52: 15350 genes, 43 xrefs, 0 changed (1.1s)
    release 53: 15350 genes, 43 xrefs, 0 changed (1.2s)
    release 54: 15350 genes, 43 xrefs, 0 changed (1.3s)
    release 55: 15350 genes, 43 xrefs, 0 changed (1.2s)
    release 56: 15350 genes, 43 xrefs, 0 changed (1.3s)
    release 57: 15350 genes, 43 xrefs, 0 changed (1.2s)
    release 58: 15350 genes, 43 xrefs, 0 changed (1.3s)
    release 59: 15350 genes, 43 xrefs, 0 changed (1.3s)
    release 60: 15350 genes, 43 xrefs, 0 changed (1.0s)
    release 61: 15350 genes, 43 xrefs, 0 changed (1.1s)
    release 62: 15350 genes, 43 xrefs, 0 changed (1.0s)
  pythium_ultimum: 26 releases, 15839 genes in db
    release 37: 15839 genes, 15337 xrefs, 0 changed (1.9s)
    release 38: 15839 genes, 15337 xrefs, 0 changed (1.8s)
    release 39: 15839 genes, 15337 xrefs, 0 changed (2.2s)
    release 40: 15839 genes, 15337 xrefs, 0 changed (1.8s)
    release 41: 15839 genes, 15337 xrefs, 0 changed (1.9s)
    release 42: 15839 genes, 15337 xrefs, 0 changed (1.9s)
    release 43: 15839 genes, 15337 xrefs, 0 changed (1.9s)
    release 44: 15839 genes, 15337 xrefs, 0 changed (2.1s)
    release 45: 15839 genes, 15337 xrefs, 0 changed (2.1s)
    release 46: 15839 genes, 15337 xrefs, 0 changed (1.8s)
    release 47: 15839 genes, 15337 xrefs, 0 changed (1.9s)
    release 48: 15839 genes, 15337 xrefs, 0 changed (2.0s)
    release 49: 15839 genes, 15337 xrefs, 0 changed (2.1s)
    release 50: 15839 genes, 15337 xrefs, 0 changed (1.9s)
    release 51: 15839 genes, 15337 xrefs, 0 changed (2.8s)
    release 52: 15839 genes, 15337 xrefs, 0 changed (2.1s)
    release 53: 15839 genes, 15337 xrefs, 0 changed (2.1s)
    release 54: 15839 genes, 15337 xrefs, 0 changed (2.2s)
    release 55: 15839 genes, 15337 xrefs, 0 changed (2.1s)
    release 56: 15839 genes, 15337 xrefs, 0 changed (1.8s)
    release 57: 15839 genes, 15337 xrefs, 0 changed (1.9s)
    release 58: 15839 genes, 15337 xrefs, 0 changed (2.1s)
    release 59: 15839 genes, 15337 xrefs, 0 changed (2.3s)
    release 60: 15839 genes, 15337 xrefs, 0 changed (2.2s)
    release 61: 15839 genes, 15337 xrefs, 0 changed (2.4s)
    release 62: 15839 genes, 15337 xrefs, 0 changed (2.4s)
  pythium_vexans: 41 releases, 11992 genes in db
    release 22: 11992 genes, 28 xrefs, 17 changed (1.4s)
    release 23: 11992 genes, 28 xrefs, 0 changed (1.4s)
    release 24: 11991 genes, 11 xrefs, 0 changed (1.0s)
    release 25: 11991 genes, 11 xrefs, 0 changed (1.2s)
    release 26: 11991 genes, 11 xrefs, 0 changed (1.5s)
    release 27: 11991 genes, 11 xrefs, 0 changed (1.1s)
    release 28: 11991 genes, 11 xrefs, 0 changed (1.3s)
    release 29: 11991 genes, 11 xrefs, 0 changed (1.4s)
    release 30: 11991 genes, 11 xrefs, 0 changed (1.2s)
    release 31: 11991 genes, 11 xrefs, 0 changed (1.4s)
    release 32: 11991 genes, 11 xrefs, 0 changed (1.3s)
    release 33: 11991 genes, 11 xrefs, 0 changed (1.6s)
    release 34: 11991 genes, 11 xrefs, 0 changed (1.4s)
    release 35: 11991 genes, 11 xrefs, 0 changed (1.2s)
    release 36: 11991 genes, 11 xrefs, 0 changed (1.4s)
    release 37: 11991 genes, 11 xrefs, 0 changed (1.3s)
    release 38: 11991 genes, 11 xrefs, 0 changed (1.5s)
    release 39: 11991 genes, 11 xrefs, 0 changed (1.6s)
    release 40: 11991 genes, 11 xrefs, 0 changed (1.2s)
    release 41: 11991 genes, 11 xrefs, 0 changed (1.3s)
    release 42: 11991 genes, 11 xrefs, 0 changed (0.9s)
    release 43: 11991 genes, 11 xrefs, 0 changed (1.2s)
    release 44: 11991 genes, 11 xrefs, 0 changed (1.2s)
    release 45: 11991 genes, 11 xrefs, 0 changed (1.1s)
    release 46: 11991 genes, 11 xrefs, 0 changed (1.1s)
    release 47: 11991 genes, 11 xrefs, 0 changed (1.4s)
    release 48: 11991 genes, 11 xrefs, 0 changed (1.3s)
    release 49: 11991 genes, 11 xrefs, 0 changed (1.3s)
    release 50: 11991 genes, 11 xrefs, 0 changed (1.3s)
    release 51: 11991 genes, 11 xrefs, 0 changed (1.7s)
    release 52: 11991 genes, 11 xrefs, 0 changed (1.3s)
    release 53: 11991 genes, 11 xrefs, 0 changed (1.4s)
    release 54: 11991 genes, 11 xrefs, 0 changed (1.1s)
    release 55: 11991 genes, 11 xrefs, 0 changed (1.2s)
    release 56: 11991 genes, 11 xrefs, 0 changed (1.4s)
    release 57: 11991 genes, 11 xrefs, 0 changed (1.5s)
    release 58: 11991 genes, 11 xrefs, 0 changed (1.7s)
    release 59: 11991 genes, 11 xrefs, 0 changed (1.5s)
    release 60: 11991 genes, 11 xrefs, 0 changed (1.6s)
    release 61: 11991 genes, 11 xrefs, 0 changed (1.6s)
    release 62: 11991 genes, 11 xrefs, 0 changed (1.2s)
  avena_eriantha_gca910589775v1cm: 1 releases, 39631 genes in db
    release 62: 39631 genes, 95 xrefs, 0 changed (1.7s)
  trypanosoma_brucei: 53 releases, 9797 genes in db
    release 12: 9301 genes, 12774 xrefs, 8960 changed (1.2s)
    release 13: 9301 genes, 12774 xrefs, 0 changed (1.4s)
    release 14: 9301 genes, 12774 xrefs, 0 changed (1.3s)
    release 15: 9301 genes, 12774 xrefs, 0 changed (1.1s)
    release 16: 9301 genes, 12774 xrefs, 0 changed (1.2s)
    release 17: 9301 genes, 12774 xrefs, 0 changed (1.4s)
    release 18: 9301 genes, 12774 xrefs, 0 changed (1.2s)
    release 19: 9301 genes, 12774 xrefs, 0 changed (1.2s)
    release 20: 9301 genes, 12774 xrefs, 0 changed (1.2s)
    release 21: 9301 genes, 12774 xrefs, 0 changed (1.5s)
    release 22: 9301 genes, 12774 xrefs, 0 changed (1.3s)
    release 23: 9301 genes, 12774 xrefs, 0 changed (1.4s)
    release 24: 9456 genes, 75 xrefs, 221 changed (0.6s)
    release 25: 9456 genes, 12774 xrefs, 284 changed (1.1s)
    release 26: 9456 genes, 12774 xrefs, 0 changed (1.3s)
    release 27: 9456 genes, 12774 xrefs, 0 changed (1.2s)
    release 28: 9456 genes, 0 xrefs, 0 changed (1.2s)
    release 29: 9456 genes, 0 xrefs, 0 changed (1.0s)
    release 30: 9456 genes, 0 xrefs, 0 changed (0.9s)
    release 31: 9456 genes, 0 xrefs, 0 changed (0.8s)
    release 32: 9456 genes, 0 xrefs, 0 changed (1.3s)
    release 33: 9456 genes, 0 xrefs, 0 changed (1.2s)
    release 34: 9456 genes, 0 xrefs, 0 changed (0.8s)
    release 35: 9456 genes, 0 xrefs, 0 changed (1.0s)
    release 36: 9456 genes, 0 xrefs, 0 changed (0.9s)
    release 37: 9456 genes, 0 xrefs, 0 changed (0.8s)
    release 38: 9456 genes, 0 xrefs, 0 changed (0.7s)
    release 39: 9456 genes, 0 xrefs, 0 changed (1.1s)
    release 40: 9456 genes, 0 xrefs, 0 changed (0.7s)
    release 41: 9456 genes, 0 xrefs, 0 changed (0.7s)
    release 42: 9456 genes, 0 xrefs, 0 changed (0.8s)
    release 43: 9456 genes, 0 xrefs, 0 changed (0.7s)
    release 44: 9456 genes, 0 xrefs, 0 changed (0.9s)
    release 45: 9456 genes, 0 xrefs, 0 changed (0.7s)
    release 46: 9456 genes, 0 xrefs, 0 changed (1.0s)
    release 47: 9456 genes, 0 xrefs, 0 changed (0.8s)
    release 48: 9456 genes, 0 xrefs, 0 changed (0.8s)
    release 49: 9456 genes, 0 xrefs, 0 changed (1.0s)
    release 50: 9456 genes, 0 xrefs, 0 changed (0.7s)
    release 51: 9456 genes, 0 xrefs, 0 changed (1.0s)
    release 52: 9456 genes, 0 xrefs, 0 changed (0.8s)
    release 53: 9456 genes, 0 xrefs, 0 changed (1.2s)
    release 54: 9456 genes, 0 xrefs, 0 changed (1.0s)
    release 55: 9456 genes, 0 xrefs, 0 changed (1.1s)
    release 56: 9456 genes, 0 xrefs, 0 changed (0.8s)
    release 57: 9456 genes, 0 xrefs, 0 changed (0.7s)
    release 58: 9456 genes, 0 xrefs, 0 changed (0.8s)
    release 59: 9456 genes, 0 xrefs, 0 changed (0.9s)
    release 60: 9456 genes, 0 xrefs, 0 changed (1.2s)
    release 61: 9456 genes, 0 xrefs, 0 changed (1.2s)
    release 62: 9456 genes, 0 xrefs, 0 changed (1.0s)
  avena_insularis_gca910574615v1cm: 1 releases, 85895 genes in db
    release 62: 85895 genes, 32 xrefs, 0 changed (3.8s)
  hordeum_vulgare_zdm02064: 2 releases, 51104 genes in db
    release 61: 51104 genes, 1 xrefs, 0 changed (1.9s)
    release 62: 51104 genes, 275 xrefs, 0 changed (2.3s)
  leersia_perrieri: 40 releases, 33507 genes in db
    release 23: 31120 genes, 31120 xrefs, 64 changed (2.5s)
    release 24: 30615 genes, 30615 xrefs, 0 changed (2.5s)
    release 25: 30615 genes, 30615 xrefs, 0 changed (2.3s)
    release 26: 30615 genes, 30615 xrefs, 0 changed (2.2s)
    release 27: 30615 genes, 30615 xrefs, 0 changed (2.7s)
    release 28: 30615 genes, 30615 xrefs, 0 changed (2.6s)
    release 29: 30615 genes, 30615 xrefs, 0 changed (2.9s)
    release 30: 30615 genes, 30615 xrefs, 0 changed (3.5s)
    release 31: 30615 genes, 2100 xrefs, 0 changed (2.1s)
    release 32: 30615 genes, 2100 xrefs, 0 changed (2.2s)
    release 33: 30615 genes, 2100 xrefs, 0 changed (2.0s)
    release 34: 30615 genes, 2097 xrefs, 0 changed (2.1s)
    release 35: 30615 genes, 2097 xrefs, 0 changed (2.2s)
    release 36: 30615 genes, 2436 xrefs, 0 changed (2.4s)
    release 37: 31516 genes, 2585 xrefs, 0 changed (2.4s)
    release 38: 31516 genes, 3962 xrefs, 1370 changed (2.4s)
    release 39: 31516 genes, 2846 xrefs, 194 changed (2.5s)
    release 40: 31516 genes, 2846 xrefs, 0 changed (3.2s)
    release 41: 29996 genes, 1360 xrefs, 0 changed (3.6s)
    release 42: 29996 genes, 1031 xrefs, 11 changed (3.7s)
    release 43: 29996 genes, 1031 xrefs, 0 changed (2.4s)
    release 44: 29996 genes, 1031 xrefs, 0 changed (3.3s)
    release 45: 29996 genes, 1031 xrefs, 0 changed (3.3s)
    release 46: 29996 genes, 1031 xrefs, 0 changed (2.3s)
    release 47: 29996 genes, 1031 xrefs, 0 changed (3.3s)
    release 48: 29996 genes, 1031 xrefs, 0 changed (2.5s)
    release 49: 29996 genes, 1031 xrefs, 0 changed (3.4s)
    release 50: 29996 genes, 1031 xrefs, 0 changed (2.4s)
    release 51: 29996 genes, 1031 xrefs, 0 changed (4.8s)
    release 52: 29996 genes, 1031 xrefs, 0 changed (3.2s)
    release 53: 29996 genes, 1031 xrefs, 0 changed (2.4s)
    release 54: 29996 genes, 1031 xrefs, 0 changed (3.5s)
    release 55: 29996 genes, 1031 xrefs, 0 changed (4.0s)
    release 56: 29996 genes, 1031 xrefs, 0 changed (3.0s)
    release 57: 29996 genes, 1031 xrefs, 0 changed (3.2s)
    release 58: 29996 genes, 1031 xrefs, 0 changed (3.4s)
    release 59: 29996 genes, 1031 xrefs, 0 changed (3.1s)
    release 60: 29996 genes, 31119 xrefs, 1223 changed (4.0s)
    release 61: 29996 genes, 31119 xrefs, 2 changed (4.3s)
    release 62: 29996 genes, 31119 xrefs, 0 changed (3.6s)
  oryza_longistaminata: 37 releases, 63348 genes in db
    release 26: 30447 genes, 30447 xrefs, 0 changed (2.3s)
    release 27: 30447 genes, 30447 xrefs, 0 changed (2.3s)
    release 28: 29974 genes, 29974 xrefs, 0 changed (2.6s)
    release 29: 29974 genes, 29974 xrefs, 0 changed (2.4s)
    release 30: 31686 genes, 2 xrefs, 0 changed (1.4s)
    release 31: 31686 genes, 2 xrefs, 0 changed (1.4s)
    release 32: 31686 genes, 2 xrefs, 0 changed (1.3s)
    release 33: 31686 genes, 2 xrefs, 0 changed (1.4s)
    release 34: 31686 genes, 2 xrefs, 0 changed (1.4s)
    release 35: 31686 genes, 2 xrefs, 0 changed (1.2s)
    release 36: 31686 genes, 868 xrefs, 1 changed (1.5s)
    release 37: 32868 genes, 1043 xrefs, 0 changed (1.5s)
    release 38: 32868 genes, 2051 xrefs, 1004 changed (1.4s)
    release 39: 32868 genes, 1283 xrefs, 140 changed (1.5s)
    release 40: 32868 genes, 1283 xrefs, 0 changed (1.6s)
    release 41: 32807 genes, 1283 xrefs, 0 changed (1.5s)
    release 42: 32807 genes, 1010 xrefs, 11 changed (1.4s)
    release 43: 32807 genes, 1010 xrefs, 0 changed (1.6s)
    release 44: 32807 genes, 1010 xrefs, 0 changed (1.6s)
    release 45: 32807 genes, 1010 xrefs, 0 changed (1.6s)
    release 46: 32807 genes, 1010 xrefs, 0 changed (1.7s)
    release 47: 32807 genes, 1010 xrefs, 0 changed (1.5s)
    release 48: 32807 genes, 1010 xrefs, 0 changed (1.7s)
    release 49: 32807 genes, 1010 xrefs, 0 changed (1.8s)
    release 50: 32807 genes, 1010 xrefs, 0 changed (1.6s)
    release 51: 32807 genes, 1010 xrefs, 0 changed (3.4s)
    release 52: 32807 genes, 1010 xrefs, 0 changed (2.0s)
    release 53: 32807 genes, 1010 xrefs, 0 changed (1.6s)
    release 54: 32807 genes, 1010 xrefs, 0 changed (1.7s)
    release 55: 32807 genes, 1010 xrefs, 0 changed (1.6s)
    release 56: 32807 genes, 1010 xrefs, 0 changed (1.5s)
    release 57: 32807 genes, 1010 xrefs, 0 changed (1.7s)
    release 58: 32807 genes, 1010 xrefs, 0 changed (1.8s)
    release 59: 32807 genes, 1010 xrefs, 0 changed (1.6s)
    release 60: 32807 genes, 33818 xrefs, 854 changed (2.2s)
    release 61: 32807 genes, 33816 xrefs, 2 changed (2.1s)
    release 62: 32807 genes, 33820 xrefs, 2 changed (2.2s)
  pythium_arrhenomanes: 11 releases, 13857 genes in db
    release 52: 13857 genes, 14 xrefs, 0 changed (1.2s)
    release 53: 13857 genes, 14 xrefs, 0 changed (1.3s)
    release 54: 13857 genes, 14 xrefs, 0 changed (1.1s)
    release 55: 13857 genes, 14 xrefs, 0 changed (0.9s)
    release 56: 13857 genes, 14 xrefs, 0 changed (0.9s)
    release 57: 13857 genes, 14 xrefs, 0 changed (1.0s)
    release 58: 13857 genes, 14 xrefs, 0 changed (0.8s)
    release 59: 13857 genes, 14 xrefs, 0 changed (0.9s)
    release 60: 13857 genes, 14 xrefs, 0 changed (0.9s)
    release 61: 13857 genes, 14 xrefs, 0 changed (0.9s)
    release 62: 13857 genes, 14 xrefs, 0 changed (0.8s)
  triticum_aestivum_alchemy: 2 releases, 106786 genes in db
    release 61: 106786 genes, 118314 xrefs, 6707 changed (11.7s)
    release 62: 106786 genes, 142339 xrefs, 1310 changed (11.1s)
  bigelowiella_natans: 41 releases, 22948 genes in db
    release 22: 22329 genes, 59 xrefs, 480 changed (1.5s)
    release 23: 22329 genes, 59 xrefs, 0 changed (1.6s)
    release 24: 22325 genes, 48 xrefs, 0 changed (1.4s)
    release 25: 22325 genes, 48 xrefs, 0 changed (1.4s)
    release 26: 22325 genes, 48 xrefs, 0 changed (1.5s)
    release 27: 22325 genes, 48 xrefs, 0 changed (1.5s)
    release 28: 22325 genes, 48 xrefs, 0 changed (1.4s)
    release 29: 22325 genes, 48 xrefs, 0 changed (1.8s)
    release 30: 22325 genes, 48 xrefs, 0 changed (1.3s)
    release 31: 22325 genes, 48 xrefs, 0 changed (1.5s)
    release 32: 22325 genes, 48 xrefs, 0 changed (1.7s)
    release 33: 22325 genes, 48 xrefs, 0 changed (1.4s)
    release 34: 22325 genes, 48 xrefs, 0 changed (1.4s)
    release 35: 22325 genes, 48 xrefs, 0 changed (1.5s)
    release 36: 22325 genes, 48 xrefs, 0 changed (1.5s)
    release 37: 22320 genes, 48 xrefs, 0 changed (1.2s)
    release 38: 22320 genes, 48 xrefs, 0 changed (1.1s)
    release 39: 22320 genes, 48 xrefs, 0 changed (1.4s)
    release 40: 22320 genes, 48 xrefs, 0 changed (1.4s)
    release 41: 22320 genes, 48 xrefs, 0 changed (1.6s)
    release 42: 22320 genes, 48 xrefs, 0 changed (1.3s)
    release 43: 22320 genes, 48 xrefs, 0 changed (1.1s)
    release 44: 22320 genes, 48 xrefs, 0 changed (1.3s)
    release 45: 22320 genes, 48 xrefs, 0 changed (2.0s)
    release 46: 22320 genes, 48 xrefs, 0 changed (3.3s)
    release 47: 22320 genes, 48 xrefs, 0 changed (1.5s)
    release 48: 22320 genes, 48 xrefs, 0 changed (1.5s)
    release 49: 22320 genes, 48 xrefs, 0 changed (1.8s)
    release 50: 22320 genes, 48 xrefs, 0 changed (1.5s)
    release 51: 22320 genes, 48 xrefs, 0 changed (2.1s)
    release 52: 22320 genes, 48 xrefs, 0 changed (1.6s)
    release 53: 22320 genes, 48 xrefs, 0 changed (1.5s)
    release 54: 22320 genes, 48 xrefs, 0 changed (1.6s)
    release 55: 22320 genes, 48 xrefs, 0 changed (1.6s)
    release 56: 22320 genes, 48 xrefs, 0 changed (1.5s)
    release 57: 22320 genes, 48 xrefs, 0 changed (1.4s)
    release 58: 22320 genes, 48 xrefs, 0 changed (1.6s)
    release 59: 22320 genes, 48 xrefs, 0 changed (1.4s)
    release 60: 22320 genes, 48 xrefs, 0 changed (1.5s)
    release 61: 22320 genes, 48 xrefs, 0 changed (1.5s)
    release 62: 22320 genes, 48 xrefs, 0 changed (1.6s)
  emiliania_huxleyi: 42 releases, 38790 genes in db
    release 21: 38790 genes, 53421 xrefs, 241 changed (6.2s)
    release 22: 38790 genes, 53421 xrefs, 0 changed (5.4s)
    release 23: 38790 genes, 53421 xrefs, 0 changed (5.6s)
    release 24: 38790 genes, 53421 xrefs, 0 changed (5.1s)
    release 25: 38790 genes, 53421 xrefs, 0 changed (5.5s)
    release 26: 38790 genes, 53421 xrefs, 0 changed (5.3s)
    release 27: 38790 genes, 53421 xrefs, 0 changed (5.3s)
    release 28: 38790 genes, 53421 xrefs, 0 changed (5.2s)
    release 29: 38790 genes, 53421 xrefs, 0 changed (5.4s)
    release 30: 38790 genes, 53421 xrefs, 0 changed (5.1s)
    release 31: 38790 genes, 53421 xrefs, 0 changed (5.0s)
    release 32: 38790 genes, 53421 xrefs, 0 changed (5.1s)
    release 33: 38790 genes, 53421 xrefs, 0 changed (4.9s)
    release 34: 38790 genes, 53421 xrefs, 0 changed (5.2s)
    release 35: 38790 genes, 53421 xrefs, 0 changed (5.0s)
    release 36: 38790 genes, 53421 xrefs, 0 changed (4.7s)
    release 37: 38788 genes, 53421 xrefs, 0 changed (5.4s)
    release 38: 38788 genes, 53421 xrefs, 0 changed (5.3s)
    release 39: 38788 genes, 53421 xrefs, 0 changed (5.2s)
    release 40: 38788 genes, 53421 xrefs, 0 changed (4.9s)
    release 41: 38788 genes, 53421 xrefs, 0 changed (4.9s)
    release 42: 38788 genes, 53421 xrefs, 0 changed (4.9s)
    release 43: 38788 genes, 53421 xrefs, 0 changed (5.4s)
    release 44: 38788 genes, 53421 xrefs, 0 changed (5.4s)
    release 45: 38788 genes, 53421 xrefs, 0 changed (5.2s)
    release 46: 38788 genes, 53421 xrefs, 0 changed (4.9s)
    release 47: 38788 genes, 53421 xrefs, 0 changed (5.1s)
    release 48: 38788 genes, 53421 xrefs, 0 changed (5.3s)
    release 49: 38788 genes, 53421 xrefs, 0 changed (5.2s)
    release 50: 38788 genes, 53421 xrefs, 0 changed (5.1s)
    release 51: 38788 genes, 53421 xrefs, 0 changed (5.9s)
    release 52: 38788 genes, 53421 xrefs, 0 changed (5.4s)
    release 53: 38788 genes, 53421 xrefs, 0 changed (5.1s)
    release 54: 38788 genes, 53421 xrefs, 0 changed (5.1s)
    release 55: 38788 genes, 53421 xrefs, 0 changed (5.2s)
    release 56: 38788 genes, 53421 xrefs, 0 changed (5.2s)
    release 57: 38788 genes, 53421 xrefs, 0 changed (5.0s)
    release 58: 38788 genes, 53421 xrefs, 0 changed (5.1s)
    release 59: 38788 genes, 53421 xrefs, 0 changed (5.8s)
    release 60: 38788 genes, 53421 xrefs, 0 changed (5.6s)
    release 61: 38788 genes, 53421 xrefs, 0 changed (5.5s)
    release 62: 38788 genes, 53421 xrefs, 0 changed (5.3s)
  phytophthora_kernoviae: 11 releases, 10954 genes in db
    release 52: 10954 genes, 48 xrefs, 0 changed (1.1s)
    release 53: 10954 genes, 48 xrefs, 0 changed (0.9s)
    release 54: 10954 genes, 48 xrefs, 0 changed (0.9s)
    release 55: 10954 genes, 48 xrefs, 0 changed (1.0s)
    release 56: 10954 genes, 48 xrefs, 0 changed (1.0s)
    release 57: 10954 genes, 48 xrefs, 0 changed (0.9s)
    release 58: 10954 genes, 48 xrefs, 0 changed (1.0s)
    release 59: 10954 genes, 48 xrefs, 0 changed (1.1s)
    release 60: 10954 genes, 48 xrefs, 0 changed (1.0s)
    release 61: 10954 genes, 48 xrefs, 0 changed (1.2s)
    release 62: 10954 genes, 48 xrefs, 0 changed (1.0s)
  albugo_laibachii: 49 releases, 14986 genes in db
    release 14: 14805 genes, 33308 xrefs, 14448 changed (1.9s)
    release 15: 14805 genes, 33022 xrefs, 0 changed (1.8s)
    release 16: 14805 genes, 33022 xrefs, 181 changed (1.6s)
    release 17: 14805 genes, 33022 xrefs, 11 changed (1.8s)
    release 18: 14805 genes, 33022 xrefs, 0 changed (2.4s)
    release 19: 14805 genes, 33022 xrefs, 0 changed (2.0s)
    release 20: 14805 genes, 33022 xrefs, 0 changed (3.0s)
    release 21: 14805 genes, 33022 xrefs, 0 changed (2.0s)
    release 22: 14805 genes, 33022 xrefs, 0 changed (2.3s)
    release 23: 14805 genes, 33022 xrefs, 0 changed (2.2s)
    release 24: 14629 genes, 12874 xrefs, 0 changed (1.2s)
    release 25: 14629 genes, 12874 xrefs, 0 changed (1.5s)
    release 26: 14629 genes, 12874 xrefs, 0 changed (1.0s)
    release 27: 14629 genes, 12874 xrefs, 0 changed (1.3s)
    release 28: 14629 genes, 12874 xrefs, 0 changed (1.3s)
    release 29: 14629 genes, 12874 xrefs, 0 changed (1.2s)
    release 30: 14629 genes, 12874 xrefs, 0 changed (1.3s)
    release 31: 14629 genes, 12874 xrefs, 0 changed (1.3s)
    release 32: 14629 genes, 12874 xrefs, 0 changed (1.3s)
    release 33: 14629 genes, 12874 xrefs, 0 changed (1.3s)
    release 34: 14629 genes, 12874 xrefs, 0 changed (1.3s)
    release 35: 14629 genes, 12874 xrefs, 0 changed (1.2s)
    release 36: 14629 genes, 12874 xrefs, 0 changed (1.5s)
    release 37: 14629 genes, 12874 xrefs, 0 changed (1.3s)
    release 38: 14629 genes, 12874 xrefs, 0 changed (1.4s)
    release 39: 14629 genes, 12874 xrefs, 0 changed (1.2s)
    release 40: 14629 genes, 12874 xrefs, 0 changed (2.0s)
    release 41: 14629 genes, 12874 xrefs, 0 changed (1.4s)
    release 42: 14629 genes, 12874 xrefs, 0 changed (1.4s)
    release 43: 14629 genes, 12874 xrefs, 0 changed (1.4s)
    release 44: 14629 genes, 12874 xrefs, 0 changed (1.4s)
    release 45: 14629 genes, 12874 xrefs, 0 changed (1.2s)
    release 46: 14629 genes, 12874 xrefs, 0 changed (1.3s)
    release 47: 14629 genes, 12874 xrefs, 0 changed (1.2s)
    release 48: 14629 genes, 12874 xrefs, 0 changed (1.4s)
    release 49: 14629 genes, 12874 xrefs, 0 changed (1.3s)
    release 50: 14629 genes, 12874 xrefs, 0 changed (1.7s)
    release 51: 14629 genes, 12874 xrefs, 0 changed (1.7s)
    release 52: 14629 genes, 12874 xrefs, 0 changed (1.5s)
    release 53: 14629 genes, 12874 xrefs, 0 changed (1.4s)
    release 54: 14629 genes, 12874 xrefs, 0 changed (1.3s)
    release 55: 14629 genes, 12874 xrefs, 0 changed (1.4s)
    release 56: 14629 genes, 12874 xrefs, 0 changed (1.4s)
    release 57: 14629 genes, 12874 xrefs, 0 changed (1.2s)
    release 58: 14629 genes, 12874 xrefs, 0 changed (1.4s)
    release 59: 14629 genes, 12874 xrefs, 0 changed (1.3s)
    release 60: 14629 genes, 12874 xrefs, 0 changed (1.6s)
    release 61: 14629 genes, 12874 xrefs, 0 changed (1.5s)
    release 62: 14629 genes, 12874 xrefs, 0 changed (1.3s)
  phytophthora_lateralis: 11 releases, 12339 genes in db
    release 52: 12339 genes, 42 xrefs, 0 changed (0.9s)
    release 53: 12339 genes, 42 xrefs, 0 changed (1.0s)
    release 54: 12339 genes, 42 xrefs, 0 changed (1.1s)
    release 55: 12339 genes, 42 xrefs, 0 changed (1.0s)
    release 56: 12339 genes, 42 xrefs, 0 changed (1.1s)
    release 57: 12339 genes, 42 xrefs, 0 changed (1.1s)
    release 58: 12339 genes, 42 xrefs, 0 changed (1.1s)
    release 59: 12339 genes, 42 xrefs, 0 changed (1.0s)
    release 60: 12339 genes, 42 xrefs, 0 changed (1.1s)
    release 61: 12339 genes, 42 xrefs, 0 changed (1.1s)
    release 62: 12339 genes, 42 xrefs, 0 changed (1.1s)
  anser_cygnoides: 17 releases, 19448 genes in db
    release 99: 19448 genes, 11573 xrefs, 11523 changed (2.7s)
    release 100: 19448 genes, 11574 xrefs, 143 changed (3.2s)
    release 101: 19448 genes, 11524 xrefs, 73 changed (2.9s)
    release 102: 19448 genes, 11473 xrefs, 63 changed (3.0s)
    release 103: 19448 genes, 65 xrefs, 0 changed (1.8s)
    release 104: 19448 genes, 65 xrefs, 0 changed (3.4s)
    release 105: 19448 genes, 65 xrefs, 0 changed (2.0s)
    release 106: 19448 genes, 65 xrefs, 0 changed (1.8s)
    release 107: 19448 genes, 65 xrefs, 0 changed (2.1s)
    release 108: 19448 genes, 65 xrefs, 0 changed (1.9s)
    release 109: 19448 genes, 65 xrefs, 0 changed (1.7s)
    release 110: 19448 genes, 65 xrefs, 0 changed (1.6s)
    release 111: 19448 genes, 65 xrefs, 0 changed (1.8s)
    release 112: 19448 genes, 65 xrefs, 0 changed (1.7s)
    release 113: 19448 genes, 17237 xrefs, 7833 changed (3.8s)
    release 114: 19448 genes, 11531 xrefs, 601 changed (3.7s)
    release 115: 19448 genes, 11531 xrefs, 0 changed (4.0s)
  astyanax_mexicanus_pachon: 18 releases, 25488 genes in db
    release 98: 25488 genes, 26823 xrefs, 16695 changed (5.6s)
    release 99: 25488 genes, 26810 xrefs, 14253 changed (5.3s)
    release 100: 25488 genes, 26802 xrefs, 521 changed (5.0s)
    release 101: 25488 genes, 26881 xrefs, 348 changed (4.8s)
    release 102: 25488 genes, 27159 xrefs, 632 changed (5.4s)
    release 103: 25488 genes, 10842 xrefs, 4570 changed (4.1s)
    release 104: 25488 genes, 10842 xrefs, 0 changed (7.5s)
    release 105: 25488 genes, 10842 xrefs, 0 changed (4.1s)
    release 106: 25488 genes, 10842 xrefs, 0 changed (4.2s)
    release 107: 25488 genes, 10842 xrefs, 0 changed (4.0s)
    release 108: 25488 genes, 10842 xrefs, 0 changed (4.6s)
    release 109: 25488 genes, 10842 xrefs, 0 changed (4.0s)
    release 110: 25488 genes, 10842 xrefs, 0 changed (4.5s)
    release 111: 25488 genes, 10842 xrefs, 0 changed (4.4s)
    release 112: 25488 genes, 10842 xrefs, 0 changed (4.4s)
    release 113: 25488 genes, 50569 xrefs, 7679 changed (5.8s)
    release 114: 25488 genes, 50755 xrefs, 6678 changed (6.7s)
    release 115: 25488 genes, 50755 xrefs, 0 changed (6.2s)
  physcomitrella_patens: 44 releases, 132911 genes in db
    release 12: 32273 genes, 61030 xrefs, 16651 changed (9.5s)
    release 13: 32273 genes, 61030 xrefs, 0 changed (9.6s)
    release 14: 32273 genes, 61030 xrefs, 0 changed (9.0s)
    release 15: 32273 genes, 61030 xrefs, 0 changed (8.5s)
    release 16: 32273 genes, 61030 xrefs, 0 changed (8.8s)
    release 17: 32273 genes, 61030 xrefs, 0 changed (8.6s)
    release 18: 32273 genes, 47797 xrefs, 17634 changed (6.3s)
    release 19: 32273 genes, 47797 xrefs, 0 changed (5.6s)
    release 20: 32273 genes, 47797 xrefs, 0 changed (5.8s)
    release 21: 32273 genes, 47829 xrefs, 1 changed (6.2s)
    release 22: 32273 genes, 47037 xrefs, 795 changed (6.2s)
    release 23: 32273 genes, 47037 xrefs, 0 changed (5.7s)
    release 24: 32273 genes, 47037 xrefs, 0 changed (5.3s)
    release 25: 32273 genes, 47037 xrefs, 0 changed (5.5s)
    release 26: 32273 genes, 47037 xrefs, 0 changed (6.6s)
    release 27: 32273 genes, 47039 xrefs, 2 changed (5.7s)
    release 28: 32273 genes, 47039 xrefs, 0 changed (5.5s)
    release 29: 32273 genes, 47039 xrefs, 0 changed (5.1s)
    release 30: 32273 genes, 47039 xrefs, 0 changed (5.8s)
    release 31: 32273 genes, 47523 xrefs, 8 changed (5.0s)
    release 32: 32273 genes, 47523 xrefs, 0 changed (5.3s)
    release 33: 32273 genes, 47523 xrefs, 0 changed (6.2s)
    release 34: 32273 genes, 47520 xrefs, 0 changed (5.4s)
    release 35: 32273 genes, 47520 xrefs, 0 changed (5.4s)
    release 36: 32273 genes, 48015 xrefs, 478 changed (5.1s)
    release 37: 32826 genes, 48060 xrefs, 633 changed (5.5s)
    release 38: 32826 genes, 48047 xrefs, 344 changed (4.1s)
    release 39: 32826 genes, 48286 xrefs, 0 changed (4.8s)
    release 40: 31251 genes, 25 xrefs, 2 changed (3.0s)
    release 41: 31691 genes, 67 xrefs, 0 changed (3.4s)
    release 42: 32898 genes, 69 xrefs, 3 changed (6.0s)
    release 43: 32674 genes, 42 xrefs, 0 changed (3.8s)
    release 44: 32674 genes, 42 xrefs, 0 changed (3.4s)
    release 45: 32674 genes, 42 xrefs, 0 changed (3.6s)
    release 46: 32674 genes, 42 xrefs, 0 changed (5.1s)
    release 47: 32674 genes, 42 xrefs, 0 changed (4.7s)
    release 48: 32674 genes, 42 xrefs, 0 changed (4.6s)
    release 49: 32674 genes, 42 xrefs, 0 changed (5.2s)
    release 50: 32674 genes, 42 xrefs, 0 changed (4.6s)
  bos_taurus_hybrid: 19 releases, 28950 genes in db
    release 97: 28950 genes, 42928 xrefs, 17058 changed (5.6s)
    release 98: 28950 genes, 39523 xrefs, 2756 changed (5.2s)
    release 99: 28950 genes, 78241 xrefs, 14314 changed (8.1s)
    release 100: 28950 genes, 78268 xrefs, 280 changed (7.8s)
    release 101: 28950 genes, 78254 xrefs, 264 changed (8.2s)
    release 102: 28950 genes, 77869 xrefs, 467 changed (7.6s)
    release 103: 28950 genes, 63822 xrefs, 13971 changed (8.4s)
    release 104: 28950 genes, 63822 xrefs, 0 changed (10.9s)
    release 105: 28950 genes, 63822 xrefs, 0 changed (8.9s)
    release 106: 28950 genes, 63822 xrefs, 0 changed (8.4s)
    release 107: 28950 genes, 63822 xrefs, 0 changed (7.9s)
    release 108: 28950 genes, 63822 xrefs, 0 changed (8.0s)
    release 109: 28950 genes, 63822 xrefs, 0 changed (8.3s)
    release 110: 28950 genes, 57721 xrefs, 215 changed (5.5s)
    release 111: 28950 genes, 57721 xrefs, 0 changed (5.6s)
    release 112: 28950 genes, 57721 xrefs, 0 changed (5.3s)
    release 113: 28950 genes, 57461 xrefs, 177 changed (5.9s)
    release 114: 28950 genes, 57648 xrefs, 12088 changed (6.1s)
    release 115: 28950 genes, 57648 xrefs, 0 changed (5.9s)
  macaca_fascicularis: 25 releases, 48019 genes in db
    release 91: 28592 genes, 47900 xrefs, 16790 changed (6.1s)
    release 92: 29324 genes, 50825 xrefs, 7088 changed (6.4s)
    release 93: 29324 genes, 84116 xrefs, 682 changed (10.1s)
    release 94: 29324 genes, 84581 xrefs, 893 changed (9.0s)
    release 95: 29324 genes, 85161 xrefs, 849 changed (9.7s)
    release 96: 29324 genes, 85139 xrefs, 447 changed (9.5s)
    release 97: 29324 genes, 85155 xrefs, 371 changed (9.9s)
    release 98: 29324 genes, 84935 xrefs, 5155 changed (9.1s)
    release 99: 29324 genes, 78725 xrefs, 14095 changed (10.0s)
    release 100: 29324 genes, 85100 xrefs, 920 changed (9.7s)
    release 101: 29324 genes, 85156 xrefs, 377 changed (9.2s)
    release 102: 29324 genes, 86225 xrefs, 389 changed (9.8s)
    release 103: 38550 genes, 41998 xrefs, 2349 changed (6.7s)
    release 104: 38550 genes, 41935 xrefs, 292 changed (9.2s)
    release 105: 38550 genes, 64838 xrefs, 644 changed (8.3s)
    release 106: 38550 genes, 66709 xrefs, 694 changed (7.7s)
    release 107: 38550 genes, 75215 xrefs, 3545 changed (8.1s)
    release 108: 38550 genes, 75207 xrefs, 212 changed (7.5s)
    release 109: 38550 genes, 75193 xrefs, 209 changed (8.2s)
    release 110: 38550 genes, 80460 xrefs, 480 changed (8.1s)
    release 111: 38550 genes, 80428 xrefs, 243 changed (8.1s)
    release 112: 38550 genes, 80428 xrefs, 0 changed (9.1s)
    release 113: 38550 genes, 80098 xrefs, 266 changed (8.6s)
    release 114: 38550 genes, 66657 xrefs, 2969 changed (8.9s)
    release 115: 38550 genes, 67154 xrefs, 2566 changed (8.3s)
  parambassis_ranga: 18 releases, 28491 genes in db
    release 98: 26691 genes, 43529 xrefs, 17305 changed (5.2s)
    release 99: 26691 genes, 55415 xrefs, 17163 changed (5.1s)
    release 100: 26691 genes, 55548 xrefs, 1728 changed (4.8s)
    release 101: 26691 genes, 55675 xrefs, 1107 changed (5.2s)
    release 102: 26691 genes, 55893 xrefs, 1182 changed (5.1s)
    release 103: 26691 genes, 39999 xrefs, 15462 changed (4.3s)
    release 104: 26691 genes, 39999 xrefs, 0 changed (7.8s)
    release 105: 26691 genes, 39999 xrefs, 0 changed (4.7s)
    release 106: 26691 genes, 39999 xrefs, 0 changed (4.5s)
    release 107: 26691 genes, 39999 xrefs, 0 changed (4.8s)
    release 108: 26691 genes, 39999 xrefs, 0 changed (4.5s)
    release 109: 26691 genes, 39999 xrefs, 0 changed (5.5s)
    release 110: 26691 genes, 39999 xrefs, 0 changed (5.6s)
    release 111: 26691 genes, 39999 xrefs, 0 changed (4.9s)
    release 112: 24994 genes, 68570 xrefs, 18061 changed (5.7s)
    release 113: 24994 genes, 68560 xrefs, 565 changed (6.1s)
    release 114: 24994 genes, 58718 xrefs, 3610 changed (5.5s)
    release 115: 24994 genes, 58718 xrefs, 0 changed (5.8s)
  pelodiscus_sinensis: 48 releases, 19328 genes in db
    release 68: 19327 genes, 12514 xrefs, 11428 changed (3.5s)
    release 69: 19327 genes, 12637 xrefs, 526 changed (3.0s)
    release 70: 19327 genes, 12616 xrefs, 265 changed (2.9s)
    release 71: 19327 genes, 12590 xrefs, 297 changed (3.4s)
    release 72: 19327 genes, 12624 xrefs, 206 changed (4.3s)
    release 73: 19327 genes, 12569 xrefs, 299 changed (3.9s)
    release 74: 19327 genes, 12573 xrefs, 171 changed (4.5s)
    release 75: 19328 genes, 12545 xrefs, 116 changed (6.5s)
    release 76: 19328 genes, 39335 xrefs, 3376 changed (6.4s)
    release 77: 19328 genes, 39305 xrefs, 503 changed (6.4s)
    release 78: 19328 genes, 39350 xrefs, 325 changed (6.4s)
    release 79: 19328 genes, 39332 xrefs, 359 changed (6.5s)
    release 80: 19328 genes, 31835 xrefs, 1678 changed (6.5s)
    release 81: 19328 genes, 31818 xrefs, 1121 changed (6.7s)
    release 82: 19328 genes, 31857 xrefs, 307 changed (7.0s)
    release 83: 19328 genes, 31809 xrefs, 368 changed (7.4s)
    release 84: 19328 genes, 31800 xrefs, 299 changed (6.1s)
    release 85: 19328 genes, 31049 xrefs, 1686 changed (5.4s)
    release 86: 19328 genes, 31036 xrefs, 249 changed (6.3s)
    release 87: 19328 genes, 30688 xrefs, 297 changed (5.5s)
    release 88: 19328 genes, 30692 xrefs, 333 changed (5.4s)
    release 90: 19328 genes, 30687 xrefs, 413 changed (5.3s)
    release 91: 19328 genes, 31426 xrefs, 800 changed (5.3s)
    release 92: 19328 genes, 33461 xrefs, 1409 changed (5.6s)
    release 93: 19328 genes, 46616 xrefs, 446 changed (6.2s)
    release 94: 19328 genes, 48612 xrefs, 1992 changed (6.2s)
    release 95: 19328 genes, 48253 xrefs, 873 changed (6.2s)
    release 96: 19328 genes, 45133 xrefs, 501 changed (6.2s)
    release 97: 19328 genes, 48109 xrefs, 598 changed (6.5s)
    release 98: 19328 genes, 48847 xrefs, 791 changed (6.2s)
    release 99: 19328 genes, 45962 xrefs, 10445 changed (6.1s)
    release 100: 19328 genes, 45997 xrefs, 244 changed (5.8s)
    release 101: 19328 genes, 45920 xrefs, 228 changed (6.0s)
    release 102: 19328 genes, 45828 xrefs, 229 changed (5.9s)
    release 103: 19328 genes, 45856 xrefs, 196 changed (5.8s)
    release 104: 19328 genes, 45831 xrefs, 285 changed (7.7s)
    release 105: 19328 genes, 46006 xrefs, 274 changed (6.7s)
    release 106: 19328 genes, 46000 xrefs, 133 changed (6.3s)
    release 107: 19328 genes, 46314 xrefs, 455 changed (6.6s)
    release 108: 19328 genes, 46276 xrefs, 133 changed (6.1s)
    release 109: 19328 genes, 46264 xrefs, 150 changed (6.6s)
    release 110: 19328 genes, 46289 xrefs, 147 changed (7.5s)
    release 111: 19328 genes, 46267 xrefs, 165 changed (7.7s)
    release 112: 19328 genes, 46275 xrefs, 165 changed (7.8s)
    release 113: 19328 genes, 49465 xrefs, 507 changed (6.0s)
    release 114: 19328 genes, 52092 xrefs, 180 changed (6.1s)
    release 115: 19328 genes, 52104 xrefs, 106 changed (5.7s)
  sus_scrofa_pietrain: 18 releases, 30567 genes in db
    release 98: 30567 genes, 34934 xrefs, 3379 changed (10.0s)
    release 99: 30567 genes, 39622 xrefs, 2226 changed (10.8s)
    release 100: 30567 genes, 39622 xrefs, 0 changed (11.0s)
    release 101: 30567 genes, 39622 xrefs, 0 changed (11.2s)
    release 102: 30567 genes, 39622 xrefs, 0 changed (10.8s)
    release 103: 30567 genes, 39622 xrefs, 0 changed (11.0s)
    release 104: 30567 genes, 39622 xrefs, 0 changed (13.2s)
    release 105: 30567 genes, 39622 xrefs, 0 changed (10.7s)
    release 106: 30567 genes, 39622 xrefs, 0 changed (11.4s)
    release 107: 30567 genes, 39622 xrefs, 0 changed (11.1s)
    release 108: 30567 genes, 39622 xrefs, 0 changed (11.0s)
    release 109: 30567 genes, 39622 xrefs, 0 changed (11.7s)
    release 110: 30567 genes, 39622 xrefs, 0 changed (11.0s)
    release 111: 30567 genes, 39622 xrefs, 0 changed (11.2s)
    release 112: 30567 genes, 39622 xrefs, 0 changed (11.1s)
    release 113: 30567 genes, 67152 xrefs, 2637 changed (7.2s)
    release 114: 30567 genes, 67018 xrefs, 2498 changed (7.0s)
    release 115: 30567 genes, 67018 xrefs, 0 changed (6.4s)
  sus_scrofa_largewhite: 18 releases, 30461 genes in db
    release 98: 30461 genes, 34748 xrefs, 2871 changed (9.4s)
    release 99: 30461 genes, 26988 xrefs, 2472 changed (10.1s)
    release 100: 30461 genes, 26988 xrefs, 0 changed (10.4s)
    release 101: 30461 genes, 26988 xrefs, 0 changed (10.6s)
    release 102: 30461 genes, 26988 xrefs, 0 changed (10.3s)
    release 103: 30461 genes, 26988 xrefs, 0 changed (10.5s)
    release 104: 30461 genes, 26988 xrefs, 0 changed (11.9s)
    release 105: 30461 genes, 26988 xrefs, 0 changed (10.6s)
    release 106: 30461 genes, 26988 xrefs, 0 changed (10.1s)
    release 107: 30461 genes, 26988 xrefs, 0 changed (10.2s)
    release 108: 30461 genes, 26988 xrefs, 0 changed (10.3s)
    release 109: 30461 genes, 26988 xrefs, 0 changed (10.4s)
    release 110: 30461 genes, 26988 xrefs, 0 changed (10.2s)
    release 111: 30461 genes, 26988 xrefs, 0 changed (10.3s)
    release 112: 30461 genes, 26988 xrefs, 0 changed (10.5s)
    release 113: 30461 genes, 62724 xrefs, 3056 changed (6.9s)
    release 114: 30461 genes, 62700 xrefs, 1979 changed (8.1s)
    release 115: 30461 genes, 62700 xrefs, 0 changed (6.9s)
  sus_scrofa_rongchang: 18 releases, 30227 genes in db
    release 98: 30227 genes, 31577 xrefs, 3444 changed (9.9s)
    release 99: 30227 genes, 31790 xrefs, 1810 changed (10.4s)
    release 100: 30227 genes, 31790 xrefs, 0 changed (10.5s)
    release 101: 30227 genes, 31790 xrefs, 0 changed (10.6s)
    release 102: 30227 genes, 31790 xrefs, 0 changed (10.3s)
    release 103: 30227 genes, 31790 xrefs, 0 changed (10.3s)
    release 104: 30227 genes, 31790 xrefs, 0 changed (12.2s)
    release 105: 30227 genes, 31790 xrefs, 0 changed (10.4s)
    release 106: 30227 genes, 31790 xrefs, 0 changed (10.8s)
    release 107: 30227 genes, 31790 xrefs, 0 changed (10.5s)
    release 108: 30227 genes, 31790 xrefs, 0 changed (10.4s)
    release 109: 30227 genes, 31790 xrefs, 0 changed (10.5s)
    release 110: 30227 genes, 31790 xrefs, 0 changed (10.1s)
    release 111: 30227 genes, 31790 xrefs, 0 changed (10.4s)
    release 112: 30227 genes, 31790 xrefs, 0 changed (10.4s)
    release 113: 30227 genes, 60711 xrefs, 2368 changed (6.2s)
    release 114: 30227 genes, 60614 xrefs, 2565 changed (6.7s)
    release 115: 30227 genes, 60614 xrefs, 0 changed (6.6s)
  sus_scrofa_wuzhishan: 18 releases, 29851 genes in db
    release 98: 29851 genes, 20444 xrefs, 2316 changed (9.3s)
    release 99: 29851 genes, 22542 xrefs, 1150 changed (9.7s)
    release 100: 29851 genes, 22542 xrefs, 0 changed (9.7s)
    release 101: 29851 genes, 22542 xrefs, 0 changed (10.3s)
    release 102: 29851 genes, 22542 xrefs, 0 changed (10.9s)
    release 103: 29851 genes, 22542 xrefs, 0 changed (10.0s)
    release 104: 29851 genes, 22542 xrefs, 0 changed (13.0s)
    release 105: 29851 genes, 22542 xrefs, 0 changed (10.6s)
    release 106: 29851 genes, 22542 xrefs, 0 changed (9.6s)
    release 107: 29851 genes, 22542 xrefs, 0 changed (10.5s)
    release 108: 29851 genes, 22542 xrefs, 0 changed (10.1s)
    release 109: 29851 genes, 22542 xrefs, 0 changed (10.3s)
    release 110: 29851 genes, 22542 xrefs, 0 changed (9.8s)
    release 111: 29851 genes, 22542 xrefs, 0 changed (10.1s)
    release 112: 29851 genes, 22542 xrefs, 0 changed (9.8s)
    release 113: 29851 genes, 40490 xrefs, 1918 changed (5.1s)
    release 114: 29851 genes, 40582 xrefs, 2075 changed (5.5s)
    release 115: 29851 genes, 40582 xrefs, 0 changed (5.0s)
  schizosaccharomyces_cryophilus: 42 releases, 6258 genes in db
    release 21: 5877 genes, 5572 xrefs, 5497 changed (1.0s)
    release 22: 5877 genes, 5572 xrefs, 0 changed (1.0s)
    release 23: 5877 genes, 5572 xrefs, 0 changed (0.9s)
    release 24: 5876 genes, 5572 xrefs, 0 changed (1.0s)
    release 25: 5876 genes, 5572 xrefs, 0 changed (1.2s)
    release 26: 5876 genes, 5572 xrefs, 0 changed (1.5s)
    release 27: 5876 genes, 5572 xrefs, 0 changed (1.3s)
    release 28: 5876 genes, 5572 xrefs, 0 changed (1.3s)
    release 29: 5876 genes, 5572 xrefs, 0 changed (1.3s)
    release 30: 5876 genes, 5572 xrefs, 0 changed (1.4s)
    release 31: 5876 genes, 5572 xrefs, 0 changed (1.4s)
    release 32: 5876 genes, 5572 xrefs, 0 changed (1.4s)
    release 33: 5876 genes, 5572 xrefs, 0 changed (1.4s)
    release 34: 5876 genes, 5572 xrefs, 0 changed (1.3s)
    release 35: 5876 genes, 5572 xrefs, 0 changed (1.4s)
    release 36: 5876 genes, 5572 xrefs, 0 changed (1.6s)
    release 37: 6257 genes, 5621 xrefs, 0 changed (1.5s)
    release 38: 6257 genes, 5575 xrefs, 0 changed (1.5s)
    release 39: 6257 genes, 5575 xrefs, 0 changed (1.5s)
    release 40: 6257 genes, 5575 xrefs, 0 changed (1.4s)
    release 41: 6257 genes, 5575 xrefs, 0 changed (1.5s)
    release 42: 6257 genes, 5575 xrefs, 0 changed (1.5s)
    release 43: 6257 genes, 5575 xrefs, 0 changed (1.5s)
    release 44: 6257 genes, 5575 xrefs, 0 changed (1.4s)
    release 45: 6257 genes, 5575 xrefs, 0 changed (1.3s)
    release 46: 6257 genes, 5575 xrefs, 0 changed (1.4s)
    release 47: 6257 genes, 5575 xrefs, 0 changed (1.4s)
    release 48: 6257 genes, 5575 xrefs, 0 changed (1.3s)
    release 49: 6257 genes, 5575 xrefs, 0 changed (1.3s)
    release 50: 6257 genes, 5575 xrefs, 0 changed (1.3s)
    release 51: 6257 genes, 5575 xrefs, 0 changed (1.6s)
    release 52: 6257 genes, 10730 xrefs, 5155 changed (1.5s)
    release 53: 6257 genes, 10730 xrefs, 0 changed (1.4s)
    release 54: 6257 genes, 10730 xrefs, 0 changed (1.6s)
    release 55: 6257 genes, 10730 xrefs, 0 changed (1.5s)
    release 56: 6257 genes, 10730 xrefs, 0 changed (1.5s)
    release 57: 6257 genes, 10730 xrefs, 0 changed (1.4s)
    release 58: 6257 genes, 10730 xrefs, 0 changed (1.5s)
    release 59: 6257 genes, 10730 xrefs, 0 changed (1.6s)
    release 60: 6257 genes, 10730 xrefs, 0 changed (1.5s)
    release 61: 6257 genes, 10730 xrefs, 0 changed (1.6s)
    release 62: 6257 genes, 10730 xrefs, 0 changed (1.6s)
  anas_platyrhynchos_platyrhynchos: 20 releases, 25952 genes in db
    release 96: 25952 genes, 10898 xrefs, 9960 changed (2.8s)
    release 97: 25952 genes, 10743 xrefs, 160 changed (3.0s)
    release 98: 25952 genes, 29097 xrefs, 1804 changed (3.8s)
    release 99: 25952 genes, 29428 xrefs, 9558 changed (4.2s)
    release 100: 25952 genes, 29678 xrefs, 370 changed (4.2s)
    release 101: 25952 genes, 29590 xrefs, 191 changed (4.1s)
    release 102: 25952 genes, 29519 xrefs, 193 changed (5.1s)
    release 103: 25952 genes, 29553 xrefs, 163 changed (5.2s)
    release 104: 25952 genes, 29564 xrefs, 225 changed (6.2s)
    release 105: 25952 genes, 29708 xrefs, 186 changed (5.4s)
    release 106: 25952 genes, 29701 xrefs, 104 changed (5.4s)
    release 107: 25952 genes, 29962 xrefs, 303 changed (5.5s)
    release 108: 25952 genes, 29947 xrefs, 91 changed (5.1s)
    release 109: 25952 genes, 29967 xrefs, 134 changed (5.0s)
    release 110: 25952 genes, 29960 xrefs, 101 changed (4.8s)
    release 111: 25952 genes, 29970 xrefs, 125 changed (5.0s)
    release 112: 25952 genes, 29969 xrefs, 114 changed (4.8s)
    release 113: 25952 genes, 30658 xrefs, 141 changed (4.6s)
    release 114: 25952 genes, 30586 xrefs, 168 changed (5.2s)
    release 115: 25952 genes, 30535 xrefs, 58 changed (4.8s)
  populus_trichocarpa: 58 releases, 119390 genes in db
    release 12: 41377 genes, 28845 xrefs, 25920 changed (7.4s)
    release 13: 41377 genes, 28845 xrefs, 0 changed (7.6s)
    release 14: 41377 genes, 28845 xrefs, 0 changed (7.8s)
    release 15: 41377 genes, 28845 xrefs, 0 changed (7.9s)
    release 16: 41377 genes, 28845 xrefs, 0 changed (7.2s)
    release 17: 41377 genes, 28845 xrefs, 0 changed (6.7s)
    release 18: 41377 genes, 28845 xrefs, 0 changed (6.9s)
    release 19: 41377 genes, 28845 xrefs, 0 changed (6.7s)
    release 20: 41377 genes, 28845 xrefs, 0 changed (8.5s)
    release 21: 41377 genes, 136811 xrefs, 12066 changed (10.1s)
    release 22: 41377 genes, 134307 xrefs, 2211 changed (10.1s)
    release 23: 41377 genes, 134673 xrefs, 361 changed (9.8s)
    release 24: 41377 genes, 134673 xrefs, 0 changed (9.2s)
    release 25: 41377 genes, 134673 xrefs, 0 changed (10.4s)
    release 26: 41377 genes, 134673 xrefs, 0 changed (10.3s)
    release 27: 41377 genes, 134679 xrefs, 6 changed (9.3s)
    release 28: 41377 genes, 134679 xrefs, 0 changed (9.6s)
    release 29: 41377 genes, 134679 xrefs, 0 changed (9.6s)
    release 30: 41377 genes, 134679 xrefs, 0 changed (10.1s)
    release 31: 41377 genes, 135208 xrefs, 0 changed (9.9s)
    release 32: 41377 genes, 135208 xrefs, 0 changed (11.3s)
    release 33: 41377 genes, 135208 xrefs, 0 changed (12.1s)
    release 34: 41377 genes, 135205 xrefs, 0 changed (10.5s)
    release 35: 41377 genes, 135205 xrefs, 0 changed (10.8s)
    release 36: 41377 genes, 125800 xrefs, 35457 changed (11.2s)
    release 37: 42344 genes, 125934 xrefs, 355 changed (11.4s)
    release 38: 42344 genes, 125858 xrefs, 497 changed (11.6s)
    release 39: 42344 genes, 125637 xrefs, 564 changed (10.7s)
    release 40: 41335 genes, 19837 xrefs, 19970 changed (9.2s)
    release 41: 42347 genes, 13560 xrefs, 385 changed (8.1s)
    release 42: 42347 genes, 14375 xrefs, 187 changed (8.5s)
    release 43: 42347 genes, 14375 xrefs, 0 changed (7.3s)
    release 44: 42347 genes, 14375 xrefs, 0 changed (8.1s)
    release 45: 42347 genes, 14375 xrefs, 0 changed (6.9s)
    release 46: 42347 genes, 14375 xrefs, 0 changed (8.2s)
    release 47: 42347 genes, 14375 xrefs, 0 changed (8.0s)
    release 48: 42347 genes, 14375 xrefs, 0 changed (7.4s)
    release 49: 42347 genes, 14375 xrefs, 0 changed (8.5s)
    release 50: 42347 genes, 14375 xrefs, 0 changed (8.1s)
    release 51: 42347 genes, 14375 xrefs, 0 changed (11.1s)
    release 52: 42347 genes, 14375 xrefs, 0 changed (7.6s)
    release 53: 42347 genes, 14375 xrefs, 0 changed (8.9s)
    release 54: 42347 genes, 14375 xrefs, 0 changed (8.3s)
    release 55: 42347 genes, 14375 xrefs, 0 changed (8.4s)
    release 56: 42347 genes, 14375 xrefs, 0 changed (7.5s)
    release 57: 34699 genes, 10848 xrefs, 10917 changed (3.5s)
    release 58: 34699 genes, 10848 xrefs, 0 changed (3.8s)
    release 59: 34699 genes, 10848 xrefs, 0 changed (4.1s)
    release 60: 34699 genes, 69571 xrefs, 16376 changed (5.4s)
    release 61: 34699 genes, 88741 xrefs, 9849 changed (6.3s)
    release 62: 34699 genes, 88749 xrefs, 93 changed (6.2s)
  drosophila_pseudoobscura: 55 releases, 20170 genes in db
    release 12: 16720 genes, 79913 xrefs, 16693 changed (4.1s)
    release 13: 16720 genes, 79913 xrefs, 0 changed (4.2s)
    release 14: 16720 genes, 79913 xrefs, 1146 changed (4.0s)
    release 15: 16720 genes, 79913 xrefs, 0 changed (4.7s)
    release 16: 16720 genes, 79913 xrefs, 1146 changed (4.5s)
    release 17: 16768 genes, 103029 xrefs, 16640 changed (6.1s)
    release 18: 16768 genes, 103029 xrefs, 1304 changed (5.8s)
    release 19: 16768 genes, 103029 xrefs, 1 changed (6.4s)
    release 20: 16768 genes, 103029 xrefs, 0 changed (7.2s)
    release 21: 16768 genes, 103029 xrefs, 0 changed (6.3s)
    release 22: 16768 genes, 82433 xrefs, 0 changed (5.4s)
    release 23: 16768 genes, 82433 xrefs, 0 changed (6.0s)
    release 24: 16768 genes, 82433 xrefs, 0 changed (5.5s)
    release 25: 16756 genes, 82590 xrefs, 1723 changed (5.3s)
    release 26: 16756 genes, 82590 xrefs, 0 changed (5.1s)
    release 27: 16756 genes, 82590 xrefs, 0 changed (5.4s)
    release 28: 16756 genes, 82590 xrefs, 0 changed (5.5s)
    release 29: 16756 genes, 82590 xrefs, 0 changed (5.4s)
    release 30: 16756 genes, 82590 xrefs, 0 changed (5.7s)
    release 31: 16756 genes, 82590 xrefs, 0 changed (5.3s)
    release 32: 16756 genes, 82590 xrefs, 0 changed (5.6s)
    release 33: 16756 genes, 82590 xrefs, 0 changed (5.8s)
    release 34: 16756 genes, 82590 xrefs, 0 changed (6.7s)
    release 35: 16756 genes, 82590 xrefs, 0 changed (5.5s)
    release 36: 16756 genes, 76162 xrefs, 13564 changed (5.2s)
    release 37: 16756 genes, 80557 xrefs, 6211 changed (5.8s)
    release 38: 16959 genes, 48617 xrefs, 16959 changed (4.8s)
    release 39: 16959 genes, 48617 xrefs, 0 changed (4.9s)
    release 40: 16959 genes, 48617 xrefs, 103 changed (5.1s)
    release 41: 16959 genes, 48617 xrefs, 0 changed (4.8s)
    release 42: 16959 genes, 48617 xrefs, 0 changed (4.8s)
    release 43: 16959 genes, 48617 xrefs, 0 changed (4.9s)
    release 44: 16959 genes, 48617 xrefs, 0 changed (4.7s)
    release 45: 16959 genes, 48617 xrefs, 0 changed (4.5s)
    release 46: 16959 genes, 48617 xrefs, 0 changed (5.1s)
    release 47: 16959 genes, 48617 xrefs, 0 changed (5.3s)
    release 48: 16959 genes, 48617 xrefs, 0 changed (4.6s)
    release 49: 16959 genes, 48617 xrefs, 0 changed (5.0s)
    release 50: 17296 genes, 76243 xrefs, 2563 changed (6.3s)
    release 51: 17296 genes, 76243 xrefs, 0 changed (7.9s)
    release 52: 17296 genes, 76243 xrefs, 0 changed (6.9s)
    release 53: 17296 genes, 76243 xrefs, 0 changed (7.1s)
    release 54: 17296 genes, 76243 xrefs, 0 changed (6.9s)
    release 55: 17296 genes, 76243 xrefs, 0 changed (7.0s)
    release 56: 17296 genes, 76243 xrefs, 0 changed (6.4s)
    release 57: 17296 genes, 76243 xrefs, 0 changed (7.1s)
    release 58: 17296 genes, 76243 xrefs, 0 changed (6.6s)
    release 59: 17296 genes, 76243 xrefs, 0 changed (6.1s)
  periophthalmus_magnuspinnatus: 22 releases, 24197 genes in db
    release 94: 24197 genes, 12798 xrefs, 14631 changed (2.1s)
    release 95: 24197 genes, 13804 xrefs, 2121 changed (2.0s)
    release 96: 24197 genes, 15676 xrefs, 729 changed (3.5s)
    release 97: 24197 genes, 15930 xrefs, 619 changed (3.6s)
    release 98: 24197 genes, 15646 xrefs, 2491 changed (3.6s)
    release 99: 24197 genes, 15567 xrefs, 12204 changed (3.6s)
    release 100: 24197 genes, 15582 xrefs, 867 changed (3.8s)
    release 101: 24197 genes, 15832 xrefs, 614 changed (3.6s)
    release 102: 24197 genes, 16381 xrefs, 1265 changed (3.4s)
    release 103: 24197 genes, 2166 xrefs, 1409 changed (3.0s)
    release 104: 24197 genes, 2166 xrefs, 0 changed (4.3s)
    release 105: 24197 genes, 2166 xrefs, 0 changed (3.5s)
    release 106: 24197 genes, 2166 xrefs, 0 changed (3.3s)
    release 107: 24197 genes, 2166 xrefs, 0 changed (3.3s)
    release 108: 24197 genes, 2166 xrefs, 0 changed (3.0s)
    release 109: 24197 genes, 2166 xrefs, 0 changed (3.1s)
    release 110: 24197 genes, 8543 xrefs, 3478 changed (3.5s)
    release 111: 24197 genes, 8543 xrefs, 0 changed (3.3s)
    release 112: 24197 genes, 8543 xrefs, 0 changed (3.5s)
    release 113: 24197 genes, 7180 xrefs, 335 changed (3.7s)
    release 114: 24197 genes, 7178 xrefs, 186 changed (3.8s)
    release 115: 24197 genes, 7178 xrefs, 0 changed (3.9s)
  rhinopithecus_roxellana: 25 releases, 28883 genes in db
    release 91: 28601 genes, 44777 xrefs, 17615 changed (5.8s)
    release 92: 28883 genes, 50660 xrefs, 9187 changed (6.1s)
    release 93: 28883 genes, 78439 xrefs, 518 changed (8.4s)
    release 94: 28883 genes, 84283 xrefs, 831 changed (8.7s)
    release 95: 28883 genes, 85756 xrefs, 1397 changed (8.1s)
    release 96: 28883 genes, 85456 xrefs, 488 changed (8.6s)
    release 97: 28883 genes, 85473 xrefs, 432 changed (7.9s)
    release 98: 28883 genes, 87057 xrefs, 5007 changed (8.5s)
    release 99: 28883 genes, 81322 xrefs, 14355 changed (7.4s)
    release 100: 28883 genes, 82746 xrefs, 1572 changed (8.1s)
    release 101: 28883 genes, 82787 xrefs, 352 changed (8.5s)
    release 102: 28883 genes, 82560 xrefs, 438 changed (8.6s)
    release 103: 28883 genes, 82577 xrefs, 368 changed (7.9s)
    release 104: 28883 genes, 82441 xrefs, 598 changed (10.1s)
    release 105: 28883 genes, 82736 xrefs, 508 changed (8.9s)
    release 106: 28883 genes, 82767 xrefs, 298 changed (9.2s)
    release 107: 28883 genes, 83068 xrefs, 550 changed (8.8s)
    release 108: 28883 genes, 83053 xrefs, 201 changed (10.2s)
    release 109: 28883 genes, 83041 xrefs, 246 changed (8.9s)
    release 110: 28883 genes, 83049 xrefs, 261 changed (9.7s)
    release 111: 28883 genes, 83057 xrefs, 282 changed (8.9s)
    release 112: 28883 genes, 83102 xrefs, 238 changed (9.0s)
    release 113: 28883 genes, 90927 xrefs, 2876 changed (9.1s)
    release 114: 28883 genes, 93427 xrefs, 473 changed (9.4s)
    release 115: 28883 genes, 93613 xrefs, 319 changed (8.7s)
  sus_scrofa_landrace: 18 releases, 27518 genes in db
    release 98: 27518 genes, 34561 xrefs, 3414 changed (9.5s)
    release 99: 27518 genes, 39100 xrefs, 2164 changed (10.9s)
    release 100: 27518 genes, 39100 xrefs, 0 changed (10.6s)
    release 101: 27518 genes, 39100 xrefs, 0 changed (12.2s)
    release 102: 27518 genes, 39100 xrefs, 0 changed (11.4s)
    release 103: 27518 genes, 39100 xrefs, 0 changed (11.5s)
    release 104: 27518 genes, 39100 xrefs, 0 changed (13.3s)
    release 105: 27518 genes, 39100 xrefs, 0 changed (11.1s)
    release 106: 27518 genes, 39100 xrefs, 0 changed (10.9s)
    release 107: 27518 genes, 39100 xrefs, 0 changed (10.4s)
    release 108: 27518 genes, 39100 xrefs, 0 changed (10.4s)
    release 109: 27518 genes, 39100 xrefs, 0 changed (11.2s)
    release 110: 27518 genes, 39100 xrefs, 0 changed (11.0s)
    release 111: 27518 genes, 39100 xrefs, 0 changed (10.3s)
    release 112: 27518 genes, 39100 xrefs, 0 changed (11.0s)
    release 113: 27518 genes, 66802 xrefs, 2620 changed (6.9s)
    release 114: 27518 genes, 66646 xrefs, 2522 changed (7.2s)
    release 115: 27518 genes, 66646 xrefs, 0 changed (6.2s)
  verticillium_dahliae: 42 releases, 11501 genes in db
    release 21: 11180 genes, 27382 xrefs, 10535 changed (1.7s)
    release 22: 11180 genes, 27382 xrefs, 0 changed (1.7s)
    release 23: 11180 genes, 27382 xrefs, 0 changed (1.7s)
    release 24: 11180 genes, 27382 xrefs, 0 changed (2.2s)
    release 25: 11180 genes, 27382 xrefs, 0 changed (1.9s)
    release 26: 11180 genes, 27382 xrefs, 0 changed (2.1s)
    release 27: 11180 genes, 27382 xrefs, 0 changed (2.2s)
    release 28: 11180 genes, 27382 xrefs, 0 changed (2.2s)
    release 29: 11180 genes, 27382 xrefs, 0 changed (2.1s)
    release 30: 11180 genes, 27382 xrefs, 0 changed (2.5s)
    release 31: 11180 genes, 27382 xrefs, 0 changed (2.2s)
    release 32: 10811 genes, 18006 xrefs, 0 changed (1.9s)
    release 33: 10811 genes, 18006 xrefs, 0 changed (1.9s)
    release 34: 10811 genes, 18006 xrefs, 0 changed (1.9s)
    release 35: 10811 genes, 18006 xrefs, 0 changed (1.8s)
    release 36: 10811 genes, 18006 xrefs, 0 changed (1.8s)
    release 37: 11132 genes, 18053 xrefs, 0 changed (1.9s)
    release 38: 11132 genes, 18053 xrefs, 0 changed (2.1s)
    release 39: 11132 genes, 18053 xrefs, 0 changed (2.2s)
    release 40: 11132 genes, 18053 xrefs, 0 changed (2.0s)
    release 41: 11132 genes, 18053 xrefs, 0 changed (2.3s)
    release 42: 11132 genes, 18053 xrefs, 0 changed (2.7s)
    release 43: 11132 genes, 18053 xrefs, 0 changed (2.0s)
    release 44: 11132 genes, 18053 xrefs, 0 changed (2.2s)
    release 45: 11132 genes, 18053 xrefs, 0 changed (2.1s)
    release 46: 11132 genes, 18053 xrefs, 0 changed (3.4s)
    release 47: 11132 genes, 17777 xrefs, 0 changed (2.3s)
    release 48: 11132 genes, 17777 xrefs, 0 changed (2.0s)
    release 49: 11132 genes, 17777 xrefs, 0 changed (2.3s)
    release 50: 11132 genes, 17777 xrefs, 0 changed (2.2s)
    release 51: 11132 genes, 17777 xrefs, 0 changed (2.9s)
    release 52: 11132 genes, 28312 xrefs, 10535 changed (3.1s)
    release 53: 11132 genes, 28312 xrefs, 0 changed (2.8s)
    release 54: 11132 genes, 28312 xrefs, 0 changed (2.7s)
    release 55: 11132 genes, 28312 xrefs, 0 changed (3.1s)
    release 56: 11132 genes, 28312 xrefs, 0 changed (2.9s)
    release 57: 11132 genes, 28312 xrefs, 0 changed (2.8s)
    release 58: 11132 genes, 28312 xrefs, 0 changed (2.7s)
    release 59: 11132 genes, 28312 xrefs, 0 changed (2.7s)
    release 60: 11132 genes, 28312 xrefs, 0 changed (3.1s)
    release 61: 11132 genes, 28312 xrefs, 0 changed (3.2s)
    release 62: 11132 genes, 28312 xrefs, 0 changed (3.4s)
  hordeum_vulgare_hor3081: 2 releases, 51038 genes in db
    release 61: 51038 genes, 6 xrefs, 0 changed (1.8s)
    release 62: 51038 genes, 306 xrefs, 0 changed (2.2s)
  fusarium_pseudograminearum: 40 releases, 13445 genes in db
    release 23: 12874 genes, 18953 xrefs, 12584 changed (1.7s)
    release 24: 12874 genes, 18954 xrefs, 108 changed (1.8s)
    release 25: 12874 genes, 18954 xrefs, 0 changed (2.0s)
    release 26: 12874 genes, 18954 xrefs, 0 changed (2.2s)
    release 27: 12874 genes, 18954 xrefs, 0 changed (2.1s)
    release 28: 12874 genes, 18954 xrefs, 0 changed (2.1s)
    release 29: 12874 genes, 18954 xrefs, 0 changed (2.0s)
    release 30: 12874 genes, 18954 xrefs, 0 changed (2.0s)
    release 31: 12874 genes, 18954 xrefs, 0 changed (2.0s)
    release 32: 12874 genes, 18954 xrefs, 0 changed (2.1s)
    release 33: 12874 genes, 18954 xrefs, 0 changed (2.1s)
    release 34: 12874 genes, 18954 xrefs, 0 changed (2.1s)
    release 35: 12874 genes, 18954 xrefs, 0 changed (2.2s)
    release 36: 12874 genes, 18954 xrefs, 0 changed (2.2s)
    release 37: 13232 genes, 19005 xrefs, 0 changed (2.0s)
    release 38: 13232 genes, 18960 xrefs, 0 changed (2.1s)
    release 39: 13232 genes, 18960 xrefs, 0 changed (2.2s)
    release 40: 13232 genes, 18960 xrefs, 0 changed (2.2s)
    release 41: 13232 genes, 18960 xrefs, 0 changed (2.5s)
    release 42: 13232 genes, 18960 xrefs, 0 changed (2.1s)
    release 43: 13232 genes, 18960 xrefs, 0 changed (2.0s)
    release 44: 13232 genes, 18960 xrefs, 0 changed (2.0s)
    release 45: 13232 genes, 18960 xrefs, 0 changed (2.1s)
    release 46: 13232 genes, 18960 xrefs, 0 changed (2.0s)
    release 47: 13232 genes, 18960 xrefs, 0 changed (2.0s)
    release 48: 13232 genes, 18960 xrefs, 0 changed (2.1s)
    release 49: 13232 genes, 18960 xrefs, 0 changed (2.2s)
    release 50: 13232 genes, 18960 xrefs, 0 changed (2.0s)
    release 51: 13232 genes, 18960 xrefs, 0 changed (3.0s)
    release 52: 13232 genes, 31331 xrefs, 12371 changed (2.6s)
    release 53: 13232 genes, 31331 xrefs, 0 changed (2.7s)
    release 54: 13232 genes, 31331 xrefs, 0 changed (2.5s)
    release 55: 13232 genes, 31331 xrefs, 0 changed (2.5s)
    release 56: 13232 genes, 31331 xrefs, 0 changed (2.7s)
    release 57: 13232 genes, 31331 xrefs, 0 changed (2.7s)
    release 58: 13232 genes, 31331 xrefs, 0 changed (2.6s)
    release 59: 13232 genes, 31331 xrefs, 0 changed (2.6s)
    release 60: 13232 genes, 31331 xrefs, 0 changed (2.8s)
    release 61: 13232 genes, 31331 xrefs, 0 changed (2.7s)
    release 62: 13232 genes, 31331 xrefs, 0 changed (2.8s)
  drosophila_ananassae: 55 releases, 18046 genes in db
    release 12: 15978 genes, 99100 xrefs, 15978 changed (5.8s)
    release 13: 15978 genes, 99100 xrefs, 0 changed (5.4s)
    release 14: 15978 genes, 99098 xrefs, 15966 changed (5.4s)
    release 15: 15978 genes, 99098 xrefs, 0 changed (5.2s)
    release 16: 15978 genes, 99100 xrefs, 938 changed (5.9s)
    release 17: 15978 genes, 97005 xrefs, 15966 changed (5.4s)
    release 18: 15978 genes, 97005 xrefs, 990 changed (5.1s)
    release 19: 15978 genes, 97005 xrefs, 0 changed (5.3s)
    release 20: 15978 genes, 97005 xrefs, 0 changed (5.5s)
    release 21: 15978 genes, 97005 xrefs, 0 changed (4.8s)
    release 22: 15978 genes, 78052 xrefs, 0 changed (4.4s)
    release 23: 15978 genes, 78052 xrefs, 0 changed (4.6s)
    release 24: 15978 genes, 78052 xrefs, 0 changed (4.4s)
    release 25: 15978 genes, 78288 xrefs, 1337 changed (4.5s)
    release 26: 15978 genes, 78288 xrefs, 0 changed (4.6s)
    release 27: 15978 genes, 78288 xrefs, 0 changed (4.9s)
    release 28: 15978 genes, 78288 xrefs, 0 changed (5.0s)
    release 29: 15978 genes, 78288 xrefs, 0 changed (5.7s)
    release 30: 15978 genes, 78288 xrefs, 0 changed (5.4s)
    release 31: 15978 genes, 78288 xrefs, 0 changed (4.7s)
    release 32: 15978 genes, 78288 xrefs, 0 changed (5.3s)
    release 33: 15978 genes, 78288 xrefs, 0 changed (5.1s)
    release 34: 15978 genes, 78288 xrefs, 0 changed (5.3s)
    release 35: 15978 genes, 78288 xrefs, 0 changed (4.8s)
    release 36: 15978 genes, 72360 xrefs, 11815 changed (5.6s)
    release 37: 15978 genes, 76671 xrefs, 6825 changed (5.5s)
    release 38: 15807 genes, 45924 xrefs, 15807 changed (4.7s)
    release 39: 15807 genes, 45924 xrefs, 0 changed (4.9s)
    release 40: 15807 genes, 45924 xrefs, 158 changed (4.5s)
    release 41: 15807 genes, 45924 xrefs, 0 changed (4.7s)
    release 42: 15807 genes, 45924 xrefs, 0 changed (4.5s)
    release 43: 15807 genes, 45924 xrefs, 0 changed (5.0s)
    release 44: 15807 genes, 45924 xrefs, 0 changed (4.6s)
    release 45: 15807 genes, 45924 xrefs, 0 changed (4.3s)
    release 46: 15807 genes, 45924 xrefs, 0 changed (4.5s)
    release 47: 15807 genes, 45924 xrefs, 0 changed (5.0s)
    release 48: 15807 genes, 45924 xrefs, 0 changed (4.7s)
    release 49: 15807 genes, 45924 xrefs, 0 changed (4.8s)
    release 50: 15887 genes, 77143 xrefs, 1336 changed (6.3s)
    release 51: 15887 genes, 77143 xrefs, 0 changed (7.3s)
    release 52: 15887 genes, 77143 xrefs, 0 changed (6.2s)
    release 53: 15887 genes, 77143 xrefs, 0 changed (7.2s)
    release 54: 15887 genes, 77143 xrefs, 0 changed (6.6s)
    release 55: 15887 genes, 77143 xrefs, 0 changed (6.8s)
    release 56: 15887 genes, 77143 xrefs, 0 changed (6.6s)
    release 57: 15887 genes, 77143 xrefs, 0 changed (6.7s)
    release 58: 15887 genes, 77143 xrefs, 0 changed (6.5s)
    release 59: 15887 genes, 77143 xrefs, 0 changed (5.9s)
  drosophila_mojavensis: 55 releases, 16884 genes in db
    release 12: 15179 genes, 93106 xrefs, 15179 changed (5.0s)
    release 13: 15179 genes, 93106 xrefs, 0 changed (4.8s)
    release 14: 15179 genes, 93106 xrefs, 15160 changed (5.1s)
    release 15: 15179 genes, 93106 xrefs, 0 changed (4.8s)
    release 16: 15179 genes, 93106 xrefs, 607 changed (4.8s)
    release 17: 15179 genes, 89581 xrefs, 15160 changed (4.9s)
    release 18: 15179 genes, 89581 xrefs, 671 changed (6.2s)
    release 19: 15179 genes, 89581 xrefs, 0 changed (5.3s)
    release 20: 15179 genes, 89581 xrefs, 0 changed (5.6s)
    release 21: 15179 genes, 89581 xrefs, 0 changed (5.3s)
    release 22: 15179 genes, 73229 xrefs, 0 changed (4.8s)
    release 23: 15179 genes, 73229 xrefs, 0 changed (4.3s)
    release 24: 15179 genes, 73229 xrefs, 0 changed (4.7s)
    release 25: 15179 genes, 73456 xrefs, 934 changed (4.4s)
    release 26: 15179 genes, 73456 xrefs, 0 changed (4.6s)
    release 27: 15179 genes, 73456 xrefs, 0 changed (4.3s)
    release 28: 15179 genes, 73456 xrefs, 0 changed (4.5s)
    release 29: 15179 genes, 73456 xrefs, 0 changed (4.4s)
    release 30: 15179 genes, 73456 xrefs, 0 changed (5.1s)
    release 31: 15179 genes, 73456 xrefs, 0 changed (4.4s)
    release 32: 15179 genes, 73456 xrefs, 0 changed (5.7s)
    release 33: 15179 genes, 73456 xrefs, 0 changed (5.6s)
    release 34: 15179 genes, 73456 xrefs, 0 changed (4.9s)
    release 35: 15179 genes, 73456 xrefs, 0 changed (5.6s)
    release 36: 15179 genes, 67745 xrefs, 14181 changed (5.7s)
    release 37: 15179 genes, 72340 xrefs, 5268 changed (5.8s)
    release 38: 14680 genes, 42716 xrefs, 14680 changed (5.0s)
    release 39: 14680 genes, 42716 xrefs, 0 changed (4.6s)
    release 40: 14680 genes, 42716 xrefs, 81 changed (4.7s)
    release 41: 14680 genes, 42716 xrefs, 0 changed (4.7s)
    release 42: 14680 genes, 42716 xrefs, 0 changed (4.7s)
    release 43: 14680 genes, 42716 xrefs, 0 changed (4.9s)
    release 44: 14680 genes, 42716 xrefs, 0 changed (5.2s)
    release 45: 14680 genes, 42716 xrefs, 0 changed (4.7s)
    release 46: 14680 genes, 42716 xrefs, 0 changed (4.8s)
    release 47: 14680 genes, 42716 xrefs, 0 changed (5.2s)
    release 48: 14680 genes, 42716 xrefs, 0 changed (4.7s)
    release 49: 14680 genes, 42716 xrefs, 0 changed (5.2s)
    release 50: 14758 genes, 70184 xrefs, 1189 changed (5.8s)
    release 51: 14758 genes, 70184 xrefs, 0 changed (7.5s)
    release 52: 14758 genes, 70184 xrefs, 0 changed (6.7s)
    release 53: 14758 genes, 70184 xrefs, 0 changed (6.4s)
    release 54: 14758 genes, 70184 xrefs, 0 changed (6.3s)
    release 55: 14758 genes, 70184 xrefs, 0 changed (7.4s)
    release 56: 14758 genes, 70184 xrefs, 0 changed (6.2s)
    release 57: 14758 genes, 70184 xrefs, 0 changed (7.0s)
    release 58: 14758 genes, 70184 xrefs, 0 changed (6.7s)
    release 59: 14758 genes, 70184 xrefs, 0 changed (6.8s)
  setaria_italica: 49 releases, 72940 genes in db
    release 14: 35471 genes, 35492 xrefs, 12930 changed (2.4s)
    release 15: 35471 genes, 35492 xrefs, 1 changed (2.6s)
    release 16: 35471 genes, 35492 xrefs, 0 changed (2.7s)
    release 17: 35471 genes, 35490 xrefs, 0 changed (2.7s)
    release 18: 35471 genes, 70809 xrefs, 35443 changed (5.4s)
    release 19: 35471 genes, 70809 xrefs, 0 changed (4.8s)
    release 20: 35471 genes, 70809 xrefs, 0 changed (5.0s)
    release 21: 35471 genes, 115590 xrefs, 22080 changed (7.4s)
    release 22: 35471 genes, 80225 xrefs, 35463 changed (6.6s)
    release 23: 35471 genes, 80225 xrefs, 0 changed (6.5s)
    release 24: 35471 genes, 80225 xrefs, 0 changed (6.9s)
    release 25: 35471 genes, 80225 xrefs, 0 changed (6.6s)
    release 26: 35471 genes, 80225 xrefs, 0 changed (6.1s)
    release 27: 35471 genes, 80225 xrefs, 0 changed (6.2s)
    release 28: 35471 genes, 80225 xrefs, 0 changed (6.5s)
    release 29: 35471 genes, 80225 xrefs, 0 changed (6.8s)
    release 30: 35471 genes, 80225 xrefs, 0 changed (7.6s)
    release 31: 35471 genes, 45372 xrefs, 0 changed (6.3s)
    release 32: 35471 genes, 45372 xrefs, 0 changed (6.1s)
    release 33: 35471 genes, 45372 xrefs, 0 changed (5.7s)
    release 34: 35471 genes, 45369 xrefs, 0 changed (6.5s)
    release 35: 35471 genes, 45369 xrefs, 0 changed (5.2s)
    release 36: 35471 genes, 46251 xrefs, 646 changed (5.9s)
    release 37: 36330 genes, 46340 xrefs, 96 changed (6.5s)
    release 38: 36330 genes, 47539 xrefs, 1339 changed (5.9s)
    release 39: 36330 genes, 46595 xrefs, 1155 changed (5.5s)
    release 40: 35831 genes, 37646 xrefs, 16175 changed (7.6s)
    release 41: 36610 genes, 37734 xrefs, 130 changed (5.8s)
    release 42: 36610 genes, 38618 xrefs, 76 changed (6.6s)
    release 43: 36610 genes, 38618 xrefs, 0 changed (6.2s)
    release 44: 36610 genes, 38618 xrefs, 0 changed (6.2s)
    release 45: 36610 genes, 38618 xrefs, 0 changed (7.1s)
    release 46: 36610 genes, 38618 xrefs, 0 changed (6.4s)
    release 47: 36610 genes, 38618 xrefs, 0 changed (6.5s)
    release 48: 36610 genes, 38618 xrefs, 0 changed (6.9s)
    release 49: 36610 genes, 38618 xrefs, 0 changed (6.5s)
    release 50: 36610 genes, 38618 xrefs, 0 changed (6.9s)
    release 51: 36610 genes, 38618 xrefs, 0 changed (7.9s)
    release 52: 36610 genes, 38618 xrefs, 0 changed (6.8s)
    release 53: 36610 genes, 38618 xrefs, 0 changed (7.7s)
    release 54: 36610 genes, 38618 xrefs, 0 changed (6.8s)
    release 55: 36610 genes, 38618 xrefs, 0 changed (7.6s)
    release 56: 36610 genes, 38618 xrefs, 0 changed (7.1s)
    release 57: 36610 genes, 38618 xrefs, 0 changed (6.8s)
    release 58: 36610 genes, 38618 xrefs, 0 changed (6.9s)
    release 59: 36610 genes, 38618 xrefs, 0 changed (6.5s)
    release 60: 36610 genes, 95194 xrefs, 16022 changed (7.3s)
    release 61: 36610 genes, 111018 xrefs, 7936 changed (7.3s)
    release 62: 36610 genes, 111018 xrefs, 0 changed (7.0s)
  drosophila_persimilis: 8 releases, 17654 genes in db
    release 52: 17654 genes, 79108 xrefs, 17573 changed (6.8s)
    release 53: 17654 genes, 79108 xrefs, 0 changed (6.5s)
    release 54: 17654 genes, 79108 xrefs, 0 changed (6.5s)
    release 55: 17654 genes, 79108 xrefs, 0 changed (6.7s)
    release 56: 17654 genes, 79108 xrefs, 0 changed (6.4s)
    release 57: 17654 genes, 79108 xrefs, 0 changed (5.8s)
    release 58: 17654 genes, 79108 xrefs, 0 changed (6.3s)
    release 59: 17654 genes, 79108 xrefs, 0 changed (7.3s)
  nematostella_vectensis: 52 releases, 81054 genes in db
    release 12: 27273 genes, 57102 xrefs, 23450 changed (4.6s)
    release 13: 27273 genes, 57102 xrefs, 0 changed (4.6s)
    release 14: 27273 genes, 57102 xrefs, 0 changed (4.3s)
    release 15: 27273 genes, 57102 xrefs, 0 changed (4.6s)
    release 16: 27273 genes, 57102 xrefs, 0 changed (5.2s)
    release 17: 27270 genes, 57102 xrefs, 0 changed (4.4s)
    release 18: 27270 genes, 57102 xrefs, 0 changed (4.6s)
    release 19: 27270 genes, 57102 xrefs, 0 changed (4.3s)
    release 20: 27270 genes, 57102 xrefs, 0 changed (4.7s)
    release 21: 27270 genes, 57102 xrefs, 0 changed (4.5s)
    release 22: 45866 genes, 96766 xrefs, 442 changed (9.0s)
    release 23: 45866 genes, 96766 xrefs, 0 changed (7.0s)
    release 24: 45866 genes, 96766 xrefs, 0 changed (7.8s)
    release 25: 45866 genes, 96766 xrefs, 0 changed (8.6s)
    release 26: 45866 genes, 96766 xrefs, 0 changed (8.1s)
    release 27: 45866 genes, 96766 xrefs, 0 changed (8.3s)
    release 28: 45866 genes, 96766 xrefs, 0 changed (8.3s)
    release 29: 45866 genes, 96766 xrefs, 0 changed (8.2s)
    release 30: 45866 genes, 96766 xrefs, 0 changed (8.0s)
    release 31: 45866 genes, 96766 xrefs, 0 changed (7.5s)
    release 32: 45866 genes, 96766 xrefs, 0 changed (7.8s)
    release 33: 45866 genes, 96766 xrefs, 0 changed (7.7s)
    release 34: 45866 genes, 96766 xrefs, 0 changed (8.4s)
    release 35: 45866 genes, 96766 xrefs, 0 changed (7.2s)
    release 36: 35088 genes, 95322 xrefs, 949 changed (6.9s)
    release 37: 35088 genes, 96743 xrefs, 1728 changed (6.9s)
    release 38: 35088 genes, 96743 xrefs, 0 changed (6.7s)
    release 39: 35088 genes, 96743 xrefs, 0 changed (6.1s)
    release 40: 35088 genes, 95322 xrefs, 24739 changed (6.1s)
    release 41: 35088 genes, 95322 xrefs, 0 changed (7.1s)
    release 42: 35088 genes, 95322 xrefs, 0 changed (6.4s)
    release 43: 35088 genes, 95322 xrefs, 0 changed (6.7s)
    release 44: 35088 genes, 95322 xrefs, 0 changed (6.9s)
    release 45: 35088 genes, 95322 xrefs, 0 changed (7.4s)
    release 46: 35088 genes, 95322 xrefs, 0 changed (6.8s)
    release 47: 35088 genes, 95322 xrefs, 0 changed (6.2s)
    release 48: 35088 genes, 95322 xrefs, 0 changed (6.5s)
    release 49: 35088 genes, 95322 xrefs, 0 changed (6.3s)
    release 50: 35088 genes, 95322 xrefs, 0 changed (6.6s)
    release 51: 35088 genes, 95322 xrefs, 0 changed (7.4s)
    release 52: 35088 genes, 95322 xrefs, 0 changed (6.5s)
    release 53: 35088 genes, 95322 xrefs, 0 changed (6.7s)
    release 54: 35088 genes, 95322 xrefs, 0 changed (6.5s)
    release 55: 35088 genes, 95322 xrefs, 0 changed (6.7s)
    release 56: 35088 genes, 95322 xrefs, 0 changed (6.3s)
    release 57: 35088 genes, 95322 xrefs, 0 changed (6.7s)
    release 58: 35088 genes, 95322 xrefs, 0 changed (6.7s)
    release 59: 35088 genes, 95322 xrefs, 0 changed (5.9s)
  trichoplax_adhaerens: 52 releases, 11706 genes in db
    release 12: 11627 genes, 34623 xrefs, 11517 changed (2.0s)
    release 13: 11627 genes, 34623 xrefs, 0 changed (1.9s)
    release 14: 11627 genes, 34623 xrefs, 0 changed (1.9s)
    release 15: 11627 genes, 34623 xrefs, 0 changed (2.1s)
    release 16: 11627 genes, 34623 xrefs, 0 changed (2.1s)
    release 17: 11627 genes, 34623 xrefs, 0 changed (2.2s)
    release 18: 11627 genes, 34623 xrefs, 0 changed (2.1s)
    release 19: 11627 genes, 34623 xrefs, 0 changed (2.1s)
    release 20: 11627 genes, 34623 xrefs, 0 changed (2.4s)
    release 21: 11627 genes, 34623 xrefs, 0 changed (2.1s)
    release 22: 11627 genes, 34623 xrefs, 0 changed (2.3s)
    release 23: 11627 genes, 34623 xrefs, 0 changed (2.2s)
    release 24: 11627 genes, 34623 xrefs, 0 changed (2.3s)
    release 25: 11627 genes, 34623 xrefs, 0 changed (2.4s)
    release 26: 11627 genes, 34623 xrefs, 0 changed (2.3s)
    release 27: 11627 genes, 34623 xrefs, 0 changed (2.1s)
    release 28: 11627 genes, 34623 xrefs, 0 changed (2.4s)
    release 29: 11627 genes, 34623 xrefs, 0 changed (2.1s)
    release 30: 11627 genes, 34623 xrefs, 0 changed (2.3s)
    release 31: 11627 genes, 34623 xrefs, 0 changed (2.3s)
    release 32: 11627 genes, 34623 xrefs, 0 changed (2.3s)
    release 33: 11627 genes, 34623 xrefs, 0 changed (2.4s)
    release 34: 11627 genes, 34623 xrefs, 0 changed (2.3s)
    release 35: 11627 genes, 34623 xrefs, 0 changed (2.4s)
    release 36: 11599 genes, 34586 xrefs, 73 changed (2.1s)
    release 37: 11599 genes, 34609 xrefs, 40 changed (2.2s)
    release 38: 11599 genes, 34609 xrefs, 0 changed (2.0s)
    release 39: 11599 genes, 34609 xrefs, 0 changed (2.2s)
    release 40: 11599 genes, 34586 xrefs, 11519 changed (1.9s)
    release 41: 11599 genes, 34586 xrefs, 0 changed (2.3s)
    release 42: 11599 genes, 34586 xrefs, 0 changed (2.2s)
    release 43: 11599 genes, 34586 xrefs, 0 changed (2.3s)
    release 44: 11599 genes, 34586 xrefs, 0 changed (2.5s)
    release 45: 11599 genes, 34586 xrefs, 0 changed (2.6s)
    release 46: 11599 genes, 34586 xrefs, 0 changed (2.5s)
    release 47: 11599 genes, 34586 xrefs, 0 changed (2.3s)
    release 48: 11599 genes, 34586 xrefs, 0 changed (2.2s)
    release 49: 11599 genes, 34586 xrefs, 0 changed (2.4s)
    release 50: 11599 genes, 34586 xrefs, 0 changed (2.4s)
    release 51: 11599 genes, 34586 xrefs, 0 changed (3.0s)
    release 52: 11599 genes, 34586 xrefs, 0 changed (2.4s)
    release 53: 11599 genes, 34586 xrefs, 0 changed (2.5s)
    release 54: 11599 genes, 34586 xrefs, 0 changed (2.4s)
    release 55: 11599 genes, 34586 xrefs, 0 changed (2.4s)
    release 56: 11599 genes, 34586 xrefs, 0 changed (2.2s)
    release 57: 11599 genes, 34586 xrefs, 0 changed (2.4s)
    release 58: 11599 genes, 34586 xrefs, 0 changed (2.3s)
    release 59: 11599 genes, 34586 xrefs, 0 changed (2.2s)
  chlamydomonas_reinhardtii: 52 releases, 32627 genes in db
    release 12: 14487 genes, 48540 xrefs, 3824 changed (2.9s)
    release 13: 14487 genes, 48540 xrefs, 0 changed (2.7s)
    release 14: 14487 genes, 48540 xrefs, 0 changed (2.7s)
    release 15: 14487 genes, 48540 xrefs, 0 changed (2.9s)
    release 16: 14487 genes, 48540 xrefs, 0 changed (2.8s)
    release 17: 14487 genes, 48540 xrefs, 0 changed (2.7s)
    release 18: 14487 genes, 58386 xrefs, 683 changed (3.5s)
    release 19: 14487 genes, 58386 xrefs, 0 changed (3.2s)
    release 20: 14487 genes, 58386 xrefs, 0 changed (3.2s)
    release 21: 14487 genes, 58554 xrefs, 36 changed (3.3s)
    release 22: 14487 genes, 54860 xrefs, 3614 changed (3.2s)
    release 23: 14487 genes, 54860 xrefs, 0 changed (3.2s)
    release 24: 14487 genes, 54860 xrefs, 0 changed (3.0s)
    release 25: 14487 genes, 54860 xrefs, 0 changed (3.2s)
    release 26: 14487 genes, 54860 xrefs, 0 changed (3.1s)
    release 27: 14487 genes, 54964 xrefs, 173 changed (3.1s)
    release 28: 14487 genes, 54964 xrefs, 0 changed (3.4s)
    release 29: 14487 genes, 54964 xrefs, 0 changed (3.4s)
    release 30: 14487 genes, 54964 xrefs, 0 changed (3.2s)
    release 31: 14487 genes, 55340 xrefs, 0 changed (2.9s)
    release 32: 14487 genes, 55340 xrefs, 0 changed (3.0s)
    release 33: 14487 genes, 55340 xrefs, 0 changed (3.2s)
    release 34: 14487 genes, 55338 xrefs, 0 changed (3.2s)
    release 35: 14487 genes, 40877 xrefs, 196 changed (2.9s)
    release 36: 14487 genes, 40741 xrefs, 278 changed (3.1s)
    release 37: 14684 genes, 40776 xrefs, 170 changed (3.4s)
    release 38: 14684 genes, 40674 xrefs, 218 changed (3.3s)
    release 39: 14684 genes, 40873 xrefs, 0 changed (3.4s)
    release 40: 17743 genes, 2934 xrefs, 2809 changed (2.4s)
    release 41: 17943 genes, 2969 xrefs, 127 changed (2.3s)
    release 42: 17943 genes, 3418 xrefs, 222 changed (3.0s)
    release 43: 17943 genes, 3418 xrefs, 0 changed (2.5s)
    release 44: 17943 genes, 3418 xrefs, 0 changed (2.4s)
    release 45: 17943 genes, 3418 xrefs, 0 changed (2.5s)
    release 46: 17943 genes, 3418 xrefs, 0 changed (2.5s)
    release 47: 17943 genes, 3418 xrefs, 0 changed (2.7s)
    release 48: 17943 genes, 3418 xrefs, 0 changed (2.6s)
    release 49: 17943 genes, 3418 xrefs, 0 changed (2.4s)
    release 50: 17943 genes, 3418 xrefs, 0 changed (2.3s)
    release 51: 17943 genes, 3418 xrefs, 0 changed (3.3s)
    release 52: 17943 genes, 20974 xrefs, 2769 changed (3.3s)
    release 53: 17943 genes, 20974 xrefs, 0 changed (3.5s)
    release 54: 17943 genes, 20974 xrefs, 0 changed (3.3s)
    release 55: 17943 genes, 20974 xrefs, 0 changed (3.5s)
    release 56: 17943 genes, 20974 xrefs, 0 changed (3.3s)
    release 57: 17943 genes, 20974 xrefs, 0 changed (3.6s)
    release 58: 17943 genes, 20974 xrefs, 0 changed (3.1s)
    release 59: 17943 genes, 20974 xrefs, 0 changed (3.4s)
    release 60: 17943 genes, 48873 xrefs, 7956 changed (3.6s)
    release 61: 17943 genes, 41617 xrefs, 4260 changed (2.5s)
    release 62: 17943 genes, 71907 xrefs, 15011 changed (4.4s)
  aedes_aegypti_lvpagwg: 14 releases, 19813 genes in db
    release 46: 19763 genes, 42406 xrefs, 18682 changed (3.8s)
    release 47: 19763 genes, 42406 xrefs, 0 changed (4.1s)
    release 48: 19763 genes, 42406 xrefs, 1 changed (3.9s)
    release 49: 19763 genes, 42406 xrefs, 0 changed (3.7s)
    release 50: 19763 genes, 42406 xrefs, 0 changed (3.7s)
    release 51: 19804 genes, 42360 xrefs, 345 changed (5.4s)
    release 52: 19804 genes, 42360 xrefs, 0 changed (4.1s)
    release 53: 19804 genes, 42360 xrefs, 0 changed (4.1s)
    release 54: 19804 genes, 42360 xrefs, 0 changed (4.0s)
    release 55: 19804 genes, 42360 xrefs, 0 changed (4.3s)
    release 56: 19804 genes, 42360 xrefs, 0 changed (3.8s)
    release 57: 19804 genes, 42360 xrefs, 0 changed (3.9s)
    release 58: 19804 genes, 42360 xrefs, 0 changed (4.0s)
    release 59: 19804 genes, 42360 xrefs, 0 changed (4.0s)
  leishmania_major: 54 releases, 19410 genes in db
    release 12: 9379 genes, 9379 xrefs, 9379 changed (1.7s)
    release 13: 9379 genes, 9379 xrefs, 4 changed (1.6s)
    release 14: 9379 genes, 9379 xrefs, 0 changed (1.6s)
    release 15: 9379 genes, 9379 xrefs, 0 changed (1.5s)
    release 16: 9379 genes, 9379 xrefs, 0 changed (1.3s)
    release 17: 9379 genes, 9379 xrefs, 0 changed (1.4s)
    release 18: 9379 genes, 9379 xrefs, 0 changed (1.4s)
    release 19: 9379 genes, 9379 xrefs, 0 changed (1.4s)
    release 20: 9379 genes, 9379 xrefs, 0 changed (1.4s)
    release 21: 9379 genes, 9379 xrefs, 0 changed (1.6s)
    release 22: 9379 genes, 9379 xrefs, 0 changed (1.5s)
    release 23: 9379 genes, 9379 xrefs, 0 changed (2.0s)
    release 24: 9379 genes, 489 xrefs, 0 changed (1.5s)
    release 25: 9379 genes, 16941 xrefs, 586 changed (1.7s)
    release 26: 9379 genes, 16941 xrefs, 4 changed (1.7s)
    release 27: 9379 genes, 16941 xrefs, 0 changed (1.3s)
    release 28: 9379 genes, 16941 xrefs, 0 changed (2.0s)
    release 29: 9379 genes, 16941 xrefs, 0 changed (1.6s)
    release 30: 9379 genes, 16941 xrefs, 0 changed (1.7s)
    release 31: 9379 genes, 16941 xrefs, 0 changed (1.5s)
    release 32: 9379 genes, 16941 xrefs, 0 changed (1.9s)
    release 33: 9379 genes, 16941 xrefs, 0 changed (1.6s)
    release 34: 9379 genes, 16941 xrefs, 0 changed (1.7s)
    release 35: 9379 genes, 16941 xrefs, 0 changed (2.0s)
    release 36: 9379 genes, 16941 xrefs, 0 changed (1.7s)
    release 37: 9380 genes, 16942 xrefs, 0 changed (1.4s)
    release 38: 9380 genes, 16942 xrefs, 0 changed (2.1s)
    release 39: 9380 genes, 16942 xrefs, 0 changed (1.5s)
    release 40: 10030 genes, 24539 xrefs, 0 changed (1.8s)
    release 41: 10030 genes, 24539 xrefs, 0 changed (1.7s)
    release 42: 10030 genes, 24539 xrefs, 0 changed (1.6s)
    release 43: 10030 genes, 24539 xrefs, 0 changed (1.5s)
    release 44: 10030 genes, 24539 xrefs, 0 changed (1.8s)
    release 45: 10030 genes, 24539 xrefs, 0 changed (1.7s)
    release 46: 10030 genes, 24539 xrefs, 0 changed (2.0s)
    release 47: 10030 genes, 24539 xrefs, 0 changed (1.5s)
    release 48: 10030 genes, 24539 xrefs, 0 changed (1.7s)
    release 49: 10030 genes, 24539 xrefs, 0 changed (1.6s)
    release 50: 10030 genes, 24539 xrefs, 0 changed (1.6s)
    release 51: 10030 genes, 24539 xrefs, 0 changed (2.0s)
    release 52: 10030 genes, 24539 xrefs, 0 changed (1.8s)
    release 53: 10030 genes, 24539 xrefs, 0 changed (1.7s)
    release 54: 10030 genes, 24539 xrefs, 0 changed (1.7s)
    release 55: 10030 genes, 24539 xrefs, 0 changed (1.9s)
    release 56: 10030 genes, 24539 xrefs, 0 changed (1.7s)
    release 57: 10030 genes, 24539 xrefs, 0 changed (1.4s)
    release 58: 10030 genes, 24539 xrefs, 0 changed (1.6s)
    release 59: 10030 genes, 24539 xrefs, 0 changed (1.6s)
    release 60: 10030 genes, 24539 xrefs, 0 changed (1.7s)
    release 61: 10030 genes, 24539 xrefs, 0 changed (2.0s)
    release 62: 10030 genes, 24539 xrefs, 0 changed (2.1s)
  thalassiosira_pseudonana: 58 releases, 23889 genes in db
    release 12: 11898 genes, 35887 xrefs, 11103 changed (2.2s)
    release 13: 11898 genes, 35887 xrefs, 0 changed (2.4s)
    release 14: 11898 genes, 35887 xrefs, 0 changed (2.1s)
    release 15: 11898 genes, 35887 xrefs, 0 changed (1.9s)
    release 16: 11898 genes, 35887 xrefs, 0 changed (1.9s)
    release 17: 11898 genes, 35887 xrefs, 0 changed (2.0s)
    release 18: 11898 genes, 35887 xrefs, 0 changed (1.9s)
    release 19: 11898 genes, 35887 xrefs, 0 changed (1.9s)
    release 20: 11898 genes, 35887 xrefs, 0 changed (2.0s)
    release 21: 11898 genes, 35887 xrefs, 317 changed (1.8s)
    release 22: 11898 genes, 35887 xrefs, 0 changed (2.2s)
    release 23: 11898 genes, 35887 xrefs, 0 changed (2.2s)
    release 24: 11898 genes, 35887 xrefs, 0 changed (2.0s)
    release 25: 11898 genes, 35887 xrefs, 0 changed (2.0s)
    release 26: 11898 genes, 35887 xrefs, 0 changed (2.0s)
    release 27: 11898 genes, 35887 xrefs, 0 changed (2.2s)
    release 28: 11898 genes, 35887 xrefs, 0 changed (2.0s)
    release 29: 11898 genes, 35887 xrefs, 0 changed (2.1s)
    release 30: 11898 genes, 35887 xrefs, 0 changed (2.0s)
    release 31: 11898 genes, 35887 xrefs, 0 changed (2.1s)
    release 32: 11787 genes, 7567 xrefs, 0 changed (1.5s)
    release 33: 11787 genes, 7567 xrefs, 0 changed (1.4s)
    release 34: 11787 genes, 7567 xrefs, 0 changed (1.4s)
    release 35: 11787 genes, 7567 xrefs, 0 changed (1.3s)
    release 36: 11787 genes, 7567 xrefs, 0 changed (1.4s)
    release 37: 11869 genes, 7586 xrefs, 0 changed (1.5s)
    release 38: 11869 genes, 7586 xrefs, 0 changed (1.1s)
    release 39: 11869 genes, 7586 xrefs, 0 changed (1.1s)
    release 40: 11869 genes, 7586 xrefs, 0 changed (1.0s)
    release 41: 11869 genes, 7586 xrefs, 0 changed (1.3s)
    release 42: 11869 genes, 7586 xrefs, 0 changed (1.6s)
    release 43: 11869 genes, 7586 xrefs, 0 changed (1.4s)
    release 44: 11869 genes, 7586 xrefs, 0 changed (1.6s)
    release 45: 11869 genes, 7586 xrefs, 0 changed (1.2s)
    release 46: 11869 genes, 7586 xrefs, 0 changed (1.6s)
    release 47: 11869 genes, 7586 xrefs, 0 changed (1.3s)
    release 48: 11869 genes, 7586 xrefs, 0 changed (1.5s)
    release 49: 11869 genes, 7586 xrefs, 0 changed (1.5s)
    release 50: 11869 genes, 7586 xrefs, 0 changed (1.6s)
    release 51: 11869 genes, 7586 xrefs, 0 changed (1.8s)
    release 52: 11869 genes, 7586 xrefs, 0 changed (1.2s)
    release 53: 11869 genes, 7586 xrefs, 0 changed (1.4s)
    release 54: 11869 genes, 7586 xrefs, 0 changed (1.1s)
    release 55: 11869 genes, 7586 xrefs, 0 changed (1.4s)
    release 56: 11869 genes, 7586 xrefs, 0 changed (1.2s)
    release 57: 11869 genes, 7586 xrefs, 0 changed (1.2s)
    release 58: 11869 genes, 7586 xrefs, 0 changed (1.3s)
    release 59: 11869 genes, 7586 xrefs, 0 changed (1.4s)
    release 60: 11869 genes, 7586 xrefs, 0 changed (1.4s)
    release 61: 11869 genes, 7586 xrefs, 0 changed (1.6s)
    release 62: 11869 genes, 7586 xrefs, 0 changed (1.4s)
  sorghum_bicolor: 58 releases, 103639 genes in db
    release 12: 34568 genes, 32698 xrefs, 0 changed (7.2s)
    release 13: 34568 genes, 32698 xrefs, 0 changed (6.4s)
    release 14: 34568 genes, 32698 xrefs, 0 changed (7.6s)
    release 15: 34568 genes, 32698 xrefs, 0 changed (7.2s)
    release 16: 34568 genes, 32698 xrefs, 0 changed (7.4s)
    release 17: 34568 genes, 32698 xrefs, 0 changed (7.0s)
    release 18: 34568 genes, 32698 xrefs, 0 changed (6.8s)
    release 19: 34568 genes, 32698 xrefs, 0 changed (6.8s)
    release 20: 34568 genes, 32698 xrefs, 0 changed (7.6s)
    release 21: 34568 genes, 98861 xrefs, 32917 changed (10.2s)
    release 22: 34568 genes, 65894 xrefs, 32845 changed (9.1s)
    release 23: 34568 genes, 65850 xrefs, 22 changed (9.1s)
    release 24: 34567 genes, 65850 xrefs, 0 changed (8.6s)
    release 25: 34567 genes, 65850 xrefs, 0 changed (8.7s)
    release 26: 34567 genes, 65850 xrefs, 0 changed (8.6s)
    release 27: 34567 genes, 65875 xrefs, 30 changed (8.4s)
    release 28: 34567 genes, 65875 xrefs, 0 changed (8.7s)
    release 29: 34567 genes, 65875 xrefs, 0 changed (9.2s)
    release 30: 34567 genes, 65875 xrefs, 0 changed (8.1s)
    release 31: 34567 genes, 66502 xrefs, 2 changed (8.4s)
    release 32: 34567 genes, 66502 xrefs, 0 changed (8.8s)
    release 33: 34567 genes, 66502 xrefs, 0 changed (8.5s)
    release 34: 34567 genes, 66499 xrefs, 0 changed (8.5s)
    release 35: 33389 genes, 21804 xrefs, 61 changed (3.1s)
    release 36: 33312 genes, 39775 xrefs, 17770 changed (5.5s)
    release 37: 33312 genes, 39775 xrefs, 0 changed (5.2s)
    release 38: 35479 genes, 41693 xrefs, 14547 changed (5.6s)
    release 39: 35479 genes, 41747 xrefs, 1142 changed (6.5s)
    release 40: 35479 genes, 41748 xrefs, 41 changed (6.6s)
    release 41: 35567 genes, 41945 xrefs, 0 changed (6.3s)
    release 42: 35567 genes, 41412 xrefs, 152 changed (6.3s)
    release 43: 35567 genes, 41412 xrefs, 0 changed (6.4s)
    release 44: 35567 genes, 41412 xrefs, 0 changed (6.4s)
    release 45: 35567 genes, 41412 xrefs, 0 changed (6.5s)
    release 46: 35567 genes, 41412 xrefs, 0 changed (6.6s)
    release 47: 35567 genes, 41412 xrefs, 0 changed (6.1s)
    release 48: 35567 genes, 41412 xrefs, 0 changed (6.2s)
    release 49: 35567 genes, 41533 xrefs, 4 changed (6.6s)
    release 50: 35567 genes, 41533 xrefs, 0 changed (6.8s)
    release 51: 35567 genes, 41533 xrefs, 0 changed (8.3s)
    release 52: 35567 genes, 41533 xrefs, 0 changed (6.5s)
    release 53: 35567 genes, 41533 xrefs, 0 changed (6.8s)
    release 54: 35567 genes, 41533 xrefs, 0 changed (6.5s)
    release 55: 35567 genes, 41533 xrefs, 0 changed (6.2s)
    release 56: 35567 genes, 41533 xrefs, 0 changed (6.3s)
    release 57: 35567 genes, 41533 xrefs, 0 changed (6.7s)
    release 58: 35567 genes, 41533 xrefs, 0 changed (6.3s)
    release 59: 35567 genes, 41533 xrefs, 0 changed (7.1s)
    release 60: 35567 genes, 67417 xrefs, 14752 changed (6.2s)
    release 61: 35567 genes, 106501 xrefs, 19496 changed (7.0s)
    release 62: 35567 genes, 106501 xrefs, 0 changed (7.2s)
  anopheles_albimanus: 14 releases, 13186 genes in db
    release 46: 12504 genes, 601 xrefs, 37 changed (1.3s)
    release 47: 12504 genes, 601 xrefs, 0 changed (1.1s)
    release 48: 12504 genes, 601 xrefs, 0 changed (1.0s)
    release 49: 12504 genes, 601 xrefs, 0 changed (1.2s)
    release 50: 12504 genes, 601 xrefs, 0 changed (1.2s)
    release 51: 12501 genes, 560 xrefs, 0 changed (2.1s)
    release 52: 12501 genes, 560 xrefs, 0 changed (1.3s)
    release 53: 12501 genes, 560 xrefs, 0 changed (1.4s)
    release 54: 12501 genes, 560 xrefs, 0 changed (1.3s)
    release 55: 12501 genes, 560 xrefs, 0 changed (1.5s)
    release 56: 12501 genes, 560 xrefs, 0 changed (1.2s)
    release 57: 12501 genes, 560 xrefs, 0 changed (1.3s)
    release 58: 12501 genes, 560 xrefs, 0 changed (1.5s)
    release 59: 12501 genes, 560 xrefs, 0 changed (1.3s)
  drosophila_sechellia: 55 releases, 17366 genes in db
    release 12: 17273 genes, 104820 xrefs, 17273 changed (6.2s)
    release 13: 17273 genes, 104820 xrefs, 0 changed (6.2s)
    release 14: 17273 genes, 104816 xrefs, 17169 changed (6.4s)
    release 15: 17273 genes, 104816 xrefs, 0 changed (6.4s)
    release 16: 17273 genes, 104820 xrefs, 845 changed (6.0s)
    release 17: 17273 genes, 102679 xrefs, 17169 changed (5.9s)
    release 18: 17273 genes, 102684 xrefs, 946 changed (5.8s)
    release 19: 17273 genes, 102684 xrefs, 0 changed (6.1s)
    release 20: 17273 genes, 102684 xrefs, 0 changed (6.2s)
    release 21: 17273 genes, 102684 xrefs, 0 changed (6.6s)
    release 22: 17273 genes, 84543 xrefs, 0 changed (5.4s)
    release 23: 17273 genes, 84543 xrefs, 0 changed (5.2s)
    release 24: 17273 genes, 84543 xrefs, 0 changed (5.9s)
    release 25: 17273 genes, 84806 xrefs, 17169 changed (5.9s)
    release 26: 17273 genes, 84806 xrefs, 0 changed (6.1s)
    release 27: 17273 genes, 84806 xrefs, 0 changed (5.1s)
    release 28: 17273 genes, 84806 xrefs, 0 changed (6.4s)
    release 29: 17273 genes, 84806 xrefs, 0 changed (6.7s)
    release 30: 17273 genes, 84806 xrefs, 0 changed (6.7s)
    release 31: 17273 genes, 84806 xrefs, 0 changed (6.7s)
    release 32: 17273 genes, 84806 xrefs, 0 changed (7.1s)
    release 33: 17273 genes, 84806 xrefs, 0 changed (6.6s)
    release 34: 17273 genes, 84806 xrefs, 0 changed (6.2s)
    release 35: 17273 genes, 84806 xrefs, 0 changed (6.4s)
    release 36: 17273 genes, 84896 xrefs, 13224 changed (6.6s)
    release 37: 17273 genes, 84910 xrefs, 6829 changed (6.4s)
    release 38: 17273 genes, 51081 xrefs, 17273 changed (4.0s)
    release 39: 17273 genes, 51081 xrefs, 0 changed (4.1s)
    release 40: 17273 genes, 51081 xrefs, 357 changed (4.4s)
    release 41: 17273 genes, 51081 xrefs, 0 changed (4.8s)
    release 42: 17273 genes, 51081 xrefs, 0 changed (4.3s)
    release 43: 17273 genes, 51081 xrefs, 0 changed (4.5s)
    release 44: 17273 genes, 51081 xrefs, 0 changed (4.0s)
    release 45: 17273 genes, 51081 xrefs, 0 changed (4.3s)
    release 46: 17273 genes, 51081 xrefs, 0 changed (4.2s)
    release 47: 17273 genes, 51081 xrefs, 0 changed (4.7s)
    release 48: 17273 genes, 51081 xrefs, 0 changed (4.6s)
    release 49: 17273 genes, 51081 xrefs, 0 changed (4.7s)
    release 50: 17358 genes, 78994 xrefs, 990 changed (6.9s)
    release 51: 17358 genes, 78994 xrefs, 0 changed (7.5s)
    release 52: 17358 genes, 78994 xrefs, 0 changed (7.1s)
    release 53: 17358 genes, 78994 xrefs, 0 changed (6.9s)
    release 54: 17358 genes, 78994 xrefs, 0 changed (7.3s)
    release 55: 17358 genes, 78994 xrefs, 0 changed (6.7s)
    release 56: 17358 genes, 78994 xrefs, 0 changed (6.8s)
    release 57: 17358 genes, 78994 xrefs, 0 changed (6.8s)
    release 58: 17358 genes, 78994 xrefs, 0 changed (6.5s)
    release 59: 17358 genes, 78994 xrefs, 0 changed (7.0s)
  drosophila_simulans: 55 releases, 19220 genes in db
    release 12: 16104 genes, 112020 xrefs, 16104 changed (6.3s)
    release 13: 16104 genes, 112020 xrefs, 0 changed (6.0s)
    release 14: 16104 genes, 112016 xrefs, 15960 changed (5.8s)
    release 15: 16104 genes, 112016 xrefs, 0 changed (8.0s)
    release 16: 16104 genes, 112020 xrefs, 897 changed (7.3s)
    release 17: 16169 genes, 109825 xrefs, 16020 changed (6.8s)
    release 18: 16169 genes, 109825 xrefs, 1283 changed (7.2s)
    release 19: 16169 genes, 109825 xrefs, 2 changed (7.0s)
    release 20: 16169 genes, 109825 xrefs, 0 changed (6.9s)
    release 21: 16169 genes, 109825 xrefs, 0 changed (7.1s)
    release 22: 16169 genes, 79357 xrefs, 0 changed (5.6s)
    release 23: 16169 genes, 79357 xrefs, 0 changed (6.1s)
    release 24: 16169 genes, 79357 xrefs, 0 changed (6.1s)
    release 25: 16169 genes, 79451 xrefs, 15961 changed (5.5s)
    release 26: 16169 genes, 79451 xrefs, 0 changed (5.1s)
    release 27: 16169 genes, 79451 xrefs, 0 changed (6.4s)
    release 28: 16169 genes, 79451 xrefs, 0 changed (5.3s)
    release 29: 16169 genes, 79451 xrefs, 0 changed (5.3s)
    release 30: 16169 genes, 79451 xrefs, 0 changed (5.3s)
    release 31: 16169 genes, 79451 xrefs, 0 changed (5.1s)
    release 32: 16169 genes, 79451 xrefs, 0 changed (5.0s)
    release 33: 16169 genes, 79451 xrefs, 0 changed (6.5s)
    release 34: 16169 genes, 79451 xrefs, 0 changed (6.3s)
    release 35: 16169 genes, 79451 xrefs, 0 changed (5.7s)
    release 36: 16169 genes, 70453 xrefs, 13752 changed (5.8s)
    release 37: 16169 genes, 70453 xrefs, 3076 changed (5.5s)
    release 38: 15385 genes, 41505 xrefs, 15385 changed (4.8s)
    release 39: 15385 genes, 41505 xrefs, 0 changed (4.6s)
    release 40: 15385 genes, 41505 xrefs, 73 changed (4.7s)
    release 41: 15385 genes, 41505 xrefs, 0 changed (4.8s)
    release 42: 15385 genes, 41505 xrefs, 0 changed (4.7s)
    release 43: 15385 genes, 41505 xrefs, 0 changed (4.6s)
    release 44: 15385 genes, 41505 xrefs, 0 changed (5.2s)
    release 45: 15385 genes, 41505 xrefs, 0 changed (4.6s)
    release 46: 15385 genes, 41505 xrefs, 0 changed (4.6s)
    release 47: 15385 genes, 41505 xrefs, 0 changed (4.7s)
    release 48: 15385 genes, 41505 xrefs, 0 changed (4.7s)
    release 49: 15385 genes, 41505 xrefs, 0 changed (4.7s)
    release 50: 15546 genes, 72410 xrefs, 3172 changed (6.8s)
    release 51: 15546 genes, 72410 xrefs, 0 changed (8.8s)
    release 52: 15546 genes, 72410 xrefs, 0 changed (7.8s)
    release 53: 15546 genes, 72410 xrefs, 0 changed (7.4s)
    release 54: 15546 genes, 72410 xrefs, 0 changed (7.4s)
    release 55: 15546 genes, 72410 xrefs, 0 changed (7.6s)
    release 56: 15546 genes, 72410 xrefs, 0 changed (5.9s)
    release 57: 15546 genes, 72410 xrefs, 0 changed (6.2s)
    release 58: 15546 genes, 72410 xrefs, 0 changed (6.1s)
    release 59: 15546 genes, 72410 xrefs, 0 changed (6.0s)
  tribolium_castaneum: 37 releases, 37900 genes in db
    release 23: 17078 genes, 23794 xrefs, 8216 changed (2.2s)
    release 24: 17078 genes, 23794 xrefs, 0 changed (2.2s)
    release 25: 17078 genes, 23794 xrefs, 0 changed (2.3s)
    release 26: 17078 genes, 23794 xrefs, 0 changed (2.2s)
    release 27: 17078 genes, 23794 xrefs, 0 changed (2.1s)
    release 28: 17078 genes, 23794 xrefs, 0 changed (2.2s)
    release 29: 17078 genes, 23794 xrefs, 0 changed (2.2s)
    release 30: 17078 genes, 23794 xrefs, 0 changed (2.3s)
    release 31: 17078 genes, 23794 xrefs, 0 changed (2.4s)
    release 32: 17078 genes, 23794 xrefs, 0 changed (2.1s)
rake aborted!
gunzip failed for /mnt/asap_data/ensembl/metazoa/33/tribolium_castaneum/gene.txt.gz: gzip: /mnt/asap_data/ensembl/metazoa/33/tribolium_castaneum/gene.txt.gz: unexpected end of file
/app/lib/asap_data/gene_ncbi_alt_names_populator.rb:559:in 'AsapData::GeneNcbiAltNamesPopulator.gunzip_file'
/app/lib/asap_data/gene_ncbi_alt_names_populator.rb:507:in 'AsapData::GeneNcbiAltNamesPopulator.ensure_table_txt'
/app/lib/asap_data/gene_ncbi_alt_names_populator.rb:241:in 'block in AsapData::GeneNcbiAltNamesPopulator.load_release_data'
/usr/local/bundle/gems/activesupport-8.1.1/lib/active_support/core_ext/enumerable.rb:78:in 'block in Enumerable#index_with'
/usr/local/bundle/gems/activesupport-8.1.1/lib/active_support/core_ext/enumerable.rb:78:in 'Array#each'
/usr/local/bundle/gems/activesupport-8.1.1/lib/active_support/core_ext/enumerable.rb:78:in 'Enumerable#index_with'
/app/lib/asap_data/gene_ncbi_alt_names_populator.rb:240:in 'AsapData::GeneNcbiAltNamesPopulator.load_release_data'
/app/lib/asap_data/gene_ncbi_alt_names_populator.rb:85:in 'block in AsapData::GeneNcbiAltNamesPopulator.populate_for_organism!'
/app/lib/asap_data/gene_ncbi_alt_names_populator.rb:77:in 'Array#each'
/app/lib/asap_data/gene_ncbi_alt_names_populator.rb:77:in 'AsapData::GeneNcbiAltNamesPopulator.populate_for_organism!'
/app/lib/asap_data/gene_ncbi_alt_names_populator.rb:39:in 'block in AsapData::GeneNcbiAltNamesPopulator.populate!'
/app/lib/asap_data/gene_ncbi_alt_names_populator.rb:38:in 'Array#each'
/app/lib/asap_data/gene_ncbi_alt_names_populator.rb:38:in 'AsapData::GeneNcbiAltNamesPopulator.populate!'
/app/lib/tasks/asap_data_rebuild_ensembl_release_fields.rake:74:in 'block (2 levels) in <main>'
/usr/local/bundle/gems/rake-13.3.1/exe/rake:27:in '<top (required)>'
Tasks: TOP => asap_data:rebuild_ensembl_release_fields
(See full trace by running task with --trace)
 Container elasticsearch_asap_test  Running
 Container asap2_test-postgres-1  Running
 Container asap2_test-redis-1  Running
 Container asap_run_test  Running
2026-07-01 08:24:01 +0000: HEAD http://elasticsearch:9200/projects [status:200, request:0.006s, query:n/a]
2026-07-01 08:24:01 +0000: < 
Rebuild Ensembl release fields
  remote db: asap_data_v8
  ensembl data dirs: /mnt/asap_data/ensembl
  vertebrates releases: 54-115
  ensembl genomes releases: 5-62

== Step 3/3: rebuild genes.name, alt_names, obsolete_alt_names from Ensembl xrefs ==
  mus_musculus_molossinusjf1msj: 2 releases, 58631 genes in db
    release 114: 58631 genes, 25767 xrefs, 35 changed (4.6s)
[slurm:monitor_jobs] Starting
[SlurmMonitor] No runs with status_id=2 (running)
    release 115: 58631 genes, 25550 xrefs, 35 changed (5.2s)
  ovis_aries_gca022416775v1: 2 releases, 59150 genes in db
    release 114: 59150 genes, 47607 xrefs, 0 changed (4.2s)
    release 115: 59150 genes, 47607 xrefs, 0 changed (4.4s)
  ovis_aries_texel: 1 releases, 27054 genes in db
    release 115: 27054 genes, 47878 xrefs, 0 changed (3.4s)
  candida_duobushaemulonis: 11 releases, 5329 genes in db
    release 52: 5329 genes, 0 xrefs, 0 changed (0.7s)
    release 53: 5329 genes, 0 xrefs, 0 changed (0.7s)
    release 54: 5329 genes, 0 xrefs, 0 changed (0.7s)
    release 55: 5329 genes, 0 xrefs, 0 changed (0.8s)
    release 56: 5329 genes, 0 xrefs, 0 changed (0.8s)
    release 57: 5329 genes, 0 xrefs, 0 changed (0.8s)
    release 58: 5329 genes, 0 xrefs, 0 changed (0.7s)
    release 59: 5329 genes, 0 xrefs, 0 changed (0.7s)
    release 60: 5329 genes, 0 xrefs, 0 changed (0.8s)
    release 61: 5329 genes, 0 xrefs, 0 changed (0.9s)
    release 62: 5329 genes, 0 xrefs, 0 changed (0.9s)
  bos_taurus_tuli: 1 releases, 40961 genes in db
    release 115: 40961 genes, 73031 xrefs, 0 changed (4.7s)
  bos_taurus_wagyu: 1 releases, 44762 genes in db
    release 115: 44762 genes, 77587 xrefs, 0 changed (4.4s)
  felis_catus_abyssinian: 2 releases, 29550 genes in db
    release 114: 29550 genes, 106108 xrefs, 0 changed (4.0s)
    release 115: 29550 genes, 106108 xrefs, 0 changed (4.6s)
  aspergillus_fischeri: 2 releases, 10668 genes in db
    release 61: 10668 genes, 10667 xrefs, 0 changed (1.1s)
    release 62: 10668 genes, 10667 xrefs, 0 changed (1.6s)
  aspergillus_lentulus: 2 releases, 9916 genes in db
    release 61: 9916 genes, 0 xrefs, 0 changed (1.0s)
    release 62: 9916 genes, 0 xrefs, 0 changed (0.9s)
  mucor_lusitanicus: 2 releases, 11936 genes in db
    release 61: 11936 genes, 152 xrefs, 0 changed (0.9s)
    release 62: 11936 genes, 152 xrefs, 0 changed (1.1s)
  schizophyllum_commune: 2 releases, 16467 genes in db
    release 61: 16467 genes, 8051 xrefs, 0 changed (1.4s)
    release 62: 16467 genes, 8051 xrefs, 0 changed (1.5s)
  bactrocera_latifrons_gca001853355v1: 6 releases, 14128 genes in db
    release 54: 14128 genes, 19547 xrefs, 0 changed (2.5s)
    release 55: 14128 genes, 19547 xrefs, 0 changed (2.9s)
    release 56: 14128 genes, 19547 xrefs, 0 changed (2.0s)
    release 57: 14128 genes, 19547 xrefs, 0 changed (2.5s)
    release 58: 14128 genes, 19547 xrefs, 0 changed (2.8s)
    release 59: 14128 genes, 19547 xrefs, 0 changed (2.8s)
  hordeum_vulgare_hor7385: 2 releases, 49776 genes in db
    release 61: 49776 genes, 33 xrefs, 0 changed (0.9s)
    release 62: 49776 genes, 281 xrefs, 0 changed (1.2s)
  hordeum_vulgare_hor7552: 2 releases, 51179 genes in db
    release 61: 51179 genes, 0 xrefs, 0 changed (1.1s)
    release 62: 51179 genes, 301 xrefs, 0 changed (1.3s)
  hordeum_vulgare_hor8117: 2 releases, 50002 genes in db
    release 61: 50002 genes, 43 xrefs, 0 changed (0.9s)
    release 62: 50002 genes, 274 xrefs, 0 changed (1.3s)
  hordeum_vulgare_hor8148: 2 releases, 55701 genes in db
    release 61: 55701 genes, 10 xrefs, 0 changed (0.9s)
    release 62: 55701 genes, 339 xrefs, 0 changed (1.1s)
  drosophila_pseudoobscura_gca009870125v2rs: 1 releases, 16880 genes in db
    release 59: 16880 genes, 17236 xrefs, 0 changed (2.1s)
  crassostrea_angulata_gca025612915v2rs: 2 releases, 38153 genes in db
    release 58: 38153 genes, 38788 xrefs, 0 changed (4.0s)
    release 59: 38153 genes, 38788 xrefs, 0 changed (4.0s)
  limnephilus_marmoratus_gca917880885v1: 2 releases, 16462 genes in db
    release 58: 16462 genes, 3142 xrefs, 0 changed (0.8s)
    release 59: 16462 genes, 3142 xrefs, 0 changed (0.8s)
  orussus_abietinus_gca000612105v2: 6 releases, 10654 genes in db
    release 54: 10654 genes, 10816 xrefs, 0 changed (1.1s)
    release 55: 10654 genes, 10816 xrefs, 0 changed (1.0s)
    release 56: 10654 genes, 10816 xrefs, 0 changed (1.1s)
    release 57: 10654 genes, 10816 xrefs, 0 changed (1.0s)
    release 58: 10654 genes, 10816 xrefs, 0 changed (1.0s)
    release 59: 10654 genes, 10816 xrefs, 0 changed (1.0s)
  hordeum_vulgare_hor9972: 2 releases, 49501 genes in db
    release 61: 49501 genes, 260 xrefs, 0 changed (1.1s)
    release 62: 49501 genes, 260 xrefs, 0 changed (1.2s)
  hordeum_vulgare_igri: 2 releases, 51415 genes in db
    release 61: 51415 genes, 28 xrefs, 0 changed (1.0s)
    release 62: 51415 genes, 311 xrefs, 0 changed (1.4s)
  hordeum_vulgare_maximus: 2 releases, 50406 genes in db
    release 61: 50406 genes, 305 xrefs, 0 changed (1.0s)
    release 62: 50406 genes, 305 xrefs, 0 changed (1.2s)
  hordeum_vulgare_oun333: 2 releases, 51201 genes in db
    release 61: 51201 genes, 27 xrefs, 0 changed (0.9s)
    release 62: 51201 genes, 293 xrefs, 0 changed (1.3s)
  hordeum_vulgare_rgtplanet: 2 releases, 52080 genes in db
    release 61: 52080 genes, 1 xrefs, 0 changed (1.4s)
    release 62: 52080 genes, 351 xrefs, 0 changed (1.4s)
  hordeum_vulgare_wbdc078: 2 releases, 48446 genes in db
    release 61: 48446 genes, 220 xrefs, 0 changed (1.0s)
    release 62: 48446 genes, 220 xrefs, 0 changed (1.2s)
  hordeum_vulgare_wbdc103: 2 releases, 48007 genes in db
    release 61: 48007 genes, 23 xrefs, 0 changed (1.0s)
    release 62: 48007 genes, 206 xrefs, 0 changed (1.0s)
  hordeum_vulgare_wbdc133: 2 releases, 48310 genes in db
    release 61: 48310 genes, 2 xrefs, 0 changed (1.1s)
    release 62: 48310 genes, 202 xrefs, 0 changed (1.1s)
  hordeum_vulgare_wbdc184: 2 releases, 48389 genes in db
    release 61: 48389 genes, 24 xrefs, 0 changed (0.9s)
    release 62: 48389 genes, 252 xrefs, 0 changed (1.1s)
  hordeum_vulgare_wbdc199: 2 releases, 48284 genes in db
    release 61: 48284 genes, 212 xrefs, 0 changed (1.0s)
    release 62: 48284 genes, 212 xrefs, 0 changed (1.2s)
  hordeum_vulgare_wbdc207: 2 releases, 48480 genes in db
    release 61: 48480 genes, 2 xrefs, 0 changed (0.9s)
    release 62: 48480 genes, 200 xrefs, 0 changed (1.2s)
  hordeum_vulgare_wbdc237: 2 releases, 48479 genes in db
    release 61: 48479 genes, 221 xrefs, 0 changed (1.0s)
    release 62: 48479 genes, 221 xrefs, 0 changed (1.0s)
  hordeum_vulgare_wbdc348: 2 releases, 48355 genes in db
    release 61: 48355 genes, 1 xrefs, 0 changed (1.1s)
    release 62: 48355 genes, 237 xrefs, 0 changed (1.0s)
  denticeps_clupeoides: 18 releases, 70461 genes in db
    release 98: 35912 genes, 57703 xrefs, 21096 changed (69.5s)
    release 99: 35912 genes, 68196 xrefs, 20768 changed (71.5s)
    release 100: 32421 genes, 68311 xrefs, 4647 changed (23.4s)
    release 101: 32421 genes, 68293 xrefs, 764 changed (23.8s)
    release 102: 32421 genes, 68511 xrefs, 1013 changed (24.0s)
    release 103: 32421 genes, 68540 xrefs, 790 changed (30.7s)
    release 104: 32421 genes, 68491 xrefs, 855 changed (31.2s)
 Container asap2_test-redis-1  Running
 Container asap_run_test  Running
 Container elasticsearch_asap_test  Running
 Container asap2_test-postgres-1  Running
2026-07-01 09:51:15 +0000: HEAD http://elasticsearch:9200/projects [status:200, request:0.007s, query:n/a]
2026-07-01 09:51:15 +0000: < 
Rebuild Ensembl release fields
  remote db: asap_data_v8
  ensembl data dirs: /mnt/asap_data/ensembl
  vertebrates releases: 54-115
  ensembl genomes releases: 5-62

== Step 3/3: rebuild genes.name, alt_names, obsolete_alt_names from Ensembl xrefs ==
  mus_musculus_molossinusjf1msj: 2 releases, 58631 genes in db
    release 114: 58631 genes, 25767 xrefs, 35 changed (3.0s)
[slurm:monitor_jobs] Starting
[SlurmMonitor] No runs with status_id=2 (running)
    release 115: 58631 genes, 25550 xrefs, 35 changed (3.0s)
  ovis_aries_gca022416775v1: 2 releases, 59150 genes in db
    release 114: 59150 genes, 47607 xrefs, 0 changed (2.9s)
    release 115: 59150 genes, 47607 xrefs, 0 changed (3.1s)
  ovis_aries_texel: 1 releases, 27054 genes in db
    release 115: 27054 genes, 47878 xrefs, 0 changed (2.3s)
  candida_duobushaemulonis: 11 releases, 5329 genes in db
    release 52: 5329 genes, 0 xrefs, 0 changed (0.4s)
    release 53: 5329 genes, 0 xrefs, 0 changed (0.4s)
    release 54: 5329 genes, 0 xrefs, 0 changed (0.3s)
    release 55: 5329 genes, 0 xrefs, 0 changed (0.4s)
    release 56: 5329 genes, 0 xrefs, 0 changed (0.5s)
    release 57: 5329 genes, 0 xrefs, 0 changed (0.4s)
    release 58: 5329 genes, 0 xrefs, 0 changed (0.4s)
    release 59: 5329 genes, 0 xrefs, 0 changed (0.5s)
    release 60: 5329 genes, 0 xrefs, 0 changed (0.5s)
    release 61: 5329 genes, 0 xrefs, 0 changed (0.5s)
    release 62: 5329 genes, 0 xrefs, 0 changed (0.6s)
  bos_taurus_tuli: 1 releases, 40961 genes in db
    release 115: 40961 genes, 73031 xrefs, 0 changed (3.3s)
  bos_taurus_wagyu: 1 releases, 44762 genes in db
    release 115: 44762 genes, 77587 xrefs, 0 changed (3.6s)
  felis_catus_abyssinian: 2 releases, 29550 genes in db
    release 114: 29550 genes, 106108 xrefs, 0 changed (3.6s)
    release 115: 29550 genes, 106108 xrefs, 0 changed (3.8s)
  aspergillus_fischeri: 2 releases, 10668 genes in db
    release 61: 10668 genes, 10667 xrefs, 0 changed (1.1s)
    release 62: 10668 genes, 10667 xrefs, 0 changed (1.0s)
  aspergillus_lentulus: 2 releases, 9916 genes in db
    release 61: 9916 genes, 0 xrefs, 0 changed (0.8s)
    release 62: 9916 genes, 0 xrefs, 0 changed (0.7s)
  mucor_lusitanicus: 2 releases, 11936 genes in db
    release 61: 11936 genes, 152 xrefs, 0 changed (0.7s)
    release 62: 11936 genes, 152 xrefs, 0 changed (0.9s)
  schizophyllum_commune: 2 releases, 16467 genes in db
    release 61: 16467 genes, 8051 xrefs, 0 changed (0.9s)
    release 62: 16467 genes, 8051 xrefs, 0 changed (1.0s)
  bactrocera_latifrons_gca001853355v1: 6 releases, 14128 genes in db
    release 54: 14128 genes, 19547 xrefs, 0 changed (1.7s)
    release 55: 14128 genes, 19547 xrefs, 0 changed (1.6s)
    release 56: 14128 genes, 19547 xrefs, 0 changed (1.5s)
 Container asap_run_test  Running
 Container asap2_test-redis-1  Running
 Container elasticsearch_asap_test  Running
 Container asap2_test-postgres-1  Running
2026-07-01 09:54:10 +0000: HEAD http://elasticsearch:9200/projects [status:200, request:0.006s, query:n/a]
2026-07-01 09:54:10 +0000: < 
Rebuild Ensembl release fields
  remote db: asap_data_v8
  ensembl data dirs: /mnt/asap_data/ensembl
  vertebrates releases: 54-115
  ensembl genomes releases: 5-62

== Step 3/3: rebuild genes.name, alt_names, obsolete_alt_names from Ensembl xrefs ==
  mus_musculus_molossinusjf1msj: 2 releases, 58631 genes in db
    release 114: 58631 genes, 25767 xrefs, 35 changed (3.2s)
[slurm:monitor_jobs] Starting
[SlurmMonitor] No runs with status_id=2 (running)
    release 115: 58631 genes, 25550 xrefs, 35 changed (3.1s)
  ovis_aries_gca022416775v1: 2 releases, 59150 genes in db
    release 114: 59150 genes, 47607 xrefs, 0 changed (3.0s)
    release 115: 59150 genes, 47607 xrefs, 0 changed (3.0s)
  ovis_aries_texel: 1 releases, 27054 genes in db
    release 115: 27054 genes, 47878 xrefs, 0 changed (2.1s)
  candida_duobushaemulonis: 11 releases, 5329 genes in db
    release 52: 5329 genes, 0 xrefs, 0 changed (0.3s)
    release 53: 5329 genes, 0 xrefs, 0 changed (0.3s)
    release 54: 5329 genes, 0 xrefs, 0 changed (0.3s)
    release 55: 5329 genes, 0 xrefs, 0 changed (0.4s)
    release 56: 5329 genes, 0 xrefs, 0 changed (0.4s)
    release 57: 5329 genes, 0 xrefs, 0 changed (0.4s)
    release 58: 5329 genes, 0 xrefs, 0 changed (0.4s)
    release 59: 5329 genes, 0 xrefs, 0 changed (0.4s)
    release 60: 5329 genes, 0 xrefs, 0 changed (0.5s)
    release 61: 5329 genes, 0 xrefs, 0 changed (0.5s)
    release 62: 5329 genes, 0 xrefs, 0 changed (0.5s)
  bos_taurus_tuli: 1 releases, 40961 genes in db
    release 115: 40961 genes, 73031 xrefs, 0 changed (3.3s)
  bos_taurus_wagyu: 1 releases, 44762 genes in db
    release 115: 44762 genes, 77587 xrefs, 0 changed (3.8s)
  felis_catus_abyssinian: 2 releases, 29550 genes in db
    release 114: 29550 genes, 106108 xrefs, 0 changed (3.6s)
    release 115: 29550 genes, 106108 xrefs, 0 changed (3.7s)
  aspergillus_fischeri: 2 releases, 10668 genes in db
    release 61: 10668 genes, 10667 xrefs, 0 changed (0.9s)
    release 62: 10668 genes, 10667 xrefs, 0 changed (1.0s)
  aspergillus_lentulus: 2 releases, 9916 genes in db
    release 61: 9916 genes, 0 xrefs, 0 changed (0.6s)
    release 62: 9916 genes, 0 xrefs, 0 changed (0.8s)
  mucor_lusitanicus: 2 releases, 11936 genes in db
    release 61: 11936 genes, 152 xrefs, 0 changed (0.8s)
    release 62: 11936 genes, 152 xrefs, 0 changed (0.9s)
  schizophyllum_commune: 2 releases, 16467 genes in db
    release 61: 16467 genes, 8051 xrefs, 0 changed (1.0s)
    release 62: 16467 genes, 8051 xrefs, 0 changed (1.1s)
  bactrocera_latifrons_gca001853355v1: 6 releases, 14128 genes in db
    release 54: 14128 genes, 19547 xrefs, 0 changed (1.6s)
    release 55: 14128 genes, 19547 xrefs, 0 changed (1.6s)
    release 56: 14128 genes, 19547 xrefs, 0 changed (1.4s)
    release 57: 14128 genes, 19547 xrefs, 0 changed (1.5s)
    release 58: 14128 genes, 19547 xrefs, 0 changed (1.6s)
    release 59: 14128 genes, 19547 xrefs, 0 changed (1.6s)
  hordeum_vulgare_hor7385: 2 releases, 49776 genes in db
    release 61: 49776 genes, 33 xrefs, 0 changed (0.8s)
    release 62: 49776 genes, 281 xrefs, 0 changed (1.0s)
  hordeum_vulgare_hor7552: 2 releases, 51179 genes in db
    release 61: 51179 genes, 0 xrefs, 0 changed (0.9s)
    release 62: 51179 genes, 301 xrefs, 0 changed (1.0s)
  hordeum_vulgare_hor8117: 2 releases, 50002 genes in db
    release 61: 50002 genes, 43 xrefs, 0 changed (0.8s)
    release 62: 50002 genes, 274 xrefs, 0 changed (0.8s)
  hordeum_vulgare_hor8148: 2 releases, 55701 genes in db
    release 61: 55701 genes, 10 xrefs, 0 changed (0.7s)
    release 62: 55701 genes, 339 xrefs, 0 changed (1.0s)
  drosophila_pseudoobscura_gca009870125v2rs: 1 releases, 16880 genes in db
    release 59: 16880 genes, 17236 xrefs, 0 changed (1.5s)
  crassostrea_angulata_gca025612915v2rs: 2 releases, 38153 genes in db
    release 58: 38153 genes, 38788 xrefs, 0 changed (2.6s)
    release 59: 38153 genes, 38788 xrefs, 0 changed (2.6s)
  limnephilus_marmoratus_gca917880885v1: 2 releases, 16462 genes in db
    release 58: 16462 genes, 3142 xrefs, 0 changed (0.6s)
    release 59: 16462 genes, 3142 xrefs, 0 changed (0.6s)
  orussus_abietinus_gca000612105v2: 6 releases, 10654 genes in db
    release 54: 10654 genes, 10816 xrefs, 0 changed (0.8s)
    release 55: 10654 genes, 10816 xrefs, 0 changed (0.9s)
    release 56: 10654 genes, 10816 xrefs, 0 changed (0.8s)
    release 57: 10654 genes, 10816 xrefs, 0 changed (0.8s)
    release 58: 10654 genes, 10816 xrefs, 0 changed (0.9s)
    release 59: 10654 genes, 10816 xrefs, 0 changed (0.8s)
  hordeum_vulgare_hor9972: 2 releases, 49501 genes in db
    release 61: 49501 genes, 260 xrefs, 0 changed (0.9s)
    release 62: 49501 genes, 260 xrefs, 0 changed (0.9s)
  hordeum_vulgare_igri: 2 releases, 51415 genes in db
    release 61: 51415 genes, 28 xrefs, 0 changed (0.8s)
    release 62: 51415 genes, 311 xrefs, 0 changed (1.0s)
  hordeum_vulgare_maximus: 2 releases, 50406 genes in db
    release 61: 50406 genes, 305 xrefs, 0 changed (0.8s)
    release 62: 50406 genes, 305 xrefs, 0 changed (1.0s)
  hordeum_vulgare_oun333: 2 releases, 51201 genes in db
    release 61: 51201 genes, 27 xrefs, 0 changed (0.8s)
    release 62: 51201 genes, 293 xrefs, 0 changed (1.0s)
  hordeum_vulgare_rgtplanet: 2 releases, 52080 genes in db
    release 61: 52080 genes, 1 xrefs, 0 changed (1.1s)
    release 62: 52080 genes, 351 xrefs, 0 changed (1.0s)
  hordeum_vulgare_wbdc078: 2 releases, 48446 genes in db
    release 61: 48446 genes, 220 xrefs, 0 changed (0.9s)
    release 62: 48446 genes, 220 xrefs, 0 changed (0.9s)
  hordeum_vulgare_wbdc103: 2 releases, 48007 genes in db
    release 61: 48007 genes, 23 xrefs, 0 changed (0.8s)
    release 62: 48007 genes, 206 xrefs, 0 changed (0.8s)
  hordeum_vulgare_wbdc133: 2 releases, 48310 genes in db
    release 61: 48310 genes, 2 xrefs, 0 changed (1.2s)
    release 62: 48310 genes, 202 xrefs, 0 changed (0.8s)
  hordeum_vulgare_wbdc184: 2 releases, 48389 genes in db
    release 61: 48389 genes, 24 xrefs, 0 changed (0.8s)
    release 62: 48389 genes, 252 xrefs, 0 changed (0.8s)
  hordeum_vulgare_wbdc199: 2 releases, 48284 genes in db
    release 61: 48284 genes, 212 xrefs, 0 changed (0.7s)
    release 62: 48284 genes, 212 xrefs, 0 changed (0.8s)
  hordeum_vulgare_wbdc207: 2 releases, 48480 genes in db
    release 61: 48480 genes, 2 xrefs, 0 changed (0.8s)
    release 62: 48480 genes, 200 xrefs, 0 changed (0.9s)
  hordeum_vulgare_wbdc237: 2 releases, 48479 genes in db
    release 61: 48479 genes, 221 xrefs, 0 changed (0.8s)
    release 62: 48479 genes, 221 xrefs, 0 changed (0.8s)
  hordeum_vulgare_wbdc348: 2 releases, 48355 genes in db
    release 61: 48355 genes, 1 xrefs, 0 changed (0.9s)
    release 62: 48355 genes, 237 xrefs, 0 changed (0.8s)
  denticeps_clupeoides: 18 releases, 70461 genes in db
    release 98: 35912 genes, 57703 xrefs, 21096 changed (66.9s)
    release 99: 35912 genes, 68196 xrefs, 20768 changed (75.6s)
    release 100: 32421 genes, 68311 xrefs, 4647 changed (22.4s)
    release 101: 32421 genes, 68293 xrefs, 764 changed (22.8s)
    release 102: 32421 genes, 68511 xrefs, 1013 changed (23.7s)
    release 103: 32421 genes, 68540 xrefs, 790 changed (23.4s)
    release 104: 32421 genes, 68491 xrefs, 855 changed (28.1s)
    release 105: 32421 genes, 68604 xrefs, 768 changed (23.4s)
    release 106: 32421 genes, 68595 xrefs, 608 changed (24.2s)
    release 107: 32421 genes, 68572 xrefs, 647 changed (23.9s)
    release 108: 32421 genes, 68593 xrefs, 612 changed (23.4s)
    release 109: 32421 genes, 68600 xrefs, 657 changed (23.6s)
    release 110: 32421 genes, 66725 xrefs, 5109 changed (23.6s)
    release 111: 32421 genes, 68597 xrefs, 5140 changed (23.4s)
    release 112: 34549 genes, 120117 xrefs, 2816 changed (73.8s)
    release 113: 34549 genes, 82977 xrefs, 17239 changed (8.3s)
    release 114: 34549 genes, 119713 xrefs, 17276 changed (75.2s)
    release 115: 34549 genes, 119714 xrefs, 62 changed (90.9s)
  gouania_willdenowi: 18 releases, 26832 genes in db
    release 98: 26832 genes, 42494 xrefs, 15215 changed (4.9s)
    release 99: 26832 genes, 51347 xrefs, 14161 changed (4.5s)
    release 100: 26832 genes, 51511 xrefs, 1613 changed (4.4s)
    release 101: 26832 genes, 51627 xrefs, 938 changed (4.7s)
    release 102: 26832 genes, 51865 xrefs, 1042 changed (3.7s)
    release 103: 26832 genes, 37201 xrefs, 14428 changed (3.4s)
    release 104: 26832 genes, 37201 xrefs, 0 changed (5.4s)
    release 105: 26832 genes, 37201 xrefs, 0 changed (3.3s)
    release 106: 26832 genes, 37201 xrefs, 0 changed (3.9s)
    release 107: 26832 genes, 37201 xrefs, 0 changed (3.5s)
    release 108: 26832 genes, 37201 xrefs, 0 changed (3.4s)
    release 109: 26832 genes, 37201 xrefs, 0 changed (3.5s)
    release 110: 26832 genes, 37201 xrefs, 0 changed (3.3s)
    release 111: 26832 genes, 37201 xrefs, 0 changed (3.5s)
    release 112: 26832 genes, 37201 xrefs, 0 changed (3.3s)
    release 113: 26832 genes, 85764 xrefs, 6121 changed (4.6s)
    release 114: 26832 genes, 85105 xrefs, 8780 changed (4.6s)
    release 115: 26832 genes, 85105 xrefs, 0 changed (4.8s)
  sus_scrofa_berkshire: 18 releases, 30571 genes in db
    release 98: 30571 genes, 35391 xrefs, 2630 changed (6.4s)
    release 99: 30571 genes, 25865 xrefs, 1999 changed (6.7s)
    release 100: 30571 genes, 25865 xrefs, 0 changed (6.8s)
    release 101: 30571 genes, 25865 xrefs, 0 changed (6.6s)
    release 102: 30571 genes, 25865 xrefs, 0 changed (6.5s)
    release 103: 30571 genes, 25865 xrefs, 0 changed (6.6s)
    release 104: 30571 genes, 25865 xrefs, 0 changed (8.1s)
    release 105: 30571 genes, 25865 xrefs, 0 changed (6.7s)
    release 106: 30571 genes, 25865 xrefs, 0 changed (6.5s)
    release 107: 30571 genes, 25865 xrefs, 0 changed (6.5s)
    release 108: 30571 genes, 25865 xrefs, 0 changed (6.5s)
    release 109: 30571 genes, 25865 xrefs, 0 changed (6.9s)
    release 110: 30571 genes, 25865 xrefs, 0 changed (6.7s)
    release 111: 30571 genes, 25865 xrefs, 0 changed (7.0s)
    release 112: 30571 genes, 25865 xrefs, 0 changed (6.6s)
    release 113: 30571 genes, 62813 xrefs, 3103 changed (4.4s)
    release 114: 30571 genes, 62742 xrefs, 1917 changed (4.5s)
    release 115: 30571 genes, 62742 xrefs, 0 changed (4.9s)
  sus_scrofa_hampshire: 18 releases, 30556 genes in db
    release 98: 30556 genes, 35314 xrefs, 3301 changed (6.7s)
    release 99: 30556 genes, 38173 xrefs, 1780 changed (7.0s)
    release 100: 30556 genes, 38173 xrefs, 0 changed (7.4s)
    release 101: 30556 genes, 38173 xrefs, 0 changed (7.0s)
    release 102: 30556 genes, 38173 xrefs, 0 changed (6.9s)
    release 103: 30556 genes, 38173 xrefs, 0 changed (7.3s)
    release 104: 30556 genes, 38173 xrefs, 0 changed (8.4s)
    release 105: 30556 genes, 38173 xrefs, 0 changed (7.3s)
    release 106: 30556 genes, 38173 xrefs, 0 changed (6.9s)
    release 107: 30556 genes, 38173 xrefs, 0 changed (7.2s)
    release 108: 30556 genes, 38173 xrefs, 0 changed (7.2s)
    release 109: 30556 genes, 38173 xrefs, 0 changed (7.3s)
    release 110: 30556 genes, 38173 xrefs, 0 changed (6.9s)
    release 111: 30556 genes, 38173 xrefs, 0 changed (7.1s)
    release 112: 30556 genes, 38173 xrefs, 0 changed (7.0s)
    release 113: 30556 genes, 67335 xrefs, 2789 changed (4.2s)
    release 114: 30556 genes, 67254 xrefs, 2520 changed (4.2s)
    release 115: 30556 genes, 67254 xrefs, 0 changed (5.0s)
  hordeum_vulgare_wbdc349: 2 releases, 48555 genes in db
    release 61: 48555 genes, 1 xrefs, 0 changed (1.8s)
    release 62: 48555 genes, 277 xrefs, 0 changed (1.4s)
  hordeum_vulgare_zdm01467: 2 releases, 51087 genes in db
    release 61: 51087 genes, 28 xrefs, 0 changed (1.3s)
    release 62: 51087 genes, 313 xrefs, 0 changed (1.3s)
  sphenostylis_stenocarpa: 2 releases, 31614 genes in db
    release 61: 31614 genes, 27 xrefs, 0 changed (1.1s)
    release 62: 31614 genes, 66 xrefs, 0 changed (2.3s)
  avena_byzantina_gca910574625v1cm: 1 releases, 116096 genes in db
  avena_eriantha_gca910589775v1cm: 1 releases, 39631 genes in db
    release 62: 39631 genes, 95 xrefs, 0 changed (1.2s)
  avena_insularis_gca910574615v1cm: 1 releases, 85895 genes in db
    release 62: 85895 genes, 32 xrefs, 0 changed (3.6s)
  hordeum_vulgare_zdm02064: 2 releases, 51104 genes in db
    release 61: 51104 genes, 1 xrefs, 0 changed (1.2s)
    release 62: 51104 genes, 275 xrefs, 0 changed (1.1s)
  triticum_aestivum_alchemy: 2 releases, 106786 genes in db
    release 61: 106786 genes, 118314 xrefs, 1174 changed (8.2s)
    release 62: 106786 genes, 142339 xrefs, 1174 changed (9.8s)
  anser_cygnoides: 17 releases, 19448 genes in db
    release 99: 19448 genes, 11573 xrefs, 7134 changed (1.4s)
    release 100: 19448 genes, 11574 xrefs, 71 changed (1.1s)
    release 101: 19448 genes, 11524 xrefs, 49 changed (1.1s)
    release 102: 19448 genes, 11473 xrefs, 40 changed (1.4s)
    release 103: 19448 genes, 65 xrefs, 0 changed (0.8s)
    release 104: 19448 genes, 65 xrefs, 0 changed (1.9s)
    release 105: 19448 genes, 65 xrefs, 0 changed (0.9s)
    release 106: 19448 genes, 65 xrefs, 0 changed (0.9s)
    release 107: 19448 genes, 65 xrefs, 0 changed (1.2s)
    release 108: 19448 genes, 65 xrefs, 0 changed (1.0s)
    release 109: 19448 genes, 65 xrefs, 0 changed (0.9s)
    release 110: 19448 genes, 65 xrefs, 0 changed (0.9s)
    release 111: 19448 genes, 65 xrefs, 0 changed (1.0s)
    release 112: 19448 genes, 65 xrefs, 0 changed (1.0s)
    release 113: 19448 genes, 17237 xrefs, 7264 changed (2.6s)
    release 114: 19448 genes, 11531 xrefs, 597 changed (2.2s)
    release 115: 19448 genes, 11531 xrefs, 0 changed (2.6s)
  astyanax_mexicanus_pachon: 18 releases, 25488 genes in db
    release 98: 25488 genes, 26823 xrefs, 15604 changed (3.5s)
    release 99: 25488 genes, 26810 xrefs, 14091 changed (3.4s)
    release 100: 25488 genes, 26802 xrefs, 449 changed (3.3s)
    release 101: 25488 genes, 26881 xrefs, 289 changed (3.4s)
    release 102: 25488 genes, 27159 xrefs, 364 changed (3.2s)
    release 103: 25488 genes, 10842 xrefs, 4570 changed (2.8s)
    release 104: 25488 genes, 10842 xrefs, 0 changed (4.6s)
    release 105: 25488 genes, 10842 xrefs, 0 changed (2.8s)
    release 106: 25488 genes, 10842 xrefs, 0 changed (2.8s)
    release 107: 25488 genes, 10842 xrefs, 0 changed (2.9s)
    release 108: 25488 genes, 10842 xrefs, 0 changed (2.9s)
    release 109: 25488 genes, 10842 xrefs, 0 changed (2.3s)
    release 110: 25488 genes, 10842 xrefs, 0 changed (2.3s)
    release 111: 25488 genes, 10842 xrefs, 0 changed (2.3s)
    release 112: 25488 genes, 10842 xrefs, 0 changed (2.3s)
    release 113: 25488 genes, 50569 xrefs, 7667 changed (4.0s)
    release 114: 25488 genes, 50755 xrefs, 6678 changed (4.2s)
    release 115: 25488 genes, 50755 xrefs, 0 changed (4.6s)
  parambassis_ranga: 18 releases, 28491 genes in db
    release 98: 26691 genes, 43529 xrefs, 17666 changed (3.9s)
    release 99: 26691 genes, 55415 xrefs, 16252 changed (4.1s)
    release 100: 26691 genes, 55548 xrefs, 1585 changed (3.8s)
    release 101: 26691 genes, 55675 xrefs, 1076 changed (4.2s)
    release 102: 26691 genes, 55893 xrefs, 1149 changed (4.2s)
    release 103: 26691 genes, 39999 xrefs, 15462 changed (3.7s)
    release 104: 26691 genes, 39999 xrefs, 0 changed (5.9s)
    release 105: 26691 genes, 39999 xrefs, 0 changed (3.6s)
    release 106: 26691 genes, 39999 xrefs, 0 changed (4.1s)
    release 107: 26691 genes, 39999 xrefs, 0 changed (3.3s)
    release 108: 26691 genes, 39999 xrefs, 0 changed (3.6s)
    release 109: 26691 genes, 39999 xrefs, 0 changed (3.9s)
    release 110: 26691 genes, 39999 xrefs, 0 changed (4.0s)
    release 111: 26691 genes, 39999 xrefs, 0 changed (4.0s)
    release 112: 24994 genes, 68570 xrefs, 17817 changed (4.4s)
    release 113: 24994 genes, 68560 xrefs, 565 changed (4.8s)
    release 114: 24994 genes, 58718 xrefs, 3610 changed (4.4s)
    release 115: 24994 genes, 58718 xrefs, 0 changed (5.1s)
  sus_scrofa_pietrain: 18 releases, 30567 genes in db
    release 98: 30567 genes, 34934 xrefs, 3233 changed (6.2s)
    release 99: 30567 genes, 39622 xrefs, 1699 changed (7.5s)
    release 100: 30567 genes, 39622 xrefs, 0 changed (7.1s)
    release 101: 30567 genes, 39622 xrefs, 0 changed (7.6s)
    release 102: 30567 genes, 39622 xrefs, 0 changed (6.8s)
    release 103: 30567 genes, 39622 xrefs, 0 changed (7.0s)
    release 104: 30567 genes, 39622 xrefs, 0 changed (8.6s)
    release 105: 30567 genes, 39622 xrefs, 0 changed (7.2s)
    release 106: 30567 genes, 39622 xrefs, 0 changed (7.1s)
    release 107: 30567 genes, 39622 xrefs, 0 changed (7.1s)
    release 108: 30567 genes, 39622 xrefs, 0 changed (7.2s)
    release 109: 30567 genes, 39622 xrefs, 0 changed (7.0s)
    release 110: 30567 genes, 39622 xrefs, 0 changed (7.1s)
    release 111: 30567 genes, 39622 xrefs, 0 changed (7.1s)
    release 112: 30567 genes, 39622 xrefs, 0 changed (7.0s)
    release 113: 30567 genes, 67152 xrefs, 2631 changed (4.9s)
    release 114: 30567 genes, 67018 xrefs, 2498 changed (4.4s)
    release 115: 30567 genes, 67018 xrefs, 0 changed (4.9s)
  sus_scrofa_largewhite: 18 releases, 30461 genes in db
    release 98: 30461 genes, 34748 xrefs, 2688 changed (6.2s)
    release 99: 30461 genes, 26988 xrefs, 1922 changed (6.8s)
    release 100: 30461 genes, 26988 xrefs, 0 changed (6.8s)
    release 101: 30461 genes, 26988 xrefs, 0 changed (7.1s)
    release 102: 30461 genes, 26988 xrefs, 0 changed (6.4s)
    release 103: 30461 genes, 26988 xrefs, 0 changed (6.5s)
    release 104: 30461 genes, 26988 xrefs, 0 changed (7.8s)
    release 105: 30461 genes, 26988 xrefs, 0 changed (6.3s)
    release 106: 30461 genes, 26988 xrefs, 0 changed (7.0s)
    release 107: 30461 genes, 26988 xrefs, 0 changed (6.8s)
    release 108: 30461 genes, 26988 xrefs, 0 changed (6.9s)
    release 109: 30461 genes, 26988 xrefs, 0 changed (6.8s)
    release 110: 30461 genes, 26988 xrefs, 0 changed (6.6s)
    release 111: 30461 genes, 26988 xrefs, 0 changed (6.7s)
    release 112: 30461 genes, 26988 xrefs, 0 changed (6.7s)
    release 113: 30461 genes, 62724 xrefs, 3051 changed (3.8s)
    release 114: 30461 genes, 62700 xrefs, 1979 changed (4.2s)
    release 115: 30461 genes, 62700 xrefs, 0 changed (4.8s)
  sus_scrofa_rongchang: 18 releases, 30227 genes in db
    release 98: 30227 genes, 31577 xrefs, 3329 changed (5.9s)
    release 99: 30227 genes, 31790 xrefs, 1454 changed (6.9s)
    release 100: 30227 genes, 31790 xrefs, 0 changed (6.4s)
    release 101: 30227 genes, 31790 xrefs, 0 changed (6.6s)
    release 102: 30227 genes, 31790 xrefs, 0 changed (6.5s)
    release 103: 30227 genes, 31790 xrefs, 0 changed (6.3s)
    release 104: 30227 genes, 31790 xrefs, 0 changed (7.8s)
    release 105: 30227 genes, 31790 xrefs, 0 changed (6.4s)
    release 106: 30227 genes, 31790 xrefs, 0 changed (6.5s)
    release 107: 30227 genes, 31790 xrefs, 0 changed (6.5s)
    release 108: 30227 genes, 31790 xrefs, 0 changed (6.3s)
    release 109: 30227 genes, 31790 xrefs, 0 changed (6.2s)
    release 110: 30227 genes, 31790 xrefs, 0 changed (6.4s)
    release 111: 30227 genes, 31790 xrefs, 0 changed (6.5s)
    release 112: 30227 genes, 31790 xrefs, 0 changed (6.2s)
    release 113: 30227 genes, 60711 xrefs, 2364 changed (3.8s)
    release 114: 30227 genes, 60614 xrefs, 2565 changed (4.2s)
    release 115: 30227 genes, 60614 xrefs, 0 changed (4.3s)
  sus_scrofa_wuzhishan: 18 releases, 29851 genes in db
    release 98: 29851 genes, 20444 xrefs, 2206 changed (5.4s)
    release 99: 29851 genes, 22542 xrefs, 935 changed (6.1s)
    release 100: 29851 genes, 22542 xrefs, 0 changed (6.0s)
    release 101: 29851 genes, 22542 xrefs, 0 changed (8.5s)
    release 102: 29851 genes, 22542 xrefs, 0 changed (6.3s)
    release 103: 29851 genes, 22542 xrefs, 0 changed (6.8s)
    release 104: 29851 genes, 22542 xrefs, 0 changed (7.7s)
    release 105: 29851 genes, 22542 xrefs, 0 changed (6.4s)
    release 106: 29851 genes, 22542 xrefs, 0 changed (6.5s)
    release 107: 29851 genes, 22542 xrefs, 0 changed (6.1s)
    release 108: 29851 genes, 22542 xrefs, 0 changed (6.2s)
    release 109: 29851 genes, 22542 xrefs, 0 changed (6.0s)
    release 110: 29851 genes, 22542 xrefs, 0 changed (6.2s)
    release 111: 29851 genes, 22542 xrefs, 0 changed (6.5s)
    release 112: 29851 genes, 22542 xrefs, 0 changed (6.5s)
    release 113: 29851 genes, 40490 xrefs, 1912 changed (3.4s)
    release 114: 29851 genes, 40582 xrefs, 2075 changed (3.7s)
    release 115: 29851 genes, 40582 xrefs, 0 changed (3.9s)
  sus_scrofa_landrace: 18 releases, 27518 genes in db
    release 98: 27518 genes, 34561 xrefs, 3258 changed (6.2s)
    release 99: 27518 genes, 39100 xrefs, 1659 changed (6.8s)
    release 100: 27518 genes, 39100 xrefs, 0 changed (7.1s)
    release 101: 27518 genes, 39100 xrefs, 0 changed (6.8s)
    release 102: 27518 genes, 39100 xrefs, 0 changed (6.6s)
    release 103: 27518 genes, 39100 xrefs, 0 changed (6.7s)
    release 104: 27518 genes, 39100 xrefs, 0 changed (8.0s)
    release 105: 27518 genes, 39100 xrefs, 0 changed (6.6s)
    release 106: 27518 genes, 39100 xrefs, 0 changed (6.6s)
    release 107: 27518 genes, 39100 xrefs, 0 changed (6.4s)
    release 108: 27518 genes, 39100 xrefs, 0 changed (6.6s)
    release 109: 27518 genes, 39100 xrefs, 0 changed (6.7s)
    release 110: 27518 genes, 39100 xrefs, 0 changed (6.8s)
    release 111: 27518 genes, 39100 xrefs, 0 changed (6.5s)
    release 112: 27518 genes, 39100 xrefs, 0 changed (6.7s)
    release 113: 27518 genes, 66802 xrefs, 2614 changed (4.3s)
    release 114: 27518 genes, 66646 xrefs, 2522 changed (4.6s)
    release 115: 27518 genes, 66646 xrefs, 0 changed (5.3s)
  hordeum_vulgare_hor3081: 2 releases, 51038 genes in db
    release 61: 51038 genes, 6 xrefs, 0 changed (1.4s)
    release 62: 51038 genes, 306 xrefs, 0 changed (1.4s)
  aedes_aegypti_lvpagwg: 14 releases, 19813 genes in db
    release 46: 19763 genes, 42406 xrefs, 343 changed (2.9s)
    release 47: 19763 genes, 42406 xrefs, 0 changed (3.1s)
    release 48: 19763 genes, 42406 xrefs, 1 changed (3.0s)
    release 49: 19763 genes, 42406 xrefs, 0 changed (2.9s)
    release 50: 19763 genes, 42406 xrefs, 0 changed (3.2s)
    release 51: 19804 genes, 42360 xrefs, 343 changed (3.8s)
    release 52: 19804 genes, 42360 xrefs, 0 changed (2.9s)
    release 53: 19804 genes, 42360 xrefs, 0 changed (2.8s)
    release 54: 19804 genes, 42360 xrefs, 0 changed (2.9s)
    release 55: 19804 genes, 42360 xrefs, 0 changed (3.2s)
    release 56: 19804 genes, 42360 xrefs, 0 changed (2.9s)
    release 57: 19804 genes, 42360 xrefs, 0 changed (2.6s)
    release 58: 19804 genes, 42360 xrefs, 0 changed (2.9s)
    release 59: 19804 genes, 42360 xrefs, 0 changed (3.0s)
  anopheles_albimanus: 14 releases, 13186 genes in db
    release 46: 12504 genes, 601 xrefs, 0 changed (0.8s)
    release 47: 12504 genes, 601 xrefs, 0 changed (0.6s)
    release 48: 12504 genes, 601 xrefs, 0 changed (0.8s)
    release 49: 12504 genes, 601 xrefs, 0 changed (0.7s)
    release 50: 12504 genes, 601 xrefs, 0 changed (0.8s)
    release 51: 12501 genes, 560 xrefs, 0 changed (1.4s)
    release 52: 12501 genes, 560 xrefs, 0 changed (0.8s)
    release 53: 12501 genes, 560 xrefs, 0 changed (0.8s)
    release 54: 12501 genes, 560 xrefs, 0 changed (0.8s)
    release 55: 12501 genes, 560 xrefs, 0 changed (0.8s)
    release 56: 12501 genes, 560 xrefs, 0 changed (0.8s)
    release 57: 12501 genes, 560 xrefs, 0 changed (0.8s)
    release 58: 12501 genes, 560 xrefs, 0 changed (0.7s)
    release 59: 12501 genes, 560 xrefs, 0 changed (0.8s)
  tribolium_castaneum: 37 releases, 37900 genes in db
    release 23: 17078 genes, 23794 xrefs, 8216 changed (2.0s)
    release 24: 17078 genes, 23794 xrefs, 0 changed (1.6s)
    release 25: 17078 genes, 23794 xrefs, 0 changed (1.6s)
    release 26: 17078 genes, 23794 xrefs, 0 changed (1.6s)
    release 27: 17078 genes, 23794 xrefs, 0 changed (1.5s)
    release 28: 17078 genes, 23794 xrefs, 0 changed (1.6s)
    release 29: 17078 genes, 23794 xrefs, 0 changed (1.7s)
    release 30: 17078 genes, 23794 xrefs, 0 changed (1.5s)
    release 31: 17078 genes, 23794 xrefs, 0 changed (1.5s)
    release 32: 17078 genes, 23794 xrefs, 0 changed (1.1s)
    release 33: 17078 genes, 23794 xrefs, 0 changed (1.7s)
    release 34: 17078 genes, 23794 xrefs, 0 changed (1.9s)
    release 35: 16592 genes, 16594 xrefs, 16592 changed (2.1s)
    release 36: 17052 genes, 8534 xrefs, 8449 changed (2.0s)
    release 37: 17052 genes, 8688 xrefs, 187 changed (2.2s)
    release 38: 17052 genes, 8688 xrefs, 0 changed (2.0s)
    release 39: 17052 genes, 8688 xrefs, 0 changed (2.0s)
    release 40: 17052 genes, 8534 xrefs, 25 changed (2.0s)
    release 41: 17052 genes, 8534 xrefs, 0 changed (2.3s)
    release 42: 17052 genes, 8534 xrefs, 0 changed (2.2s)
    release 43: 17052 genes, 8534 xrefs, 0 changed (2.2s)
    release 44: 17052 genes, 8534 xrefs, 0 changed (2.3s)
    release 45: 17052 genes, 8534 xrefs, 0 changed (2.1s)
    release 46: 17052 genes, 8534 xrefs, 0 changed (2.1s)
    release 47: 17052 genes, 8534 xrefs, 0 changed (2.3s)
    release 48: 17052 genes, 8534 xrefs, 0 changed (1.9s)
    release 49: 17052 genes, 8534 xrefs, 0 changed (2.2s)
    release 50: 17052 genes, 8534 xrefs, 0 changed (2.2s)
    release 51: 17052 genes, 8534 xrefs, 0 changed (2.9s)
    release 52: 17052 genes, 8534 xrefs, 0 changed (2.3s)
    release 53: 17052 genes, 8534 xrefs, 0 changed (2.5s)
    release 54: 17052 genes, 8534 xrefs, 0 changed (2.2s)
    release 55: 17052 genes, 8534 xrefs, 0 changed (2.3s)
    release 56: 17052 genes, 8534 xrefs, 0 changed (2.0s)
    release 57: 17052 genes, 8534 xrefs, 0 changed (2.2s)
    release 58: 17052 genes, 8534 xrefs, 0 changed (2.4s)
    release 59: 17052 genes, 8534 xrefs, 0 changed (2.4s)
  heliconius_melpomene: 46 releases, 18045 genes in db
    release 14: 16203 genes, 483 xrefs, 77 changed (1.0s)
    release 15: 16203 genes, 483 xrefs, 0 changed (1.1s)
    release 16: 16203 genes, 483 xrefs, 0 changed (1.0s)
    release 17: 16203 genes, 80 xrefs, 0 changed (1.0s)
    release 18: 16203 genes, 479 xrefs, 398 changed (1.0s)
    release 19: 16203 genes, 479 xrefs, 0 changed (1.0s)
    release 20: 16203 genes, 478 xrefs, 398 changed (1.0s)
    release 21: 16203 genes, 478 xrefs, 0 changed (0.9s)
    release 22: 16203 genes, 478 xrefs, 0 changed (1.0s)
    release 23: 16203 genes, 478 xrefs, 0 changed (1.1s)
    release 24: 16203 genes, 478 xrefs, 0 changed (1.0s)
    release 25: 16203 genes, 478 xrefs, 0 changed (0.9s)
    release 26: 16203 genes, 478 xrefs, 0 changed (0.9s)
    release 27: 16203 genes, 478 xrefs, 0 changed (0.9s)
    release 28: 16203 genes, 478 xrefs, 0 changed (0.9s)
    release 29: 16203 genes, 478 xrefs, 0 changed (1.0s)
    release 30: 16203 genes, 478 xrefs, 0 changed (0.9s)
    release 31: 16203 genes, 478 xrefs, 0 changed (1.0s)
    release 32: 16203 genes, 478 xrefs, 0 changed (1.0s)
    release 33: 16203 genes, 478 xrefs, 0 changed (1.0s)
    release 34: 16203 genes, 478 xrefs, 0 changed (1.0s)
    release 35: 16203 genes, 478 xrefs, 0 changed (1.0s)
    release 36: 18045 genes, 642 xrefs, 0 changed (1.1s)
    release 37: 18045 genes, 642 xrefs, 0 changed (1.0s)
    release 38: 18045 genes, 642 xrefs, 0 changed (1.1s)
    release 39: 18045 genes, 642 xrefs, 0 changed (1.0s)
    release 40: 18045 genes, 642 xrefs, 0 changed (1.0s)
    release 41: 18045 genes, 642 xrefs, 0 changed (1.0s)
    release 42: 18045 genes, 642 xrefs, 0 changed (0.9s)
    release 43: 18045 genes, 642 xrefs, 0 changed (0.9s)
    release 44: 18045 genes, 642 xrefs, 0 changed (1.0s)
    release 45: 18045 genes, 642 xrefs, 0 changed (1.0s)
    release 46: 18045 genes, 642 xrefs, 0 changed (1.0s)
    release 47: 18045 genes, 642 xrefs, 0 changed (1.0s)
    release 48: 18045 genes, 642 xrefs, 0 changed (0.9s)
    release 49: 18045 genes, 642 xrefs, 0 changed (1.0s)
    release 50: 18045 genes, 642 xrefs, 0 changed (1.0s)
    release 51: 18045 genes, 642 xrefs, 0 changed (1.5s)
    release 52: 18045 genes, 642 xrefs, 0 changed (1.1s)
    release 53: 18045 genes, 642 xrefs, 0 changed (1.1s)
    release 54: 18045 genes, 642 xrefs, 0 changed (1.1s)
    release 55: 18045 genes, 642 xrefs, 0 changed (1.0s)
    release 56: 18045 genes, 642 xrefs, 0 changed (1.0s)
    release 57: 18045 genes, 642 xrefs, 0 changed (1.0s)
    release 58: 18045 genes, 642 xrefs, 0 changed (1.0s)
    release 59: 18045 genes, 642 xrefs, 0 changed (1.0s)
  glycine_max: 52 releases, 253186 genes in db
    release 12: 46367 genes, 34578 xrefs, 8721 changed (21.6s)
    release 13: 46367 genes, 34578 xrefs, 0 changed (19.7s)
    release 14: 46367 genes, 34578 xrefs, 0 changed (18.6s)
    release 15: 46367 genes, 34578 xrefs, 0 changed (19.2s)
    release 16: 54174 genes, 95123 xrefs, 36539 changed (7.8s)
    release 17: 54174 genes, 77738 xrefs, 450 changed (7.5s)
    release 18: 54174 genes, 76380 xrefs, 1876 changed (7.8s)
    release 19: 54174 genes, 76380 xrefs, 0 changed (8.2s)
    release 20: 54174 genes, 76380 xrefs, 0 changed (7.7s)
    release 21: 54174 genes, 76634 xrefs, 136 changed (7.7s)
    release 22: 54174 genes, 75382 xrefs, 1079 changed (7.7s)
    release 23: 54174 genes, 75849 xrefs, 403 changed (7.6s)
    release 24: 54174 genes, 75849 xrefs, 0 changed (7.3s)
    release 25: 54174 genes, 75849 xrefs, 0 changed (7.3s)
    release 26: 54174 genes, 75849 xrefs, 0 changed (7.4s)
    release 27: 54174 genes, 75866 xrefs, 18 changed (7.8s)
    release 28: 54174 genes, 75866 xrefs, 0 changed (7.9s)
    release 29: 54174 genes, 75866 xrefs, 0 changed (8.0s)
    release 30: 54174 genes, 75866 xrefs, 0 changed (7.6s)
    release 31: 54174 genes, 76331 xrefs, 1 changed (7.6s)
    release 32: 54174 genes, 76331 xrefs, 0 changed (7.9s)
    release 33: 54174 genes, 76331 xrefs, 0 changed (7.7s)
    release 34: 54174 genes, 76328 xrefs, 0 changed (7.9s)
    release 35: 54174 genes, 76328 xrefs, 0 changed (8.5s)
    release 36: 54174 genes, 81127 xrefs, 4506 changed (9.4s)
    release 37: 55543 genes, 81220 xrefs, 276 changed (8.8s)
    release 38: 57105 genes, 96980 xrefs, 34282 changed (11.9s)
    release 39: 57105 genes, 99250 xrefs, 49 changed (11.7s)
    release 40: 57105 genes, 99277 xrefs, 295 changed (13.3s)
    release 41: 58994 genes, 100134 xrefs, 277 changed (13.1s)
    release 42: 57147 genes, 96294 xrefs, 1420 changed (12.0s)
    release 43: 57147 genes, 96294 xrefs, 0 changed (12.6s)
    release 44: 57147 genes, 96294 xrefs, 0 changed (12.0s)
    release 45: 57147 genes, 96294 xrefs, 0 changed (12.0s)
    release 46: 57147 genes, 96294 xrefs, 0 changed (11.8s)
    release 47: 57147 genes, 96294 xrefs, 0 changed (11.9s)
    release 48: 57147 genes, 96294 xrefs, 0 changed (11.9s)
    release 49: 57147 genes, 96294 xrefs, 0 changed (13.2s)
    release 50: 57147 genes, 96294 xrefs, 0 changed (11.1s)
    release 51: 57147 genes, 96294 xrefs, 0 changed (15.2s)
    release 52: 57147 genes, 96294 xrefs, 0 changed (11.6s)
    release 53: 57147 genes, 96294 xrefs, 0 changed (12.1s)
    release 54: 57147 genes, 96294 xrefs, 0 changed (11.7s)
    release 55: 57147 genes, 96294 xrefs, 0 changed (12.0s)
    release 56: 57147 genes, 96294 xrefs, 0 changed (11.9s)
    release 57: 57147 genes, 96294 xrefs, 0 changed (11.7s)
    release 58: 57147 genes, 96294 xrefs, 0 changed (12.3s)
    release 59: 57147 genes, 96294 xrefs, 0 changed (12.0s)
    release 60: 57147 genes, 181208 xrefs, 34804 changed (10.3s)
    release 61: 57147 genes, 243341 xrefs, 31096 changed (12.9s)
    release 62: 57147 genes, 203829 xrefs, 1223 changed (12.6s)
  dictyostelium_discoideum: 58 releases, 13894 genes in db
rake aborted!
gunzip failed for /mnt/asap_data/ensembl/protists/10/dictyostelium_discoideum/gene.txt.gz: gzip: /mnt/asap_data/ensembl/protists/10/dictyostelium_discoideum/gene.txt.gz: unexpected end of file
/app/lib/asap_data/ensembl_assemblies_loader.rb:736:in 'AsapData::EnsemblAssembliesLoader.gunzip_file'
/app/lib/asap_data/ensembl_assemblies_loader.rb:629:in 'block in AsapData::EnsemblAssembliesLoader.extract_table_from_archive'
/app/lib/asap_data/ensembl_assemblies_loader.rb:615:in 'AsapData::EnsemblAssembliesLoader.extract_table_from_archive'
/app/lib/asap_data/gene_ncbi_alt_names_populator.rb:514:in 'AsapData::GeneNcbiAltNamesPopulator.ensure_table_txt'
/app/lib/asap_data/gene_ncbi_alt_names_populator.rb:241:in 'block in AsapData::GeneNcbiAltNamesPopulator.load_release_data'
/usr/local/bundle/gems/activesupport-8.1.1/lib/active_support/core_ext/enumerable.rb:78:in 'block in Enumerable#index_with'
/usr/local/bundle/gems/activesupport-8.1.1/lib/active_support/core_ext/enumerable.rb:78:in 'Array#each'
/usr/local/bundle/gems/activesupport-8.1.1/lib/active_support/core_ext/enumerable.rb:78:in 'Enumerable#index_with'
/app/lib/asap_data/gene_ncbi_alt_names_populator.rb:240:in 'AsapData::GeneNcbiAltNamesPopulator.load_release_data'
/app/lib/asap_data/gene_ncbi_alt_names_populator.rb:85:in 'block in AsapData::GeneNcbiAltNamesPopulator.populate_for_organism!'
/app/lib/asap_data/gene_ncbi_alt_names_populator.rb:77:in 'Array#each'
/app/lib/asap_data/gene_ncbi_alt_names_populator.rb:77:in 'AsapData::GeneNcbiAltNamesPopulator.populate_for_organism!'
/app/lib/asap_data/gene_ncbi_alt_names_populator.rb:39:in 'block in AsapData::GeneNcbiAltNamesPopulator.populate!'
/app/lib/asap_data/gene_ncbi_alt_names_populator.rb:38:in 'Array#each'
/app/lib/asap_data/gene_ncbi_alt_names_populator.rb:38:in 'AsapData::GeneNcbiAltNamesPopulator.populate!'
/app/lib/tasks/asap_data_rebuild_ensembl_release_fields.rake:74:in 'block (2 levels) in <main>'
/usr/local/bundle/gems/rake-13.3.1/exe/rake:27:in '<top (required)>'
Tasks: TOP => asap_data:rebuild_ensembl_release_fields
(See full trace by running task with --trace)
 Container asap2_test-redis-1  Running
 Container asap2_test-postgres-1  Running
 Container elasticsearch_asap_test  Running
 Container asap_run_test  Running
2026-07-01 12:43:58 +0000: HEAD http://elasticsearch:9200/projects [status:200, request:0.006s, query:n/a]
2026-07-01 12:43:58 +0000: < 
Rebuild Ensembl release fields
  remote db: asap_data_v8
  ensembl data dirs: /mnt/asap_data/ensembl
  vertebrates releases: 54-115
  ensembl genomes releases: 5-62

== Step 3/3: rebuild genes.name, alt_names, obsolete_alt_names from Ensembl xrefs ==
  mus_musculus_molossinusjf1msj: 2 releases, 58631 genes in db
    release 114: 58631 genes, 25767 xrefs, 35 changed (3.6s)
[slurm:monitor_jobs] Starting
[SlurmMonitor] No runs with status_id=2 (running)
    release 115: 58631 genes, 25550 xrefs, 35 changed (3.6s)
  ovis_aries_gca022416775v1: 2 releases, 59150 genes in db
    release 114: 59150 genes, 47607 xrefs, 0 changed (3.7s)
    release 115: 59150 genes, 47607 xrefs, 0 changed (3.7s)
  ovis_aries_texel: 1 releases, 27054 genes in db
    release 115: 27054 genes, 47878 xrefs, 0 changed (2.3s)
  aedes_albopictus_gca035046485v1rs: 2 releases, 25320 genes in db
  candida_duobushaemulonis: 11 releases, 5329 genes in db
    release 52: 5329 genes, 0 xrefs, 0 changed (0.6s)
    release 53: 5329 genes, 0 xrefs, 0 changed (0.8s)
    release 54: 5329 genes, 0 xrefs, 0 changed (0.8s)
    release 55: 5329 genes, 0 xrefs, 0 changed (0.7s)
    release 56: 5329 genes, 0 xrefs, 0 changed (0.7s)
    release 57: 5329 genes, 0 xrefs, 0 changed (0.9s)
    release 58: 5329 genes, 0 xrefs, 0 changed (0.7s)
    release 59: 5329 genes, 0 xrefs, 0 changed (0.5s)
    release 60: 5329 genes, 0 xrefs, 0 changed (0.8s)
    release 61: 5329 genes, 0 xrefs, 0 changed (0.9s)
    release 62: 5329 genes, 0 xrefs, 0 changed (0.8s)
  bos_taurus_tuli: 1 releases, 40961 genes in db
    release 115: 40961 genes, 73031 xrefs, 0 changed (3.4s)
  bos_taurus_wagyu: 1 releases, 44762 genes in db
    release 115: 44762 genes, 77587 xrefs, 0 changed (3.5s)
  felis_catus_abyssinian: 2 releases, 29550 genes in db
    release 114: 29550 genes, 106108 xrefs, 0 changed (4.0s)
    release 115: 29550 genes, 106108 xrefs, 0 changed (4.0s)
  aspergillus_fischeri: 2 releases, 10668 genes in db
    release 61: 10668 genes, 10667 xrefs, 0 changed (1.1s)
    release 62: 10668 genes, 10667 xrefs, 0 changed (1.3s)
  aspergillus_lentulus: 2 releases, 9916 genes in db
    release 61: 9916 genes, 0 xrefs, 0 changed (0.9s)
    release 62: 9916 genes, 0 xrefs, 0 changed (1.3s)
  mucor_lusitanicus: 2 releases, 11936 genes in db
    release 61: 11936 genes, 152 xrefs, 0 changed (1.2s)
    release 62: 11936 genes, 152 xrefs, 0 changed (1.4s)
  schizophyllum_commune: 2 releases, 16467 genes in db
    release 61: 16467 genes, 8051 xrefs, 0 changed (1.2s)
    release 62: 16467 genes, 8051 xrefs, 0 changed (1.6s)
  anastrepha_obliqua_gca027943255v1rs: 3 releases, 18206 genes in db
  anopheles_albimanus_gca000349125v2vb: 2 releases, 12616 genes in db
  anopheles_albimanus_gca013758885v1rs: 2 releases, 12945 genes in db
  anopheles_coluzzii_gca004136515v2vb: 2 releases, 13235 genes in db
  anopheles_darlingi_gca943734745v1rs: 2 releases, 12393 genes in db
  anopheles_gambiae_gca943734735v2vb: 2 releases, 15165 genes in db
  anopheles_quadriannulatus_gca000349065v1vb: 1 releases, 13818 genes in db
  bactrocera_latifrons_gca001853355v1: 6 releases, 14128 genes in db
    release 54: 14128 genes, 19547 xrefs, 0 changed (1.9s)
    release 55: 14128 genes, 19547 xrefs, 0 changed (1.9s)
    release 56: 14128 genes, 19547 xrefs, 0 changed (1.8s)
    release 57: 14128 genes, 19547 xrefs, 0 changed (1.6s)
    release 58: 14128 genes, 19547 xrefs, 0 changed (1.6s)
    release 59: 14128 genes, 19547 xrefs, 0 changed (1.6s)
  hordeum_vulgare_hor7385: 2 releases, 49776 genes in db
    release 61: 49776 genes, 33 xrefs, 0 changed (0.8s)
    release 62: 49776 genes, 281 xrefs, 0 changed (0.9s)
  hordeum_vulgare_hor7552: 2 releases, 51179 genes in db
    release 61: 51179 genes, 0 xrefs, 0 changed (1.0s)
    release 62: 51179 genes, 301 xrefs, 0 changed (0.9s)
  hordeum_vulgare_hor8117: 2 releases, 50002 genes in db
    release 61: 50002 genes, 43 xrefs, 0 changed (0.7s)
    release 62: 50002 genes, 274 xrefs, 0 changed (1.0s)
  hordeum_vulgare_hor8148: 2 releases, 55701 genes in db
    release 61: 55701 genes, 10 xrefs, 0 changed (0.8s)
    release 62: 55701 genes, 339 xrefs, 0 changed (1.0s)
  drosophila_pseudoobscura_gca009870125v2rs: 1 releases, 16880 genes in db
    release 59: 16880 genes, 17236 xrefs, 0 changed (1.4s)
  crassostrea_angulata_gca025612915v2rs: 2 releases, 38153 genes in db
    release 58: 38153 genes, 38788 xrefs, 0 changed (2.7s)
    release 59: 38153 genes, 38788 xrefs, 0 changed (2.5s)
  limnephilus_marmoratus_gca917880885v1: 2 releases, 16462 genes in db
    release 58: 16462 genes, 3142 xrefs, 0 changed (0.6s)
    release 59: 16462 genes, 3142 xrefs, 0 changed (0.5s)
  orussus_abietinus_gca000612105v2: 6 releases, 10654 genes in db
    release 54: 10654 genes, 10816 xrefs, 0 changed (0.9s)
    release 55: 10654 genes, 10816 xrefs, 0 changed (1.0s)
    release 56: 10654 genes, 10816 xrefs, 0 changed (1.0s)
    release 57: 10654 genes, 10816 xrefs, 0 changed (1.0s)
    release 58: 10654 genes, 10816 xrefs, 0 changed (0.9s)
    release 59: 10654 genes, 10816 xrefs, 0 changed (1.0s)
  hordeum_vulgare_hor9972: 2 releases, 49501 genes in db
    release 61: 49501 genes, 260 xrefs, 0 changed (1.1s)
    release 62: 49501 genes, 260 xrefs, 0 changed (1.2s)
  hordeum_vulgare_igri: 2 releases, 51415 genes in db
    release 61: 51415 genes, 28 xrefs, 0 changed (1.1s)
    release 62: 51415 genes, 311 xrefs, 0 changed (1.1s)
  hordeum_vulgare_maximus: 2 releases, 50406 genes in db
    release 61: 50406 genes, 305 xrefs, 0 changed (1.0s)
    release 62: 50406 genes, 305 xrefs, 0 changed (1.0s)
  hordeum_vulgare_oun333: 2 releases, 51201 genes in db
    release 61: 51201 genes, 27 xrefs, 0 changed (1.1s)
    release 62: 51201 genes, 293 xrefs, 0 changed (1.1s)
  hordeum_vulgare_rgtplanet: 2 releases, 52080 genes in db
    release 61: 52080 genes, 1 xrefs, 0 changed (1.2s)
    release 62: 52080 genes, 351 xrefs, 0 changed (1.1s)
  hordeum_vulgare_wbdc078: 2 releases, 48446 genes in db
    release 61: 48446 genes, 220 xrefs, 0 changed (1.0s)
    release 62: 48446 genes, 220 xrefs, 0 changed (1.0s)
  hordeum_vulgare_wbdc103: 2 releases, 48007 genes in db
    release 61: 48007 genes, 23 xrefs, 0 changed (0.8s)
    release 62: 48007 genes, 206 xrefs, 0 changed (0.8s)
  hordeum_vulgare_wbdc133: 2 releases, 48310 genes in db
    release 61: 48310 genes, 2 xrefs, 0 changed (1.3s)
    release 62: 48310 genes, 202 xrefs, 0 changed (1.0s)
  hordeum_vulgare_wbdc184: 2 releases, 48389 genes in db
    release 61: 48389 genes, 24 xrefs, 0 changed (1.4s)
    release 62: 48389 genes, 252 xrefs, 0 changed (1.4s)
  hordeum_vulgare_wbdc199: 2 releases, 48284 genes in db
    release 61: 48284 genes, 212 xrefs, 0 changed (1.0s)
    release 62: 48284 genes, 212 xrefs, 0 changed (1.3s)
  hordeum_vulgare_wbdc207: 2 releases, 48480 genes in db
    release 61: 48480 genes, 2 xrefs, 0 changed (1.2s)
    release 62: 48480 genes, 200 xrefs, 0 changed (1.2s)
  hordeum_vulgare_wbdc237: 2 releases, 48479 genes in db
    release 61: 48479 genes, 221 xrefs, 0 changed (1.1s)
    release 62: 48479 genes, 221 xrefs, 0 changed (1.0s)
  hordeum_vulgare_wbdc348: 2 releases, 48355 genes in db
    release 61: 48355 genes, 1 xrefs, 0 changed (1.5s)
    release 62: 48355 genes, 237 xrefs, 0 changed (1.0s)
  denticeps_clupeoides: 18 releases, 70461 genes in db
    release 98: 35912 genes, 57703 xrefs, 21096 changed (69.0s)
    release 99: 35912 genes, 68196 xrefs, 20768 changed (74.1s)
    release 100: 32421 genes, 68311 xrefs, 4647 changed (22.4s)
    release 101: 32421 genes, 68293 xrefs, 764 changed (22.6s)
    release 102: 32421 genes, 68511 xrefs, 1013 changed (22.4s)
    release 103: 32421 genes, 68540 xrefs, 790 changed (22.8s)
    release 104: 32421 genes, 68491 xrefs, 855 changed (25.8s)
    release 105: 32421 genes, 68604 xrefs, 768 changed (22.8s)
    release 106: 32421 genes, 68595 xrefs, 608 changed (21.0s)
    release 107: 32421 genes, 68572 xrefs, 647 changed (22.2s)
    release 108: 32421 genes, 68593 xrefs, 612 changed (22.9s)
    release 109: 32421 genes, 68600 xrefs, 657 changed (22.7s)
    release 110: 32421 genes, 66725 xrefs, 5109 changed (22.8s)
    release 111: 32421 genes, 68597 xrefs, 5140 changed (23.0s)
    release 112: 34549 genes, 120117 xrefs, 2816 changed (74.4s)
    release 113: 34549 genes, 82977 xrefs, 17239 changed (6.8s)
    release 114: 34549 genes, 119713 xrefs, 17276 changed (73.0s)
    release 115: 34549 genes, 119714 xrefs, 62 changed (69.3s)
  gouania_willdenowi: 18 releases, 26832 genes in db
    release 98: 26832 genes, 42494 xrefs, 15215 changed (5.1s)
    release 99: 26832 genes, 51347 xrefs, 14161 changed (4.5s)
    release 100: 26832 genes, 51511 xrefs, 1613 changed (3.7s)
    release 101: 26832 genes, 51627 xrefs, 938 changed (3.3s)
    release 102: 26832 genes, 51865 xrefs, 1042 changed (3.2s)
    release 103: 26832 genes, 37201 xrefs, 14428 changed (2.8s)
    release 104: 26832 genes, 37201 xrefs, 0 changed (4.9s)
    release 105: 26832 genes, 37201 xrefs, 0 changed (2.8s)
    release 106: 26832 genes, 37201 xrefs, 0 changed (2.7s)
    release 107: 26832 genes, 37201 xrefs, 0 changed (2.9s)
    release 108: 26832 genes, 37201 xrefs, 0 changed (3.0s)
    release 109: 26832 genes, 37201 xrefs, 0 changed (3.1s)
    release 110: 26832 genes, 37201 xrefs, 0 changed (3.0s)
    release 111: 26832 genes, 37201 xrefs, 0 changed (3.1s)
    release 112: 26832 genes, 37201 xrefs, 0 changed (3.0s)
    release 113: 26832 genes, 85764 xrefs, 6121 changed (4.7s)
    release 114: 26832 genes, 85105 xrefs, 8780 changed (3.8s)
    release 115: 26832 genes, 85105 xrefs, 0 changed (4.3s)
  sus_scrofa_berkshire: 18 releases, 30571 genes in db
    release 98: 30571 genes, 35391 xrefs, 2630 changed (6.0s)
    release 99: 30571 genes, 25865 xrefs, 1999 changed (6.3s)
    release 100: 30571 genes, 25865 xrefs, 0 changed (6.1s)
    release 101: 30571 genes, 25865 xrefs, 0 changed (6.0s)
    release 102: 30571 genes, 25865 xrefs, 0 changed (5.7s)
    release 103: 30571 genes, 25865 xrefs, 0 changed (5.7s)
    release 104: 30571 genes, 25865 xrefs, 0 changed (7.0s)
    release 105: 30571 genes, 25865 xrefs, 0 changed (6.1s)
    release 106: 30571 genes, 25865 xrefs, 0 changed (5.9s)
    release 107: 30571 genes, 25865 xrefs, 0 changed (6.0s)
    release 108: 30571 genes, 25865 xrefs, 0 changed (5.8s)
    release 109: 30571 genes, 25865 xrefs, 0 changed (5.7s)
    release 110: 30571 genes, 25865 xrefs, 0 changed (5.5s)
    release 111: 30571 genes, 25865 xrefs, 0 changed (5.4s)
    release 112: 30571 genes, 25865 xrefs, 0 changed (5.4s)
    release 113: 30571 genes, 62813 xrefs, 3103 changed (3.4s)
    release 114: 30571 genes, 62742 xrefs, 1917 changed (3.7s)
    release 115: 30571 genes, 62742 xrefs, 0 changed (3.8s)
  sus_scrofa_hampshire: 18 releases, 30556 genes in db
    release 98: 30556 genes, 35314 xrefs, 3301 changed (5.5s)
    release 99: 30556 genes, 38173 xrefs, 1780 changed (6.0s)
    release 100: 30556 genes, 38173 xrefs, 0 changed (5.9s)
    release 101: 30556 genes, 38173 xrefs, 0 changed (6.0s)
    release 102: 30556 genes, 38173 xrefs, 0 changed (6.3s)
    release 103: 30556 genes, 38173 xrefs, 0 changed (6.3s)
    release 104: 30556 genes, 38173 xrefs, 0 changed (7.5s)
    release 105: 30556 genes, 38173 xrefs, 0 changed (6.7s)
    release 106: 30556 genes, 38173 xrefs, 0 changed (6.3s)
    release 107: 30556 genes, 38173 xrefs, 0 changed (6.3s)
    release 108: 30556 genes, 38173 xrefs, 0 changed (6.2s)
    release 109: 30556 genes, 38173 xrefs, 0 changed (6.3s)
    release 110: 30556 genes, 38173 xrefs, 0 changed (6.3s)
    release 111: 30556 genes, 38173 xrefs, 0 changed (6.2s)
    release 112: 30556 genes, 38173 xrefs, 0 changed (6.2s)
    release 113: 30556 genes, 67335 xrefs, 2789 changed (3.6s)
    release 114: 30556 genes, 67254 xrefs, 2520 changed (4.3s)
    release 115: 30556 genes, 67254 xrefs, 0 changed (4.1s)
  hordeum_vulgare_wbdc349: 2 releases, 48555 genes in db
    release 61: 48555 genes, 1 xrefs, 0 changed (2.3s)
    release 62: 48555 genes, 277 xrefs, 0 changed (1.3s)
  drosophila_takahashii_gca030179915v2rs: 1 releases, 18388 genes in db
  drosophila_tropicalis_gca018151085v1rs: 1 releases, 15662 genes in db
  drosophila_virilis_gca030788295v1rs: 1 releases, 15650 genes in db
  hordeum_vulgare_zdm01467: 2 releases, 51087 genes in db
    release 61: 51087 genes, 28 xrefs, 0 changed (1.2s)
    release 62: 51087 genes, 313 xrefs, 0 changed (1.1s)
  sphenostylis_stenocarpa: 2 releases, 31614 genes in db
    release 61: 31614 genes, 27 xrefs, 0 changed (1.0s)
    release 62: 31614 genes, 66 xrefs, 0 changed (1.4s)
  avena_byzantina_gca910574625v1cm: 1 releases, 116096 genes in db
  avena_eriantha_gca910589775v1cm: 1 releases, 39631 genes in db
    release 62: 39631 genes, 95 xrefs, 0 changed (1.1s)
  avena_insularis_gca910574615v1cm: 1 releases, 85895 genes in db
    release 62: 85895 genes, 32 xrefs, 0 changed (2.2s)
  hordeum_vulgare_zdm02064: 2 releases, 51104 genes in db
    release 61: 51104 genes, 1 xrefs, 0 changed (0.9s)
    release 62: 51104 genes, 275 xrefs, 0 changed (1.1s)
  triticum_aestivum_alchemy: 2 releases, 106786 genes in db
    release 61: 106786 genes, 118314 xrefs, 1174 changed (6.8s)
    release 62: 106786 genes, 142339 xrefs, 1174 changed (8.1s)
  anser_cygnoides: 17 releases, 19448 genes in db
    release 99: 19448 genes, 11573 xrefs, 7134 changed (1.7s)
    release 100: 19448 genes, 11574 xrefs, 71 changed (1.2s)
    release 101: 19448 genes, 11524 xrefs, 49 changed (1.8s)
    release 102: 19448 genes, 11473 xrefs, 40 changed (1.6s)
    release 103: 19448 genes, 65 xrefs, 0 changed (1.1s)
    release 104: 19448 genes, 65 xrefs, 0 changed (1.6s)
    release 105: 19448 genes, 65 xrefs, 0 changed (1.2s)
    release 106: 19448 genes, 65 xrefs, 0 changed (1.2s)
    release 107: 19448 genes, 65 xrefs, 0 changed (1.2s)
    release 108: 19448 genes, 65 xrefs, 0 changed (1.4s)
    release 109: 19448 genes, 65 xrefs, 0 changed (1.0s)
    release 110: 19448 genes, 65 xrefs, 0 changed (1.1s)
    release 111: 19448 genes, 65 xrefs, 0 changed (1.4s)
    release 112: 19448 genes, 65 xrefs, 0 changed (0.9s)
    release 113: 19448 genes, 17237 xrefs, 7264 changed (2.3s)
    release 114: 19448 genes, 11531 xrefs, 597 changed (2.1s)
    release 115: 19448 genes, 11531 xrefs, 0 changed (2.1s)
  astyanax_mexicanus_pachon: 18 releases, 25488 genes in db
    release 98: 25488 genes, 26823 xrefs, 15604 changed (2.9s)
    release 99: 25488 genes, 26810 xrefs, 14091 changed (2.8s)
    release 100: 25488 genes, 26802 xrefs, 449 changed (2.7s)
    release 101: 25488 genes, 26881 xrefs, 289 changed (2.6s)
    release 102: 25488 genes, 27159 xrefs, 364 changed (2.8s)
    release 103: 25488 genes, 10842 xrefs, 4570 changed (1.9s)
    release 104: 25488 genes, 10842 xrefs, 0 changed (3.8s)
    release 105: 25488 genes, 10842 xrefs, 0 changed (1.9s)
    release 106: 25488 genes, 10842 xrefs, 0 changed (1.9s)
    release 107: 25488 genes, 10842 xrefs, 0 changed (2.0s)
    release 108: 25488 genes, 10842 xrefs, 0 changed (2.4s)
    release 109: 25488 genes, 10842 xrefs, 0 changed (2.2s)
    release 110: 25488 genes, 10842 xrefs, 0 changed (2.4s)
    release 111: 25488 genes, 10842 xrefs, 0 changed (2.3s)
    release 112: 25488 genes, 10842 xrefs, 0 changed (2.4s)
    release 113: 25488 genes, 50569 xrefs, 7667 changed (3.2s)
    release 114: 25488 genes, 50755 xrefs, 6678 changed (3.8s)
    release 115: 25488 genes, 50755 xrefs, 0 changed (4.2s)
  parambassis_ranga: 18 releases, 28491 genes in db
    release 98: 26691 genes, 43529 xrefs, 17666 changed (2.7s)
    release 99: 26691 genes, 55415 xrefs, 16252 changed (3.8s)
    release 100: 26691 genes, 55548 xrefs, 1585 changed (3.7s)
    release 101: 26691 genes, 55675 xrefs, 1076 changed (3.7s)
    release 102: 26691 genes, 55893 xrefs, 1149 changed (3.4s)
    release 103: 26691 genes, 39999 xrefs, 15462 changed (3.0s)
    release 104: 26691 genes, 39999 xrefs, 0 changed (5.3s)
    release 105: 26691 genes, 39999 xrefs, 0 changed (2.8s)
    release 106: 26691 genes, 39999 xrefs, 0 changed (2.6s)
    release 107: 26691 genes, 39999 xrefs, 0 changed (2.5s)
    release 108: 26691 genes, 39999 xrefs, 0 changed (2.7s)
    release 109: 26691 genes, 39999 xrefs, 0 changed (3.3s)
    release 110: 26691 genes, 39999 xrefs, 0 changed (2.5s)
    release 111: 26691 genes, 39999 xrefs, 0 changed (2.4s)
    release 112: 24994 genes, 68570 xrefs, 17817 changed (3.4s)
    release 113: 24994 genes, 68560 xrefs, 565 changed (3.4s)
    release 114: 24994 genes, 58718 xrefs, 3610 changed (3.3s)
    release 115: 24994 genes, 58718 xrefs, 0 changed (3.7s)
  sus_scrofa_pietrain: 18 releases, 30567 genes in db
    release 98: 30567 genes, 34934 xrefs, 3233 changed (5.4s)
    release 99: 30567 genes, 39622 xrefs, 1699 changed (6.0s)
    release 100: 30567 genes, 39622 xrefs, 0 changed (5.8s)
    release 101: 30567 genes, 39622 xrefs, 0 changed (5.9s)
    release 102: 30567 genes, 39622 xrefs, 0 changed (5.9s)
    release 103: 30567 genes, 39622 xrefs, 0 changed (6.4s)
    release 104: 30567 genes, 39622 xrefs, 0 changed (7.0s)
    release 105: 30567 genes, 39622 xrefs, 0 changed (6.0s)
    release 106: 30567 genes, 39622 xrefs, 0 changed (6.0s)
    release 107: 30567 genes, 39622 xrefs, 0 changed (5.9s)
    release 108: 30567 genes, 39622 xrefs, 0 changed (6.0s)
    release 109: 30567 genes, 39622 xrefs, 0 changed (6.0s)
    release 110: 30567 genes, 39622 xrefs, 0 changed (5.9s)
    release 111: 30567 genes, 39622 xrefs, 0 changed (6.0s)
    release 112: 30567 genes, 39622 xrefs, 0 changed (5.7s)
    release 113: 30567 genes, 67152 xrefs, 2631 changed (3.7s)
    release 114: 30567 genes, 67018 xrefs, 2498 changed (4.3s)
    release 115: 30567 genes, 67018 xrefs, 0 changed (4.3s)
  sus_scrofa_largewhite: 18 releases, 30461 genes in db
    release 98: 30461 genes, 34748 xrefs, 2688 changed (5.0s)
    release 99: 30461 genes, 26988 xrefs, 1922 changed (5.5s)
    release 100: 30461 genes, 26988 xrefs, 0 changed (5.2s)
    release 101: 30461 genes, 26988 xrefs, 0 changed (5.4s)
    release 102: 30461 genes, 26988 xrefs, 0 changed (5.5s)
    release 103: 30461 genes, 26988 xrefs, 0 changed (5.6s)
    release 104: 30461 genes, 26988 xrefs, 0 changed (7.5s)
    release 105: 30461 genes, 26988 xrefs, 0 changed (5.6s)
    release 106: 30461 genes, 26988 xrefs, 0 changed (6.1s)
    release 107: 30461 genes, 26988 xrefs, 0 changed (5.8s)
    release 108: 30461 genes, 26988 xrefs, 0 changed (6.1s)
    release 109: 30461 genes, 26988 xrefs, 0 changed (5.8s)
    release 110: 30461 genes, 26988 xrefs, 0 changed (6.0s)
    release 111: 30461 genes, 26988 xrefs, 0 changed (6.1s)
    release 112: 30461 genes, 26988 xrefs, 0 changed (5.9s)
    release 113: 30461 genes, 62724 xrefs, 3051 changed (3.5s)
    release 114: 30461 genes, 62700 xrefs, 1979 changed (3.8s)
    release 115: 30461 genes, 62700 xrefs, 0 changed (4.1s)
  sus_scrofa_rongchang: 18 releases, 30227 genes in db
    release 98: 30227 genes, 31577 xrefs, 3329 changed (5.2s)
    release 99: 30227 genes, 31790 xrefs, 1454 changed (6.0s)
    release 100: 30227 genes, 31790 xrefs, 0 changed (5.8s)
    release 101: 30227 genes, 31790 xrefs, 0 changed (6.0s)
    release 102: 30227 genes, 31790 xrefs, 0 changed (6.0s)
    release 103: 30227 genes, 31790 xrefs, 0 changed (5.6s)
    release 104: 30227 genes, 31790 xrefs, 0 changed (7.1s)
    release 105: 30227 genes, 31790 xrefs, 0 changed (5.3s)
    release 106: 30227 genes, 31790 xrefs, 0 changed (5.6s)
    release 107: 30227 genes, 31790 xrefs, 0 changed (5.3s)
    release 108: 30227 genes, 31790 xrefs, 0 changed (5.5s)
    release 109: 30227 genes, 31790 xrefs, 0 changed (5.8s)
    release 110: 30227 genes, 31790 xrefs, 0 changed (5.5s)
    release 111: 30227 genes, 31790 xrefs, 0 changed (5.9s)
    release 112: 30227 genes, 31790 xrefs, 0 changed (6.1s)
    release 113: 30227 genes, 60711 xrefs, 2364 changed (3.1s)
    release 114: 30227 genes, 60614 xrefs, 2565 changed (3.9s)
    release 115: 30227 genes, 60614 xrefs, 0 changed (4.0s)
  sus_scrofa_wuzhishan: 18 releases, 29851 genes in db
    release 98: 29851 genes, 20444 xrefs, 2206 changed (5.0s)
    release 99: 29851 genes, 22542 xrefs, 935 changed (5.8s)
    release 100: 29851 genes, 22542 xrefs, 0 changed (5.7s)
    release 101: 29851 genes, 22542 xrefs, 0 changed (6.8s)
    release 102: 29851 genes, 22542 xrefs, 0 changed (5.7s)
    release 103: 29851 genes, 22542 xrefs, 0 changed (12.6s)
    release 104: 29851 genes, 22542 xrefs, 0 changed (15.9s)
    release 105: 29851 genes, 22542 xrefs, 0 changed (13.4s)
    release 106: 29851 genes, 22542 xrefs, 0 changed (11.9s)
    release 107: 29851 genes, 22542 xrefs, 0 changed (7.9s)
    release 108: 29851 genes, 22542 xrefs, 0 changed (6.1s)
    release 109: 29851 genes, 22542 xrefs, 0 changed (5.8s)
    release 110: 29851 genes, 22542 xrefs, 0 changed (6.5s)
    release 111: 29851 genes, 22542 xrefs, 0 changed (8.5s)
    release 112: 29851 genes, 22542 xrefs, 0 changed (9.2s)
    release 113: 29851 genes, 40490 xrefs, 1912 changed (5.9s)
    release 114: 29851 genes, 40582 xrefs, 2075 changed (5.9s)
    release 115: 29851 genes, 40582 xrefs, 0 changed (6.7s)
  sus_scrofa_landrace: 18 releases, 27518 genes in db
    release 98: 27518 genes, 34561 xrefs, 3258 changed (11.2s)
    release 99: 27518 genes, 39100 xrefs, 1659 changed (11.8s)
    release 100: 27518 genes, 39100 xrefs, 0 changed (12.2s)
    release 101: 27518 genes, 39100 xrefs, 0 changed (13.1s)
    release 102: 27518 genes, 39100 xrefs, 0 changed (11.7s)
    release 103: 27518 genes, 39100 xrefs, 0 changed (8.5s)
    release 104: 27518 genes, 39100 xrefs, 0 changed (8.0s)
    release 105: 27518 genes, 39100 xrefs, 0 changed (7.2s)
    release 106: 27518 genes, 39100 xrefs, 0 changed (9.3s)
    release 107: 27518 genes, 39100 xrefs, 0 changed (11.1s)
    release 108: 27518 genes, 39100 xrefs, 0 changed (9.4s)
    release 109: 27518 genes, 39100 xrefs, 0 changed (10.3s)
    release 110: 27518 genes, 39100 xrefs, 0 changed (11.8s)
    release 111: 27518 genes, 39100 xrefs, 0 changed (12.2s)
    release 112: 27518 genes, 39100 xrefs, 0 changed (13.3s)
    release 113: 27518 genes, 66802 xrefs, 2614 changed (8.5s)
    release 114: 27518 genes, 66646 xrefs, 2522 changed (7.9s)
    release 115: 27518 genes, 66646 xrefs, 0 changed (8.0s)
  hordeum_vulgare_hor3081: 2 releases, 51038 genes in db
    release 61: 51038 genes, 6 xrefs, 0 changed (2.0s)
    release 62: 51038 genes, 306 xrefs, 0 changed (1.6s)
  eufriesea_mexicana_gca001483705v2rs: 1 releases, 11090 genes in db
  aedes_aegypti_lvpagwg: 17 releases, 19813 genes in db
    release 46: 19763 genes, 42406 xrefs, 343 changed (3.0s)
    release 47: 19763 genes, 42406 xrefs, 0 changed (2.9s)
    release 48: 19763 genes, 42406 xrefs, 1 changed (3.3s)
    release 49: 19763 genes, 42406 xrefs, 0 changed (3.0s)
    release 50: 19763 genes, 42406 xrefs, 0 changed (2.9s)
    release 51: 19804 genes, 42360 xrefs, 343 changed (3.9s)
    release 52: 19804 genes, 42360 xrefs, 0 changed (3.4s)
    release 53: 19804 genes, 42360 xrefs, 0 changed (3.6s)
    release 54: 19804 genes, 42360 xrefs, 0 changed (4.2s)
    release 55: 19804 genes, 42360 xrefs, 0 changed (4.7s)
    release 56: 19804 genes, 42360 xrefs, 0 changed (4.0s)
    release 57: 19804 genes, 42360 xrefs, 0 changed (3.8s)
    release 58: 19804 genes, 42360 xrefs, 0 changed (5.7s)
    release 59: 19804 genes, 42360 xrefs, 0 changed (4.8s)
  anopheles_albimanus: 15 releases, 13186 genes in db
    release 46: 12504 genes, 601 xrefs, 0 changed (1.2s)
    release 47: 12504 genes, 601 xrefs, 0 changed (1.5s)
    release 48: 12504 genes, 601 xrefs, 0 changed (2.2s)
    release 49: 12504 genes, 601 xrefs, 0 changed (1.4s)
    release 50: 12504 genes, 601 xrefs, 0 changed (1.7s)
    release 51: 12501 genes, 560 xrefs, 0 changed (2.3s)
    release 52: 12501 genes, 560 xrefs, 0 changed (1.3s)
    release 53: 12501 genes, 560 xrefs, 0 changed (1.5s)
    release 54: 12501 genes, 560 xrefs, 0 changed (1.4s)
    release 55: 12501 genes, 560 xrefs, 0 changed (1.7s)
    release 56: 12501 genes, 560 xrefs, 0 changed (1.5s)
    release 57: 12501 genes, 560 xrefs, 0 changed (1.8s)
    release 58: 12501 genes, 560 xrefs, 0 changed (2.3s)
    release 59: 12501 genes, 560 xrefs, 0 changed (1.8s)
  helicoverpa_armigera_gca030705265v1rs: 1 releases, 16926 genes in db
  dictyostelium_discoideum: 58 releases, 13894 genes in db
    release 12: 13865 genes, 3756 xrefs, 0 changed (3.5s)
    release 13: 13865 genes, 3756 xrefs, 0 changed (3.0s)
    release 14: 13865 genes, 3756 xrefs, 0 changed (2.9s)
    release 15: 13865 genes, 3756 xrefs, 0 changed (3.0s)
    release 16: 13865 genes, 3756 xrefs, 0 changed (2.8s)
    release 17: 13865 genes, 3756 xrefs, 0 changed (3.0s)
    release 18: 13865 genes, 3756 xrefs, 0 changed (2.6s)
    release 19: 13865 genes, 3756 xrefs, 0 changed (2.7s)
    release 20: 13865 genes, 3756 xrefs, 0 changed (2.3s)
    release 21: 13865 genes, 3754 xrefs, 0 changed (2.1s)
    release 22: 13865 genes, 3754 xrefs, 0 changed (2.3s)
    release 23: 13865 genes, 3754 xrefs, 0 changed (2.2s)
    release 24: 13865 genes, 3754 xrefs, 0 changed (1.7s)
    release 25: 13865 genes, 3754 xrefs, 0 changed (1.7s)
    release 26: 13865 genes, 3754 xrefs, 0 changed (1.6s)
    release 27: 13865 genes, 3754 xrefs, 0 changed (1.5s)
    release 28: 13865 genes, 3754 xrefs, 0 changed (1.5s)
    release 29: 13865 genes, 3754 xrefs, 0 changed (1.4s)
    release 30: 13865 genes, 3754 xrefs, 0 changed (1.2s)
    release 31: 13865 genes, 3754 xrefs, 0 changed (1.2s)
    release 32: 13729 genes, 22508 xrefs, 0 changed (2.2s)
    release 33: 13729 genes, 22508 xrefs, 0 changed (2.1s)
    release 34: 13729 genes, 22508 xrefs, 0 changed (2.1s)
    release 35: 13729 genes, 22508 xrefs, 0 changed (2.2s)
    release 36: 13729 genes, 22508 xrefs, 0 changed (2.3s)
    release 37: 13731 genes, 22510 xrefs, 0 changed (2.3s)
    release 38: 13731 genes, 22510 xrefs, 0 changed (2.6s)
    release 39: 13731 genes, 22510 xrefs, 0 changed (3.2s)
    release 40: 13731 genes, 22510 xrefs, 0 changed (3.5s)
    release 41: 13731 genes, 22510 xrefs, 0 changed (2.7s)
    release 42: 13731 genes, 22510 xrefs, 0 changed (2.6s)
    release 43: 13731 genes, 22510 xrefs, 0 changed (3.2s)
    release 44: 13731 genes, 22510 xrefs, 0 changed (3.4s)
    release 45: 13731 genes, 22510 xrefs, 0 changed (3.2s)
    release 46: 13731 genes, 22510 xrefs, 0 changed (3.5s)
    release 47: 13731 genes, 22510 xrefs, 0 changed (3.5s)
    release 48: 13731 genes, 22510 xrefs, 0 changed (3.5s)
    release 49: 13731 genes, 22510 xrefs, 0 changed (3.0s)
    release 50: 13731 genes, 22510 xrefs, 0 changed (3.2s)
    release 51: 13731 genes, 22510 xrefs, 0 changed (4.5s)
    release 52: 13731 genes, 22510 xrefs, 0 changed (3.2s)
    release 53: 13731 genes, 22510 xrefs, 0 changed (3.7s)
    release 54: 13731 genes, 22510 xrefs, 0 changed (3.4s)
    release 55: 13731 genes, 22510 xrefs, 0 changed (3.6s)
    release 56: 13731 genes, 22510 xrefs, 0 changed (3.3s)
    release 57: 13731 genes, 22510 xrefs, 0 changed (3.9s)
    release 58: 13731 genes, 22510 xrefs, 0 changed (4.7s)
    release 59: 13731 genes, 22510 xrefs, 0 changed (4.5s)
    release 60: 13731 genes, 22510 xrefs, 0 changed (3.9s)
    release 61: 13731 genes, 22510 xrefs, 0 changed (6.2s)
    release 62: 13731 genes, 22510 xrefs, 0 changed (4.1s)
  vitis_vinifera: 58 releases, 186041 genes in db
    release 12: 29971 genes, 47330 xrefs, 16843 changed (11.6s)
    release 13: 29971 genes, 47330 xrefs, 0 changed (12.0s)
    release 14: 29971 genes, 47330 xrefs, 0 changed (14.6s)
    release 15: 29971 genes, 47330 xrefs, 0 changed (14.7s)
    release 16: 29971 genes, 47330 xrefs, 0 changed (13.2s)
    release 17: 29971 genes, 47330 xrefs, 17051 changed (12.5s)
    release 18: 29971 genes, 78412 xrefs, 3920 changed (9.6s)
    release 19: 29971 genes, 78412 xrefs, 0 changed (10.0s)
    release 20: 29971 genes, 78412 xrefs, 0 changed (7.4s)
    release 21: 29971 genes, 78521 xrefs, 116 changed (7.2s)
    release 22: 29971 genes, 78035 xrefs, 404 changed (7.0s)
    release 23: 29971 genes, 81145 xrefs, 3090 changed (7.2s)
    release 24: 29971 genes, 81145 xrefs, 0 changed (7.8s)
    release 25: 29971 genes, 81145 xrefs, 0 changed (9.6s)
    release 26: 29971 genes, 81145 xrefs, 0 changed (12.7s)
    release 27: 29971 genes, 81149 xrefs, 3 changed (12.8s)
    release 28: 29971 genes, 81149 xrefs, 0 changed (11.5s)
    release 29: 29971 genes, 81149 xrefs, 0 changed (11.6s)
    release 30: 29971 genes, 81149 xrefs, 0 changed (11.9s)
    release 31: 29971 genes, 81706 xrefs, 0 changed (10.9s)
    release 32: 29971 genes, 81706 xrefs, 0 changed (8.0s)
    release 33: 29971 genes, 81706 xrefs, 0 changed (7.3s)
    release 34: 29971 genes, 81703 xrefs, 0 changed (7.3s)
    release 35: 29971 genes, 81703 xrefs, 0 changed (7.3s)
    release 36: 29971 genes, 83109 xrefs, 1344 changed (6.9s)
    release 37: 30609 genes, 83211 xrefs, 79 changed (7.7s)
    release 38: 30609 genes, 83191 xrefs, 65 changed (8.7s)
    release 39: 30609 genes, 80297 xrefs, 3121 changed (9.0s)
    release 40: 30609 genes, 80310 xrefs, 50 changed (10.1s)
    release 41: 30661 genes, 80464 xrefs, 48 changed (9.7s)
    release 42: 30661 genes, 80122 xrefs, 1 changed (9.9s)
    release 43: 30661 genes, 80122 xrefs, 0 changed (9.5s)
    release 44: 30661 genes, 80122 xrefs, 0 changed (9.1s)
    release 45: 30661 genes, 80122 xrefs, 0 changed (9.7s)
    release 46: 30661 genes, 80122 xrefs, 0 changed (9.1s)
    release 47: 30661 genes, 80122 xrefs, 0 changed (7.9s)
    release 48: 30661 genes, 80122 xrefs, 0 changed (7.3s)
    release 49: 30661 genes, 80224 xrefs, 0 changed (7.1s)
    release 50: 30661 genes, 80224 xrefs, 0 changed (8.9s)
    release 51: 30661 genes, 80224 xrefs, 0 changed (13.5s)
    release 52: 30661 genes, 80224 xrefs, 0 changed (11.3s)
    release 53: 35134 genes, 11176 xrefs, 11197 changed (8.2s)
    release 54: 35134 genes, 11176 xrefs, 0 changed (6.9s)
    release 55: 35134 genes, 11176 xrefs, 0 changed (7.4s)
    release 56: 35134 genes, 11176 xrefs, 0 changed (7.4s)
    release 57: 35134 genes, 11176 xrefs, 0 changed (7.5s)
    release 58: 35134 genes, 11176 xrefs, 0 changed (8.1s)
    release 59: 35134 genes, 11176 xrefs, 0 changed (7.3s)
    release 60: 35134 genes, 55090 xrefs, 14853 changed (7.0s)
    release 61: 37480 genes, 75315 xrefs, 17200 changed (7.2s)
    release 62: 37480 genes, 75315 xrefs, 563 changed (5.6s)
  zea_mays: 56 releases, 201445 genes in db
    release 12: 110185 genes, 1404 xrefs, 0 changed (11.1s)
    release 13: 110185 genes, 1404 xrefs, 0 changed (12.1s)
    release 14: 110185 genes, 1404 xrefs, 0 changed (13.2s)
    release 15: 110185 genes, 1404 xrefs, 0 changed (11.3s)
    release 16: 110185 genes, 1404 xrefs, 0 changed (11.9s)
    release 17: 110185 genes, 1404 xrefs, 0 changed (10.5s)
    release 18: 110467 genes, 67789 xrefs, 14390 changed (16.4s)
    release 19: 110467 genes, 67789 xrefs, 0 changed (11.1s)
    release 20: 110467 genes, 67789 xrefs, 0 changed (10.1s)
    release 21: 110467 genes, 67789 xrefs, 0 changed (11.7s)
    release 22: 39791 genes, 58405 xrefs, 1343 changed (14.7s)
    release 23: 39625 genes, 58405 xrefs, 0 changed (13.9s)
    release 24: 39625 genes, 58405 xrefs, 0 changed (11.8s)
    release 25: 39625 genes, 58405 xrefs, 0 changed (11.3s)
    release 26: 39625 genes, 58405 xrefs, 0 changed (9.9s)
    release 27: 39625 genes, 58446 xrefs, 78 changed (12.0s)
    release 28: 39625 genes, 58446 xrefs, 0 changed (11.6s)
    release 29: 39625 genes, 58446 xrefs, 0 changed (10.6s)
    release 30: 39625 genes, 58446 xrefs, 0 changed (7.7s)
    release 31: 39625 genes, 59050 xrefs, 0 changed (8.0s)
    release 32: 44300 genes, 333 xrefs, 154 changed (4.7s)
    release 33: 44474 genes, 850 xrefs, 230 changed (5.5s)
    release 34: 44474 genes, 850 xrefs, 0 changed (5.6s)
    release 35: 44474 genes, 62476 xrefs, 19335 changed (9.5s)
    release 36: 44474 genes, 63890 xrefs, 528 changed (12.6s)
    release 37: 46335 genes, 63093 xrefs, 1396 changed (17.1s)
    release 38: 46272 genes, 63672 xrefs, 5443 changed (18.1s)
    release 39: 46272 genes, 63548 xrefs, 477 changed (17.5s)
    release 40: 46272 genes, 63194 xrefs, 661 changed (18.1s)
    release 41: 46430 genes, 63337 xrefs, 287 changed (13.1s)
    release 42: 46430 genes, 62629 xrefs, 856 changed (14.6s)
    release 43: 46430 genes, 62629 xrefs, 0 changed (18.6s)
    release 44: 46430 genes, 62672 xrefs, 0 changed (23.7s)
    release 45: 46430 genes, 62672 xrefs, 0 changed (21.4s)
    release 46: 46430 genes, 62672 xrefs, 0 changed (22.2s)
    release 47: 46430 genes, 62672 xrefs, 0 changed (18.0s)
    release 48: 46430 genes, 62672 xrefs, 0 changed (13.2s)
    release 49: 46430 genes, 62672 xrefs, 0 changed (15.0s)
    release 50: 46430 genes, 62672 xrefs, 0 changed (16.7s)
    release 51: 44303 genes, 16528 xrefs, 16618 changed (15.1s)
    release 52: 44303 genes, 17560 xrefs, 85 changed (9.4s)
    release 53: 44303 genes, 17560 xrefs, 0 changed (11.7s)
    release 54: 44303 genes, 17560 xrefs, 0 changed (10.7s)
    release 55: 44303 genes, 17560 xrefs, 0 changed (10.4s)
    release 56: 44303 genes, 17560 xrefs, 0 changed (9.5s)
    release 57: 44303 genes, 17560 xrefs, 0 changed (10.3s)
    release 58: 44303 genes, 17560 xrefs, 0 changed (7.4s)
    release 59: 44303 genes, 17560 xrefs, 0 changed (6.8s)
    release 60: 44303 genes, 105053 xrefs, 20655 changed (7.6s)
    release 61: 44303 genes, 129073 xrefs, 12520 changed (10.4s)
    release 62: 44303 genes, 129073 xrefs, 0 changed (11.2s)
  entamoeba_histolytica: 49 releases, 8401 genes in db
    release 14: 8401 genes, 16349 xrefs, 976 changed (3.2s)
    release 15: 8401 genes, 16349 xrefs, 0 changed (3.1s)
    release 16: 8401 genes, 16349 xrefs, 0 changed (3.1s)
    release 17: 8401 genes, 16349 xrefs, 4 changed (3.9s)
    release 18: 8401 genes, 16349 xrefs, 0 changed (3.3s)
    release 19: 8401 genes, 16349 xrefs, 0 changed (3.4s)
    release 20: 8401 genes, 16349 xrefs, 0 changed (3.4s)
    release 21: 8401 genes, 16349 xrefs, 0 changed (3.2s)
    release 22: 8401 genes, 16349 xrefs, 0 changed (3.3s)
    release 23: 8401 genes, 16349 xrefs, 0 changed (3.4s)
    release 24: 8401 genes, 16349 xrefs, 0 changed (3.3s)
    release 25: 8401 genes, 16349 xrefs, 0 changed (2.6s)
    release 26: 8401 genes, 16349 xrefs, 0 changed (3.0s)
    release 27: 8401 genes, 16349 xrefs, 0 changed (3.1s)
    release 28: 8401 genes, 16349 xrefs, 0 changed (3.3s)
    release 29: 8401 genes, 16349 xrefs, 0 changed (2.8s)
    release 30: 8401 genes, 16349 xrefs, 0 changed (3.1s)
    release 31: 8401 genes, 16349 xrefs, 0 changed (3.1s)
    release 32: 8401 genes, 16349 xrefs, 0 changed (3.0s)
    release 33: 8401 genes, 16349 xrefs, 0 changed (2.6s)
    release 34: 8401 genes, 16349 xrefs, 0 changed (2.6s)
    release 35: 8401 genes, 16349 xrefs, 0 changed (2.8s)
    release 36: 8401 genes, 16349 xrefs, 0 changed (3.4s)
    release 37: 8400 genes, 16349 xrefs, 0 changed (2.3s)
    release 38: 8400 genes, 16349 xrefs, 0 changed (1.6s)
    release 39: 8400 genes, 16349 xrefs, 0 changed (1.6s)
    release 40: 8400 genes, 16349 xrefs, 0 changed (1.5s)
    release 41: 8400 genes, 16349 xrefs, 0 changed (1.7s)
    release 42: 8400 genes, 16349 xrefs, 0 changed (1.6s)
    release 43: 8400 genes, 16349 xrefs, 0 changed (1.4s)
    release 44: 8400 genes, 16349 xrefs, 0 changed (1.6s)
    release 45: 8400 genes, 16349 xrefs, 0 changed (1.5s)
    release 46: 8400 genes, 16435 xrefs, 86 changed (1.3s)
    release 47: 8400 genes, 16435 xrefs, 0 changed (1.4s)
    release 48: 8400 genes, 16435 xrefs, 0 changed (1.5s)
    release 49: 8400 genes, 16435 xrefs, 0 changed (1.6s)
    release 50: 8400 genes, 16435 xrefs, 0 changed (1.6s)
    release 51: 8400 genes, 16435 xrefs, 0 changed (1.9s)
    release 52: 8400 genes, 16435 xrefs, 0 changed (2.2s)
    release 53: 8400 genes, 16435 xrefs, 0 changed (2.1s)
    release 54: 8400 genes, 16434 xrefs, 61 changed (2.5s)
    release 55: 8400 genes, 16434 xrefs, 0 changed (2.5s)
    release 56: 8400 genes, 16434 xrefs, 0 changed (1.9s)
    release 57: 8400 genes, 16434 xrefs, 0 changed (2.3s)
    release 58: 8400 genes, 16434 xrefs, 0 changed (2.7s)
    release 59: 8400 genes, 16434 xrefs, 0 changed (2.3s)
    release 60: 8400 genes, 16434 xrefs, 0 changed (2.8s)
    release 61: 8400 genes, 16421 xrefs, 48 changed (2.8s)
    release 62: 8400 genes, 16421 xrefs, 0 changed (3.4s)
  brachypodium_distachyon: 58 releases, 62937 genes in db
    release 12: 26552 genes, 26611 xrefs, 5706 changed (4.1s)
    release 13: 26552 genes, 26611 xrefs, 0 changed (4.3s)
    release 14: 26552 genes, 26611 xrefs, 0 changed (4.5s)
    release 15: 26552 genes, 26611 xrefs, 0 changed (4.6s)
    release 16: 26552 genes, 26611 xrefs, 0 changed (4.3s)
    release 17: 26552 genes, 26611 xrefs, 0 changed (4.4s)
    release 18: 26552 genes, 26611 xrefs, 0 changed (3.4s)
    release 19: 26552 genes, 26611 xrefs, 0 changed (3.9s)
    release 20: 26552 genes, 26611 xrefs, 0 changed (4.3s)
    release 21: 26552 genes, 92765 xrefs, 19659 changed (8.1s)
    release 22: 26552 genes, 66257 xrefs, 102 changed (5.6s)
    release 23: 26552 genes, 66257 xrefs, 0 changed (5.3s)
    release 24: 26552 genes, 66257 xrefs, 0 changed (5.0s)
    release 25: 26552 genes, 66257 xrefs, 0 changed (4.9s)
    release 26: 26552 genes, 66257 xrefs, 0 changed (6.6s)
    release 27: 26552 genes, 66257 xrefs, 11 changed (7.4s)
    release 28: 26552 genes, 66257 xrefs, 0 changed (6.9s)
    release 29: 26552 genes, 66257 xrefs, 0 changed (7.4s)
    release 30: 26552 genes, 66257 xrefs, 0 changed (8.5s)
    release 31: 26552 genes, 40315 xrefs, 0 changed (6.7s)
    release 32: 26552 genes, 40315 xrefs, 0 changed (8.0s)
    release 33: 26552 genes, 40315 xrefs, 0 changed (7.7s)
    release 34: 26552 genes, 40312 xrefs, 0 changed (6.9s)
    release 35: 26552 genes, 40312 xrefs, 0 changed (6.5s)
    release 36: 26552 genes, 41969 xrefs, 1509 changed (6.9s)
    release 37: 27550 genes, 42058 xrefs, 84 changed (8.2s)
    release 38: 27830 genes, 43565 xrefs, 1328 changed (7.3s)
    release 39: 27830 genes, 42616 xrefs, 1159 changed (5.3s)
    release 40: 34310 genes, 40672 xrefs, 19182 changed (6.3s)
    release 41: 35125 genes, 40763 xrefs, 144 changed (6.2s)
    release 42: 35125 genes, 41435 xrefs, 255 changed (7.8s)
    release 43: 35125 genes, 41435 xrefs, 0 changed (8.2s)
    release 44: 35125 genes, 41435 xrefs, 0 changed (8.2s)
    release 45: 35125 genes, 41435 xrefs, 0 changed (10.4s)
    release 46: 35125 genes, 41435 xrefs, 0 changed (11.6s)
    release 47: 35125 genes, 41435 xrefs, 0 changed (11.8s)
    release 48: 35125 genes, 41435 xrefs, 0 changed (10.8s)
    release 49: 35125 genes, 41550 xrefs, 0 changed (11.2s)
    release 50: 35125 genes, 41550 xrefs, 0 changed (10.7s)
    release 51: 35125 genes, 41550 xrefs, 0 changed (13.2s)
    release 52: 35125 genes, 41550 xrefs, 0 changed (8.8s)
    release 53: 35125 genes, 41550 xrefs, 0 changed (7.2s)
    release 54: 35125 genes, 41550 xrefs, 0 changed (7.1s)
    release 55: 35125 genes, 41550 xrefs, 0 changed (8.1s)
    release 56: 35125 genes, 41550 xrefs, 0 changed (10.5s)
    release 57: 35125 genes, 41550 xrefs, 0 changed (9.7s)
    release 58: 35125 genes, 41550 xrefs, 0 changed (10.6s)
    release 59: 35125 genes, 41550 xrefs, 0 changed (10.5s)
    release 60: 35125 genes, 106947 xrefs, 20519 changed (12.6s)
    release 61: 35125 genes, 127935 xrefs, 10508 changed (10.5s)
    release 62: 35125 genes, 127935 xrefs, 0 changed (11.2s)
  lupinus_angustifolius: 25 releases, 36155 genes in db
    release 38: 14669 genes, 16406 xrefs, 7072 changed (4.8s)
    release 39: 14669 genes, 17109 xrefs, 122 changed (4.2s)
    release 40: 14669 genes, 17109 xrefs, 117 changed (3.4s)
    release 41: 16453 genes, 17234 xrefs, 159 changed (3.1s)
    release 42: 35170 genes, 17190 xrefs, 404 changed (4.5s)
    release 43: 35170 genes, 17190 xrefs, 0 changed (4.5s)
    release 44: 35170 genes, 17190 xrefs, 0 changed (4.6s)
    release 45: 35170 genes, 17190 xrefs, 0 changed (4.6s)
    release 46: 35170 genes, 17190 xrefs, 0 changed (4.7s)
    release 47: 35170 genes, 17190 xrefs, 0 changed (5.4s)
    release 48: 35170 genes, 17190 xrefs, 0 changed (5.3s)
    release 49: 35170 genes, 17190 xrefs, 0 changed (5.4s)
    release 50: 35170 genes, 17190 xrefs, 0 changed (5.5s)
    release 51: 35170 genes, 17190 xrefs, 0 changed (9.1s)
    release 52: 35170 genes, 17190 xrefs, 0 changed (7.2s)
    release 53: 35170 genes, 17190 xrefs, 0 changed (7.7s)
    release 54: 35170 genes, 17190 xrefs, 0 changed (7.4s)
    release 55: 35170 genes, 17190 xrefs, 0 changed (8.1s)
    release 56: 35170 genes, 17190 xrefs, 0 changed (6.9s)
    release 57: 35170 genes, 17190 xrefs, 0 changed (7.0s)
    release 58: 35170 genes, 17190 xrefs, 0 changed (7.1s)
    release 59: 35170 genes, 17190 xrefs, 0 changed (5.5s)
    release 60: 35170 genes, 15124 xrefs, 6901 changed (7.1s)
    release 61: 35170 genes, 44564 xrefs, 14675 changed (5.6s)
    release 62: 35170 genes, 29632 xrefs, 2551 changed (4.8s)
  medicago_truncatula: 45 releases, 123077 genes in db
    release 18: 46012 genes, 152851 xrefs, 5104 changed (12.5s)
    release 19: 46012 genes, 152851 xrefs, 0 changed (14.1s)
    release 20: 46012 genes, 152851 xrefs, 0 changed (15.7s)
    release 21: 46012 genes, 153295 xrefs, 701 changed (16.9s)
    release 22: 46012 genes, 152985 xrefs, 299 changed (18.1s)
    release 23: 46012 genes, 108967 xrefs, 1979 changed (11.1s)
    release 24: 45994 genes, 108967 xrefs, 0 changed (10.8s)
    release 25: 45994 genes, 108967 xrefs, 0 changed (8.5s)
    release 26: 54073 genes, 81034 xrefs, 4648 changed (6.4s)
    release 27: 54073 genes, 81068 xrefs, 34 changed (6.3s)
    release 28: 54073 genes, 81068 xrefs, 0 changed (7.4s)
    release 29: 54073 genes, 81068 xrefs, 0 changed (8.5s)
    release 30: 54073 genes, 81068 xrefs, 0 changed (8.6s)
    release 31: 54073 genes, 81599 xrefs, 0 changed (9.0s)
    release 32: 54073 genes, 81599 xrefs, 0 changed (10.3s)
    release 33: 54073 genes, 81599 xrefs, 0 changed (10.1s)
    release 34: 54073 genes, 81596 xrefs, 0 changed (10.0s)
    release 35: 54073 genes, 81596 xrefs, 0 changed (9.5s)
    release 36: 51519 genes, 132825 xrefs, 50412 changed (11.0s)
    release 37: 52918 genes, 133073 xrefs, 759 changed (11.3s)
    release 38: 52918 genes, 133137 xrefs, 995 changed (8.9s)
    release 39: 52918 genes, 133023 xrefs, 439 changed (8.5s)
    release 40: 52918 genes, 133026 xrefs, 913 changed (8.8s)
    release 41: 52847 genes, 105960 xrefs, 27348 changed (9.0s)
    release 42: 52847 genes, 104163 xrefs, 193 changed (11.1s)
    release 43: 52847 genes, 104163 xrefs, 0 changed (11.6s)
    release 44: 52847 genes, 104163 xrefs, 0 changed (12.1s)
    release 45: 52847 genes, 104163 xrefs, 0 changed (11.1s)
    release 46: 52847 genes, 104163 xrefs, 0 changed (12.3s)
    release 47: 52847 genes, 104163 xrefs, 0 changed (11.6s)
    release 48: 52847 genes, 104163 xrefs, 0 changed (11.5s)
    release 49: 52847 genes, 104163 xrefs, 0 changed (8.7s)
    release 50: 52847 genes, 104163 xrefs, 0 changed (8.9s)
    release 51: 52847 genes, 104163 xrefs, 0 changed (10.9s)
    release 52: 52847 genes, 104163 xrefs, 0 changed (10.1s)
    release 53: 52847 genes, 104163 xrefs, 0 changed (11.1s)
    release 54: 52847 genes, 104163 xrefs, 0 changed (12.5s)
    release 55: 52847 genes, 104163 xrefs, 0 changed (12.8s)
    release 56: 52847 genes, 104163 xrefs, 0 changed (12.0s)
    release 57: 52847 genes, 104163 xrefs, 0 changed (12.4s)
    release 58: 52847 genes, 104163 xrefs, 0 changed (12.7s)
    release 59: 50739 genes, 95974 xrefs, 13548 changed (6.7s)
    release 60: 50739 genes, 95975 xrefs, 9 changed (6.0s)
    release 61: 50739 genes, 117366 xrefs, 10827 changed (6.8s)
    release 62: 50739 genes, 117366 xrefs, 234 changed (7.1s)
  oryza_sativa: 58 releases, 204036 genes in db
    release 12: 58058 genes, 65110 xrefs, 0 changed (48.2s)
    release 13: 58058 genes, 65110 xrefs, 0 changed (40.8s)
    release 14: 58058 genes, 65110 xrefs, 0 changed (27.8s)
    release 15: 58058 genes, 65110 xrefs, 0 changed (43.9s)
    release 16: 58058 genes, 65110 xrefs, 0 changed (40.2s)
    release 17: 58058 genes, 65110 xrefs, 0 changed (29.9s)
    release 18: 58058 genes, 58720 xrefs, 0 changed (35.4s)
    release 19: 58058 genes, 58720 xrefs, 0 changed (37.7s)
    release 20: 91183 genes, 186733 xrefs, 37633 changed (15.7s)
    release 21: 91180 genes, 289138 xrefs, 5974 changed (15.4s)
    release 22: 91180 genes, 267604 xrefs, 15416 changed (16.1s)
    release 23: 91180 genes, 267603 xrefs, 0 changed (17.6s)
    release 24: 91080 genes, 267403 xrefs, 0 changed (19.9s)
    release 25: 91080 genes, 267403 xrefs, 0 changed (21.2s)
    release 26: 91080 genes, 267403 xrefs, 0 changed (20.6s)
    release 27: 91080 genes, 267712 xrefs, 342 changed (14.4s)
    release 28: 91080 genes, 267712 xrefs, 0 changed (18.2s)
    release 29: 91080 genes, 267712 xrefs, 0 changed (19.8s)
    release 30: 91080 genes, 267712 xrefs, 0 changed (19.3s)
    release 31: 91080 genes, 244314 xrefs, 12718 changed (21.0s)
    release 32: 91080 genes, 230314 xrefs, 12906 changed (19.4s)
    release 33: 91080 genes, 230314 xrefs, 0 changed (16.3s)
    release 34: 91080 genes, 230314 xrefs, 0 changed (16.7s)
    release 35: 91080 genes, 230314 xrefs, 0 changed (20.1s)
    release 36: 91080 genes, 232622 xrefs, 2129 changed (21.9s)
    release 37: 91992 genes, 232776 xrefs, 222 changed (19.7s)
    release 38: 90162 genes, 124033 xrefs, 16665 changed (14.6s)
    release 39: 90162 genes, 138671 xrefs, 9300 changed (12.9s)
    release 40: 90162 genes, 139001 xrefs, 573 changed (10.6s)
    release 41: 36851 genes, 32494 xrefs, 199 changed (6.6s)
    release 42: 36845 genes, 32178 xrefs, 459 changed (6.6s)
    release 43: 38866 genes, 16535 xrefs, 6611 changed (6.8s)
    release 44: 38866 genes, 26802 xrefs, 6676 changed (7.1s)
    release 45: 38978 genes, 25904 xrefs, 0 changed (8.0s)
    release 46: 38978 genes, 61611 xrefs, 19010 changed (8.5s)
    release 47: 38978 genes, 62224 xrefs, 1132 changed (10.2s)
    release 48: 38978 genes, 62224 xrefs, 0 changed (9.7s)
    release 49: 38978 genes, 63288 xrefs, 2 changed (10.5s)
    release 50: 38978 genes, 63288 xrefs, 0 changed (10.4s)
    release 51: 38978 genes, 63288 xrefs, 0 changed (12.1s)
    release 52: 38978 genes, 63288 xrefs, 0 changed (9.0s)
    release 53: 38978 genes, 63288 xrefs, 0 changed (6.8s)
    release 54: 38978 genes, 63288 xrefs, 0 changed (6.7s)
    release 55: 38978 genes, 63288 xrefs, 0 changed (6.4s)
    release 56: 38978 genes, 63288 xrefs, 0 changed (6.7s)
    release 57: 38993 genes, 26329 xrefs, 1066 changed (8.9s)
    release 58: 38993 genes, 26329 xrefs, 0 changed (8.6s)
    release 59: 38993 genes, 26329 xrefs, 0 changed (8.3s)
    release 60: 38993 genes, 79313 xrefs, 21202 changed (11.2s)
    release 61: 38993 genes, 95168 xrefs, 7893 changed (12.6s)
    release 62: 38993 genes, 95168 xrefs, 0 changed (13.6s)
  ostreococcus_lucimarinus: 26 releases, 7664 genes in db
    release 37: 7664 genes, 12490 xrefs, 7592 changed (2.8s)
    release 38: 7664 genes, 12488 xrefs, 23 changed (3.0s)
    release 39: 7664 genes, 12652 xrefs, 0 changed (2.9s)
    release 40: 7664 genes, 12652 xrefs, 18 changed (2.8s)
    release 41: 7664 genes, 12652 xrefs, 141 changed (3.1s)
    release 42: 7664 genes, 12614 xrefs, 68 changed (3.0s)
    release 43: 7664 genes, 12614 xrefs, 0 changed (2.6s)
    release 44: 7664 genes, 12614 xrefs, 0 changed (2.9s)
    release 45: 7664 genes, 12614 xrefs, 0 changed (1.9s)
    release 46: 7664 genes, 12614 xrefs, 0 changed (1.6s)
    release 47: 7664 genes, 12614 xrefs, 0 changed (1.6s)
    release 48: 7664 genes, 12614 xrefs, 0 changed (1.6s)
    release 49: 7664 genes, 12614 xrefs, 0 changed (1.7s)
    release 50: 7664 genes, 12614 xrefs, 0 changed (1.4s)
    release 51: 7664 genes, 12614 xrefs, 0 changed (1.8s)
    release 52: 7664 genes, 12614 xrefs, 0 changed (1.5s)
    release 53: 7664 genes, 12614 xrefs, 0 changed (1.5s)
    release 54: 7664 genes, 12614 xrefs, 0 changed (1.4s)
    release 55: 7664 genes, 12614 xrefs, 0 changed (1.6s)
    release 56: 7664 genes, 12614 xrefs, 0 changed (1.5s)
    release 57: 7664 genes, 12614 xrefs, 0 changed (1.5s)
    release 58: 7664 genes, 12614 xrefs, 0 changed (1.5s)
    release 59: 7664 genes, 12614 xrefs, 0 changed (1.8s)
    release 60: 7664 genes, 28448 xrefs, 7592 changed (1.7s)
    release 61: 7664 genes, 28518 xrefs, 13 changed (1.9s)
    release 62: 7664 genes, 28518 xrefs, 0 changed (2.1s)
  solanum_lycopersicum: 49 releases, 69644 genes in db
    release 14: 34675 genes, 38130 xrefs, 13948 changed (4.3s)
    release 15: 34675 genes, 72809 xrefs, 50 changed (5.4s)
    release 16: 34675 genes, 72809 xrefs, 0 changed (5.9s)
    release 17: 34675 genes, 72699 xrefs, 52 changed (6.3s)
    release 18: 34675 genes, 72699 xrefs, 0 changed (6.6s)
    release 19: 34675 genes, 72699 xrefs, 0 changed (6.8s)
    release 20: 34675 genes, 72699 xrefs, 0 changed (7.3s)
    release 21: 34675 genes, 143176 xrefs, 19320 changed (12.7s)
    release 22: 34675 genes, 110848 xrefs, 1069 changed (10.4s)
    release 23: 34675 genes, 113459 xrefs, 2595 changed (11.5s)
    release 24: 34675 genes, 113459 xrefs, 0 changed (10.2s)
    release 25: 34675 genes, 113459 xrefs, 0 changed (6.8s)
    release 26: 34675 genes, 113459 xrefs, 0 changed (7.0s)
    release 27: 38762 genes, 317 xrefs, 0 changed (2.6s)
    release 28: 38735 genes, 317 xrefs, 0 changed (2.2s)
    release 29: 38735 genes, 317 xrefs, 0 changed (2.5s)
    release 30: 38735 genes, 317 xrefs, 0 changed (2.6s)
    release 31: 38735 genes, 897 xrefs, 492 changed (3.7s)
    release 32: 38735 genes, 897 xrefs, 0 changed (3.5s)
    release 33: 38735 genes, 897 xrefs, 0 changed (4.3s)
    release 34: 38735 genes, 894 xrefs, 0 changed (4.3s)
    release 35: 38735 genes, 894 xrefs, 0 changed (5.4s)
    release 36: 33810 genes, 17776 xrefs, 16328 changed (5.5s)
    release 37: 35216 genes, 18012 xrefs, 171 changed (6.3s)
    release 38: 35216 genes, 18058 xrefs, 349 changed (6.5s)
    release 39: 35216 genes, 17799 xrefs, 439 changed (5.7s)
    release 40: 35216 genes, 17802 xrefs, 150 changed (6.3s)
    release 41: 35192 genes, 17906 xrefs, 106 changed (8.0s)
    release 42: 35092 genes, 11389 xrefs, 8968 changed (6.4s)
    release 43: 35825 genes, 11389 xrefs, 0 changed (5.4s)
    release 44: 35825 genes, 12119 xrefs, 19 changed (6.6s)
    release 45: 35825 genes, 12119 xrefs, 0 changed (5.9s)
    release 46: 35825 genes, 12119 xrefs, 0 changed (5.0s)
    release 47: 35825 genes, 12119 xrefs, 0 changed (4.4s)
    release 48: 35825 genes, 12119 xrefs, 0 changed (3.9s)
    release 49: 35825 genes, 12119 xrefs, 0 changed (3.5s)
    release 50: 35825 genes, 12119 xrefs, 0 changed (3.6s)
    release 51: 35825 genes, 12119 xrefs, 0 changed (4.4s)
    release 52: 35825 genes, 12119 xrefs, 0 changed (3.6s)
    release 53: 35825 genes, 12119 xrefs, 0 changed (4.0s)
    release 54: 35825 genes, 12119 xrefs, 0 changed (4.3s)
    release 55: 35825 genes, 12119 xrefs, 0 changed (6.0s)
    release 56: 35825 genes, 12119 xrefs, 0 changed (7.3s)
    release 57: 35825 genes, 12119 xrefs, 0 changed (6.1s)
    release 58: 35825 genes, 12119 xrefs, 0 changed (5.8s)
    release 59: 35825 genes, 12119 xrefs, 0 changed (6.2s)
    release 60: 35825 genes, 60227 xrefs, 13703 changed (7.5s)
    release 61: 35825 genes, 75251 xrefs, 8255 changed (8.4s)
    release 62: 35825 genes, 75251 xrefs, 0 changed (8.3s)
  phaeodactylum_tricornutum: 58 releases, 23008 genes in db
    release 12: 10509 genes, 31856 xrefs, 9957 changed (4.0s)
    release 13: 10509 genes, 31856 xrefs, 0 changed (3.6s)
    release 14: 10509 genes, 31856 xrefs, 0 changed (3.3s)
    release 15: 10509 genes, 31856 xrefs, 0 changed (3.1s)
    release 16: 10509 genes, 31856 xrefs, 0 changed (2.8s)
    release 17: 10509 genes, 31856 xrefs, 0 changed (2.3s)
    release 18: 10509 genes, 31856 xrefs, 0 changed (1.9s)
    release 19: 10509 genes, 31856 xrefs, 0 changed (1.9s)
    release 20: 10509 genes, 31856 xrefs, 0 changed (1.8s)
    release 21: 10509 genes, 31856 xrefs, 0 changed (2.0s)
    release 22: 10509 genes, 31856 xrefs, 0 changed (2.0s)
    release 23: 10509 genes, 31856 xrefs, 0 changed (2.1s)
    release 24: 10509 genes, 31856 xrefs, 0 changed (1.8s)
    release 25: 12320 genes, 29182 xrefs, 10384 changed (2.0s)
    release 26: 12320 genes, 29182 xrefs, 0 changed (2.2s)
    release 27: 12320 genes, 29182 xrefs, 0 changed (2.0s)
    release 28: 12320 genes, 19445 xrefs, 0 changed (2.1s)
    release 29: 12320 genes, 19445 xrefs, 2 changed (3.3s)
    release 30: 12392 genes, 19445 xrefs, 0 changed (2.8s)
    release 31: 12392 genes, 19445 xrefs, 0 changed (3.0s)
    release 32: 12392 genes, 19445 xrefs, 0 changed (2.6s)
    release 33: 12392 genes, 19445 xrefs, 0 changed (2.8s)
    release 34: 12392 genes, 19445 xrefs, 0 changed (2.8s)
    release 35: 12392 genes, 19445 xrefs, 0 changed (2.6s)
    release 36: 12392 genes, 19445 xrefs, 0 changed (2.2s)
    release 37: 12392 genes, 19445 xrefs, 0 changed (2.7s)
    release 38: 12392 genes, 19445 xrefs, 0 changed (3.1s)
    release 39: 12392 genes, 19445 xrefs, 0 changed (3.1s)
    release 40: 12392 genes, 19445 xrefs, 0 changed (3.3s)
    release 41: 12392 genes, 19445 xrefs, 0 changed (3.7s)
    release 42: 12392 genes, 19445 xrefs, 0 changed (2.9s)
    release 43: 12392 genes, 19445 xrefs, 0 changed (2.8s)
    release 44: 12392 genes, 19445 xrefs, 0 changed (3.9s)
    release 45: 12392 genes, 19445 xrefs, 0 changed (3.3s)
    release 46: 12392 genes, 19445 xrefs, 0 changed (3.4s)
    release 47: 12392 genes, 19445 xrefs, 0 changed (3.6s)
    release 48: 12392 genes, 19445 xrefs, 0 changed (3.4s)
    release 49: 12392 genes, 19445 xrefs, 0 changed (3.6s)
    release 50: 12392 genes, 19445 xrefs, 0 changed (3.5s)
    release 51: 12392 genes, 19445 xrefs, 0 changed (4.3s)
    release 52: 12392 genes, 19445 xrefs, 0 changed (3.8s)
    release 53: 12392 genes, 19445 xrefs, 0 changed (3.3s)
    release 54: 12392 genes, 19445 xrefs, 0 changed (3.4s)
    release 55: 12392 genes, 19445 xrefs, 0 changed (4.0s)
    release 56: 12392 genes, 19445 xrefs, 0 changed (2.8s)
    release 57: 12392 genes, 19445 xrefs, 0 changed (3.1s)
    release 58: 12392 genes, 19445 xrefs, 0 changed (3.3s)
    release 59: 12392 genes, 19445 xrefs, 0 changed (2.2s)
    release 60: 12392 genes, 19445 xrefs, 0 changed (2.1s)
    release 61: 12392 genes, 19445 xrefs, 0 changed (2.0s)
    release 62: 12392 genes, 19445 xrefs, 0 changed (2.1s)
  tetrahymena_thermophila: 39 releases, 25656 genes in db
    release 24: 25638 genes, 35 xrefs, 913 changed (1.7s)
    release 25: 25638 genes, 54427 xrefs, 24725 changed (4.9s)
    release 26: 25638 genes, 54427 xrefs, 0 changed (4.4s)
    release 27: 25638 genes, 54427 xrefs, 0 changed (5.5s)
    release 28: 25638 genes, 0 xrefs, 0 changed (2.7s)
    release 29: 25638 genes, 0 xrefs, 0 changed (2.3s)
    release 30: 25638 genes, 0 xrefs, 0 changed (2.2s)
    release 31: 25638 genes, 0 xrefs, 0 changed (2.1s)
    release 32: 25638 genes, 0 xrefs, 0 changed (2.7s)
    release 33: 25638 genes, 0 xrefs, 0 changed (2.3s)
    release 34: 25638 genes, 0 xrefs, 0 changed (2.8s)
    release 35: 25638 genes, 0 xrefs, 0 changed (2.0s)
    release 36: 25638 genes, 0 xrefs, 0 changed (2.4s)
    release 37: 25655 genes, 3 xrefs, 0 changed (2.8s)
    release 38: 25655 genes, 3 xrefs, 0 changed (2.6s)
    release 39: 25655 genes, 3 xrefs, 0 changed (2.6s)
    release 40: 25655 genes, 3 xrefs, 0 changed (2.6s)
    release 41: 25655 genes, 3 xrefs, 0 changed (2.6s)
    release 42: 25655 genes, 3 xrefs, 0 changed (2.8s)
    release 43: 25655 genes, 3 xrefs, 0 changed (2.6s)
    release 44: 25655 genes, 3 xrefs, 0 changed (2.5s)
    release 45: 25655 genes, 3 xrefs, 0 changed (2.6s)
    release 46: 25655 genes, 3 xrefs, 0 changed (3.0s)
    release 47: 25655 genes, 3 xrefs, 0 changed (3.0s)
    release 48: 25655 genes, 3 xrefs, 0 changed (2.8s)
    release 49: 25655 genes, 3 xrefs, 0 changed (3.2s)
    release 50: 25655 genes, 3 xrefs, 0 changed (2.6s)
    release 51: 25655 genes, 3 xrefs, 0 changed (4.0s)
    release 52: 25655 genes, 3 xrefs, 0 changed (3.1s)
    release 53: 25655 genes, 3 xrefs, 0 changed (3.0s)
    release 54: 25655 genes, 3 xrefs, 0 changed (3.2s)
    release 55: 25655 genes, 3 xrefs, 0 changed (3.0s)
    release 56: 25655 genes, 3 xrefs, 0 changed (2.5s)
    release 57: 25655 genes, 3 xrefs, 0 changed (3.4s)
    release 58: 25655 genes, 3 xrefs, 0 changed (2.7s)
    release 59: 25655 genes, 3 xrefs, 0 changed (2.4s)
    release 60: 25655 genes, 3 xrefs, 0 changed (2.5s)
    release 61: 25655 genes, 3 xrefs, 0 changed (2.1s)
    release 62: 25655 genes, 3 xrefs, 0 changed (1.9s)
  giardia_lamblia: 44 releases, 7514 genes in db
    release 17: 7444 genes, 16766 xrefs, 0 changed (1.3s)
    release 18: 7444 genes, 16766 xrefs, 0 changed (1.1s)
    release 19: 7444 genes, 16766 xrefs, 0 changed (1.3s)
    release 20: 7444 genes, 16766 xrefs, 0 changed (1.1s)
    release 21: 7444 genes, 16766 xrefs, 0 changed (1.4s)
    release 22: 7444 genes, 16766 xrefs, 0 changed (1.2s)
    release 23: 7444 genes, 16766 xrefs, 0 changed (1.2s)
    release 24: 7456 genes, 16673 xrefs, 70 changed (1.2s)
    release 25: 7456 genes, 16673 xrefs, 0 changed (1.4s)
    release 26: 7456 genes, 16673 xrefs, 0 changed (1.3s)
    release 27: 7456 genes, 16673 xrefs, 0 changed (1.6s)
    release 28: 7456 genes, 16650 xrefs, 0 changed (1.6s)
    release 29: 7456 genes, 16650 xrefs, 0 changed (1.7s)
    release 30: 7456 genes, 16650 xrefs, 0 changed (1.7s)
    release 31: 7456 genes, 16650 xrefs, 0 changed (1.8s)
    release 32: 7456 genes, 16650 xrefs, 0 changed (1.7s)
    release 33: 7456 genes, 16650 xrefs, 0 changed (2.1s)
    release 34: 7456 genes, 16650 xrefs, 0 changed (2.5s)
    release 35: 7456 genes, 9264 xrefs, 0 changed (2.1s)
    release 36: 7456 genes, 9264 xrefs, 0 changed (2.2s)
    release 37: 7456 genes, 9264 xrefs, 0 changed (2.3s)
    release 38: 7456 genes, 9264 xrefs, 0 changed (2.3s)
    release 39: 7456 genes, 9264 xrefs, 0 changed (2.1s)
    release 40: 7456 genes, 9264 xrefs, 0 changed (2.0s)
    release 41: 7456 genes, 9264 xrefs, 0 changed (2.8s)
    release 42: 7456 genes, 9264 xrefs, 0 changed (2.3s)
    release 43: 7456 genes, 9264 xrefs, 0 changed (2.6s)
    release 44: 7456 genes, 9264 xrefs, 0 changed (3.2s)
    release 45: 7456 genes, 9264 xrefs, 0 changed (2.8s)
    release 46: 7456 genes, 9264 xrefs, 0 changed (2.8s)
    release 47: 7456 genes, 9264 xrefs, 0 changed (2.7s)
    release 48: 7456 genes, 9264 xrefs, 0 changed (3.0s)
    release 49: 7456 genes, 9264 xrefs, 0 changed (2.5s)
    release 50: 7456 genes, 9264 xrefs, 0 changed (2.8s)
    release 51: 7456 genes, 9264 xrefs, 0 changed (3.1s)
    release 52: 7456 genes, 9264 xrefs, 0 changed (2.6s)
    release 53: 7456 genes, 9264 xrefs, 0 changed (3.2s)
    release 54: 7456 genes, 9264 xrefs, 0 changed (3.1s)
    release 55: 7456 genes, 9264 xrefs, 0 changed (3.3s)
    release 56: 7456 genes, 9264 xrefs, 0 changed (2.5s)
    release 57: 7456 genes, 9264 xrefs, 0 changed (4.0s)
    release 58: 7456 genes, 9264 xrefs, 0 changed (3.2s)
    release 59: 7456 genes, 9264 xrefs, 0 changed (4.1s)
    release 60: 7456 genes, 9264 xrefs, 0 changed (3.9s)
  aedes_aegypti: 44 releases, 19161 genes in db
    release 12: 17346 genes, 18391 xrefs, 9580 changed (3.3s)
    release 13: 17346 genes, 18391 xrefs, 0 changed (3.3s)
    release 14: 17356 genes, 27049 xrefs, 1233 changed (3.7s)
    release 15: 17356 genes, 28079 xrefs, 1018 changed (3.0s)
    release 16: 17356 genes, 28065 xrefs, 0 changed (3.2s)
    release 17: 17356 genes, 27710 xrefs, 22 changed (3.4s)
    release 18: 17356 genes, 27635 xrefs, 549 changed (4.2s)
    release 19: 17356 genes, 27635 xrefs, 0 changed (4.7s)
    release 20: 17391 genes, 27728 xrefs, 27 changed (4.3s)
    release 21: 17391 genes, 27728 xrefs, 6 changed (4.9s)
    release 22: 17161 genes, 26876 xrefs, 154 changed (4.3s)
    release 23: 17479 genes, 56567 xrefs, 14894 changed (5.8s)
    release 24: 17479 genes, 56567 xrefs, 0 changed (5.8s)
    release 25: 17479 genes, 56567 xrefs, 0 changed (5.5s)
    release 26: 17479 genes, 56567 xrefs, 0 changed (5.8s)
    release 27: 17478 genes, 50342 xrefs, 220 changed (4.5s)
    release 28: 17478 genes, 50342 xrefs, 2 changed (5.5s)
    release 29: 17478 genes, 50342 xrefs, 0 changed (5.5s)
    release 30: 17478 genes, 50342 xrefs, 0 changed (5.0s)
    release 31: 17478 genes, 50342 xrefs, 0 changed (5.6s)
    release 32: 17478 genes, 50342 xrefs, 0 changed (6.2s)
    release 33: 17478 genes, 50342 xrefs, 0 changed (6.0s)
    release 34: 17478 genes, 50342 xrefs, 0 changed (5.0s)
    release 35: 17478 genes, 50307 xrefs, 0 changed (4.7s)
    release 36: 17478 genes, 48744 xrefs, 2980 changed (4.5s)
    release 37: 17478 genes, 51485 xrefs, 2913 changed (4.1s)
    release 38: 16955 genes, 27402 xrefs, 13254 changed (3.8s)
    release 39: 16955 genes, 27402 xrefs, 7 changed (3.4s)
    release 40: 16955 genes, 9071 xrefs, 1689 changed (2.8s)
    release 41: 16955 genes, 9071 xrefs, 0 changed (2.8s)
    release 42: 16955 genes, 9071 xrefs, 0 changed (3.3s)
    release 43: 16955 genes, 9071 xrefs, 0 changed (3.2s)
    release 44: 16955 genes, 9071 xrefs, 0 changed (2.5s)
    release 45: 16955 genes, 9071 xrefs, 0 changed (2.8s)
  camelus_dromedarius: 17 releases, 22444 genes in db
    release 99: 22444 genes, 32087 xrefs, 2037 changed (7.8s)
    release 100: 22444 genes, 32105 xrefs, 169 changed (5.5s)
    release 101: 22444 genes, 32066 xrefs, 173 changed (4.5s)
    release 102: 22444 genes, 31761 xrefs, 195 changed (4.3s)
    release 103: 22444 genes, 31791 xrefs, 135 changed (4.5s)
    release 104: 22444 genes, 31767 xrefs, 266 changed (6.0s)
    release 105: 22444 genes, 32173 xrefs, 231 changed (4.8s)
    release 106: 22444 genes, 32160 xrefs, 110 changed (5.1s)
    release 107: 22444 genes, 32479 xrefs, 262 changed (5.0s)
    release 108: 22444 genes, 32480 xrefs, 100 changed (4.8s)
    release 109: 22444 genes, 32481 xrefs, 127 changed (4.7s)
    release 110: 22444 genes, 32510 xrefs, 112 changed (4.6s)
    release 111: 22444 genes, 32492 xrefs, 126 changed (4.9s)
    release 112: 22444 genes, 32505 xrefs, 105 changed (4.6s)
    release 113: 22444 genes, 41186 xrefs, 2753 changed (4.2s)
    release 114: 22444 genes, 41184 xrefs, 178 changed (5.0s)
    release 115: 22444 genes, 41193 xrefs, 162 changed (5.1s)
  canis_lupus_familiarisgreatdane: 17 releases, 26037 genes in db
    release 99: 26037 genes, 61636 xrefs, 6226 changed (6.9s)
    release 100: 26037 genes, 61632 xrefs, 220 changed (7.2s)
    release 101: 26037 genes, 61641 xrefs, 182 changed (6.9s)
    release 102: 26037 genes, 61420 xrefs, 482 changed (6.8s)
    release 103: 26037 genes, 52788 xrefs, 8632 changed (6.4s)
    release 104: 26037 genes, 52788 xrefs, 0 changed (8.4s)
    release 105: 26037 genes, 52788 xrefs, 0 changed (7.2s)
    release 106: 26037 genes, 52788 xrefs, 0 changed (7.2s)
    release 107: 26037 genes, 52788 xrefs, 0 changed (6.8s)
    release 108: 26037 genes, 52788 xrefs, 0 changed (6.6s)
    release 109: 26037 genes, 52788 xrefs, 0 changed (6.7s)
    release 110: 26037 genes, 96220 xrefs, 9732 changed (7.3s)
    release 111: 26037 genes, 96220 xrefs, 0 changed (6.6s)
    release 112: 26037 genes, 96220 xrefs, 0 changed (6.9s)
    release 113: 26037 genes, 93555 xrefs, 2993 changed (6.7s)
    release 114: 26037 genes, 101453 xrefs, 4350 changed (7.9s)
    release 115: 26037 genes, 101453 xrefs, 0 changed (8.6s)
  catagonus_wagneri: 17 releases, 22081 genes in db
    release 99: 22081 genes, 15566 xrefs, 460 changed (3.4s)
    release 100: 22081 genes, 15590 xrefs, 48 changed (3.7s)
    release 101: 22081 genes, 15577 xrefs, 46 changed (3.5s)
    release 102: 22081 genes, 15253 xrefs, 54 changed (3.6s)
    release 103: 22081 genes, 15281 xrefs, 27 changed (3.8s)
    release 104: 22081 genes, 15266 xrefs, 36 changed (4.7s)
    release 105: 22081 genes, 15668 xrefs, 40 changed (4.0s)
    release 106: 22081 genes, 15667 xrefs, 18 changed (4.1s)
    release 107: 22081 genes, 15991 xrefs, 25 changed (3.8s)
    release 108: 22081 genes, 15977 xrefs, 17 changed (3.7s)
    release 109: 22081 genes, 15998 xrefs, 39 changed (3.8s)
    release 110: 22081 genes, 16022 xrefs, 25 changed (3.9s)
    release 111: 22081 genes, 16002 xrefs, 51 changed (4.0s)
    release 112: 22081 genes, 16023 xrefs, 17 changed (4.0s)
    release 113: 22081 genes, 40554 xrefs, 121 changed (4.6s)
    release 114: 22081 genes, 40461 xrefs, 216 changed (6.9s)
    release 115: 22081 genes, 40412 xrefs, 69 changed (7.1s)
  chrysolophus_pictus: 17 releases, 15011 genes in db
    release 99: 15011 genes, 9814 xrefs, 9701 changed (2.0s)
    release 100: 15011 genes, 9799 xrefs, 119 changed (2.1s)
    release 101: 15011 genes, 9749 xrefs, 61 changed (2.0s)
    release 102: 15011 genes, 9679 xrefs, 40 changed (2.2s)
    release 103: 15011 genes, 41 xrefs, 0 changed (1.6s)
    release 104: 15011 genes, 41 xrefs, 0 changed (2.5s)
    release 105: 15011 genes, 41 xrefs, 0 changed (1.8s)
    release 106: 15011 genes, 41 xrefs, 0 changed (1.7s)
    release 107: 15011 genes, 41 xrefs, 0 changed (1.7s)
    release 108: 15011 genes, 41 xrefs, 0 changed (1.7s)
    release 109: 15011 genes, 41 xrefs, 0 changed (1.7s)
    release 110: 15011 genes, 41 xrefs, 0 changed (1.4s)
    release 111: 15011 genes, 41 xrefs, 0 changed (1.5s)
    release 112: 15011 genes, 41 xrefs, 0 changed (1.5s)
    release 113: 15011 genes, 187 xrefs, 109 changed (2.1s)
    release 114: 15011 genes, 186 xrefs, 109 changed (2.2s)
    release 115: 15011 genes, 186 xrefs, 0 changed (2.7s)
  cyprinus_carpio_huanghe: 17 releases, 48336 genes in db
    release 99: 48336 genes, 28047 xrefs, 32273 changed (8.8s)
    release 100: 48336 genes, 28020 xrefs, 1216 changed (8.6s)
    release 101: 48336 genes, 28017 xrefs, 745 changed (8.4s)
    release 102: 48336 genes, 28157 xrefs, 2480 changed (8.0s)
    release 103: 48336 genes, 9066 xrefs, 3720 changed (6.6s)
    release 104: 48336 genes, 9066 xrefs, 0 changed (13.7s)
    release 105: 48336 genes, 9066 xrefs, 0 changed (6.7s)
    release 106: 48336 genes, 9066 xrefs, 0 changed (6.7s)
    release 107: 48336 genes, 9066 xrefs, 0 changed (6.9s)
    release 108: 48336 genes, 9066 xrefs, 0 changed (6.6s)
    release 109: 48336 genes, 9066 xrefs, 0 changed (6.7s)
    release 110: 48336 genes, 9066 xrefs, 0 changed (6.8s)
    release 111: 48336 genes, 9066 xrefs, 0 changed (6.6s)
    release 112: 48336 genes, 9066 xrefs, 0 changed (6.6s)
    release 113: 48336 genes, 31505 xrefs, 7847 changed (8.5s)
    release 114: 48336 genes, 31447 xrefs, 1850 changed (10.2s)
    release 115: 48336 genes, 31447 xrefs, 0 changed (10.7s)
  echeneis_naucrates: 17 releases, 22907 genes in db
    release 99: 22907 genes, 42543 xrefs, 13423 changed (4.4s)
    release 100: 22907 genes, 42731 xrefs, 1443 changed (4.6s)
    release 101: 22907 genes, 42750 xrefs, 857 changed (4.8s)
    release 102: 22907 genes, 42990 xrefs, 1024 changed (4.8s)
    release 103: 22907 genes, 27037 xrefs, 11157 changed (3.6s)
    release 104: 22907 genes, 27037 xrefs, 0 changed (6.5s)
    release 105: 22907 genes, 27037 xrefs, 0 changed (4.1s)
    release 106: 22907 genes, 27037 xrefs, 0 changed (4.2s)
    release 107: 22907 genes, 27037 xrefs, 0 changed (4.1s)
    release 108: 22907 genes, 27037 xrefs, 0 changed (4.1s)
    release 109: 22907 genes, 27037 xrefs, 0 changed (3.8s)
    release 110: 22907 genes, 27037 xrefs, 0 changed (4.0s)
    release 111: 22907 genes, 27037 xrefs, 0 changed (3.8s)
    release 112: 22907 genes, 27037 xrefs, 0 changed (3.9s)
    release 113: 22907 genes, 71967 xrefs, 9945 changed (5.9s)
    release 114: 22907 genes, 71535 xrefs, 7498 changed (6.4s)
    release 115: 22907 genes, 71535 xrefs, 0 changed (6.6s)
  lynx_canadensis: 17 releases, 22832 genes in db
    release 99: 22832 genes, 45814 xrefs, 7315 changed (4.2s)
    release 100: 22832 genes, 45858 xrefs, 264 changed (4.5s)
    release 101: 22832 genes, 45856 xrefs, 237 changed (4.5s)
    release 102: 22832 genes, 45524 xrefs, 449 changed (4.7s)
    release 103: 22832 genes, 30814 xrefs, 11773 changed (4.0s)
    release 104: 22832 genes, 30814 xrefs, 0 changed (5.1s)
    release 105: 22832 genes, 30814 xrefs, 0 changed (4.0s)
    release 106: 22832 genes, 30814 xrefs, 0 changed (4.2s)
    release 107: 22832 genes, 30814 xrefs, 0 changed (4.0s)
    release 108: 22832 genes, 30814 xrefs, 0 changed (4.4s)
    release 109: 22832 genes, 30814 xrefs, 0 changed (3.8s)
    release 110: 22832 genes, 30814 xrefs, 0 changed (3.6s)
    release 111: 22832 genes, 30814 xrefs, 0 changed (3.7s)
    release 112: 22832 genes, 30814 xrefs, 0 changed (4.8s)
    release 113: 22832 genes, 62939 xrefs, 3994 changed (5.0s)
    release 114: 22832 genes, 62890 xrefs, 12212 changed (5.4s)
    release 115: 22832 genes, 62890 xrefs, 0 changed (6.2s)
  moschus_moschiferus: 17 releases, 24549 genes in db
    release 99: 24549 genes, 15023 xrefs, 426 changed (3.5s)
    release 100: 24549 genes, 14831 xrefs, 52 changed (3.1s)
    release 101: 24549 genes, 14826 xrefs, 59 changed (3.1s)
    release 102: 24549 genes, 14686 xrefs, 67 changed (3.2s)
    release 103: 24549 genes, 14735 xrefs, 41 changed (3.1s)
    release 104: 24549 genes, 14752 xrefs, 48 changed (4.6s)
    release 105: 24549 genes, 14967 xrefs, 60 changed (3.4s)
    release 106: 24549 genes, 14967 xrefs, 22 changed (3.6s)
    release 107: 24549 genes, 15273 xrefs, 34 changed (3.5s)
    release 108: 24549 genes, 15273 xrefs, 18 changed (3.8s)
    release 109: 24549 genes, 15287 xrefs, 36 changed (3.8s)
    release 110: 24549 genes, 15295 xrefs, 26 changed (3.5s)
    release 111: 24549 genes, 15296 xrefs, 56 changed (3.4s)
    release 112: 24549 genes, 15309 xrefs, 23 changed (3.6s)
    release 113: 24549 genes, 40673 xrefs, 190 changed (4.0s)
    release 114: 24549 genes, 40636 xrefs, 249 changed (6.3s)
    release 115: 24549 genes, 40697 xrefs, 72 changed (6.6s)
  neogobius_melanostomus: 17 releases, 27223 genes in db
    release 99: 27223 genes, 12705 xrefs, 12838 changed (2.8s)
    release 100: 27223 genes, 12684 xrefs, 747 changed (2.7s)
    release 101: 27223 genes, 12744 xrefs, 499 changed (2.8s)
    release 102: 27223 genes, 13310 xrefs, 1448 changed (2.7s)
    release 103: 27223 genes, 34 xrefs, 0 changed (2.0s)
    release 104: 27223 genes, 34 xrefs, 0 changed (4.2s)
    release 105: 27223 genes, 34 xrefs, 0 changed (2.3s)
    release 106: 27223 genes, 34 xrefs, 0 changed (2.2s)
    release 107: 27223 genes, 34 xrefs, 0 changed (2.5s)
    release 108: 27223 genes, 34 xrefs, 0 changed (2.4s)
    release 109: 27223 genes, 34 xrefs, 0 changed (2.2s)
    release 110: 27223 genes, 34 xrefs, 0 changed (2.2s)
    release 111: 27223 genes, 34 xrefs, 0 changed (2.4s)
    release 112: 27223 genes, 34 xrefs, 0 changed (2.3s)
    release 113: 27223 genes, 311 xrefs, 145 changed (3.3s)
    release 114: 27223 genes, 309 xrefs, 145 changed (4.1s)
    release 115: 27223 genes, 309 xrefs, 0 changed (4.3s)
  pavo_cristatus: 17 releases, 19406 genes in db
    release 99: 19406 genes, 8392 xrefs, 8305 changed (2.1s)
    release 100: 19406 genes, 8403 xrefs, 214 changed (2.4s)
    release 101: 19406 genes, 8335 xrefs, 106 changed (2.1s)
    release 102: 19406 genes, 8263 xrefs, 75 changed (1.8s)
    release 103: 19406 genes, 40 xrefs, 0 changed (1.6s)
    release 104: 19406 genes, 40 xrefs, 0 changed (3.0s)
    release 105: 19406 genes, 40 xrefs, 0 changed (1.6s)
    release 106: 19406 genes, 40 xrefs, 0 changed (1.6s)
    release 107: 19406 genes, 40 xrefs, 0 changed (1.7s)
    release 108: 19406 genes, 40 xrefs, 0 changed (1.8s)
    release 109: 19406 genes, 40 xrefs, 0 changed (1.8s)
    release 110: 19406 genes, 40 xrefs, 0 changed (1.4s)
    release 111: 19406 genes, 40 xrefs, 0 changed (1.5s)
    release 112: 19406 genes, 40 xrefs, 0 changed (1.5s)
    release 113: 19406 genes, 204 xrefs, 113 changed (2.7s)
    release 114: 19406 genes, 201 xrefs, 111 changed (2.8s)
    release 115: 19406 genes, 201 xrefs, 0 changed (3.0s)
  physeter_catodon: 17 releases, 22820 genes in db
    release 99: 22820 genes, 31470 xrefs, 2961 changed (4.9s)
    release 100: 22820 genes, 31463 xrefs, 106 changed (4.9s)
    release 101: 22820 genes, 31466 xrefs, 80 changed (5.0s)
    release 102: 22820 genes, 31161 xrefs, 222 changed (5.5s)
    release 103: 22820 genes, 31162 xrefs, 78 changed (5.0s)
    release 104: 22820 genes, 31163 xrefs, 83 changed (6.7s)
    release 105: 22820 genes, 31494 xrefs, 209 changed (5.4s)
    release 106: 22820 genes, 31488 xrefs, 63 changed (5.3s)
    release 107: 22820 genes, 31599 xrefs, 101 changed (5.5s)
    release 108: 22820 genes, 31593 xrefs, 58 changed (5.6s)
    release 109: 22820 genes, 31596 xrefs, 77 changed (5.5s)
    release 110: 22820 genes, 31597 xrefs, 76 changed (5.6s)
    release 111: 22820 genes, 31594 xrefs, 75 changed (5.6s)
    release 112: 22820 genes, 31595 xrefs, 64 changed (5.4s)
    release 113: 22820 genes, 61773 xrefs, 2901 changed (5.7s)
    release 114: 22820 genes, 62400 xrefs, 823 changed (6.4s)
    release 115: 22820 genes, 62347 xrefs, 168 changed (6.3s)
  salarias_fasciatus: 17 releases, 26821 genes in db
    release 99: 26821 genes, 40483 xrefs, 13991 changed (4.5s)
    release 100: 26821 genes, 40632 xrefs, 1969 changed (4.7s)
    release 101: 26821 genes, 40680 xrefs, 875 changed (4.8s)
    release 102: 26821 genes, 40918 xrefs, 1131 changed (4.7s)
    release 103: 26821 genes, 25591 xrefs, 10385 changed (3.9s)
    release 104: 26821 genes, 25591 xrefs, 0 changed (7.2s)
    release 105: 26821 genes, 25591 xrefs, 0 changed (3.9s)
    release 106: 26821 genes, 25591 xrefs, 0 changed (4.0s)
    release 107: 26821 genes, 25591 xrefs, 0 changed (4.0s)
    release 108: 26821 genes, 25591 xrefs, 0 changed (4.0s)
    release 109: 26821 genes, 25591 xrefs, 0 changed (4.0s)
    release 110: 26821 genes, 25591 xrefs, 0 changed (3.9s)
    release 111: 26821 genes, 25591 xrefs, 0 changed (4.0s)
    release 112: 26821 genes, 25591 xrefs, 0 changed (4.1s)
    release 113: 26821 genes, 70282 xrefs, 11225 changed (6.0s)
    release 114: 26821 genes, 69856 xrefs, 6187 changed (6.9s)
    release 115: 26821 genes, 69856 xrefs, 0 changed (7.0s)
  sinocyclocheilus_rhinocerous: 17 releases, 47761 genes in db
    release 99: 47761 genes, 55370 xrefs, 32348 changed (8.3s)
    release 100: 47761 genes, 81657 xrefs, 14143 changed (9.1s)
    release 101: 47761 genes, 81644 xrefs, 1271 changed (8.7s)
    release 102: 47761 genes, 81788 xrefs, 3189 changed (8.9s)
    release 103: 47761 genes, 62960 xrefs, 28122 changed (7.3s)
    release 104: 47761 genes, 62960 xrefs, 0 changed (14.8s)
    release 105: 47761 genes, 62960 xrefs, 0 changed (7.9s)
    release 106: 47761 genes, 62960 xrefs, 0 changed (7.9s)
    release 107: 47761 genes, 62960 xrefs, 0 changed (7.8s)
    release 108: 47761 genes, 62960 xrefs, 0 changed (7.7s)
    release 109: 47761 genes, 62960 xrefs, 0 changed (7.5s)
    release 110: 47761 genes, 62960 xrefs, 0 changed (7.2s)
    release 111: 47761 genes, 62960 xrefs, 0 changed (7.3s)
    release 112: 47761 genes, 62960 xrefs, 0 changed (8.1s)
    release 113: 47761 genes, 141524 xrefs, 7920 changed (11.3s)
    release 114: 47761 genes, 140347 xrefs, 2885 changed (12.1s)
    release 115: 47761 genes, 140347 xrefs, 0 changed (12.4s)
  sphaeramia_orbicularis: 17 releases, 25884 genes in db
    release 99: 25884 genes, 40476 xrefs, 14290 changed (5.8s)
    release 100: 25884 genes, 40755 xrefs, 1947 changed (5.3s)
    release 101: 25884 genes, 40789 xrefs, 872 changed (5.1s)
    release 102: 25884 genes, 41091 xrefs, 1202 changed (5.3s)
    release 103: 25884 genes, 25303 xrefs, 9970 changed (4.1s)
    release 104: 25884 genes, 25303 xrefs, 0 changed (8.0s)
    release 105: 25884 genes, 25303 xrefs, 0 changed (4.5s)
    release 106: 25884 genes, 25303 xrefs, 0 changed (4.6s)
    release 107: 25884 genes, 25303 xrefs, 0 changed (4.6s)
    release 108: 25884 genes, 25303 xrefs, 0 changed (4.6s)
    release 109: 25884 genes, 25303 xrefs, 0 changed (4.5s)
    release 110: 25884 genes, 25303 xrefs, 0 changed (4.8s)
    release 111: 25884 genes, 25303 xrefs, 0 changed (4.8s)
    release 112: 25884 genes, 25303 xrefs, 0 changed (4.5s)
    release 113: 25884 genes, 69362 xrefs, 10707 changed (6.3s)
    release 114: 25884 genes, 68987 xrefs, 6163 changed (7.4s)
    release 115: 25884 genes, 68987 xrefs, 0 changed (7.6s)
  strigops_habroptila: 17 releases, 20192 genes in db
    release 99: 20192 genes, 32257 xrefs, 2511 changed (4.6s)
    release 100: 20192 genes, 32288 xrefs, 177 changed (3.9s)
    release 101: 20192 genes, 32226 xrefs, 185 changed (3.9s)
    release 102: 20192 genes, 32156 xrefs, 172 changed (4.0s)
    release 103: 20192 genes, 32183 xrefs, 139 changed (4.2s)
    release 104: 20192 genes, 32177 xrefs, 205 changed (5.3s)
    release 105: 20192 genes, 32330 xrefs, 202 changed (3.9s)
    release 106: 20192 genes, 32302 xrefs, 122 changed (3.8s)
    release 107: 20192 genes, 32625 xrefs, 385 changed (4.1s)
    release 108: 20192 genes, 32609 xrefs, 124 changed (4.2s)
    release 109: 20192 genes, 32611 xrefs, 145 changed (4.2s)
    release 110: 20192 genes, 32612 xrefs, 132 changed (3.9s)
    release 111: 20192 genes, 32623 xrefs, 133 changed (3.9s)
    release 112: 20192 genes, 32610 xrefs, 124 changed (4.0s)
    release 113: 20192 genes, 60145 xrefs, 1404 changed (4.6s)
    release 114: 20192 genes, 60007 xrefs, 796 changed (6.8s)
    release 115: 20192 genes, 59951 xrefs, 95 changed (7.2s)
  suricata_suricatta: 17 releases, 23793 genes in db
    release 99: 23793 genes, 14389 xrefs, 14234 changed (4.0s)
    release 100: 23793 genes, 14428 xrefs, 194 changed (4.2s)
    release 101: 23793 genes, 14425 xrefs, 102 changed (4.3s)
    release 102: 23793 genes, 14129 xrefs, 110 changed (4.0s)
    release 103: 23793 genes, 53 xrefs, 0 changed (3.8s)
    release 104: 23793 genes, 53 xrefs, 0 changed (5.0s)
    release 105: 23793 genes, 53 xrefs, 0 changed (3.6s)
    release 106: 23793 genes, 53 xrefs, 0 changed (3.6s)
    release 107: 23793 genes, 53 xrefs, 0 changed (3.7s)
    release 108: 23793 genes, 53 xrefs, 0 changed (3.6s)
    release 109: 23793 genes, 53 xrefs, 0 changed (3.2s)
    release 110: 23793 genes, 53 xrefs, 0 changed (3.4s)
    release 111: 23793 genes, 53 xrefs, 0 changed (3.1s)
    release 112: 23793 genes, 53 xrefs, 0 changed (3.2s)
    release 113: 23793 genes, 349 xrefs, 179 changed (4.2s)
    release 114: 23793 genes, 37121 xrefs, 18183 changed (6.3s)
    release 115: 23793 genes, 37121 xrefs, 0 changed (5.8s)
  anopheles_culicifacies: 17 releases, 14756 genes in db
    release 46: 14727 genes, 547 xrefs, 6 changed (1.4s)
    release 47: 14727 genes, 547 xrefs, 0 changed (1.4s)
    release 48: 14727 genes, 547 xrefs, 0 changed (1.5s)
    release 49: 14727 genes, 547 xrefs, 0 changed (1.5s)
    release 50: 14727 genes, 547 xrefs, 0 changed (1.5s)
    release 51: 14729 genes, 540 xrefs, 0 changed (2.2s)
    release 52: 14729 genes, 540 xrefs, 0 changed (1.6s)
    release 53: 14729 genes, 540 xrefs, 0 changed (1.5s)
    release 54: 14729 genes, 540 xrefs, 0 changed (1.6s)
    release 55: 14729 genes, 540 xrefs, 0 changed (1.8s)
    release 56: 14729 genes, 540 xrefs, 0 changed (1.7s)
    release 57: 14729 genes, 540 xrefs, 0 changed (1.7s)
    release 58: 14729 genes, 540 xrefs, 0 changed (1.6s)
    release 59: 14729 genes, 540 xrefs, 0 changed (1.5s)
  bos_grunniens: 17 releases, 26924 genes in db
    release 99: 26924 genes, 14048 xrefs, 420 changed (3.3s)
    release 100: 26924 genes, 14104 xrefs, 63 changed (3.2s)
    release 101: 26924 genes, 14079 xrefs, 56 changed (3.3s)
    release 102: 26924 genes, 13736 xrefs, 59 changed (3.4s)
    release 103: 26924 genes, 13766 xrefs, 39 changed (3.2s)
    release 104: 26924 genes, 13750 xrefs, 39 changed (5.3s)
    release 105: 26924 genes, 14210 xrefs, 52 changed (3.4s)
    release 106: 26924 genes, 14194 xrefs, 27 changed (3.4s)
    release 107: 26924 genes, 14463 xrefs, 28 changed (3.7s)
    release 108: 26924 genes, 14481 xrefs, 18 changed (3.6s)
    release 109: 26924 genes, 14480 xrefs, 34 changed (3.6s)
    release 110: 26924 genes, 14481 xrefs, 23 changed (3.5s)
    release 111: 26924 genes, 14488 xrefs, 55 changed (3.6s)
    release 112: 26924 genes, 14505 xrefs, 21 changed (3.5s)
    release 113: 26924 genes, 44812 xrefs, 166 changed (5.0s)
    release 114: 26924 genes, 35095 xrefs, 202 changed (6.0s)
    release 115: 26924 genes, 35077 xrefs, 58 changed (6.5s)
  anopheles_dirus: 17 releases, 13334 genes in db
    release 46: 13251 genes, 605 xrefs, 3 changed (1.2s)
    release 47: 13251 genes, 605 xrefs, 0 changed (1.3s)
    release 48: 13251 genes, 605 xrefs, 0 changed (1.1s)
    release 49: 13251 genes, 605 xrefs, 0 changed (1.2s)
    release 50: 13251 genes, 605 xrefs, 0 changed (1.3s)
    release 51: 13250 genes, 601 xrefs, 0 changed (1.7s)
    release 52: 13250 genes, 601 xrefs, 0 changed (1.4s)
    release 53: 13250 genes, 601 xrefs, 0 changed (1.2s)
    release 54: 13250 genes, 601 xrefs, 0 changed (1.2s)
    release 55: 13250 genes, 601 xrefs, 0 changed (1.4s)
    release 56: 13250 genes, 601 xrefs, 0 changed (1.2s)
    release 57: 13250 genes, 601 xrefs, 0 changed (1.3s)
    release 58: 13250 genes, 601 xrefs, 0 changed (1.2s)
    release 59: 13250 genes, 601 xrefs, 0 changed (1.4s)
  anopheles_epiroticus: 17 releases, 12360 genes in db
    release 46: 12286 genes, 678 xrefs, 9 changed (1.1s)
    release 47: 12286 genes, 678 xrefs, 0 changed (1.0s)
    release 48: 12286 genes, 678 xrefs, 0 changed (1.2s)
    release 49: 12286 genes, 678 xrefs, 0 changed (1.2s)
    release 50: 12286 genes, 678 xrefs, 0 changed (1.2s)
    release 51: 12322 genes, 668 xrefs, 0 changed (1.8s)
    release 52: 12322 genes, 668 xrefs, 0 changed (1.3s)
    release 53: 12322 genes, 668 xrefs, 0 changed (1.3s)
    release 54: 12322 genes, 668 xrefs, 0 changed (1.3s)
    release 55: 12322 genes, 668 xrefs, 0 changed (1.2s)
    release 56: 12322 genes, 668 xrefs, 0 changed (1.3s)
    release 57: 12322 genes, 668 xrefs, 0 changed (1.3s)
    release 58: 12322 genes, 668 xrefs, 0 changed (1.3s)
    release 59: 12322 genes, 668 xrefs, 0 changed (1.4s)
  galdieria_sulphuraria: 28 releases, 6736 genes in db
    release 35: 6723 genes, 4714 xrefs, 60 changed (1.2s)
    release 36: 6723 genes, 11376 xrefs, 6621 changed (1.8s)
    release 37: 6723 genes, 11376 xrefs, 77 changed (1.5s)
    release 38: 6736 genes, 11383 xrefs, 55 changed (1.5s)
    release 39: 6736 genes, 11740 xrefs, 0 changed (1.5s)
    release 40: 6736 genes, 11740 xrefs, 28 changed (1.5s)
    release 41: 6723 genes, 11733 xrefs, 59 changed (1.5s)
    release 42: 6723 genes, 11719 xrefs, 4 changed (1.5s)
    release 43: 6723 genes, 11719 xrefs, 0 changed (1.6s)
    release 44: 6723 genes, 11719 xrefs, 0 changed (1.5s)
    release 45: 6723 genes, 11719 xrefs, 0 changed (1.9s)
    release 46: 6723 genes, 11719 xrefs, 0 changed (1.6s)
    release 47: 6723 genes, 11719 xrefs, 0 changed (1.5s)
    release 48: 6723 genes, 11719 xrefs, 0 changed (1.7s)
    release 49: 6723 genes, 11719 xrefs, 0 changed (1.8s)
    release 50: 6723 genes, 11719 xrefs, 0 changed (1.6s)
    release 51: 6723 genes, 11719 xrefs, 0 changed (1.9s)
    release 52: 6723 genes, 11719 xrefs, 0 changed (1.5s)
    release 53: 6723 genes, 11719 xrefs, 0 changed (1.5s)
    release 54: 6723 genes, 11719 xrefs, 0 changed (1.6s)
    release 55: 6723 genes, 11719 xrefs, 0 changed (1.5s)
    release 56: 6723 genes, 11719 xrefs, 0 changed (1.6s)
    release 57: 6723 genes, 11719 xrefs, 0 changed (1.4s)
    release 58: 6723 genes, 11719 xrefs, 0 changed (1.6s)
    release 59: 6723 genes, 11719 xrefs, 0 changed (1.5s)
    release 60: 6723 genes, 24831 xrefs, 6625 changed (1.8s)
    release 61: 6723 genes, 25137 xrefs, 6 changed (1.6s)
    release 62: 6723 genes, 25137 xrefs, 7 changed (2.0s)
  anopheles_maculatus: 17 releases, 15040 genes in db
    release 46: 15018 genes, 456 xrefs, 16 changed (1.5s)
    release 47: 15018 genes, 456 xrefs, 0 changed (1.2s)
    release 48: 15018 genes, 456 xrefs, 0 changed (1.2s)
    release 49: 15018 genes, 456 xrefs, 0 changed (1.3s)
    release 50: 15018 genes, 456 xrefs, 0 changed (1.2s)
    release 51: 15035 genes, 439 xrefs, 0 changed (1.9s)
    release 52: 15035 genes, 439 xrefs, 0 changed (1.3s)
    release 53: 15035 genes, 439 xrefs, 0 changed (1.3s)
    release 54: 15035 genes, 439 xrefs, 0 changed (1.4s)
    release 55: 15035 genes, 439 xrefs, 0 changed (1.4s)
    release 56: 15035 genes, 439 xrefs, 0 changed (1.2s)
    release 57: 15035 genes, 439 xrefs, 0 changed (1.3s)
    release 58: 15035 genes, 439 xrefs, 0 changed (1.4s)
    release 59: 15035 genes, 439 xrefs, 0 changed (1.5s)
  bombus_terrestris: 25 releases, 12008 genes in db
    release 38: 12008 genes, 81 xrefs, 22 changed (1.1s)
    release 39: 12008 genes, 81 xrefs, 0 changed (1.0s)
    release 40: 12008 genes, 81 xrefs, 0 changed (1.1s)
    release 41: 12008 genes, 81 xrefs, 0 changed (1.2s)
    release 42: 12008 genes, 81 xrefs, 0 changed (1.1s)
    release 43: 12008 genes, 81 xrefs, 0 changed (1.0s)
    release 44: 12008 genes, 81 xrefs, 0 changed (1.1s)
    release 45: 12008 genes, 81 xrefs, 0 changed (1.1s)
    release 46: 12008 genes, 81 xrefs, 0 changed (1.2s)
    release 47: 12008 genes, 81 xrefs, 0 changed (1.2s)
    release 48: 12008 genes, 81 xrefs, 0 changed (1.0s)
    release 49: 12008 genes, 81 xrefs, 0 changed (1.1s)
    release 50: 12008 genes, 81 xrefs, 0 changed (1.1s)
    release 51: 12008 genes, 81 xrefs, 0 changed (2.0s)
    release 52: 12008 genes, 81 xrefs, 0 changed (1.2s)
    release 53: 12008 genes, 81 xrefs, 0 changed (1.0s)
    release 54: 12008 genes, 81 xrefs, 0 changed (1.3s)
    release 55: 12008 genes, 81 xrefs, 0 changed (1.1s)
    release 56: 12008 genes, 81 xrefs, 0 changed (1.1s)
    release 57: 12008 genes, 81 xrefs, 0 changed (1.3s)
    release 58: 12008 genes, 81 xrefs, 0 changed (1.3s)
    release 59: 12008 genes, 81 xrefs, 0 changed (1.1s)
  anopheles_melas: 17 releases, 15785 genes in db
    release 46: 15765 genes, 642 xrefs, 2 changed (1.3s)
    release 47: 15765 genes, 642 xrefs, 0 changed (1.5s)
    release 48: 15765 genes, 642 xrefs, 0 changed (1.3s)
    release 49: 15765 genes, 642 xrefs, 0 changed (1.4s)
    release 50: 15765 genes, 642 xrefs, 0 changed (1.4s)
    release 51: 15777 genes, 640 xrefs, 0 changed (2.1s)
    release 52: 15777 genes, 640 xrefs, 0 changed (1.4s)
    release 53: 15777 genes, 640 xrefs, 0 changed (1.4s)
    release 54: 15777 genes, 640 xrefs, 0 changed (1.7s)
    release 55: 15777 genes, 640 xrefs, 0 changed (1.4s)
    release 56: 15777 genes, 640 xrefs, 0 changed (1.3s)
    release 57: 15777 genes, 640 xrefs, 0 changed (1.5s)
    release 58: 15777 genes, 640 xrefs, 0 changed (1.5s)
    release 59: 15777 genes, 640 xrefs, 0 changed (1.6s)
  gossypium_raimondii: 25 releases, 40247 genes in db
    release 38: 38719 genes, 71279 xrefs, 32167 changed (9.1s)
    release 39: 38719 genes, 72823 xrefs, 180 changed (9.8s)
    release 40: 38719 genes, 72823 xrefs, 64 changed (10.0s)
    release 41: 40247 genes, 73252 xrefs, 126 changed (10.5s)
    release 42: 40247 genes, 72363 xrefs, 52 changed (12.5s)
    release 43: 40247 genes, 72363 xrefs, 0 changed (11.4s)
    release 44: 40247 genes, 72363 xrefs, 0 changed (11.0s)
    release 45: 40247 genes, 72363 xrefs, 0 changed (10.6s)
    release 46: 40247 genes, 72363 xrefs, 0 changed (10.1s)
    release 47: 40247 genes, 72363 xrefs, 0 changed (11.1s)
    release 48: 40247 genes, 72363 xrefs, 0 changed (10.3s)
    release 49: 38208 genes, 25732 xrefs, 120 changed (7.3s)
    release 50: 38208 genes, 25732 xrefs, 0 changed (7.0s)
    release 51: 38208 genes, 25732 xrefs, 0 changed (10.6s)
    release 52: 38208 genes, 25732 xrefs, 0 changed (7.1s)
    release 53: 38208 genes, 25732 xrefs, 0 changed (7.4s)
    release 54: 38208 genes, 25732 xrefs, 0 changed (7.1s)
    release 55: 38208 genes, 25732 xrefs, 0 changed (7.7s)
    release 56: 38208 genes, 25732 xrefs, 0 changed (7.2s)
    release 57: 38208 genes, 25732 xrefs, 0 changed (7.1s)
    release 58: 38208 genes, 25732 xrefs, 0 changed (8.0s)
    release 59: 38208 genes, 25732 xrefs, 0 changed (9.5s)
    release 60: 38208 genes, 5137 xrefs, 2586 changed (6.6s)
    release 61: 38208 genes, 51283 xrefs, 23028 changed (7.2s)
    release 62: 38208 genes, 13563 xrefs, 200 changed (7.4s)
  phaseolus_vulgaris: 25 releases, 29324 genes in db
    release 38: 28472 genes, 48773 xrefs, 28095 changed (5.4s)
    release 39: 28472 genes, 49898 xrefs, 230 changed (5.4s)
    release 40: 28472 genes, 49898 xrefs, 116 changed (5.9s)
    release 41: 29324 genes, 50035 xrefs, 3 changed (6.0s)
    release 42: 29324 genes, 49494 xrefs, 0 changed (5.8s)
    release 43: 29324 genes, 49494 xrefs, 0 changed (5.4s)
    release 44: 29324 genes, 49494 xrefs, 0 changed (5.8s)
    release 45: 29324 genes, 49494 xrefs, 0 changed (5.7s)
    release 46: 29324 genes, 49494 xrefs, 0 changed (5.9s)
    release 47: 29324 genes, 49494 xrefs, 0 changed (5.7s)
    release 48: 29324 genes, 49494 xrefs, 0 changed (5.8s)
    release 49: 29324 genes, 49494 xrefs, 0 changed (5.7s)
    release 50: 29324 genes, 49494 xrefs, 0 changed (5.6s)
    release 51: 29324 genes, 49494 xrefs, 0 changed (7.1s)
    release 52: 29324 genes, 49494 xrefs, 0 changed (5.9s)
    release 53: 29324 genes, 49494 xrefs, 0 changed (6.1s)
    release 54: 29324 genes, 49494 xrefs, 0 changed (6.1s)
    release 55: 29324 genes, 49494 xrefs, 0 changed (6.1s)
    release 56: 29324 genes, 49494 xrefs, 0 changed (6.0s)
    release 57: 29324 genes, 49494 xrefs, 0 changed (6.6s)
    release 58: 29324 genes, 49494 xrefs, 0 changed (6.1s)
    release 59: 29324 genes, 49494 xrefs, 0 changed (6.2s)
    release 60: 29324 genes, 68400 xrefs, 26574 changed (5.9s)
    release 61: 29324 genes, 62984 xrefs, 20394 changed (6.1s)
    release 62: 29324 genes, 62984 xrefs, 0 changed (6.0s)
  toxoplasma_gondii: 50 releases, 17847 genes in db
    release 13: 8320 genes, 16364 xrefs, 283 changed (1.8s)
    release 14: 8320 genes, 16364 xrefs, 0 changed (1.7s)
    release 15: 8320 genes, 16364 xrefs, 0 changed (1.5s)
    release 16: 8320 genes, 16364 xrefs, 0 changed (1.9s)
    release 17: 8320 genes, 16364 xrefs, 0 changed (1.7s)
    release 18: 8320 genes, 16364 xrefs, 0 changed (2.0s)
    release 19: 8320 genes, 16364 xrefs, 0 changed (1.7s)
    release 20: 8320 genes, 16364 xrefs, 0 changed (1.6s)
    release 21: 8320 genes, 16164 xrefs, 0 changed (1.7s)
    release 22: 8320 genes, 16164 xrefs, 0 changed (1.7s)
    release 23: 8320 genes, 16164 xrefs, 0 changed (1.8s)
    release 24: 8320 genes, 16164 xrefs, 0 changed (1.8s)
    release 25: 8320 genes, 16164 xrefs, 0 changed (1.7s)
    release 26: 8320 genes, 16164 xrefs, 0 changed (2.0s)
    release 27: 8320 genes, 16164 xrefs, 0 changed (1.8s)
    release 28: 8320 genes, 16164 xrefs, 0 changed (1.6s)
    release 29: 8320 genes, 16164 xrefs, 0 changed (1.7s)
    release 30: 8320 genes, 16164 xrefs, 0 changed (1.9s)
    release 31: 8320 genes, 16164 xrefs, 0 changed (1.6s)
    release 32: 8320 genes, 16164 xrefs, 0 changed (1.8s)
    release 33: 8320 genes, 16164 xrefs, 0 changed (1.8s)
    release 34: 8320 genes, 16164 xrefs, 0 changed (1.7s)
    release 35: 8320 genes, 16164 xrefs, 0 changed (1.8s)
    release 36: 8320 genes, 16164 xrefs, 0 changed (1.8s)
    release 37: 8172 genes, 16165 xrefs, 0 changed (1.6s)
    release 38: 8172 genes, 16165 xrefs, 0 changed (1.8s)
    release 39: 8920 genes, 8289 xrefs, 8289 changed (1.5s)
    release 40: 8920 genes, 8289 xrefs, 0 changed (1.3s)
    release 41: 8920 genes, 8289 xrefs, 0 changed (1.3s)
    release 42: 8920 genes, 8289 xrefs, 0 changed (1.4s)
    release 43: 8920 genes, 8289 xrefs, 0 changed (1.3s)
    release 44: 8920 genes, 8289 xrefs, 0 changed (1.6s)
    release 45: 8920 genes, 8289 xrefs, 0 changed (1.5s)
    release 46: 8920 genes, 8289 xrefs, 0 changed (1.4s)
    release 47: 8920 genes, 8289 xrefs, 0 changed (1.6s)
    release 48: 8920 genes, 8289 xrefs, 0 changed (1.2s)
    release 49: 8920 genes, 8289 xrefs, 0 changed (1.3s)
    release 50: 8920 genes, 8289 xrefs, 0 changed (1.4s)
    release 51: 8920 genes, 8289 xrefs, 0 changed (1.6s)
    release 52: 8920 genes, 8289 xrefs, 0 changed (1.4s)
    release 53: 8920 genes, 8289 xrefs, 0 changed (1.4s)
    release 54: 8920 genes, 8289 xrefs, 0 changed (1.3s)
    release 55: 8920 genes, 8289 xrefs, 0 changed (1.2s)
    release 56: 8920 genes, 8289 xrefs, 0 changed (1.3s)
    release 57: 8920 genes, 8289 xrefs, 0 changed (1.4s)
    release 58: 8920 genes, 8289 xrefs, 0 changed (1.3s)
    release 59: 8920 genes, 8289 xrefs, 0 changed (1.3s)
    release 60: 8920 genes, 8289 xrefs, 0 changed (1.5s)
    release 61: 8778 genes, 10944 xrefs, 765 changed (1.6s)
    release 62: 8778 genes, 10944 xrefs, 0 changed (1.6s)
  helobdella_robusta: 44 releases, 25612 genes in db
    release 19: 25175 genes, 23485 xrefs, 0 changed (1.5s)
    release 20: 25175 genes, 23485 xrefs, 0 changed (1.8s)
    release 21: 25175 genes, 23485 xrefs, 0 changed (1.7s)
    release 22: 25175 genes, 23485 xrefs, 0 changed (1.7s)
    release 23: 25175 genes, 23485 xrefs, 0 changed (2.0s)
    release 24: 25175 genes, 23485 xrefs, 0 changed (1.7s)
    release 25: 25175 genes, 23485 xrefs, 0 changed (2.2s)
    release 26: 25175 genes, 23485 xrefs, 0 changed (2.2s)
    release 27: 25175 genes, 23485 xrefs, 0 changed (2.2s)
    release 28: 25175 genes, 23485 xrefs, 0 changed (2.2s)
    release 29: 25175 genes, 23485 xrefs, 0 changed (2.2s)
    release 30: 25175 genes, 23485 xrefs, 0 changed (2.6s)
    release 31: 25175 genes, 23485 xrefs, 0 changed (2.2s)
    release 32: 25175 genes, 23485 xrefs, 0 changed (2.3s)
    release 33: 25175 genes, 23485 xrefs, 0 changed (2.5s)
    release 34: 25175 genes, 23485 xrefs, 0 changed (2.4s)
    release 35: 25175 genes, 23485 xrefs, 0 changed (2.5s)
    release 36: 23869 genes, 46899 xrefs, 23410 changed (3.4s)
    release 37: 23869 genes, 46915 xrefs, 175 changed (3.3s)
    release 38: 23869 genes, 46915 xrefs, 0 changed (3.3s)
    release 39: 23869 genes, 46915 xrefs, 0 changed (3.5s)
    release 40: 23869 genes, 46899 xrefs, 215 changed (3.3s)
    release 41: 23869 genes, 46899 xrefs, 0 changed (4.1s)
    release 42: 23869 genes, 46899 xrefs, 0 changed (3.5s)
    release 43: 23869 genes, 46899 xrefs, 0 changed (3.5s)
    release 44: 23869 genes, 46899 xrefs, 0 changed (4.1s)
    release 45: 23869 genes, 46899 xrefs, 0 changed (4.1s)
    release 46: 23869 genes, 46899 xrefs, 0 changed (4.1s)
    release 47: 23869 genes, 46899 xrefs, 0 changed (3.9s)
    release 48: 23869 genes, 46899 xrefs, 0 changed (4.1s)
    release 49: 23869 genes, 46899 xrefs, 0 changed (4.2s)
    release 50: 23869 genes, 46899 xrefs, 0 changed (3.9s)
    release 51: 23869 genes, 46899 xrefs, 0 changed (4.8s)
    release 52: 23869 genes, 46899 xrefs, 0 changed (4.2s)
    release 53: 23869 genes, 46899 xrefs, 0 changed (4.5s)
    release 54: 23869 genes, 46899 xrefs, 0 changed (4.1s)
    release 55: 23869 genes, 46899 xrefs, 0 changed (4.3s)
    release 56: 23869 genes, 46899 xrefs, 0 changed (3.6s)
    release 57: 23869 genes, 46899 xrefs, 0 changed (4.1s)
    release 58: 23869 genes, 46899 xrefs, 0 changed (4.2s)
    release 59: 23869 genes, 46899 xrefs, 0 changed (4.4s)
  crassostrea_gigas: 43 releases, 65140 genes in db
    release 19: 28631 genes, 148 xrefs, 0 changed (2.7s)
    release 20: 28631 genes, 148 xrefs, 0 changed (2.3s)
    release 21: 28631 genes, 148 xrefs, 0 changed (2.2s)
    release 22: 28631 genes, 148 xrefs, 0 changed (2.3s)
    release 23: 28631 genes, 148 xrefs, 0 changed (2.3s)
    release 24: 28631 genes, 148 xrefs, 0 changed (2.1s)
    release 25: 28631 genes, 148 xrefs, 0 changed (2.3s)
    release 26: 28631 genes, 148 xrefs, 0 changed (2.2s)
    release 27: 28631 genes, 148 xrefs, 0 changed (2.2s)
    release 28: 28631 genes, 148 xrefs, 0 changed (2.7s)
    release 29: 28631 genes, 148 xrefs, 0 changed (2.6s)
    release 30: 28631 genes, 148 xrefs, 0 changed (2.6s)
    release 31: 28631 genes, 148 xrefs, 0 changed (2.7s)
    release 32: 28631 genes, 148 xrefs, 0 changed (2.8s)
    release 33: 28631 genes, 148 xrefs, 0 changed (3.1s)
    release 34: 28631 genes, 148 xrefs, 0 changed (2.7s)
    release 35: 28631 genes, 148 xrefs, 0 changed (2.7s)
    release 36: 26598 genes, 4614 xrefs, 4434 changed (2.8s)
    release 37: 26598 genes, 4731 xrefs, 150 changed (2.9s)
    release 38: 26598 genes, 4731 xrefs, 0 changed (2.9s)
    release 39: 26598 genes, 4731 xrefs, 0 changed (3.3s)
    release 40: 26598 genes, 4614 xrefs, 19 changed (2.8s)
    release 41: 26598 genes, 4614 xrefs, 0 changed (3.1s)
    release 42: 26598 genes, 4614 xrefs, 0 changed (3.1s)
    release 43: 26598 genes, 4614 xrefs, 0 changed (3.0s)
    release 44: 26598 genes, 4614 xrefs, 0 changed (3.1s)
    release 45: 26598 genes, 4614 xrefs, 0 changed (3.3s)
    release 46: 26598 genes, 4614 xrefs, 0 changed (3.1s)
    release 47: 26598 genes, 4614 xrefs, 0 changed (3.1s)
    release 48: 26598 genes, 4614 xrefs, 0 changed (3.0s)
    release 49: 26598 genes, 4614 xrefs, 0 changed (3.0s)
    release 50: 26598 genes, 4614 xrefs, 0 changed (3.2s)
    release 51: 26598 genes, 4614 xrefs, 0 changed (4.0s)
    release 52: 26598 genes, 4614 xrefs, 0 changed (3.1s)
    release 53: 26598 genes, 4614 xrefs, 0 changed (3.1s)
    release 54: 36012 genes, 895 xrefs, 826 changed (3.4s)
    release 55: 36012 genes, 895 xrefs, 0 changed (3.4s)
    release 56: 36012 genes, 895 xrefs, 0 changed (3.5s)
    release 57: 36012 genes, 895 xrefs, 0 changed (3.5s)
    release 58: 36012 genes, 895 xrefs, 0 changed (3.4s)
    release 59: 36012 genes, 895 xrefs, 0 changed (3.4s)
  brassica_napus: 26 releases, 105276 genes in db
    release 37: 105276 genes, 183164 xrefs, 20063 changed (17.1s)
    release 38: 105276 genes, 174248 xrefs, 6006 changed (13.7s)
    release 39: 105276 genes, 174471 xrefs, 5 changed (13.2s)
    release 40: 105276 genes, 173827 xrefs, 1843 changed (12.6s)
    release 41: 104573 genes, 173827 xrefs, 1075 changed (12.7s)
    release 42: 104573 genes, 171138 xrefs, 468 changed (16.3s)
    release 43: 104573 genes, 171138 xrefs, 0 changed (15.0s)
    release 44: 104573 genes, 171138 xrefs, 0 changed (16.5s)
    release 45: 104573 genes, 171138 xrefs, 0 changed (15.4s)
    release 46: 104573 genes, 171138 xrefs, 0 changed (14.4s)
    release 47: 104573 genes, 171138 xrefs, 0 changed (13.4s)
    release 48: 104573 genes, 171138 xrefs, 0 changed (13.4s)
    release 49: 104573 genes, 171246 xrefs, 6 changed (13.4s)
    release 50: 104573 genes, 171246 xrefs, 0 changed (13.6s)
    release 51: 104573 genes, 171246 xrefs, 0 changed (17.3s)
    release 52: 104573 genes, 171246 xrefs, 0 changed (13.5s)
    release 53: 104573 genes, 171246 xrefs, 0 changed (13.7s)
    release 54: 104573 genes, 171246 xrefs, 0 changed (13.4s)
    release 55: 104573 genes, 171246 xrefs, 0 changed (13.5s)
    release 56: 104573 genes, 171246 xrefs, 0 changed (13.6s)
    release 57: 104573 genes, 171246 xrefs, 0 changed (13.9s)
    release 58: 104573 genes, 171246 xrefs, 0 changed (13.4s)
    release 59: 104573 genes, 171246 xrefs, 0 changed (13.7s)
    release 60: 104573 genes, 324131 xrefs, 14671 changed (17.0s)
    release 61: 104573 genes, 408011 xrefs, 33054 changed (20.5s)
    release 62: 104573 genes, 408011 xrefs, 0 changed (19.8s)
  hydra_vulgaris_gca038396675v1rs: 1 releases, 28968 genes in db
  lucilia_sericata_gca015586225v1rs: 1 releases, 17069 genes in db
  brassica_rapa: 50 releases, 44305 genes in db
    release 13: 41173 genes, 85155 xrefs, 480 changed (7.0s)
    release 14: 42858 genes, 84989 xrefs, 217 changed (6.6s)
    release 15: 42858 genes, 61780 xrefs, 0 changed (5.3s)
    release 16: 42858 genes, 61780 xrefs, 0 changed (4.9s)
    release 17: 42858 genes, 61652 xrefs, 81 changed (5.2s)
    release 18: 42858 genes, 61652 xrefs, 0 changed (5.2s)
    release 19: 42858 genes, 61652 xrefs, 0 changed (5.8s)
    release 20: 42858 genes, 61652 xrefs, 0 changed (5.3s)
    release 21: 42858 genes, 102672 xrefs, 282 changed (6.4s)
    release 22: 42858 genes, 61794 xrefs, 282 changed (6.2s)
    release 23: 42858 genes, 65534 xrefs, 3712 changed (6.2s)
    release 24: 42846 genes, 65534 xrefs, 0 changed (6.1s)
    release 25: 42846 genes, 65534 xrefs, 0 changed (5.8s)
    release 26: 42846 genes, 65534 xrefs, 0 changed (6.4s)
    release 27: 42846 genes, 65536 xrefs, 3 changed (6.3s)
    release 28: 42846 genes, 65536 xrefs, 0 changed (6.6s)
    release 29: 42846 genes, 65536 xrefs, 0 changed (6.2s)
    release 30: 42846 genes, 65536 xrefs, 0 changed (6.1s)
    release 31: 42846 genes, 25018 xrefs, 108 changed (5.5s)
    release 32: 42846 genes, 25018 xrefs, 0 changed (5.3s)
    release 33: 42846 genes, 25018 xrefs, 0 changed (5.3s)
    release 34: 42846 genes, 25015 xrefs, 0 changed (5.5s)
    release 35: 42846 genes, 25015 xrefs, 0 changed (4.8s)
    release 36: 41018 genes, 25927 xrefs, 57 changed (4.4s)
    release 37: 42309 genes, 26057 xrefs, 39 changed (4.7s)
    release 38: 42309 genes, 26052 xrefs, 49 changed (5.2s)
    release 39: 42309 genes, 22555 xrefs, 3797 changed (5.2s)
    release 40: 42309 genes, 22555 xrefs, 2 changed (5.1s)
    release 41: 42186 genes, 22555 xrefs, 0 changed (5.1s)
    release 42: 42186 genes, 21550 xrefs, 143 changed (4.9s)
    release 43: 42186 genes, 21550 xrefs, 0 changed (4.6s)
    release 44: 42186 genes, 21550 xrefs, 0 changed (4.9s)
    release 45: 42186 genes, 21550 xrefs, 0 changed (5.1s)
    release 46: 42186 genes, 21550 xrefs, 0 changed (4.5s)
    release 47: 42186 genes, 21550 xrefs, 0 changed (4.4s)
    release 48: 42186 genes, 21550 xrefs, 0 changed (4.5s)
    release 49: 42186 genes, 21660 xrefs, 0 changed (4.8s)
    release 50: 42186 genes, 21660 xrefs, 0 changed (4.4s)
    release 51: 42186 genes, 21660 xrefs, 0 changed (6.0s)
    release 52: 42186 genes, 21660 xrefs, 0 changed (4.3s)
    release 53: 42186 genes, 21660 xrefs, 0 changed (4.6s)
    release 54: 42186 genes, 21660 xrefs, 0 changed (4.5s)
    release 55: 42186 genes, 21660 xrefs, 0 changed (4.6s)
    release 56: 42186 genes, 21660 xrefs, 0 changed (4.5s)
    release 57: 42186 genes, 21660 xrefs, 0 changed (4.6s)
    release 58: 42186 genes, 21660 xrefs, 0 changed (4.2s)
    release 59: 42186 genes, 21660 xrefs, 0 changed (4.6s)
    release 60: 42186 genes, 70296 xrefs, 2322 changed (6.1s)
    release 61: 42186 genes, 107594 xrefs, 18577 changed (7.0s)
    release 62: 42186 genes, 107594 xrefs, 0 changed (7.3s)
  chondrus_crispus: 25 releases, 9857 genes in db
    release 38: 9857 genes, 24434 xrefs, 9807 changed (2.2s)
    release 39: 9857 genes, 24785 xrefs, 0 changed (1.9s)
    release 40: 9857 genes, 24785 xrefs, 6 changed (1.9s)
    release 41: 9841 genes, 24777 xrefs, 72 changed (2.1s)
    release 42: 9841 genes, 24742 xrefs, 226 changed (3.7s)
    release 43: 9841 genes, 24742 xrefs, 0 changed (2.8s)
    release 44: 9841 genes, 24742 xrefs, 0 changed (2.1s)
    release 45: 9841 genes, 24742 xrefs, 0 changed (2.0s)
    release 46: 9841 genes, 24742 xrefs, 0 changed (1.9s)
    release 47: 9841 genes, 24742 xrefs, 0 changed (1.9s)
    release 48: 9841 genes, 24742 xrefs, 0 changed (2.1s)
    release 49: 9841 genes, 24742 xrefs, 0 changed (2.1s)
    release 50: 9841 genes, 24742 xrefs, 0 changed (1.9s)
    release 51: 9841 genes, 24742 xrefs, 0 changed (2.3s)
    release 52: 9841 genes, 24742 xrefs, 0 changed (2.2s)
    release 53: 9841 genes, 24742 xrefs, 0 changed (2.0s)
    release 54: 9841 genes, 24742 xrefs, 0 changed (2.0s)
    release 55: 9841 genes, 24742 xrefs, 0 changed (2.2s)
    release 56: 9841 genes, 24742 xrefs, 0 changed (2.1s)
    release 57: 9841 genes, 24742 xrefs, 0 changed (2.2s)
    release 58: 9841 genes, 24742 xrefs, 0 changed (2.0s)
    release 59: 9841 genes, 24742 xrefs, 0 changed (2.1s)
    release 60: 9841 genes, 43771 xrefs, 9807 changed (2.6s)
    release 61: 9841 genes, 36246 xrefs, 297 changed (2.0s)
    release 62: 9841 genes, 44319 xrefs, 304 changed (2.5s)
  anopheles_arabiensis: 17 releases, 14001 genes in db
    release 46: 13685 genes, 818 xrefs, 40 changed (1.4s)
    release 47: 13685 genes, 818 xrefs, 0 changed (1.2s)
    release 48: 13685 genes, 818 xrefs, 0 changed (1.4s)
    release 49: 13685 genes, 818 xrefs, 0 changed (1.4s)
    release 50: 13685 genes, 818 xrefs, 0 changed (2.5s)
    release 51: 13649 genes, 776 xrefs, 0 changed (2.1s)
    release 52: 13649 genes, 776 xrefs, 0 changed (1.6s)
    release 53: 13649 genes, 776 xrefs, 0 changed (1.4s)
    release 54: 13649 genes, 776 xrefs, 0 changed (1.7s)
    release 55: 13649 genes, 776 xrefs, 0 changed (1.7s)
    release 56: 13649 genes, 776 xrefs, 0 changed (1.3s)
    release 57: 13649 genes, 776 xrefs, 0 changed (1.5s)
    release 58: 13649 genes, 776 xrefs, 0 changed (1.5s)
    release 59: 13649 genes, 776 xrefs, 0 changed (1.9s)
  daphnia_pulex: 53 releases, 74928 genes in db
    release 12: 36274 genes, 66 xrefs, 0 changed (1.5s)
    release 13: 36274 genes, 66 xrefs, 0 changed (1.6s)
    release 14: 36274 genes, 66 xrefs, 0 changed (1.5s)
    release 15: 36274 genes, 66 xrefs, 0 changed (1.6s)
    release 16: 36274 genes, 66 xrefs, 0 changed (1.6s)
    release 17: 36274 genes, 66 xrefs, 0 changed (1.5s)
    release 18: 36274 genes, 66 xrefs, 0 changed (1.6s)
    release 19: 36274 genes, 66 xrefs, 0 changed (1.5s)
    release 20: 36274 genes, 66 xrefs, 0 changed (1.7s)
    release 21: 36274 genes, 66 xrefs, 0 changed (1.8s)
    release 22: 36218 genes, 42035 xrefs, 0 changed (6.1s)
    release 23: 36218 genes, 42035 xrefs, 0 changed (4.7s)
    release 24: 36218 genes, 42035 xrefs, 0 changed (4.9s)
    release 25: 36218 genes, 42035 xrefs, 0 changed (5.1s)
    release 26: 36218 genes, 42035 xrefs, 0 changed (5.1s)
    release 27: 36218 genes, 42035 xrefs, 0 changed (5.5s)
    release 28: 36218 genes, 42035 xrefs, 0 changed (5.8s)
    release 29: 36218 genes, 42035 xrefs, 0 changed (5.5s)
    release 30: 36218 genes, 42035 xrefs, 0 changed (5.7s)
    release 31: 36218 genes, 42035 xrefs, 0 changed (5.0s)
    release 32: 36218 genes, 42035 xrefs, 0 changed (5.1s)
    release 33: 36218 genes, 42035 xrefs, 0 changed (4.9s)
    release 34: 36218 genes, 42035 xrefs, 0 changed (5.0s)
    release 35: 36218 genes, 42035 xrefs, 0 changed (5.1s)
    release 36: 33049 genes, 42020 xrefs, 0 changed (4.5s)
    release 37: 33049 genes, 42020 xrefs, 0 changed (4.5s)
    release 38: 33049 genes, 42020 xrefs, 0 changed (4.6s)
    release 39: 33049 genes, 42020 xrefs, 0 changed (4.7s)
    release 40: 33049 genes, 42020 xrefs, 0 changed (4.3s)
    release 41: 33049 genes, 42020 xrefs, 0 changed (4.8s)
    release 42: 33049 genes, 42020 xrefs, 0 changed (4.9s)
    release 43: 33049 genes, 42020 xrefs, 0 changed (4.7s)
    release 44: 33049 genes, 42020 xrefs, 0 changed (4.8s)
    release 45: 33049 genes, 42020 xrefs, 0 changed (4.9s)
    release 46: 33049 genes, 42020 xrefs, 0 changed (4.7s)
    release 47: 33049 genes, 42020 xrefs, 0 changed (4.7s)
    release 48: 33049 genes, 42020 xrefs, 0 changed (4.7s)
    release 49: 33049 genes, 42020 xrefs, 0 changed (4.7s)
    release 50: 33049 genes, 42020 xrefs, 0 changed (5.0s)
    release 51: 33049 genes, 42020 xrefs, 0 changed (5.6s)
    release 52: 33049 genes, 42020 xrefs, 0 changed (4.9s)
    release 53: 33049 genes, 42020 xrefs, 0 changed (5.0s)
    release 54: 33049 genes, 42020 xrefs, 0 changed (5.0s)
    release 55: 33049 genes, 42020 xrefs, 0 changed (5.0s)
    release 56: 33049 genes, 42020 xrefs, 0 changed (4.6s)
    release 57: 33049 genes, 42020 xrefs, 0 changed (5.1s)
    release 58: 33049 genes, 42020 xrefs, 0 changed (4.9s)
  phytophthora_sojae: 55 releases, 47469 genes in db
    release 12: 19324 genes, 19115 xrefs, 1 changed (1.3s)
    release 13: 19324 genes, 19115 xrefs, 0 changed (1.1s)
    release 14: 19324 genes, 19115 xrefs, 0 changed (1.3s)
    release 15: 19324 genes, 19115 xrefs, 0 changed (1.3s)
    release 16: 19324 genes, 19115 xrefs, 0 changed (1.4s)
    release 17: 19324 genes, 19115 xrefs, 0 changed (1.3s)
    release 18: 19324 genes, 19115 xrefs, 0 changed (1.3s)
    release 19: 19324 genes, 19115 xrefs, 0 changed (1.3s)
    release 20: 19324 genes, 19115 xrefs, 0 changed (1.4s)
    release 21: 19324 genes, 19115 xrefs, 0 changed (1.5s)
    release 22: 19324 genes, 19115 xrefs, 0 changed (1.8s)
    release 23: 19324 genes, 19115 xrefs, 0 changed (1.5s)
    release 24: 19324 genes, 19115 xrefs, 0 changed (1.4s)
    release 25: 19324 genes, 19115 xrefs, 0 changed (1.5s)
    release 26: 19324 genes, 19115 xrefs, 0 changed (1.5s)
    release 27: 19324 genes, 19115 xrefs, 0 changed (1.4s)
    release 28: 19324 genes, 19115 xrefs, 0 changed (1.5s)
    release 29: 19324 genes, 19115 xrefs, 0 changed (1.4s)
    release 30: 19324 genes, 19115 xrefs, 0 changed (1.5s)
    release 31: 19324 genes, 19115 xrefs, 0 changed (1.3s)
    release 32: 28142 genes, 12237 xrefs, 0 changed (1.9s)
    release 33: 28142 genes, 12237 xrefs, 0 changed (1.8s)
    release 34: 28142 genes, 12237 xrefs, 0 changed (1.8s)
    release 35: 28142 genes, 12237 xrefs, 0 changed (1.8s)
    release 36: 28142 genes, 12237 xrefs, 0 changed (1.9s)
    release 37: 28145 genes, 12238 xrefs, 0 changed (1.7s)
    release 38: 28145 genes, 12238 xrefs, 0 changed (1.8s)
    release 39: 28145 genes, 12238 xrefs, 0 changed (1.9s)
    release 40: 28145 genes, 12238 xrefs, 0 changed (2.1s)
    release 41: 28145 genes, 12238 xrefs, 0 changed (1.7s)
    release 42: 28145 genes, 12238 xrefs, 0 changed (1.7s)
    release 43: 28145 genes, 12238 xrefs, 0 changed (1.7s)
    release 44: 28145 genes, 12238 xrefs, 0 changed (1.9s)
    release 45: 28145 genes, 12238 xrefs, 0 changed (2.0s)
    release 46: 28145 genes, 12238 xrefs, 0 changed (1.7s)
    release 47: 28145 genes, 10588 xrefs, 0 changed (1.7s)
    release 48: 28145 genes, 10588 xrefs, 0 changed (1.7s)
    release 49: 28145 genes, 10588 xrefs, 0 changed (1.8s)
    release 50: 28145 genes, 10588 xrefs, 0 changed (1.8s)
    release 51: 28145 genes, 10588 xrefs, 0 changed (2.5s)
    release 52: 28145 genes, 10588 xrefs, 0 changed (1.8s)
    release 53: 28145 genes, 10588 xrefs, 0 changed (1.8s)
    release 54: 28145 genes, 10588 xrefs, 0 changed (1.9s)
    release 55: 28145 genes, 10588 xrefs, 0 changed (1.9s)
    release 56: 28145 genes, 10588 xrefs, 0 changed (1.7s)
    release 57: 28145 genes, 10588 xrefs, 0 changed (1.7s)
    release 58: 28145 genes, 10588 xrefs, 0 changed (1.9s)
    release 59: 28145 genes, 10588 xrefs, 0 changed (2.0s)
    release 60: 28145 genes, 10588 xrefs, 0 changed (2.1s)
    release 61: 28145 genes, 10588 xrefs, 0 changed (2.0s)
    release 62: 28145 genes, 10588 xrefs, 0 changed (2.1s)
  anopheles_coluzzii: 15 releases, 14796 genes in db
    release 46: 14796 genes, 635 xrefs, 0 changed (1.3s)
    release 47: 14796 genes, 635 xrefs, 0 changed (1.2s)
    release 48: 14796 genes, 635 xrefs, 0 changed (1.3s)
    release 49: 14796 genes, 635 xrefs, 0 changed (1.1s)
    release 50: 14796 genes, 635 xrefs, 0 changed (1.1s)
    release 51: 14796 genes, 635 xrefs, 0 changed (1.7s)
    release 52: 14796 genes, 635 xrefs, 0 changed (1.2s)
    release 53: 14796 genes, 635 xrefs, 0 changed (1.2s)
    release 54: 14796 genes, 635 xrefs, 0 changed (1.2s)
    release 55: 14796 genes, 635 xrefs, 0 changed (1.3s)
    release 56: 14796 genes, 635 xrefs, 0 changed (1.2s)
    release 57: 14796 genes, 635 xrefs, 0 changed (1.3s)
    release 58: 14796 genes, 635 xrefs, 0 changed (1.2s)
    release 59: 14796 genes, 635 xrefs, 0 changed (1.3s)
  linepithema_humile_gca040581485v1rs: 1 releases, 16657 genes in db
  lottia_gigantea: 44 releases, 25827 genes in db
    release 19: 24676 genes, 23398 xrefs, 0 changed (1.4s)
    release 20: 24676 genes, 23398 xrefs, 0 changed (1.7s)
    release 21: 24676 genes, 23398 xrefs, 0 changed (1.7s)
    release 22: 24676 genes, 23398 xrefs, 0 changed (1.8s)
    release 23: 24676 genes, 23398 xrefs, 0 changed (1.7s)
    release 24: 24676 genes, 23398 xrefs, 0 changed (1.8s)
    release 25: 24676 genes, 23398 xrefs, 0 changed (2.1s)
    release 26: 24676 genes, 23398 xrefs, 0 changed (2.2s)
    release 27: 24676 genes, 23398 xrefs, 0 changed (2.1s)
    release 28: 24676 genes, 23398 xrefs, 0 changed (2.2s)
    release 29: 24676 genes, 23398 xrefs, 0 changed (2.2s)
    release 30: 24676 genes, 23398 xrefs, 0 changed (2.2s)
    release 31: 24676 genes, 23398 xrefs, 0 changed (2.2s)
    release 32: 24676 genes, 23398 xrefs, 0 changed (2.4s)
    release 33: 24676 genes, 23398 xrefs, 0 changed (2.1s)
    release 34: 24676 genes, 23398 xrefs, 0 changed (2.2s)
    release 35: 24676 genes, 23398 xrefs, 0 changed (2.2s)
    release 36: 24500 genes, 46735 xrefs, 23303 changed (3.1s)
    release 37: 24500 genes, 47038 xrefs, 478 changed (3.1s)
    release 38: 24500 genes, 47038 xrefs, 0 changed (3.0s)
    release 39: 24500 genes, 47038 xrefs, 0 changed (3.0s)
    release 40: 24500 genes, 46735 xrefs, 394 changed (2.9s)
    release 41: 24500 genes, 46735 xrefs, 0 changed (3.3s)
    release 42: 24500 genes, 46735 xrefs, 0 changed (3.1s)
    release 43: 24500 genes, 46735 xrefs, 0 changed (3.2s)
    release 44: 24500 genes, 46735 xrefs, 0 changed (3.2s)
    release 45: 24500 genes, 46735 xrefs, 0 changed (3.1s)
    release 46: 24500 genes, 46735 xrefs, 0 changed (3.2s)
    release 47: 24500 genes, 46735 xrefs, 0 changed (3.3s)
    release 48: 24500 genes, 46735 xrefs, 0 changed (3.2s)
    release 49: 24500 genes, 46735 xrefs, 0 changed (3.2s)
    release 50: 24500 genes, 46735 xrefs, 0 changed (3.3s)
    release 51: 24500 genes, 46735 xrefs, 0 changed (4.2s)
    release 52: 24500 genes, 46735 xrefs, 0 changed (3.3s)
    release 53: 24500 genes, 46735 xrefs, 0 changed (3.7s)
    release 54: 24500 genes, 46735 xrefs, 0 changed (3.6s)
    release 55: 24500 genes, 46735 xrefs, 0 changed (3.6s)
    release 56: 24500 genes, 46735 xrefs, 0 changed (3.1s)
    release 57: 24500 genes, 46735 xrefs, 0 changed (3.3s)
    release 58: 24500 genes, 46735 xrefs, 0 changed (3.7s)
    release 59: 24500 genes, 46735 xrefs, 0 changed (3.6s)
  lytechinus_pictus_gca037042905v1rs: 1 releases, 25496 genes in db
  mercenaria_mercenaria_gca021730395v1rs: 1 releases, 45375 genes in db
  musca_domestica_gca030504385v2rs: 1 releases, 21281 genes in db
  myopa_tessellatipennis_gca943737955v2: 1 releases, 13184 genes in db
  coffea_canephora: 11 releases, 25574 genes in db
    release 52: 25574 genes, 18133 xrefs, 74 changed (4.1s)
    release 53: 25574 genes, 18133 xrefs, 0 changed (3.7s)
    release 54: 25574 genes, 18133 xrefs, 0 changed (3.6s)
    release 55: 25574 genes, 18133 xrefs, 0 changed (4.0s)
    release 56: 25574 genes, 18133 xrefs, 0 changed (3.6s)
    release 57: 25574 genes, 18133 xrefs, 0 changed (3.7s)
    release 58: 25574 genes, 18133 xrefs, 0 changed (3.7s)
    release 59: 25574 genes, 18133 xrefs, 0 changed (3.5s)
    release 60: 25574 genes, 18211 xrefs, 74 changed (3.1s)
    release 61: 25574 genes, 18211 xrefs, 1 changed (3.1s)
    release 62: 25574 genes, 18211 xrefs, 0 changed (3.5s)
  anopheles_atroparvus: 13 releases, 14121 genes in db
    release 46: 14078 genes, 547 xrefs, 9 changed (1.4s)
    release 47: 14078 genes, 547 xrefs, 0 changed (1.1s)
    release 48: 14078 genes, 547 xrefs, 0 changed (1.2s)
    release 49: 14078 genes, 547 xrefs, 0 changed (1.4s)
    release 50: 14078 genes, 547 xrefs, 0 changed (1.2s)
    release 51: 14041 genes, 538 xrefs, 0 changed (1.7s)
    release 52: 14041 genes, 538 xrefs, 0 changed (1.4s)
    release 53: 14041 genes, 538 xrefs, 0 changed (1.2s)
    release 54: 14041 genes, 538 xrefs, 0 changed (1.4s)
    release 55: 14041 genes, 538 xrefs, 0 changed (1.2s)
  musa_acuminata: 47 releases, 73933 genes in db
    release 16: 37579 genes, 0 xrefs, 0 changed (2.2s)
    release 17: 37579 genes, 36525 xrefs, 0 changed (3.2s)
    release 18: 37579 genes, 36525 xrefs, 0 changed (3.5s)
    release 19: 37579 genes, 36525 xrefs, 0 changed (3.3s)
    release 20: 37579 genes, 36525 xrefs, 0 changed (3.9s)
    release 21: 37579 genes, 17 xrefs, 17 changed (3.5s)
    release 22: 37579 genes, 0 xrefs, 0 changed (3.2s)
    release 23: 37579 genes, 0 xrefs, 0 changed (3.3s)
    release 24: 37579 genes, 0 xrefs, 0 changed (3.0s)
    release 25: 37579 genes, 0 xrefs, 0 changed (3.1s)
    release 26: 37579 genes, 0 xrefs, 0 changed (3.3s)
    release 27: 37579 genes, 0 xrefs, 0 changed (3.5s)
    release 28: 37579 genes, 0 xrefs, 0 changed (3.5s)
    release 29: 37579 genes, 0 xrefs, 0 changed (3.4s)
    release 30: 37579 genes, 0 xrefs, 0 changed (4.0s)
    release 31: 37579 genes, 533 xrefs, 65 changed (4.1s)
    release 32: 37579 genes, 533 xrefs, 0 changed (3.4s)
    release 33: 37579 genes, 533 xrefs, 0 changed (3.5s)
    release 34: 37579 genes, 530 xrefs, 0 changed (3.3s)
    release 35: 37579 genes, 530 xrefs, 0 changed (3.3s)
    release 36: 37579 genes, 10729 xrefs, 9625 changed (3.4s)
    release 37: 38658 genes, 10812 xrefs, 30 changed (3.6s)
    release 38: 38658 genes, 11069 xrefs, 436 changed (3.8s)
    release 39: 38658 genes, 11045 xrefs, 177 changed (3.7s)
    release 40: 38658 genes, 11045 xrefs, 111 changed (3.8s)
    release 41: 38575 genes, 11045 xrefs, 138 changed (4.0s)
    release 42: 38575 genes, 10332 xrefs, 30 changed (4.1s)
    release 43: 38575 genes, 10332 xrefs, 0 changed (4.4s)
    release 44: 38575 genes, 10332 xrefs, 0 changed (3.9s)
    release 45: 38575 genes, 10332 xrefs, 0 changed (4.1s)
    release 46: 38575 genes, 10332 xrefs, 0 changed (4.0s)
    release 47: 38575 genes, 10332 xrefs, 0 changed (4.0s)
    release 48: 38575 genes, 10332 xrefs, 0 changed (4.2s)
    release 49: 38575 genes, 10332 xrefs, 0 changed (4.3s)
    release 50: 38575 genes, 10332 xrefs, 0 changed (4.1s)
    release 51: 35275 genes, 9024 xrefs, 9026 changed (4.9s)
    release 52: 35275 genes, 9024 xrefs, 0 changed (3.3s)
    release 53: 35275 genes, 9024 xrefs, 0 changed (3.1s)
    release 54: 35275 genes, 9024 xrefs, 0 changed (3.1s)
    release 55: 35275 genes, 9024 xrefs, 0 changed (3.4s)
